Main,Unnamed: 1,Unnamed: 2
,Relevance,Title
,1,1: Hill AM. Alzheimer disease and the evolving treatment landscape. Am J Manag Care. 2022 Sep;28(10 Suppl):S179-S187. doi: 10.37765/ajmc.2022.89235. PMID:36197131
,5,"2: Tian Y, Viles JH. pH Dependence of Amyloid-β Fibril Assembly Kinetics: Unravelling the Microscopic Molecular Processes. Angew Chem Int Ed Engl. 2022 Oct 5. doi: 10.1002/anie.202210675. Epub ahead of print. PMID: 36197009."
,4,"3: Cisternas P, Taylor X, Martinez P, Maldonado O, Jury N, Lasagna-Reeves CA. The reduction of astrocytic tau prevents amyloid-β-induced synaptotoxicity. Brain Commun. 2022 Sep 19;4(5):fcac235. doi: 10.1093/braincomms/fcac235. PMID:36196088; PMCID: PMC9527666."
,1,"4: Kang SH, Lee KH, Chang Y, Choe YS, Kim JP, Jang H, Shin HY, Kim HJ, Koh SB,Na DL, Seo SW, Kang M. Gender-specific relationship between thigh muscle and fat mass and brain amyloid-β positivity. Alzheimers Res Ther. 2022 Oct 4;14(1):145.doi: 10.1186/s13195-022-01086-5. PMID: 36195949."
,1,"5: Xu L, Li M, Wei A, Yang M, Li C, Liu R, Zheng Y, Chen Y, Wang Z, Wang K, WangT. Treadmill exercise promotes E3 ubiquitin ligase to remove amyloid β and P-tau and improve cognitive ability in APP/PS1 transgenic mice. J Neuroinflammation.2022 Oct 4;19(1):243. doi: 10.1186/s12974-022-02607-7. PMID: 36195875."
,1,"6: An F, Zhao R, Xuan X, Xuan T, Zhang G, Wei C. Calycosin ameliorates advanced glycation end product-induced neurodegenerative changes in cellular and rat models of diabetes-related Alzheimer's disease. Chem Biol Interact. 2022 Oct1:110206. doi: 10.1016/j.cbi.2022.110206. Epub ahead of print. PMID: 36195188."
,2,"7: Zhang X, Kang X, Du L, Zhang L, Huang Y, Wang J, Wang S, Chang Y, Liu Y, Zhao Y. Tanshinone IIA loaded chitosan nanoparticles decrease toxicity of β-amyloidpeptide in a Caenorhabditis elegans model of Alzheimer's disease. Free RadicBiol Med. 2022 Oct 1:S0891-5849(22)00620-7. doi:"
,5,"8: Henríquez G, Méndez L, Castañeda E, Wagler A, Jeon S, Narayan M. Preclinical Model to Evaluate Outcomes of Amyloid Cross-Toxicity in the Rodent Brain. ACSChem Neurosci. 2022 Oct 4. doi: 10.1021/acschemneuro.2c00419. Epub ahead ofprint. PMID: 36194532."
,2,"9: Eo H, Lee S, Kim SH, Ju IG, Huh E, Lim J, Park S, Oh MS. <i>Petasites japonicus</i> leaf extract inhibits Alzheimer's-like pathology through suppression of neuroinflammation. Food Funct. 2022 Oct 4. doi:10.1039/d2fo01989b. Epub ahead of print. PMID: 36193798."
,2,"10: Svenningsson AL, Stomrud E, Palmqvist S, Hansson O, Ossenkoppele R. Axonal degeneration and amyloid pathology predict cognitive decline beyond cortical atrophy. Alzheimers Res Ther. 2022 Oct 4;14(1):144. doi:10.1186/s13195-022-01081-w. PMID: 36192766."
,3,"11: Wouters Y, Jaspers T, Rué L, Serneels L, De Strooper B, Dewilde M. VHHs as tools for therapeutic protein delivery to the central nervous system. Fluids Barriers CNS. 2022 Oct 3;19(1):79. doi: 10.1186/s12987-022-00374-4. PMID:36192747"
,3,"12: Nakajima K, Yamaguchi K, Noji M, Aguirre C, Ikenaka K, Mochizuki H, Zhou L, Ogi H, Ito T, Narita I, Gejyo F, Naiki H, Yamamoto S, Goto Y. Macromolecular crowding and supersaturation protect hemodialysis patients from the onset of dialysis-related amyloidosis. Nat Commun. 2022 Oct 3;13(1):5689. doi:10.1038/s41467-022-33247-3. PMID: 36192385."
,2,"13: Cheung CY, Ran AR, Wang S, Chan VTT, Sham K, Hilal S, Venketasubramanian N, Cheng CY, Sabanayagam C, Tham YC, Schmetterer L, McKay GJ, Williams MA, Wong A, Au LWC, Lu Z, Yam JC, Tham CC, Chen JJ, Dumitrascu OM, Heng PA, Kwok TCY, Mok VCT, Milea D, Chen CL, Wong TY. A deep learning model for detection of Alzheimer's disease based on retinal photographs: a retrospective, multicentrecase-control study. Lancet Digit Health. 2022 Sep 30:S2589-7500(22)00169-8. doi:10.1016/S2589-7500(22)00169-8. Epub ahead of print. PMID: 36192349."
,2,"14: Parent JH, Ciampa CJ, Harrison TM, Adams JN, Zhuang K, Betts MJ, Maass A, Winer JR, Jagust WJ, Berry AS. Locus coeruleus catecholamines link neuroticism and vulnerability to tau pathology in aging. Neuroimage. 2022 Sep 30:119658.doi: 10.1016/j.neuroimage.2022.119658. Epub ahead of print. PMID: 36191755."
,4,"15: Huang Y, Lemke G. Early death in a mouse model of Alzheimer's disease exacerbated by microglial loss of TAM receptor signaling. Proc Natl Acad Sci U SA. 2022 Oct 11;119(41):e2204306119. doi: 10.1073/pnas.2204306119. Epub 2022 Oct3. PMID: 36191221."
,3,"16: Huber CC, Callegari EA, Paez MD, Romanova S, Wang H. Heat Shock-Induced Extracellular Vesicles Derived from Neural Stem Cells Confer Marked Neuroprotection Against Oxidative Stress and Amyloid-β-Caused Neurotoxicity. Mol Neurobiol. 2022 Oct 3. doi: 10.1007/s12035-022-03055-3. Epub ahead of print.PMID: 36190693."
,5,"17: Xiong Y, Izadi S, Onufriev AV. Fast Polarizable Water Model for Atomistic Simulations. J Chem Theory Comput. 2022 Oct 3. doi: 10.1021/acs.jctc.2c00378.Epub ahead of print. PMID: 36190318."
,3,"18: Xu H, Zhao Y, Qi Y, Xue X, Liu Y. Therapeutic nanosweepers promote β-amyloid removal from the brain for Alzheimer's disease treatment. Biomater Sci. 2022 Oct3. doi: 10.1039/d2bm01319c. Epub ahead of print. PMID: 36190131."
,3,"19: Liu Y, Zhuang D, Wang J, Huang H, Li R, Wu C, Deng Y, Hu G, Guo B. Recent advances in small molecular near-infrared fluorescence probes for a targeted diagnosis of the Alzheimer disease. Analyst. 2022 Oct 3. doi:10.1039/d2an01327d. Epub ahead of print. PMID: 36190126."
,5,"20: Tanaka K, Kuramoto K, Nakagawa T, Nomura Y, Ozawa K, Hosoi T. C-terminal fragment of APP interacts with p62, forms an aggregate, and induces autophagic degradation in Alzheimer's cell model. Am J Physiol Cell Physiol. 2022 Oct 3.doi: 10.1152/ajpcell.00003.2022. Epub ahead of print. PMID: 36189972."
,1,"21: Shepherd-Banigan ME, Ford CB, Smith VA, Belanger E, Wetle TT, Plassman BL, Burke JR, DePasquale N, O'Brien EC, Sorenson C, Van Houtven CH. Amyloid-β PET Scan Results Disclosure and Care-Partner Emotional Well-Being Over Time. J Alzheimers Dis. 2022 Sep 30. doi: 10.3233/JAD-220611. Epub ahead of print. PMID:36189596"
,5,"22: Yang YH, Hsieh SW, Chang HW, Sung JL, Chuu CP, Yen CW, Hour TC. Gamma Frequency Inhibits the Secretion and Aggregation of Amyloid-β and Decreases the Phosphorylation of mTOR and Tau Proteins in vitro. J Alzheimers Dis. 2022 Sep28. doi: 10.3233/JAD-220307. Epub ahead of print. PMID: 36189589."
,2,"23: Hori Y, Sohma Y, Kanai M, Tomita T. Promotion in the Clearance of Aggregated Aβ In Vivo Using Amyloid Selective Photo-Oxygenation Technology. Neurosci Insights. 2022 Sep 28;17:26331055221126179. doi: 10.1177/26331055221126179.PMID: 36189373; PMCID: PMC9523840."
,1,"24: Li W, Li R, Wang Y, Zhang Y, Tomar MS, Dai S. Calcitonin gene-related peptide is a potential autoantigen for CD4 T cells in type 1 diabetes. Front Immunol. 2022 Sep 16;13:951281. doi: 10.3389/fimmu.2022.951281. PMID: 36189304;PMCID: PMC9523785."
,2,"25: Mello-Carpes PB, Inestrosa NC, Paula-Lima AC. Editorial: Molecular mechanisms of Alzheimer's disease: From top to bottom. Front Aging. 2022 Sep16;3:1026942. doi: 10.3389/fragi.2022.1026942. PMID: 36187848; PMCID:PMC9523882."
,3,"26: Hu S, Wan X, Li X, Wang X. Aerobic exercise alleviates pyroptosis-related diseases by regulating NLRP3 inflammasome. Front Physiol. 2022 Sep 15;13:965366.doi: 10.3389/fphys.2022.965366. PMID: 36187801; PMCID: PMC9520335."
,2,"27: Garcia J, Chang R, Steinberg RA, Arce A, Yang J, Van Der Eb P, Abdullah T, Chandrashekar DV, Eck SM, Meza P, Liu ZX, Cadenas E, Cribbs DH, Kaplowitz N, Sumbria RK, Han D. Modulation of hepatic amyloid precursor protein and lipoprotein receptor-related protein 1 by chronic alcohol intake: Potential link between liver steatosis and amyloid-β. Front Physiol. 2022 Sep 15;13:930402.doi: 10.3389/fphys.2022.930402. PMID: 36187787; PMCID: PMC9520570."
,5,"28: Nazere K, Takahashi T, Hara N, Muguruma K, Nakamori M, Yamazaki Y, Morino H, Maruyama H. Amyloid Beta Is Internalized <i>via</i> Macropinocytosis, an HSPG-and Lipid Raft-Dependent and Rac1-Mediated Process. Front Mol Neurosci. 2022 Feb11;15:804702. doi: 10.3389/fnmol.2022.804702. PMID: 36187354; PMCID: PMC9524458."
,3,"29: Lourenco MV, de Freitas GB, Raony Í, Ferreira ST, De Felice FG. Irisin stimulates protective signaling pathways in rat hippocampal neurons. Front Cell Neurosci. 2022 Sep 9;16:953991. doi: 10.3389/fncel.2022.953991. PMID: 36187295;PMCID: PMC9518673."
,2,"30: Hung SM, Wu DA, Shimojo S, Arakaki X. Stronger implicit interference in cognitively healthy older participants with higher risk of Alzheimer's disease. Alzheimers Dement (Amst). 2022 Sep 20;14(1):e12340. doi: 10.1002/dad2.12340.PMID: 36187196; PMCID: PMC9489163."
,5,"31: Luo Z, Wang Y, Pang S, Gao S, Liu N, Gao X, Zhang L, Qi X, Yang Y, Zhang L. Synthesis and Bioactivity Evaluation of a Novel 1,2,4-Oxadiazole Derivative in vitro and in 3×Tg Mice. Drug Des Devel Ther. 2022 Sep 25;16:3285-3296. doi:10.2147/DDDT.S372750. PMID: 36187086; PMCID: PMC9521684."
,2,"32: Gallucci M, Grassivaro F, Da Ronch C, Fiore V, Bonifati DM, Bendini M, Zanusso G, Bonanni L. Patient with Corticobasal Syndrome Showing Disease-Associated Biomarkers of Dementia with Lewy Bodies: A Treviso Dementia (TREDEM) Registry Case Report. J Alzheimers Dis Rep. 2022 Aug 1;6(1):431-442. doi:10.3233/ADR-220026. PMID: 36186723; PMCID: PMC9484149."
,5,"33: Hong M, Kim M, Yoon J, Lee SH, Baik MH, Lim MH. Excited-State Intramolecular Hydrogen Transfer of Compact Molecules Controls Amyloid Aggregation Profiles. JACS Au. 2022 Aug 11;2(9):2001-2012. doi: 10.1021/jacsau.2c00281. PMID:36186552; PMCID: PMC9516708."
,3,"34: Wang T, Chen Y, Zou Y, Pang Y, He X, Chen Y, Liu Y, Feng W, Zhang Y, Li Q, Shi J, Ding F, Marshall C, Gao J, Xiao M. Locomotor Hyperactivity in the Early-Stage Alzheimer's Disease-like Pathology of APP/PS1 Mice: Associated with Impaired Polarization of Astrocyte Aquaporin 4. Aging Dis. 2022 Oct1;13(5):1504-1522. doi: 10.14336/AD.2022.0219. PMID: 36186142; PMCID: PMC9466968."
,3,"35: Tao QQ, Lin RR, Chen YH, Wu ZY. Discerning the Role of Blood Brain Barrier Dysfunction in Alzheimer's Disease. Aging Dis. 2022 Oct 1;13(5):1391-1404. doi:10.14336/AD.2022.0130-1. PMID: 36186141; PMCID: PMC9466977."
,5,"36: Tomassen J, den Braber A, van der Landen SM, Konijnenberg E, Teunissen CE, Vermunt L, de Geus EJC, Boomsma DI, Scheltens P, Tijms BM, Visser PJ. Abnormal cerebrospinal fluid levels of amyloid and tau are associated with cognitive decline over time in cognitively normal older adults: A monozygotic twin study. Alzheimers Dement (N Y). 2022 Sep 20;8(1):e12346. doi: 10.1002/trc2.12346. PMID:36185992; PMCID: PMC9489168."
,2,"37: Liu N, Liang X, Yang C, Hu S, Luo Q, Luo H. Dual-targeted magnetic mesoporous silica nanoparticles reduce brain amyloid-β burden via depolymerization and intestinal metabolism. Theranostics. 2022 Sep11;12(15):6646-6664. doi: 10.7150/thno.76574. PMID: 36185606; PMCID: PMC9516238."
,1,"38: Pan H, Cao J, Wu C, Huang F, Wu P, Lang J, Liu Y. Osteoporosis is associated with elevated baseline cerebrospinal fluid biomarkers and accelerated brain structural atrophy among older people. Front Aging Neurosci. 2022 Sep16;14:958050. doi: 10.3389/fnagi.2022.958050. PMID: 36185490; PMCID: PMC9523506."
,1,"39: Wang CC, Kong JY, Li XY, Yang JY, Xue CH, Yanagita T, Wang YM. Antarctic krill oil exhibited synergistic effects with nobiletin and theanine in ameliorating memory and cognitive deficiency in SAMP8 mice: Applying the perspective of the sea-land combination to retard brain aging. Front Aging Neurosci. 2022 Sep 16;14:964077. doi: 10.3389/fnagi.2022.964077. PMID: 36185487;PMCID: PMC9523088."
,4,"40: Huang Y, Li X, Luo G, Wang J, Li R, Zhou C, Wan T, Yang F. Pyroptosis as a candidate therapeutic target for Alzheimer's disease. Front Aging Neurosci. 2022Sep 15;14:996646. doi: 10.3389/fnagi.2022.996646. PMID: 36185484; PMCID:PMC9520296."
,2,"41: Kim HS, Shin SM, Kim S, Nam Y, Yoo A, Moon M. Relationship between adult subventricular neurogenesis and Alzheimer's disease: Pathologic roles and therapeutic implications. Front Aging Neurosci. 2022 Sep 14;14:1002281. doi:10.3389/fnagi.2022.1002281. PMID: 36185481; PMCID: PMC9518691."
,2,"42: Wu L, Cao T, Li S, Yuan Y, Zhang W, Huang L, Cai C, Fan L, Li L, Wang J, Liu T, Wang J. Long-term gamma transcranial alternating current stimulation improves the memory function of mice with Alzheimer's disease. Front Aging Neurosci. 2022Sep 15;14:980636. doi: 10.3389/fnagi.2022.980636. PMID: 36185476; PMCID:"
,1,"43: Yang J, Wang Z, Fu Y, Xu J, Zhang Y, Qin W, Zhang Q. Prediction value of the genetic risk of type 2 diabetes on the amnestic mild cognitive impairment conversion to Alzheimer's disease. Front Aging Neurosci. 2022 Sep 15;14:964463.doi: 10.3389/fnagi.2022.964463. PMID: 36185474; PMCID: PMC9521369."
,5,"44: Khodabakhsh P, Bazrgar M, Mohagheghi F, Parvardeh S, Ahmadiani A. MicroRNA-140-5p inhibitor attenuates memory impairment induced by amyloid-ß oligomer in vivo possibly through Pin1 regulation. CNS Neurosci Ther. 2022 Oct2. doi: 10.1111/cns.13980. Epub ahead of print. PMID: 36184817."
,6,"45: Yuyama K, Sun H, Igarashi Y, Monde K, Hirase T, Nakayama M, Makino Y. Immuno-digital invasive cleavage assay for analyzing Alzheimer's amyloid ß-bound extracellular vesicles. Alzheimers Res Ther. 2022 Oct 3;14(1):140. doi:10.1186/s13195-022-01073-w. PMID: 36184615; PMCID: PMC9528138."
,2,"46: Villain N, Planche V, Levy R. High-clearance anti-amyloid immunotherapies in Alzheimer's disease. Part 1: Meta-analysis and review of efficacy and safety data, and medico-economical aspects. Rev Neurol (Paris). 2022 Sep29:S0035-3787(22)00738-X. doi: 10.1016/j.neurol.2022.06.012. Epub ahead ofprint. PMID: 36184326."
,2,"47: Aschenbrenner AJ, Li Y, Henson RL, Volluz K, Hassenstab J, Verghese P, West T, Meyer MR, Kirmess KM, Fagan AM, Xiong C, Holtzman D, Morris JC, Bateman RJ, Schindler SE. Comparison of plasma and CSF biomarkers in predicting cognitive decline. Ann Clin Transl Neurol. 2022 Oct 2. doi: 10.1002/acn3.51670. Epub aheadof print. PMID: 36183195."
,3,"48: Jana A, Wang X, Leasure JW, Magana L, Wang L, Kim YM, Dodiya H, Toth PT, Sisodia SS, Rehman J. Increased Type I interferon signaling and brain endothelial barrier dysfunction in an experimental model of Alzheimer's disease. Sci Rep. 2022 Oct 1;12(1):16488. doi: 10.1038/s41598-022-20889-y. PMID:36182964; PMCID: PMC9526723."
,1,"49: Lin L, Ni L, Wang X, Sheng C. Longitudinal cognitive change and duration of Alzheimer's disease stages in relation to cognitive reserve. Neuroscience. 2022 Sep 28:S0306-4522(22)00487-0. doi: 10.1016/j.neuroscience.2022.09.017. Epubahead of print. PMID: 36181989."
,5,"50: Faridar A, Vasquez M, Thome AD, Yin Z, Xuan H, Wang JH, Wen S, Li X, Thonhoff JR, Zhao W, Zhao H, Beers DR, Wong STC, Masdeu JC, Appel SH. Ex vivo expanded human regulatory T cells modify neuroinflammation in a preclinical model of Alzheimer's disease. Acta Neuropathol Commun. 2022 Sep 30;10(1):144.doi: 10.1186/s40478-022-01447-z. PMID: 36180898; PMCID: PMC9524037."
,1,"51: Mehla J, Deibel SH, Karem H, Hossain S, Lacoursiere SG, Sutherland RJ, Mohajerani MH, McDonald RJ. Dramatic impacts on brain pathology, anxiety, and cognitive function in the knock-in APP<sup>NL-G-F</sup> mouse model of Alzheimer disease following long-term voluntary exercise. Alzheimers Res Ther. 2022 Sep30;14(1):143. doi: 10.1186/s13195-022-01085-6. PMID: 36180883; PMCID:PMC9526288."
,2,"52: Ma G, Zhang DF, Zou QC, Xie X, Xu L, Feng XL, Li X, Han JB, Yu D, Deng ZH, Qu W, Long J, Li MH, Yao YG, Zeng J. SARS-CoV-2 Spike protein S2 subunit modulates γ-secretase and enhances amyloid-β production in COVID-19 neuropathy. Cell Discov. 2022 Sep 30;8(1):99. doi: 10.1038/s41421-022-00458-3. PMID:36180433; PMCID: PMC9524330."
,6,53: Spatial-Temporal Patterns of β-Amyloid Accumulation: A Subtype and Stage Inference Model Analysis. Neurology. 2022 Sep 30:10.1212/WNL.0000000000201144.doi: 10.1212/WNL.0000000000201144. Epub ahead of print. Erratum for: Neurology.2022 Apr 26;98(17):e1692-e1703. PMID: 36180245.
,3,"54: Karimi-Zandi L, Zahmatkesh M, Hassanzadeh G, Hosseinzadeh S. Increment of CSF fractalkine-positive microvesicles preceded the spatial memory impairment in amyloid beta neurotoxicity. Cytokine. 2022 Sep 27;160:156050. doi:10.1016/j.cyto.2022.156050. Epub ahead of print. PMID: 36179535."
,8,"55: Sonar K, Mancera RL. Characterization of the Conformations of Amyloid Beta 42 in Solution That May Mediate Its Initial Hydrophobic Aggregation. J Phys Chem B. 2022 Sep 30. doi: 10.1021/acs.jpcb.2c04743. Epub ahead of print. PMID:36179370"
,1,"56: Kang CM, Bang JS, Park SY, Jung TW, Kim HC, Chung YH, Jeong JH. The Aqueous Extract of <i>Humulus japonicus</i> Ameliorates Cognitive Dysfunction in Alzheimer's Disease Models via Modulating the Cholinergic System. J Med Food. 2022 Sep 29. doi: 10.1089/jmf.2021.K.0197. Epub ahead of print. PMID: 36178947."
,2,"57: Chen CH, Jong YJ, Chao YY, Wang CC, Chen YL. Fluorescent aptasensor based on conformational switch-induced hybridization for facile detection of β-amyloid oligomers. Anal Bioanal Chem. 2022 Sep 30. doi: 10.1007/s00216-022-04350-7. Epubahead of print. PMID: 36178490."
,3,"58: Mandlik DS, Mandlik SK, S Arulmozhi. Therapeutic Implications of Glycogen Synthase Kinase-3β in Alzheimer's disease: A Novel Therapeutic Target. Int J Neurosci. 2022 Sep 30:1-27. doi: 10.1080/00207454.2022.2130297. Epub ahead ofprint. PMID: 36178363."
,1,"59: Salkov VN, Voronkov DN, Khudoerkov RM. Rol' rtuti i mysh'yaka v etiologii I patogeneze boleznei Parkinsona i Al'tsgeimera [The role of mercury and arsenic in the etiology and pathogenesis of Parkinson's and Alzheimer's diseases]. ArkhPatol. 2022;84(5):59-64. Russian. doi: 10.17116/patol20228405159. PMID:36178224"
,1,"60: Hartz SM, Mozersky J, Schindler SE, Linnenbringer E, Wang J, Gordon BA, Raji CA, Moulder KL, West T, Benzinger TLS, Cruchaga C, Hassenstab JJ, Bierut LJ, Xiong C, Morris JC. A flexible modeling approach for biomarker-based computation of absolute risk of Alzheimer's disease dementia. Alzheimers Dement. 2022 Sep30. doi: 10.1002/alz.12781. Epub ahead of print. PMID: 36178120."
,1,"61: Zhou R, Zhu L, Zeng Z, Luo R, Zhang J, Guo R, Zhang L, Zhang Q, Bi W. Targeted brain delivery of RVG29-modified rifampicin-loaded nanoparticles for Alzheimer's disease treatment and diagnosis. Bioeng Transl Med. 2022 Aug26;7(3):e10395. doi: 10.1002/btm2.10395. PMID: 36176608; PMCID: PMC9472014."
,2,"62: Peven JC, Handen BL, Laymon CM, Fleming V, Piro-Gambetti B, Christian BT, Klunk W, Cohen AD, Okonkwo O, Hartley SL. Physical activity, memory function, and hippocampal volume in adults with Down syndrome. Front Integr Neurosci. 2022Sep 13;16:919711. doi: 10.3389/fnint.2022.919711. PMID: 36176326; PMCID:PMC9514120."
,2,"63: Dafnis I, Mountaki C, Fanarioti E, Mastellos DC, Karvelas M, Karathanos VT, Tzinia A, Dermon CR, Chroni A. Temporal Pattern of Neuroinflammation Associated with a Low Glycemic Index Diet in the 5xFAD Mouse Model of Alzheimer's Disease. Mol Neurobiol. 2022 Sep 29. doi: 10.1007/s12035-022-03047-3. Epub ahead ofprint. PMID: 36175825."
,1,"64: Lu J, Zhang S, Huang Y, Qian J, Tan B, Qian X, Zhuang J, Zou X, Li Y, Yan F. Periodontitis-related salivary microbiota aggravates Alzheimer's disease via gut-brain axis crosstalk. Gut Microbes. 2022 Jan-Dec;14(1):2126272. doi:10.1080/19490976.2022.2126272. PMID: 36175166."
,2,"65: Wang X, Chen R, Hu J, Yuan W. An adjustable amyloid-β oligomers aptasensor based on the synergistic effect of self-enhanced metal-organic gel luminophore and triple-helix DNA system. Int J Biol Macromol. 2022 Sep 26;222(Pt A):794-802.doi: 10.1016/j.ijbiomac.2022.09.182. Epub ahead of print. PMID: 36174865."
,1,"66: Grobbelaar LM, Kruger A, Venter C, Burger EM, Laubscher GJ, Maponga TG, Kotze MJ, Kwaan HC, Miller JB, Fulkerson D, Huff W, Chang E, Wiarda G, Bunch CM, Walsh MM, Raza S, Zamlut M, Moore HB, Moore EE, Neal MD, Kell DB, Pretorius E. Relative Hypercoagulopathy of the SARS-CoV-2 Beta and Delta Variants when Compared to the Less Severe Omicron Variants Is Related to TEG Parameters, the Extent of Fibrin Amyloid Microclots, and the Severity of Clinical Illness. Semin Thromb Hemost. 2022 Sep 29. doi: 10.1055/s-0042-1756306. Epub ahead of print. PMID: 36174604."
,1,"67: Szunerits S, Abderrahmani A, Boukherroub R. Nanoparticles and Nanocolloidal Carbon: Will They Be the Next Antidiabetic Class That Targets Fibrillation and Aggregation of Human Islet Amyloid Polypeptide in Type 2 Diabetes? Acc Chem Res. 2022 Sep 29. doi: 10.1021/acs.accounts.2c00415. Epub ahead of print. PMID:36174237"
,5,"68: Chakravorty A, McCalpin SD, Sahoo BR, Ramamoorthy A, Brooks CL 3rd. Free Gangliosides Can Alter Amyloid-β Aggregation. J Phys Chem Lett. 2022 Sep29:9303-9308. doi: 10.1021/acs.jpclett.2c02362. Epub ahead of print. PMID:36174129"
,5,"69: Saha J, Bose P, Dhakal S, Ghosh P, Rangachari V. Ganglioside-Enriched Phospholipid Vesicles Induce Cooperative Aβ Oligomerization and Membrane Disruption. Biochemistry. 2022 Sep 29. doi: 10.1021/acs.biochem.2c00495. Epubahead of print. PMID: 36173882."
,3,"70: Hong CG, Chen ML, Duan R, Wang X, Pang ZL, Ge LT, Lu M, Xie H, Liu ZZ. Transplantation of Nasal Olfactory Mucosa Mesenchymal Stem Cells Benefits Alzheimer's Disease. Mol Neurobiol. 2022 Sep 29. doi:10.1007/s12035-022-03044-6. Epub ahead of print. PMID: 36173534."
,5,"71: Wu R, Ou X, Zhang L, Song X, Wang Z, Dong M, Liu L. Electric Field Effect on Inhibiting the Co-fibrillation of Amyloid Peptides by Modulating the Aggregation Pathway. Langmuir. 2022 Sep 29. doi: 10.1021/acs.langmuir.2c02055. Epub ahead ofprint. PMID: 36173231."
,3,"72: Shademan B, Avci CB, Karamad V, Sogutlu F, Nourazarian A. MicroRNAs as a new target for Alzheimer's disease treatment. Microrna. 2022 Sep 28. doi:10.2174/2211536611666220928154015. Epub ahead of print. PMID: 36173083."
,1,"73: Chakrovorty A, Bhattacharjee B, Saxena A, Samadder A, Nandi S. Current naturopathy to combat Alzheimer's disease. Curr Neuropharmacol. 2022 Sep 27.doi: 10.2174/1570159X20666220927121022. Epub ahead of print. PMID: 36173068."
,4,"74: Li S, Wu L, Ma M, Yang L, Qin C. MicroRNA-668-3p regulates oxidative stress and cell damage induced by Aβ1-42 by targeting the <i>OXR1</i>/p53-p21 axis. AnnTransl Med. 2022 Sep;10(17):928. doi: 10.21037/atm-22-3598. PMID: 36172098;PMCID: PMC9511202."
,1,"75: Zakharova NV, Bugrova AE, Indeykina MI, Fedorova YB, Kolykhalov IV, Gavrilova SI, Nikolaev EN, Kononikhin AS. Proteomic Markers and Early Prediction of Alzheimer's Disease. Biochemistry (Mosc). 2022 Aug;87(8):762-776. doi:10.1134/S0006297922080089. PMID: 36171657."
,1,"76: Epremyan KK, Goleva TN, Zvyagilskaya RA. Effect of Tau Protein on Mitochondrial Functions. Biochemistry (Mosc). 2022 Aug;87(8):689-701. doi:10.1134/S0006297922080028. PMID: 36171651."
,3,"77: Qian XH, Liu XL, Chen G, Chen SD, Tang HD. Injection of amyloid-β to lateral ventricle induces gut microbiota dysbiosis in association with inhibition of cholinergic anti-inflammatory pathways in Alzheimer's disease. J Neuroinflammation. 2022 Sep 28;19(1):236. doi: 10.1186/s12974-022-02599-4. PMID:36171620; PMCID: PMC9520842."
,1,"78: Rocca MA, Valsasina P, Meani A, Gobbi C, Zecca C, Barkhof F, Schoonheim MM, Strijbis EM, Vrenken H, Gallo A, Bisecco A, Ciccarelli O, Yiannakas M, Rovira A, Sastre-Garriga J, Palace J, Matthews L, Gass A, Eisele P, Lukas C, Bellenberg B, Margoni M, Preziosa P, Filippi M; MAGNIMS Study Group. Spinal cord lesions and brain grey matter atrophy independently predict clinical worsening in definite multiple sclerosis: a 5-year, multicentre study. J Neurol Neurosurg Psychiatry.2022 Sep 28:jnnp-2022-329854. doi: 10.1136/jnnp-2022-329854. Epub ahead ofprint. PMID: 36171105."
,5,"79: Brilkova M, Nigri M, Kumar HS, Moore J, Mantovani M, Keller C, Grimm A, Eckert A, Shcherbakov D, Akbergenov R, Seebeck P, Krämer SD, Wolfer DP, Gent TC, Böttger EC. Error-prone protein synthesis recapitulates early symptoms of Alzheimer disease in aging mice. Cell Rep. 2022 Sep 27;40(13):111433. doi:10.1016/j.celrep.2022.111433. PMID: 36170830."
,2,"80: Rangan P, Lobo F, Parrella E, Rochette N, Morselli M, Stephen TL, Cremonini AL, Tagliafico L, Persia A, Caffa I, Monacelli F, Odetti P, Bonfiglio T, Nencioni A, Pigliautile M, Boccardi V, Mecocci P, Pike CJ, Cohen P, LaDu MJ, Pellegrini M, Xia K, Tran K, Ann B, Chowdhury D, Longo VD. Fasting-mimicking diet cycles reduce neuroinflammation to attenuate cognitive decline in Alzheimer's models. Cell Rep. 2022 Sep 27;40(13):111417. doi:10.1016/j.celrep.2022.111417. PMID: 36170815."
,,"81: Rothbard JB. Do amyloid fibrils induce inflammation, or does inflammation generate amyloid fibrils? Proc Natl Acad Sci U S A. 2022 Oct4;119(40):e2213903119. doi: 10.1073/pnas.2213903119. Epub 2022 Sep 28. PMID: 36170251"
,,"82: Zhai Y, Chan WWR, Li W, Lau KF. ARNO is recruited by the neuronal adaptor FE65 to potentiate ARF6-mediated neurite outgrowth. Open Biol. 2022Sep;12(9):220071. doi: 10.1098/rsob.220071. Epub 2022 Sep 28. PMID: 36168805;PMCID: PMC9516341."
,,"83: Bogolepova AN, Makhnovich EV, Kovalenko EA, Osinovskaya NA. Potentsial'nye biomarkery rannei diagnostiki bolezni Al'tsgeimera i pervichnoi otkrytougol'noi glaukomy [Potential biomarkers of early diagnosis of Alzheimer's disease]. ZhNevrol Psikhiatr Im S S Korsakova. 2022;122(9):7-14. Russian. doi:10.17116/jnevro20221220917. PMID: 36168682."
,,"84: St-Pierre MK, Carrier M, González Ibáñez F, Šimončičová E, Wallman MJ, Vallières L, Parent M, Tremblay MÈ. Ultrastructural characterization of dark microglia during aging in a mouse model of Alzheimer's disease pathology and inhuman post-mortem brain samples. J Neuroinflammation. 2022 Sep 27;19(1):235.doi: 10.1186/s12974-022-02595-8. PMID: 36167544; PMCID: PMC9513936."
,,"85: Li W, Whitcomb KL, Warncke K. Confinement dependence of protein-associated solvent dynamics around different classes of proteins, from the EPR spin probeperspective. Phys Chem Chem Phys. 2022 Oct 5;24(38):23919-23928. doi:10.1039/d2cp03047k. PMID: 36165617."
,,"86: Yang A, Wu J, Chen Y, Shen R, Kou X. Study on Multi-target Synergistic Treatment of Alzheimer's Disease Based on Metal Chelators. Curr Drug Targets. 2022 Sep 26. doi: 10.2174/1389450123666220926143920. Epub ahead of print. PMID:36165518"
,,"87: Li ML, Wu SH, Song B, Yang J, Fan LY, Yang Y, Wang YC, Yang JH, Xu Y. Single-cell analysis reveals transcriptomic reprogramming in aging primateentorhinal cortex and the relevance with Alzheimer's disease. Aging Cell. 2022Sep 27:e13723. doi: 10.1111/acel.13723. Epub ahead of print. PMID: 36165462."
,,"88: Voronova A, Barras A, Plaisance V, Pawlowski V, Boukherroub R, Abderrahmani A, Szunerits S. Anti-aggregation effect of carbon quantum dots on diabetogenicand beta-cell cytotoxic amylin and beta amyloid heterocomplexes. Nanoscale. 2022Sep 27. doi: 10.1039/d2nr03173f. Epub ahead of print. PMID: 36165351."
,,89: Weaver DF. Alzheimer's disease as an innate autoimmune disease(AD<sup>2</sup> ): A new molecular paradigm. Alzheimers Dement. 2022 Sep 27.doi: 10.1002/alz.12789. Epub ahead of print. PMID: 36165334.
,,"90: Feng W, Zhang Y, Sun P, Xiao M. Acquired immunity and Alzheimer's disease. JBiomed Res. 2022 Jul 28:1-15. doi: 10.7555/JBR.36.20220083. Epub ahead of print.PMID: 36165328."
,,"91: Jin T, Peydayesh M, Li M, Yao Y, Wu D, Mezzenga R. Functional Coating fromAmyloid Superwetting Films. Adv Mater. 2022 Sep 27:e2205072. doi:10.1002/adma.202205072. Epub ahead of print. PMID: 36165214."
,,"92: Altendorfer B, Unger MS, Poupardin R, Hoog A, Asslaber D, Gratz IK, Mrowetz H, Benedetti A, de Sousa DMB, Greil R, Egle A, Gate D, Wyss-Coray T, Aigner L. Transcriptomic Profiling Identifies CD8<sup>+</sup> T Cells in the Brain of Aged and Alzheimer's Disease Transgenic Mice as Tissue-Resident Memory T Cells. JImmunol. 2022 Oct 1;209(7):1272-1285. doi: 10.4049/jimmunol.2100737. Epub 2022 Aug 31. PMID: 36165202; PMCID: PMC9515311."
,,"93: Wu M, Gao Y, Chen B. Mechanism of acteoside-activated let-7g-5P attenuating Aβ-induced increased permeability and apoptosis of brain microvascular endothelial cells based on experimental and network pharmacology. Neuroreport.2022 Nov 2;33(16):714-722. doi: 10.1097/WNR.0000000000001837. Epub 2022 Sep 19. PMID: 36165002."
,,"94: Wu LM, Zhao J, Zhang XW, Li ZH, Wang P, Sun YR, Zhang ZQ, Xie ZS. [Mechanism of Atractylodes macrocephala against Alzheimer's disease via regulating lysophagy based on LKB1-AMPK-TFEB pathway]. Zhongguo Zhong Yao Za Zhi. 2022Sep;47(17):4723-4732. Chinese. doi: 10.19540/j.cnki.cjcmm.20220304.701. PMID:36164880"
,,"95: De Dios L, Collazo C, Inostroza-Nieves Y. Renin-angiotensin-system increases phosphorylated tau and Reactive Oxygen Species in human cortical neuron cellline. Biochem Biophys Rep. 2022 Sep 22;32:101355. doi:10.1016/j.bbrep.2022.101355. PMID: 36164564; PMCID: PMC9507985."
,,"96: Oh SJ, Lee MS. Role of Autophagy in the Pathogenesis of Diabetes and Therapeutic Potential of Autophagy Modulators in the Treatment of Diabetes andMetabolic Syndrome. J Korean Med Sci. 2022 Sep 26;37(37):e276. doi:10.3346/jkms.2022.37.e276. PMID: 36163475; PMCID: PMC9512677."
,,"97: Zhou L, Shi H, Cheng R, Ge M, Hu F, Hou L, Xia X, Liu X, Liu Y, Zhao Y, Deng L, Zhao W, Zuo Z, Sun X, Yue J, Dong B. Potential association between frailtyand pTau in community-dwelling older adults. BMC Geriatr. 2022 Sep 26;22(1):770.doi: 10.1186/s12877-022-03454-0. PMID: 36162981; PMCID: PMC9511781."
,,"98: Khandelwal M, Manglani K, Upadhyay P, Azad M, Gupta S. AdipoRon induces AMPK activation and ameliorates Alzheimer's like pathologies and associated cognitiveimpairment in APP/PS1 mice. Neurobiol Dis. 2022 Sep 23;174:105876. doi:10.1016/j.nbd.2022.105876. Epub ahead of print. PMID: 36162737."
,,"99: Kumari E, Xu A, Chen R, Yan Y, Yang Z, Zhang T. FSTL1-knockdown improves neural oscillation via decreasing neuronal-inflammation regulating apoptosis inAβ<sub>1-42</sub> induced AD model mice. Exp Neurol. 2022 Sep 23;359:114231.doi: 10.1016/j.expneurol.2022.114231. Epub ahead of print. PMID: 36162512."
,,"100: Gayen M, Benoit MR, Fan Q, Hudobenko J, Yan R. The CX3CL1 intracellular domain exhibits neuroprotection via insulin receptor/ insulin like growth factorreceptor signaling. J Biol Chem. 2022 Sep 23:102532. doi:10.1016/j.jbc.2022.102532. Epub ahead of print. PMID: 36162508."
,,"101: Huang Y, Rafael Guimarães T, Todd N, Ferguson C, Weiss KM, Stauffer FR, McDermott B, Hurtle BT, Saito T, Saido TC, MacDonald ML, Homanics GE, Thathiah A. G protein-biased GPR3 signaling ameliorates amyloid pathology in a preclinical Alzheimer's disease mouse model. Proc Natl Acad Sci U S A. 2022 Oct4;119(40):e2204828119. doi: 10.1073/pnas.2204828119. Epub 2022 Sep 26. PMID: 36161942"
,,"102: Tian J, Ren M, Zhao P, Luo S, Chen Y, Xu X, Jiang T, Sun Q, Li A, Gong H, Li X, Luo Q. Dissection of the long-range projections of specific neurons at the synaptic level in the whole mouse brain. Proc Natl Acad Sci U S A. 2022 Oct4;119(40):e2202536119. doi: 10.1073/pnas.2202536119. Epub 2022 Sep 26. PMID:36161898"
,,"103: Sharma M, Sharma A, Nuthakki VK, Bhatt S, Nandi U, Bharate SB. Design, synthesis, and structure-activity relationship of caffeine-based triazoles as dual AChE and BACE-1 inhibitors. Drug Dev Res. 2022 Sep 26. doi:10.1002/ddr.21998. Epub ahead of print. PMID: 36161804."
,,"104: Liu KY, Thambisetty M, Howard R. How can secondary dementia preventiontrials of Alzheimer's disease be clinically meaningful? Alzheimers Dement. 2022Sep 26. doi: 10.1002/alz.12788. Epub ahead of print. PMID: 36161763."
,,"105: Valappil DK, Mini NJ, Dilna A, Nath S. Membrane interaction to intercellular spread of pathology in Alzheimer's disease. Front Neurosci. 2022Sep 9;16:936897. doi: 10.3389/fnins.2022.936897. PMID: 36161178; PMCID:PMC9500529."
,,"106: Wei PC, Lee-Chen GJ, Chen CM, Chen Y, Lo YS, Chang KH. Isorhamnetin Attenuated the Release of Interleukin-6 from <i>β</i>-Amyloid-Activated Microglia and Mitigated Interleukin-6-Mediated Neurotoxicity. Oxid Med CellLongev. 2022 Sep 15;2022:3652402. doi: 10.1155/2022/3652402. PMID: 36160711;PMCID: PMC9499806."
,,"107: Shimada H, Sato Y, Sasaki T, Shimozawa A, Imaizumi K, Shindo T, Miyao S, Kiyama K, Kondo T, Shibata S, Ishii S, Kuromitsu J, Aoyagi H, Ito D, Okano H. A next-generation iPSC-derived forebrain organoid model of tauopathy with taufibrils by AAV-mediated gene transfer. Cell Rep Methods. 2022 Sep 8;2(9):100289.doi: 10.1016/j.crmeth.2022.100289. PMID: 36160042; PMCID: PMC9499998."
,,"108: Qian XH, Liu XL, Chen SD, Tang HD. Integrating peripheral blood and brain transcriptomics to identify immunological features associated with Alzheimer'sdisease in mild cognitive impairment patients. Front Immunol. 2022 Sep9;13:986346. doi: 10.3389/fimmu.2022.986346. PMID: 36159817; PMCID: PMC9501700."
,,"109: Tozlu ÖÖ, Türkez H, Okkay U, Ceylan O, Bayram C, Hacımüftüoğlu A, Mardinoğlu A. Assessment of the neuroprotective potential of d-cycloserine and l-serine in aluminum chloride-induced experimental models of Alzheimer'sdisease: <i>In vivo</i> and <i>in vitro</i> studies. Front Nutr. 2022 Sep8;9:981889. doi: 10.3389/fnut.2022.981889. PMID: 36159454; PMCID: PMC9493202."
,,"110: Chen J, Liu G, Hong Y, Han J, Yang Z, Yang Y, Li H, Wang S, Jue L, Wang Q. Regulation of Atherosclerosis by Toll-Like Receptor 4 Induced by Serum Amyloid1: A Systematic In Vitro Study. Biomed Res Int. 2022 Sep 15;2022:4887593. doi:10.1155/2022/4887593. PMID: 36158875; PMCID: PMC9499805."
,,"111: Chen B, Fu Y, Song G, Zhong W, Guo J. Research trends and hotspots of exercise for Alzheimer's disease: A bibliometric analysis. Front Aging Neurosci.2022 Sep 7;14:984705. doi: 10.3389/fnagi.2022.984705. PMID: 36158544; PMCID:PMC9490271."
,,"112: Kasica NP, Zhou X, Jester HM, Holland CE, Ryazanov AG, Forshaw TE, Furdui CM, Ma T. Homozygous knockout of eEF2K alleviates cognitive deficits in APP/PS1 Alzheimer's disease model mice independent of brain amyloid β pathology. FrontAging Neurosci. 2022 Sep 9;14:959326. doi: 10.3389/fnagi.2022.959326. PMID:36158543; PMCID: PMC9500344."
,,"113: Mumtaz I, Ayaz MO, Khan MS, Manzoor U, Ganayee MA, Bhat AQ, Dar GH, Alghamdi BS, Hashem AM, Dar MJ, Ashraf GM, Maqbool T. Clinical relevance of biomarkers, new therapeutic approaches, and role of post-translational modifications in the pathogenesis of Alzheimer's disease. Front Aging Neurosci.2022 Sep 7;14:977411. doi: 10.3389/fnagi.2022.977411. PMID: 36158539; PMCID:PMC9490081."
,,"114: Hamid M, Mansoor S, Amber S, Zahid S. A quantitative meta-analysis of vitamin C in the pathophysiology of Alzheimer's disease. Front Aging Neurosci.2022 Sep 7;14:970263. doi: 10.3389/fnagi.2022.970263. PMID: 36158537; PMCID:PMC9490219."
,,"115: Gamez N, Morales R. The Role of Circulating Aβ Seeds in the Progression ofCerebral Amyloidosis. Neurosci Insights. 2022 Sep 15;17:26331055221123072. doi:10.1177/26331055221123072. PMID: 36158163; PMCID: PMC9493672."
,,"116: Du X, Koronyo Y, Mirzaei N, Yang C, Fuchs DT, Black KL, Koronyo-Hamaoui M, Gao L. Label-free hyperspectral imaging and deep-learning prediction of retinalamyloid β-protein and phosphorylated tau. PNAS Nexus. 2022 Aug 19;1(4):pgac164.doi: 10.1093/pnasnexus/pgac164. PMID: 36157597; PMCID: PMC9491695."
,,"117: Harne S, Gayathri P. Characterization of heterologously expressed Fibril, a shape and motility determining cytoskeletal protein of the helical bacterium<i>Spiroplasma</i>. iScience. 2022 Sep 3;25(10):105055. doi:10.1016/j.isci.2022.105055. PMID: 36157586; PMCID: PMC9489929."
,,"118: Lai Z, Oliveira LC, Guo R, Xu W, Hu Z, Mifflin K, Decarli C, Cheung SC, Chuah CN, Dugger BN. BrainSec: Automated Brain Tissue Segmentation Pipeline forScalable Neuropathological Analysis. IEEE Access. 2022;10:49064-49079. doi:10.1109/access.2022.3171927. Epub 2022 May 2. PMID: 36157332; PMCID: PMC9503016."
,,"119: Marsland P, Vore AS, DaPrano E, Paluch JM, Blackwell AA, Varlinskaya EI, Deak T. Sex-specific effects of ethanol consumption in older Fischer 344 rats on microglial dynamics and Aβ(1-42) accumulation. Alcohol. 2022 Sep22:S0741-8329(22)00097-0. doi: 10.1016/j.alcohol.2022.08.013. Epub ahead ofprint. PMID: 36155778."
,,"120: Xu C, Zhao L, Dong C. A Review of Application of Aβ42/40 Ratio in Diagnosisand Prognosis of Alzheimer's Disease. J Alzheimers Dis. 2022 Sep 19. doi:10.3233/JAD-220673. Epub ahead of print. PMID: 36155521."
,,"121: Khezri MR, Esmaeili A, Ghasemnejad-Berenji M. Platelet Activation andAlzheimer's Disease: The Probable Role of PI3K/AKT Pathway. J Alzheimers Dis.2022 Sep 19. doi: 10.3233/JAD-220663. Epub ahead of print. PMID: 36155520."
,,"122: Downey J, Lam JCK, Li VOK, Gozes I. Somatic Mutations and Alzheimer'sDisease. J Alzheimers Dis. 2022 Sep 19. doi: 10.3233/JAD-220643. Epub ahead ofprint. PMID: 36155518."
,,"123: Trumbore CN, Raghunandan A. An Alzheimer's Disease Mechanism Based on Early Pathology, Anatomy, Vascular-Induced Flow, and Migration of Maximum Flow StressEnergy Location with Increasing Vascular Disease. J Alzheimers Dis. 2022 Sep 17.doi: 10.3233/JAD-220622. Epub ahead of print. PMID: 36155517."
,,"124: Alvarez XA, Winston CN, Barlow JW, Sarsoza FM, Alvarez I, Aleixandre M, Linares C, García-Fantini M, Kastberger B, Winter S, Rissman RA. Modulation of Amyloid-β and Tau in Alzheimer's Disease Plasma Neuronal-Derived Extracellular Vesicles by Cerebrolysin® and Donepezil. J Alzheimers Dis. 2022 Sep 22. doi:10.3233/JAD-220575. Epub ahead of print. PMID: 36155516."
,,"125: Vipin A, Koh CL, Wong BYX, Zailan FZ, Tan JY, Soo SA, Satish V, Kumar D, Wang BZ, Ng ASL, Chiew HJ, Ng KP, Kandiah N. Amyloid-Tau-Neurodegeneration Profiles and Longitudinal Cognition in Sporadic Young-Onset Dementia. JAlzheimers Dis. 2022 Sep 22. doi: 10.3233/JAD-220448. Epub ahead of print. PMID:36155511"
,,"126: Zarbock KR, Han JH, Singh AP, Thomas SP, Bendlin BB, Denu JM, Yu JJ, Rey FE, Ulland TK. Trimethylamine N-Oxide Reduces Neurite Density and PlaqueIntensity in a Murine Model of Alzheimer's Disease. J Alzheimers Dis. 2022 Sep19. doi: 10.3233/JAD-220413. Epub ahead of print. PMID: 36155509."
,,"127: Dentoni G, Naia L, Portal B, Leal NS, Nilsson P, Lindskog M, Ankarcrona M. Mitochondrial Alterations in Neurons Derived from the Murine AppNL-F Knock-InModel of Alzheimer's Disease. J Alzheimers Dis. 2022 Sep 19. doi:10.3233/JAD-220383. Epub ahead of print. PMID: 36155507."
,,"128: Palmer JA, Kaufman CS, Vidoni ED, Honea RA, Burns JM, Billinger SA. Sex Differences in Resilience and Resistance to Brain Pathology and Dysfunction Moderated by Cerebrovascular Response to Exercise and Genetic Risk forAlzheimer's Disease. J Alzheimers Dis. 2022 Sep 19. doi: 10.3233/JAD-220359.Epub ahead of print. PMID: 36155505."
,,"129: Abuelezz NZ, Nasr FE, Abdel Aal WM, Molokhia T, Zaky A. Sera miR-34a, miR-29b and miR-181c as potential novel diagnostic biomarker panel forAlzheimers in the Egyptian population. Exp Gerontol. 2022 Sep 23;169:111961.doi: 10.1016/j.exger.2022.111961. Epub ahead of print. PMID: 36155067."
,,"130: Koerich S, Parreira GM, de Almeida DL, Vieira RP, de Oliveira ACP. Receptors for Advanced Glycation End Products (RAGE): Promising Targets Aiming at the Treatment of Neurodegenerative Conditions. Curr Neuropharmacol. 2022 Sep22. doi: 10.2174/1570159X20666220922153903. Epub ahead of print. PMID: 36154605."
,,"131: Gupta M, Kumar A, Ojha M, Khan SK, Nain S. A Recent Appraisal of Small-Organic Molecules as Anti-Alzheimer's Agents. Mini Rev Med Chem. 2022 Sep 22.doi: 10.2174/1389557522666220922105934. Epub ahead of print. PMID: 36154572."
,,"132: Xu Z, Gong Y, Zou Y, Wan J, Tang J, Zhan C, Wei G, Zhang Q. Dissecting the Inhibitory Mechanism of the αB-Crystallin Domain against Aβ<sub>42</sub> Aggregation and Its Effect on Aβ<sub>42</sub> Protofibrils: A Molecular DynamicsSimulation Study. ACS Chem Neurosci. 2022 Oct 5;13(19):2842-2851. doi:10.1021/acschemneuro.2c00224. Epub 2022 Sep 26. PMID: 36153964."
,,"133: Rubinski A, Franzmeier N, Dewenter A, Luan Y, Smith R, Strandberg O, Ossenkoppele R, Dichgans M, Hansson O, Ewers M; Alzheimer’s Disease Neuroimaging Initiative (ADNI). Higher levels of myelin are associated with higher resistance against tau pathology in Alzheimer's disease. Alzheimers Res Ther. 2022 Sep24;14(1):139. doi: 10.1186/s13195-022-01074-9. PMID: 36153607; PMCID:PMC9508747."
,,"134: Fernández-Calle R, Konings SC, Frontiñán-Rubio J, García-Revilla J,Camprubí-Ferrer L, Svensson M, Martinson I, Boza-Serrano A, Venero JL, NielsenHM, Gouras GK, Deierborg T. APOE in the bullseye of neurodegenerative diseases:"
,,"Camprubí-Ferrer L, Svensson M, Martinson I, Boza-Serrano A, Venero JL, NielsenHM, Gouras GK, Deierborg T. APOE in the bullseye of neurodegenerative diseases:impact of the APOE genotype in Alzheimer's disease pathology and brain diseases."
,,"HM, Gouras GK, Deierborg T. APOE in the bullseye of neurodegenerative diseases:impact of the APOE genotype in Alzheimer's disease pathology and brain diseases.Mol Neurodegener. 2022 Sep 24;17(1):62. doi: 10.1186/s13024-022-00566-4. PMID:"
,,impact of the APOE genotype in Alzheimer's disease pathology and brain diseases.Mol Neurodegener. 2022 Sep 24;17(1):62. doi: 10.1186/s13024-022-00566-4. PMID:36153580; PMCID: PMC9509584.
,,
,,
,,
,,"135: Hemonnot-Girard AL, Meersseman C, Pastore M, Garcia V, Linck N, Rey C,Chebbi A, Jeanneteau F, Ginsberg SD, Lachuer J, Reynes C, Rassendren F, HirbecH. Comparative analysis of transcriptome remodeling in plaque-associated and"
,,"Chebbi A, Jeanneteau F, Ginsberg SD, Lachuer J, Reynes C, Rassendren F, HirbecH. Comparative analysis of transcriptome remodeling in plaque-associated andplaque-distant microglia during amyloid-β pathology progression in mice. J"
,,H. Comparative analysis of transcriptome remodeling in plaque-associated andplaque-distant microglia during amyloid-β pathology progression in mice. JNeuroinflammation. 2022 Sep 24;19(1):234. doi: 10.1186/s12974-022-02581-0. PMID:
,,plaque-distant microglia during amyloid-β pathology progression in mice. JNeuroinflammation. 2022 Sep 24;19(1):234. doi: 10.1186/s12974-022-02581-0. PMID:36153535; PMCID: PMC9508749.
,,
,,
,,
,,"136: Shireby G, Dempster EL, Policicchio S, Smith RG, Pishva E, Chioza B, Davies JP, Burrage J, Lunnon K, Seiler Vellame D, Love S, Thomas A, Brookes K, Morgan K, Francis P, Hannon E, Mill J. DNA methylation signatures of Alzheimer's disease neuropathology in the cortex are primarily driven by variation in non-neuronal cell-types. Nat Commun. 2022 Sep 24;13(1):5620. doi:10.1038/s41467-022-33394-7. PMID: 36153390; PMCID: PMC9509387."
,,"137: Maitra S, Vincent B. Cdk5-p25 as a key element linking amyloid and tau pathologies in Alzheimer's disease: Mechanisms and possible therapeutic interventions. Life Sci. 2022 Nov 1;308:120986. doi: 10.1016/j.lfs.2022.120986.Epub 2022 Sep 21. PMID: 36152679."
,,"138: Zhang B, Zhu T, Liu L, Yuan L. In vitro electrochemical detection of the degradation of amyloid-β oligomers. J Colloid Interface Sci. 2022 Sep 8;629(PtB):156-165. doi: 10.1016/j.jcis.2022.09.009. Epub ahead of print. PMID:36152573"
,,"139: Pichet Binette A, Janelidze S, Cullen N, Dage JL, Bateman RJ, Zetterberg H,Blennow K, Stomrud E, Mattsson-Carlgren N, Hansson O. Confounding factors ofAlzheimer's disease plasma biomarkers and their impact on clinical performance."
,,"Blennow K, Stomrud E, Mattsson-Carlgren N, Hansson O. Confounding factors ofAlzheimer's disease plasma biomarkers and their impact on clinical performance.Alzheimers Dement. 2022 Sep 24. doi: 10.1002/alz.12787. Epub ahead of print."
,,Alzheimer's disease plasma biomarkers and their impact on clinical performance.Alzheimers Dement. 2022 Sep 24. doi: 10.1002/alz.12787. Epub ahead of print.PMID: 36152307.
,,
,,
,,
,,"140: Chen C, Wei J, Ma X, Xia B, Shakir N, Zhang JK, Zhang L, Cui Y, Ferguson D,Qiu S, Bai F. Disrupted Maturation of Prefrontal Layer 5 Neuronal Circuits in anAlzheimer's Mouse Model of Amyloid Deposition. Neurosci Bull. 2022 Sep 24. doi:"
,,"Qiu S, Bai F. Disrupted Maturation of Prefrontal Layer 5 Neuronal Circuits in anAlzheimer's Mouse Model of Amyloid Deposition. Neurosci Bull. 2022 Sep 24. doi:10.1007/s12264-022-00951-5. Epub ahead of print. PMID: 36152121."
,,
,,
,,
,,"141: Joseph-Mathurin N, Llibre-Guerra JJ, Li Y, McCullough AA, Hofmann C,Wojtowicz J, Park E, Wang G, Preboske GM, Wang Q, Gordon BA, Chen CD, Flores S,Aggarwal NT, Berman SB, Bird TD, Black SE, Borowski B, Brooks WS, Chhatwal JP,"
,,"Wojtowicz J, Park E, Wang G, Preboske GM, Wang Q, Gordon BA, Chen CD, Flores S,Aggarwal NT, Berman SB, Bird TD, Black SE, Borowski B, Brooks WS, Chhatwal JP,Clarnette R, Cruchaga C, Fagan AM, Farlow M, Fox NC, Gauthier S, Hassenstab J,"
,,"Aggarwal NT, Berman SB, Bird TD, Black SE, Borowski B, Brooks WS, Chhatwal JP,Clarnette R, Cruchaga C, Fagan AM, Farlow M, Fox NC, Gauthier S, Hassenstab J,Hobbs DA, Holdridge KC, Honig LS, Hornbeck RC, Hsiung GR, Jack CR Jr, Jimenez-"
,,"Clarnette R, Cruchaga C, Fagan AM, Farlow M, Fox NC, Gauthier S, Hassenstab J,Hobbs DA, Holdridge KC, Honig LS, Hornbeck RC, Hsiung GR, Jack CR Jr, Jimenez-Velazquez IZ, Jucker M, Klein G, Levin J, Mancini M, Masellis M, McKay NS,"
,,"Hobbs DA, Holdridge KC, Honig LS, Hornbeck RC, Hsiung GR, Jack CR Jr, Jimenez-Velazquez IZ, Jucker M, Klein G, Levin J, Mancini M, Masellis M, McKay NS,Mummery CJ, Ringman JM, Shimada H, Snider BJ, Suzuki K, Wallon D, Xiong C, Yaari"
,,"Velazquez IZ, Jucker M, Klein G, Levin J, Mancini M, Masellis M, McKay NS,Mummery CJ, Ringman JM, Shimada H, Snider BJ, Suzuki K, Wallon D, Xiong C, YaariR, McDade E, Perrin RJ, Bateman RJ, Salloway SP, Benzinger TLS, Clifford DB;"
,,"Mummery CJ, Ringman JM, Shimada H, Snider BJ, Suzuki K, Wallon D, Xiong C, YaariR, McDade E, Perrin RJ, Bateman RJ, Salloway SP, Benzinger TLS, Clifford DB;Dominantly Inherited Alzheimer Network Trials Unit.. Amyloid-related imaging"
,,"R, McDade E, Perrin RJ, Bateman RJ, Salloway SP, Benzinger TLS, Clifford DB;Dominantly Inherited Alzheimer Network Trials Unit.. Amyloid-related imagingabnormalities in the DIAN-TU-001 trial of gantenerumab and solanezumab: lessons"
,,Dominantly Inherited Alzheimer Network Trials Unit.. Amyloid-related imagingabnormalities in the DIAN-TU-001 trial of gantenerumab and solanezumab: lessonsfrom a trial in dominantly inherited Alzheimer disease. Ann Neurol. 2022 Sep 24.
,,abnormalities in the DIAN-TU-001 trial of gantenerumab and solanezumab: lessonsfrom a trial in dominantly inherited Alzheimer disease. Ann Neurol. 2022 Sep 24.doi: 10.1002/ana.26511. Epub ahead of print. PMID: 36151869.
,,0
,,0
,,0
,,"142: Luckett ES, Abakkouy Y, Reinartz M, Adamczuk K, Schaeverbeke J, VerstocktS, De Meyer S, Van Laere K, Dupont P, Cleynen I, Vandenberghe R. Association ofAlzheimer's disease polygenic risk scores with amyloid accumulation in"
,,"S, De Meyer S, Van Laere K, Dupont P, Cleynen I, Vandenberghe R. Association ofAlzheimer's disease polygenic risk scores with amyloid accumulation incognitively intact older adults. Alzheimers Res Ther. 2022 Sep 23;14(1):138."
,,Alzheimer's disease polygenic risk scores with amyloid accumulation incognitively intact older adults. Alzheimers Res Ther. 2022 Sep 23;14(1):138.doi: 10.1186/s13195-022-01079-4. PMID: 36151568; PMCID: PMC9508733.
,,0
,,0
,,0
,,"143: Antosova A, Gancar M, Bednarikova Z, Marek J, Bystrenova E, Gazova Z. Theinfluence of cations on α-lactalbumin amyloid aggregation. J Biol Inorg Chem.2022 Sep 23. doi: 10.1007/s00775-022-01962-3. Epub ahead of print. PMID:"
,,influence of cations on α-lactalbumin amyloid aggregation. J Biol Inorg Chem.2022 Sep 23. doi: 10.1007/s00775-022-01962-3. Epub ahead of print. PMID:36151481
,,0
,,0
,,0
,,"144: Noll JM, Augello CJ, Kürüm E, Pan L, Pavenko A, Nam A, Ford BD. SpatialAnalysis of Neural Cell Proteomic Profiles Following Ischemic Stroke in MiceUsing High-Plex Digital Spatial Profiling. Mol Neurobiol. 2022 Sep 24. doi:"
,,Analysis of Neural Cell Proteomic Profiles Following Ischemic Stroke in MiceUsing High-Plex Digital Spatial Profiling. Mol Neurobiol. 2022 Sep 24. doi:10.1007/s12035-022-03031-x. Epub ahead of print. PMID: 36151369.
,,0
,,0
,,0
,,"145: Zhu B, Parsons T, Foley C, Shaw Y, Dunckley T, Hulme C, Hodge JJL. DYRK1Aantagonists rescue degeneration and behavioural deficits of in vivo models basedon amyloid-β, Tau and DYRK1A neurotoxicity. Sci Rep. 2022 Sep 23;12(1):15847."
,,"antagonists rescue degeneration and behavioural deficits of in vivo models basedon amyloid-β, Tau and DYRK1A neurotoxicity. Sci Rep. 2022 Sep 23;12(1):15847.doi: 10.1038/s41598-022-19967-y. PMID: 36151233; PMCID: PMC9508268."
,,0
,,0
,,0
,,"146: Gibson LL, Grinberg LT, Ffytche D, Leite REP, Rodriguez RD, Ferretti-Rebustini REL, Pasqualucci CA, Nitrini R, Jacob-Filho W, Aarsland D, Suemoto CK.Neuropathological correlates of neuropsychiatric symptoms in dementia."
,,"Rebustini REL, Pasqualucci CA, Nitrini R, Jacob-Filho W, Aarsland D, Suemoto CK.Neuropathological correlates of neuropsychiatric symptoms in dementia.Alzheimers Dement. 2022 Sep 23. doi: 10.1002/alz.12765. Epub ahead of print."
,,Neuropathological correlates of neuropsychiatric symptoms in dementia.Alzheimers Dement. 2022 Sep 23. doi: 10.1002/alz.12765. Epub ahead of print.PMID: 36150075.
,,0
,,0
,,0
,,"147: Rabe C, Bittner T, Jethwa A, Suridjan I, Manuilova E, Friesenhahn M,Stomrud E, Zetterberg H, Blennow K, Hansson O; Alzheimer's Disease NeuroimagingInitiative† and the Swedish BioFINDER study. Clinical performance and robustness"
,,"Stomrud E, Zetterberg H, Blennow K, Hansson O; Alzheimer's Disease NeuroimagingInitiative† and the Swedish BioFINDER study. Clinical performance and robustnessevaluation of plasma amyloid-β<sub>42/40</sub> prescreening. Alzheimers Dement."
,,Initiative† and the Swedish BioFINDER study. Clinical performance and robustnessevaluation of plasma amyloid-β<sub>42/40</sub> prescreening. Alzheimers Dement.2022 Sep 23. doi: 10.1002/alz.12801. Epub ahead of print. PMID: 36150024.
,,0
,,0
,,0
,,"148: Davidson DS, Kraus JA, Montgomery JM, Lemkul JA. Effects of FamilialAlzheimer's Disease Mutations on the Folding Free Energy and Dipole-DipoleInteractions of the Amyloid β-Peptide. J Phys Chem B. 2022 Sep 23. doi:"
,,Alzheimer's Disease Mutations on the Folding Free Energy and Dipole-DipoleInteractions of the Amyloid β-Peptide. J Phys Chem B. 2022 Sep 23. doi:10.1021/acs.jpcb.2c03520. Epub ahead of print. PMID: 36150020.
,,0
,,0
,,0
,,"149: Wang Y, Zhu J, Jia W, Xiong H, Qiu W, Xu R, Lin Y. BACE1 Aptamer-ModifiedTetrahedral Framework Nucleic Acid to Treat Alzheimer's Disease in an APP-PS1Animal Model. ACS Appl Mater Interfaces. 2022 Oct 5;14(39):44228-44238. doi:"
,,Tetrahedral Framework Nucleic Acid to Treat Alzheimer's Disease in an APP-PS1Animal Model. ACS Appl Mater Interfaces. 2022 Oct 5;14(39):44228-44238. doi:10.1021/acsami.2c14626. Epub 2022 Sep 23. PMID: 36149663.
,,0
,,0
,,0
,,"150: Eissa KI, Kamel MM, Mohamed LW, Kassab AE. Development of new Alzheimer'sdisease drug candidates using donepezil as a key model. Arch Pharm (Weinheim).2022 Sep 23:e2200398. doi: 10.1002/ardp.202200398. Epub ahead of print. PMID:"
,,disease drug candidates using donepezil as a key model. Arch Pharm (Weinheim).2022 Sep 23:e2200398. doi: 10.1002/ardp.202200398. Epub ahead of print. PMID:36149034
,,0
,,0
,,0
,,"151: Dehabadi MH, Caflisch A, Ilie IM, Firouzi R. Interactions of Curcumin'sDegradation Products with the Aβ<sub>42</sub> Dimer: A Computational Study. JPhys Chem B. 2022 Sep 23. doi: 10.1021/acs.jpcb.2c05846. Epub ahead of print."
,,Degradation Products with the Aβ<sub>42</sub> Dimer: A Computational Study. JPhys Chem B. 2022 Sep 23. doi: 10.1021/acs.jpcb.2c05846. Epub ahead of print.PMID: 36148988.
,,0
,,0
,,0
,,"152: Zhang W, Chen X, Du Z, Mao X, Gao R, Chen Z, Wang H, Zhang G, Zhang N, LiH, Song Y, Chang L, Wu Y. Knockdown of astrocytic Grin2a exacerbated sleepdeprivation-induced cognitive impairments and elevation of amyloid-beta. Sleep"
,,"H, Song Y, Chang L, Wu Y. Knockdown of astrocytic Grin2a exacerbated sleepdeprivation-induced cognitive impairments and elevation of amyloid-beta. SleepMed. 2022 Sep 9;100:280-290. doi: 10.1016/j.sleep.2022.08.021. Epub ahead of"
,,deprivation-induced cognitive impairments and elevation of amyloid-beta. SleepMed. 2022 Sep 9;100:280-290. doi: 10.1016/j.sleep.2022.08.021. Epub ahead ofprint. PMID: 36148760.
,,0
,,0
,,0
,,153: Rosenberg GA. Willis Lecture: Biomarkers for Inflammatory White MatterInjury in Binswanger Disease Provide Pathways to Precision Medicine. Stroke.2022 Sep 23:101161STROKEAHA122039211. doi: 10.1161/STROKEAHA.122.039211. Epub
,,Injury in Binswanger Disease Provide Pathways to Precision Medicine. Stroke.2022 Sep 23:101161STROKEAHA122039211. doi: 10.1161/STROKEAHA.122.039211. Epubahead of print. PMID: 36148658.
,,0
,,0
,,0
,,"154: Dong Y, Cheng L, Zhao Y. Resetting the circadian clock of Alzheimer's mice<i>via</i> GLP-1 injection combined with time-restricted feeding. Front Physiol.2022 Aug 24;13:911437. doi: 10.3389/fphys.2022.911437. PMID: 36148311; PMCID:"
,,<i>via</i> GLP-1 injection combined with time-restricted feeding. Front Physiol.2022 Aug 24;13:911437. doi: 10.3389/fphys.2022.911437. PMID: 36148311; PMCID:PMC9487156.
,,0
,,0
,,0
,,"155: Gupta N, Galla K, Pichler MR, McComb RD, Helvey JT, Fayad P. Biopsy-ProvenAmyloid-Beta Related Angiitis with Unusual Presentation and Long-Term Follow-Up.Neurohospitalist. 2022 Oct;12(4):676-681. doi: 10.1177/19418744221110744. Epub"
,,Amyloid-Beta Related Angiitis with Unusual Presentation and Long-Term Follow-Up.Neurohospitalist. 2022 Oct;12(4):676-681. doi: 10.1177/19418744221110744. Epub2022 Jun 21. PMID: 36147763; PMCID: PMC9485682.
,,0
,,0
,,0
,,"156: Ospondpant D, Gao X, Dong TT, Tsim KWK. <i>Dracaena cochinchinensis</i>stemwood extracts inhibit amyloid-β fibril formation and promote neuronal celldifferentiation. Front Pharmacol. 2022 Sep 6;13:943638. doi:"
,,stemwood extracts inhibit amyloid-β fibril formation and promote neuronal celldifferentiation. Front Pharmacol. 2022 Sep 6;13:943638. doi:10.3389/fphar.2022.943638. PMID: 36147317; PMCID: PMC9486383.
,,0
,,0
,,0
,,"157: Lamie PF, Abdel-Fattah MM, Philoppes JN. Design and synthesis of new indoledrug candidates to treat Alzheimer's disease and targeting neuro-inflammationusing a multi-target-directed ligand (MTDL) strategy. J Enzyme Inhib Med Chem."
,,drug candidates to treat Alzheimer's disease and targeting neuro-inflammationusing a multi-target-directed ligand (MTDL) strategy. J Enzyme Inhib Med Chem.2022 Dec;37(1):2660-2678. doi: 10.1080/14756366.2022.2126464. PMID: 36146947;
,,using a multi-target-directed ligand (MTDL) strategy. J Enzyme Inhib Med Chem.2022 Dec;37(1):2660-2678. doi: 10.1080/14756366.2022.2126464. PMID: 36146947;PMCID: PMC9518246.
,,0
,,0
,,0
,,"158: Valiukas Z, Ephraim R, Tangalakis K, Davidson M, Apostolopoulos V, FeehanJ. Immunotherapies for Alzheimer's Disease-A Review. Vaccines (Basel). 2022 Sep14;10(9):1527. doi: 10.3390/vaccines10091527. PMID: 36146605; PMCID: PMC9503401."
,,0
,,0
,,0
,,"159: Iavorschi M, Lupăescu AV, Darie-Ion L, Indeykina M, Hitruc GE, Petre BA. Cuand Zn Interactions with Peptides Revealed by High-Resolution Mass Spectrometry.Pharmaceuticals (Basel). 2022 Aug 31;15(9):1096. doi: 10.3390/ph15091096. PMID:"
,,and Zn Interactions with Peptides Revealed by High-Resolution Mass Spectrometry.Pharmaceuticals (Basel). 2022 Aug 31;15(9):1096. doi: 10.3390/ph15091096. PMID:36145317; PMCID: PMC9504920.
,,0
,,0
,,0
,,"160: Angelucci F, Veverova K, Katonová A, Piendel L, Vyhnalek M, Hort J.Alzheimer's Disease Severity Is Associated with an Imbalance in Serum Levels ofEnzymes Regulating Plasmin Synthesis. Pharmaceuticals (Basel). 2022 Aug"
,,Alzheimer's Disease Severity Is Associated with an Imbalance in Serum Levels ofEnzymes Regulating Plasmin Synthesis. Pharmaceuticals (Basel). 2022 Aug29;15(9):1074. doi: 10.3390/ph15091074. PMID: 36145295; PMCID: PMC9505552.
,,0
,,0
,,0
,,"161: Tucci P, Bove M, Sikora V, Dimonte S, Morgese MG, Schiavone S, Di CesareMannelli L, Ghelardini C, Trabace L. Glucoraphanin Triggers Rapid AntidepressantResponses in a Rat Model of Beta Amyloid-Induced Depressive-like Behaviour."
,,"Mannelli L, Ghelardini C, Trabace L. Glucoraphanin Triggers Rapid AntidepressantResponses in a Rat Model of Beta Amyloid-Induced Depressive-like Behaviour.Pharmaceuticals (Basel). 2022 Aug 26;15(9):1054. doi: 10.3390/ph15091054. PMID:"
,,Responses in a Rat Model of Beta Amyloid-Induced Depressive-like Behaviour.Pharmaceuticals (Basel). 2022 Aug 26;15(9):1054. doi: 10.3390/ph15091054. PMID:36145275; PMCID: PMC9500808.
,,0
,,0
,,0
,,"162: Qu L, Wu J, Tang Y, Yun X, Lo HH, Yu L, Li W, Wu A, Law BYK. LicochalconeB, a Natural Autophagic Agent for Alleviating Oxidative Stress-Induced CellDeath in Neuronal Cells and <i>Caenorhabditis elegans</i> Models."
,,"B, a Natural Autophagic Agent for Alleviating Oxidative Stress-Induced CellDeath in Neuronal Cells and <i>Caenorhabditis elegans</i> Models.Pharmaceuticals (Basel). 2022 Aug 25;15(9):1052. doi: 10.3390/ph15091052. PMID:"
,,Death in Neuronal Cells and <i>Caenorhabditis elegans</i> Models.Pharmaceuticals (Basel). 2022 Aug 25;15(9):1052. doi: 10.3390/ph15091052. PMID:36145273; PMCID: PMC9502728.
,,0
,,0
,,0
,,"163: Seong SH, Kim BR, Cho ML, Kim TS, Im S, Han S, Jeong JW, Jung HA, Choi JS.Phytoestrogen Coumestrol Selectively Inhibits Monoamine Oxidase-A and Amyloid βSelf-Aggregation. Nutrients. 2022 Sep 16;14(18):3822. doi: 10.3390/nu14183822."
,,Phytoestrogen Coumestrol Selectively Inhibits Monoamine Oxidase-A and Amyloid βSelf-Aggregation. Nutrients. 2022 Sep 16;14(18):3822. doi: 10.3390/nu14183822.PMID: 36145197; PMCID: PMC9502896.
,,0
,,0
,,0
,,"164: Kumar P, Mishra J, Kumar N. Mechanistic Role of Jak3 in Obesity-AssociatedCognitive Impairments. Nutrients. 2022 Sep 9;14(18):3715. doi:10.3390/nu14183715. PMID: 36145091; PMCID: PMC9505565."
,,0
,,0
,,0
,,"165: Choi WY, Lee WK, Kim TH, Ryu YK, Park A, Lee YJ, Heo SJ, Oh C, Chung YC,Kang DH. The Effects of <i>Spirulina maxima</i> Extract on Memory Improvement inThose with Mild Cognitive Impairment: A Randomized, Double-Blind, Placebo-"
,,"Kang DH. The Effects of <i>Spirulina maxima</i> Extract on Memory Improvement inThose with Mild Cognitive Impairment: A Randomized, Double-Blind, Placebo-Controlled Clinical Trial. Nutrients. 2022 Sep 9;14(18):3714. doi:"
,,"Those with Mild Cognitive Impairment: A Randomized, Double-Blind, Placebo-Controlled Clinical Trial. Nutrients. 2022 Sep 9;14(18):3714. doi:10.3390/nu14183714. PMID: 36145090; PMCID: PMC9505028."
,,0
,,0
,,0
,,"166: Di Giacomo S, Percaccio E, Gullì M, Romano A, Vitalone A, Mazzanti G,Gaetani S, Di Sotto A. Recent Advances in the Neuroprotective Properties ofFerulic Acid in Alzheimer's Disease: A Narrative Review. Nutrients. 2022 Sep"
,,"Gaetani S, Di Sotto A. Recent Advances in the Neuroprotective Properties ofFerulic Acid in Alzheimer's Disease: A Narrative Review. Nutrients. 2022 Sep8;14(18):3709. doi: 10.3390/nu14183709. PMID: 36145084; PMCID: PMC9503091."
,,0
,,0
,,0
,,"167: Zhang S, Deng Y, Zhang A, Yan L, Zhang Z, Wei J, Zhang Q. LC-MS/MS Insightinto Vitamin C Restoration to Metabolic Disorder Evoked by Amyloid β in<i>Caenorhabditis elegans</i> CL2006. Metabolites. 2022 Sep 6;12(9):841. doi:"
,,into Vitamin C Restoration to Metabolic Disorder Evoked by Amyloid β in<i>Caenorhabditis elegans</i> CL2006. Metabolites. 2022 Sep 6;12(9):841. doi:10.3390/metabo12090841. PMID: 36144245; PMCID: PMC9506573.
,,0
,,0
,,0
,,"168: Xu HN, Gourmaud S, Podsednik A, Li X, Zhao H, Jensen FE, Talos DM, Li LZ.Optical Redox Imaging of Ex Vivo Hippocampal Tissue Reveals Age-DependentAlterations in the 5XFAD Mouse Model of Alzheimer's Disease. Metabolites. 2022"
,,Optical Redox Imaging of Ex Vivo Hippocampal Tissue Reveals Age-DependentAlterations in the 5XFAD Mouse Model of Alzheimer's Disease. Metabolites. 2022Aug 25;12(9):786. doi: 10.3390/metabo12090786. PMID: 36144191; PMCID:
,,Alterations in the 5XFAD Mouse Model of Alzheimer's Disease. Metabolites. 2022Aug 25;12(9):786. doi: 10.3390/metabo12090786. PMID: 36144191; PMCID:PMC9504813.
,,0
,,0
,,0
,,"169: Scarmeas N, Daskalaki A, Kalligerou F, Ntanasi E, Mamalaki E, GargalionisAN, Patas K, Chatzipanagiotou S, Yannakoulia M, Constantinides VC. Initial Dataand a Clinical Diagnosis Transition for the Aiginition Longitudinal Biomarker"
,,"AN, Patas K, Chatzipanagiotou S, Yannakoulia M, Constantinides VC. Initial Dataand a Clinical Diagnosis Transition for the Aiginition Longitudinal BiomarkerInvestigation of Neurodegeneration (ALBION) Study. Medicina (Kaunas). 2022 Aug"
,,and a Clinical Diagnosis Transition for the Aiginition Longitudinal BiomarkerInvestigation of Neurodegeneration (ALBION) Study. Medicina (Kaunas). 2022 Aug30;58(9):1179. doi: 10.3390/medicina58091179. PMID: 36143858; PMCID: PMC9501022.
,,0
,,0
,,0
,,"170: Sharifi-Rad J, Rapposelli S, Sestito S, Herrera-Bravo J, Arancibia-Diaz A,Salazar LA, Yeskaliyeva B, Beyatli A, Leyva-Gómez G, González-Contreras C, GürerES, Martorell M, Calina D. Multi-Target Mechanisms of Phytochemicals in"
,,"Salazar LA, Yeskaliyeva B, Beyatli A, Leyva-Gómez G, González-Contreras C, GürerES, Martorell M, Calina D. Multi-Target Mechanisms of Phytochemicals inAlzheimer's Disease: Effects on Oxidative Stress, Neuroinflammation and Protein"
,,"ES, Martorell M, Calina D. Multi-Target Mechanisms of Phytochemicals inAlzheimer's Disease: Effects on Oxidative Stress, Neuroinflammation and ProteinAggregation. J Pers Med. 2022 Sep 15;12(9):1515. doi: 10.3390/jpm12091515. PMID:"
,,"Alzheimer's Disease: Effects on Oxidative Stress, Neuroinflammation and ProteinAggregation. J Pers Med. 2022 Sep 15;12(9):1515. doi: 10.3390/jpm12091515. PMID:36143299; PMCID: PMC9500804."
,,0
,,0
,,0
,,"171: Bagaria J, Bagyinszky E, An SSA. Genetics, Functions, and Clinical Impactof Presenilin-1 (PSEN1) Gene. Int J Mol Sci. 2022 Sep 19;23(18):10970. doi:10.3390/ijms231810970. PMID: 36142879; PMCID: PMC9504248."
,,0
,,0
,,0
,,"172: Wang J, Gu Y, Liu X, Fan Y, Zhang Y, Yi C, Cheng C, Yang M. Near-InfraredPhotothermally Enhanced Photo-Oxygenation for Inhibition of Amyloid-βAggregation Based on RVG-Conjugated Porphyrinic Metal-Organic Framework and"
,,Photothermally Enhanced Photo-Oxygenation for Inhibition of Amyloid-βAggregation Based on RVG-Conjugated Porphyrinic Metal-Organic Framework andIndocyanine Green Nanoplatform. Int J Mol Sci. 2022 Sep 17;23(18):10885. doi:
,,Aggregation Based on RVG-Conjugated Porphyrinic Metal-Organic Framework andIndocyanine Green Nanoplatform. Int J Mol Sci. 2022 Sep 17;23(18):10885. doi:10.3390/ijms231810885. PMID: 36142796; PMCID: PMC9505608.
,,0
,,0
,,0
,,"173: Dulewicz M, Kulczyńska-Przybik A, Borawska R, Słowik A, Mroczko B.Evaluation of Synaptic and Axonal Dysfunction Biomarkers in Alzheimer's Diseaseand Mild Cognitive Impairment Based on CSF and Bioinformatic Analysis. Int J Mol"
,,Evaluation of Synaptic and Axonal Dysfunction Biomarkers in Alzheimer's Diseaseand Mild Cognitive Impairment Based on CSF and Bioinformatic Analysis. Int J MolSci. 2022 Sep 17;23(18):10867. doi: 10.3390/ijms231810867. PMID: 36142780;
,,and Mild Cognitive Impairment Based on CSF and Bioinformatic Analysis. Int J MolSci. 2022 Sep 17;23(18):10867. doi: 10.3390/ijms231810867. PMID: 36142780;PMCID: PMC9502777.
,,0
,,0
,,0
,,"174: Schirinzi T, Salvatori I, Zenuni H, Grillo P, Valle C, Martella G, MercuriNB, Ferri A. Pattern of Mitochondrial Respiration in Peripheral Blood Cells ofPatients with Parkinson's Disease. Int J Mol Sci. 2022 Sep 17;23(18):10863. doi:"
,,"NB, Ferri A. Pattern of Mitochondrial Respiration in Peripheral Blood Cells ofPatients with Parkinson's Disease. Int J Mol Sci. 2022 Sep 17;23(18):10863. doi:10.3390/ijms231810863. PMID: 36142777; PMCID: PMC9506016."
,,0
,,0
,,0
,,"175: Piccoli T, Blandino V, Maniscalco L, Matranga D, Graziano F, Guajana F,Agnello L, Lo Sasso B, Gambino CM, Giglio RV, La Bella V, Ciaccio M, Colletti T.Biomarkers Related to Synaptic Dysfunction to Discriminate Alzheimer's Disease"
,,"Agnello L, Lo Sasso B, Gambino CM, Giglio RV, La Bella V, Ciaccio M, Colletti T.Biomarkers Related to Synaptic Dysfunction to Discriminate Alzheimer's Diseasefrom Other Neurological Disorders. Int J Mol Sci. 2022 Sep 16;23(18):10831. doi:"
,,Biomarkers Related to Synaptic Dysfunction to Discriminate Alzheimer's Diseasefrom Other Neurological Disorders. Int J Mol Sci. 2022 Sep 16;23(18):10831. doi:10.3390/ijms231810831. PMID: 36142742; PMCID: PMC9501545.
,,0
,,0
,,0
,,"176: Murai Y, Honda T, Yuyama K, Mikami D, Eguchi K, Ukawa Y, Usuki S, IgarashiY, Monde K. Evaluation of Plant Ceramide Species-Induced Exosome Release fromNeuronal Cells and Exosome Loading Using Deuterium Chemistry. Int J Mol Sci."
,,"Y, Monde K. Evaluation of Plant Ceramide Species-Induced Exosome Release fromNeuronal Cells and Exosome Loading Using Deuterium Chemistry. Int J Mol Sci.2022 Sep 15;23(18):10751. doi: 10.3390/ijms231810751. PMID: 36142663; PMCID:"
,,Neuronal Cells and Exosome Loading Using Deuterium Chemistry. Int J Mol Sci.2022 Sep 15;23(18):10751. doi: 10.3390/ijms231810751. PMID: 36142663; PMCID:PMC9505575.
,,0
,,0
,,0
,,"177: Al Khashali H, Ray R, Coleman KL, Atali S, Haddad B, Wareham J, Guthrie J,Heyl D, Evans HG. Regulation of the Soluble Amyloid Precursor Protein α (sAPPα)Levels by Acetylcholinesterase and Brain-Derived Neurotrophic Factor in Lung"
,,"Heyl D, Evans HG. Regulation of the Soluble Amyloid Precursor Protein α (sAPPα)Levels by Acetylcholinesterase and Brain-Derived Neurotrophic Factor in LungCancer Cell Media. Int J Mol Sci. 2022 Sep 15;23(18):10746. doi:"
,,Levels by Acetylcholinesterase and Brain-Derived Neurotrophic Factor in LungCancer Cell Media. Int J Mol Sci. 2022 Sep 15;23(18):10746. doi:10.3390/ijms231810746. PMID: 36142659; PMCID: PMC9500850.
,,0
,,0
,,0
,,"178: Kim J, Kang S, Chang KA. Effect of cx-DHED on Abnormal Glucose TransporterExpression Induced by AD Pathologies in the 5xFAD Mouse Model. Int J Mol Sci.2022 Sep 13;23(18):10602. doi: 10.3390/ijms231810602. PMID: 36142509; PMCID:"
,,Expression Induced by AD Pathologies in the 5xFAD Mouse Model. Int J Mol Sci.2022 Sep 13;23(18):10602. doi: 10.3390/ijms231810602. PMID: 36142509; PMCID:PMC9505457.
,,0
,,0
,,0
,,"179: Oh Y, Lee W, Kim SH, Lee S, Kim BC, Lee KH, Kim SH, Song WK. SPIN90Deficiency Ameliorates Amyloid β Accumulation by Regulating APP Trafficking inAD Model Mice. Int J Mol Sci. 2022 Sep 12;23(18):10563. doi:"
,,Deficiency Ameliorates Amyloid β Accumulation by Regulating APP Trafficking inAD Model Mice. Int J Mol Sci. 2022 Sep 12;23(18):10563. doi:10.3390/ijms231810563. PMID: 36142484; PMCID: PMC9504172.
,,0
,,0
,,0
,,"180: Al-Ghraiybah NF, Wang J, Alkhalifa AE, Roberts AB, Raj R, Yang E, KaddoumiA. Glial Cell-Mediated Neuroinflammation in Alzheimer's Disease. Int J Mol Sci.2022 Sep 12;23(18):10572. doi: 10.3390/ijms231810572. PMID: 36142483; PMCID:"
,,A. Glial Cell-Mediated Neuroinflammation in Alzheimer's Disease. Int J Mol Sci.2022 Sep 12;23(18):10572. doi: 10.3390/ijms231810572. PMID: 36142483; PMCID:PMC9502483.
,,0
,,0
,,0
,,"181: Wuli W, Lin SZ, Chen SP, Tannous BA, Huang WS, Woon PY, Wu YC, Yang HH,Chen YC, Fleming RL, Rogers JT, Cahill CM, Ho TJ, Chiou TW, Harn HJ. Targeting<i>PSEN1</i> by lnc-CYP3A43-2/miR-29b-2-5p to Reduce β Amyloid Plaque Formation"
,,"Chen YC, Fleming RL, Rogers JT, Cahill CM, Ho TJ, Chiou TW, Harn HJ. Targeting<i>PSEN1</i> by lnc-CYP3A43-2/miR-29b-2-5p to Reduce β Amyloid Plaque Formationand Improve Cognition Function. Int J Mol Sci. 2022 Sep 11;23(18):10554. doi:"
,,<i>PSEN1</i> by lnc-CYP3A43-2/miR-29b-2-5p to Reduce β Amyloid Plaque Formationand Improve Cognition Function. Int J Mol Sci. 2022 Sep 11;23(18):10554. doi:10.3390/ijms231810554. PMID: 36142465; PMCID: PMC9506169.
,,0
,,0
,,0
,,"182: Kim SE, Kim HJ, Jang H, Weiner MW, DeCarli C, Na DL, Seo SW. Interactionbetween Alzheimer's Disease and Cerebral Small Vessel Disease: A Review Focusedon Neuroimaging Markers. Int J Mol Sci. 2022 Sep 10;23(18):10490. doi:"
,,between Alzheimer's Disease and Cerebral Small Vessel Disease: A Review Focusedon Neuroimaging Markers. Int J Mol Sci. 2022 Sep 10;23(18):10490. doi:10.3390/ijms231810490. PMID: 36142419; PMCID: PMC9499680.
,,0
,,0
,,0
,,"183: Szögi T, Borbély E, Schuster I, Bozsó Z, Sántha M, Tóth ME, Penke B, FülöpL. Examination of Longitudinal Alterations in Alzheimer's Disease-RelatedNeurogenesis in an APP/PS1 Transgenic Mouse Model, and the Effects of P33, a"
,,"L. Examination of Longitudinal Alterations in Alzheimer's Disease-RelatedNeurogenesis in an APP/PS1 Transgenic Mouse Model, and the Effects of P33, aPutative Neuroprotective Agent Thereon. Int J Mol Sci. 2022 Sep 8;23(18):10364."
,,"Neurogenesis in an APP/PS1 Transgenic Mouse Model, and the Effects of P33, aPutative Neuroprotective Agent Thereon. Int J Mol Sci. 2022 Sep 8;23(18):10364.doi: 10.3390/ijms231810364. PMID: 36142277; PMCID: PMC9499399."
,,0
,,0
,,0
,,"184: Saito S, Ono K, Tanaka M. Amyloid-β: Structure, Function, andPathophysiological Significance in Neurodegenerative Diseases. Int J Mol Sci.2022 Sep 7;23(18):10275. doi: 10.3390/ijms231810275. PMID: 36142187; PMCID:"
,,Pathophysiological Significance in Neurodegenerative Diseases. Int J Mol Sci.2022 Sep 7;23(18):10275. doi: 10.3390/ijms231810275. PMID: 36142187; PMCID:PMC9499664.
,,0
,,0
,,0
,,"185: Wang G, Zhu X, Song X, Zhang Q, Qian Z. Melatonin Inhibits hIAPPOligomerization by Preventing β-Sheet and Hydrogen Bond Formation of theAmyloidogenic Region Revealed by Replica-Exchange Molecular Dynamics Simulation."
,,Oligomerization by Preventing β-Sheet and Hydrogen Bond Formation of theAmyloidogenic Region Revealed by Replica-Exchange Molecular Dynamics Simulation.Int J Mol Sci. 2022 Sep 6;23(18):10264. doi: 10.3390/ijms231810264. PMID:
,,Amyloidogenic Region Revealed by Replica-Exchange Molecular Dynamics Simulation.Int J Mol Sci. 2022 Sep 6;23(18):10264. doi: 10.3390/ijms231810264. PMID:36142176; PMCID: PMC9499688.
,,0
,,0
,,0
,,"186: Versele R, Sevin E, Gosselet F, Fenart L, Candela P. TNF-α and IL-1βModulate Blood-Brain Barrier Permeability and Decrease Amyloid-β Peptide Effluxin a Human Blood-Brain Barrier Model. Int J Mol Sci. 2022 Sep 6;23(18):10235."
,,Modulate Blood-Brain Barrier Permeability and Decrease Amyloid-β Peptide Effluxin a Human Blood-Brain Barrier Model. Int J Mol Sci. 2022 Sep 6;23(18):10235.doi: 10.3390/ijms231810235. PMID: 36142143; PMCID: PMC9499506.
,,0
,,0
,,0
,,187: Song M. The Asparaginyl Endopeptidase Legumain: An Emerging TherapeuticTarget and Potential Biomarker for Alzheimer's Disease. Int J Mol Sci. 2022 Sep6;23(18):10223. doi: 10.3390/ijms231810223. PMID: 36142134; PMCID: PMC9499314.
,,0
,,0
,,0
,,"188: Arreola F, Salazar B, Martinez A. Fitting Contralateral NeuroanatomicalAsymmetry into the Amyloid Cascade Hypothesis. Healthcare (Basel). 2022 Aug29;10(9):1643. doi: 10.3390/healthcare10091643. PMID: 36141255; PMCID:"
,,Asymmetry into the Amyloid Cascade Hypothesis. Healthcare (Basel). 2022 Aug29;10(9):1643. doi: 10.3390/healthcare10091643. PMID: 36141255; PMCID:PMC9498691.
,,0
,,0
,,0
,,"189: Wu R, Bao J, Kim M, Saykin AJ, Moore JH, Shen L, On Behalf Of Adni. MiningHigh-Level Imaging Genetic Associations via Clustering AD Candidate Variantswith Similar Brain Association Patterns. Genes (Basel). 2022 Aug 24;13(9):1520."
,,High-Level Imaging Genetic Associations via Clustering AD Candidate Variantswith Similar Brain Association Patterns. Genes (Basel). 2022 Aug 24;13(9):1520.doi: 10.3390/genes13091520. PMID: 36140686; PMCID: PMC9498881.
,,0
,,0
,,0
,,"190: Cheung EYW, Chau ACM, Shea YF, Chiu PKC, Kwan JSK, Mak HKF. Level ofAmyloid-β (Aβ) Binding Leading to Differential Effects on Resting StateFunctional Connectivity in Major Brain Networks. Biomedicines. 2022 Sep"
,,Amyloid-β (Aβ) Binding Leading to Differential Effects on Resting StateFunctional Connectivity in Major Brain Networks. Biomedicines. 2022 Sep19;10(9):2321. doi: 10.3390/biomedicines10092321. PMID: 36140422; PMCID:
,,Functional Connectivity in Major Brain Networks. Biomedicines. 2022 Sep19;10(9):2321. doi: 10.3390/biomedicines10092321. PMID: 36140422; PMCID:PMC9496530.
,,0
,,0
,,0
,,"191: Postu PA, Mihasan M, Gorgan DL, Sadiki FZ, El Idrissi M, Hritcu L. <i>Pinushalepensis</i> Essential Oil Ameliorates Aβ1-42-Induced Brain Injury byDiminishing Anxiety, Oxidative Stress, and Neuroinflammation in Rats."
,,"halepensis</i> Essential Oil Ameliorates Aβ1-42-Induced Brain Injury byDiminishing Anxiety, Oxidative Stress, and Neuroinflammation in Rats.Biomedicines. 2022 Sep 16;10(9):2300. doi: 10.3390/biomedicines10092300. PMID:"
,,"Diminishing Anxiety, Oxidative Stress, and Neuroinflammation in Rats.Biomedicines. 2022 Sep 16;10(9):2300. doi: 10.3390/biomedicines10092300. PMID:36140401; PMCID: PMC9496595."
,,0
,,0
,,0
,,"192: Trebesova H, Olivero G, Marchi M, Grilli M. The Anti-Aggregative PeptideKLVFF Mimics Aβ1-40 in the Modulation of Nicotinic Receptors: Implications forPeptide-Based Therapy. Biomedicines. 2022 Sep 8;10(9):2231. doi:"
,,KLVFF Mimics Aβ1-40 in the Modulation of Nicotinic Receptors: Implications forPeptide-Based Therapy. Biomedicines. 2022 Sep 8;10(9):2231. doi:10.3390/biomedicines10092231. PMID: 36140331; PMCID: PMC9496455.
,,0
,,0
,,0
,,"193: Schweigardt F, Strandberg E, Wadhwani P, Reichert J, Bürck J, Cravo HLP,Burger L, Ulrich AS. Membranolytic Mechanism of Amphiphilic Antimicrobialβ-Stranded [KL]<sub>n</sub> Peptides. Biomedicines. 2022 Aug 24;10(9):2071. doi:"
,,"Burger L, Ulrich AS. Membranolytic Mechanism of Amphiphilic Antimicrobialβ-Stranded [KL]<sub>n</sub> Peptides. Biomedicines. 2022 Aug 24;10(9):2071. doi:10.3390/biomedicines10092071. PMID: 36140173; PMCID: PMC9495826."
,,0
,,0
,,0
,,"194: Cai Y, Xiao R, Zhang Y, Xu D, Wang N, Han M, Zhang Y, Zhang L, Zhou W. DHPAProtects SH-SY5Y Cells from Oxidative Stress-Induced Apoptosis via MitochondriaApoptosis and the Keap1/Nrf2/HO-1 Signaling Pathway. Antioxidants (Basel). 2022"
,,Protects SH-SY5Y Cells from Oxidative Stress-Induced Apoptosis via MitochondriaApoptosis and the Keap1/Nrf2/HO-1 Signaling Pathway. Antioxidants (Basel). 2022Sep 12;11(9):1794. doi: 10.3390/antiox11091794. PMID: 36139869; PMCID:
,,Apoptosis and the Keap1/Nrf2/HO-1 Signaling Pathway. Antioxidants (Basel). 2022Sep 12;11(9):1794. doi: 10.3390/antiox11091794. PMID: 36139869; PMCID:PMC9495558.
,,0
,,0
,,0
,,"195: Diez-Iriepa D, Knez D, Gobec S, Iriepa I, de Los Ríos C, Bravo I, López-Muñoz F, Marco-Contelles J, Hadjipavlou-Litina D. Polyfunctionalized α-Phenyl-tert-butyl(benzyl)nitrones: Multifunctional Antioxidants for Stroke Treatment."
,,"Muñoz F, Marco-Contelles J, Hadjipavlou-Litina D. Polyfunctionalized α-Phenyl-tert-butyl(benzyl)nitrones: Multifunctional Antioxidants for Stroke Treatment.Antioxidants (Basel). 2022 Aug 31;11(9):1735. doi: 10.3390/antiox11091735. PMID:"
,,tert-butyl(benzyl)nitrones: Multifunctional Antioxidants for Stroke Treatment.Antioxidants (Basel). 2022 Aug 31;11(9):1735. doi: 10.3390/antiox11091735. PMID:36139811; PMCID: PMC9495348.
,,0
,,0
,,0
,,"196: Sakalauskas A, Janoniene A, Zvinys G, Mikalauskaite K, Ziaunys M, SmirnovasV. Exploring the Formation of Polymers with Anti-Amyloid Properties within the2'3'-Dihydroxyflavone Autoxidation Process. Antioxidants (Basel). 2022 Aug"
,,V. Exploring the Formation of Polymers with Anti-Amyloid Properties within the2'3'-Dihydroxyflavone Autoxidation Process. Antioxidants (Basel). 2022 Aug30;11(9):1711. doi: 10.3390/antiox11091711. PMID: 36139781; PMCID: PMC9495709.
,,0
,,0
,,0
,,"197: Jiang L, Ding X, Wang W, Yang X, Li T, Lei P. Head-to-Head Comparison ofDifferent Blood Collecting Tubes for Quantification of Alzheimer's DiseaseBiomarkers in Plasma. Biomolecules. 2022 Aug 28;12(9):1194. doi:"
,,Different Blood Collecting Tubes for Quantification of Alzheimer's DiseaseBiomarkers in Plasma. Biomolecules. 2022 Aug 28;12(9):1194. doi:10.3390/biom12091194. PMID: 36139033; PMCID: PMC9496121.
,,0
,,0
,,0
,,"198: Kosyreva AM, Sentyabreva AV, Tsvetkov IS, Makarova OV. Alzheimer's Diseaseand Inflammaging. Brain Sci. 2022 Sep 13;12(9):1237. doi:10.3390/brainsci12091237. PMID: 36138973; PMCID: PMC9496782."
,,0
,,0
,,0
,,"199: Wickner RB, Edskes HK, Son M, Wu S. Anti-Prion Systems Block PrionTransmission, Attenuate Prion Generation, Cure Most Prions as They Arise andLimit Prion-Induced Pathology in <i>Saccharomyces cerevisiae</i>. Biology"
,,"Transmission, Attenuate Prion Generation, Cure Most Prions as They Arise andLimit Prion-Induced Pathology in <i>Saccharomyces cerevisiae</i>. Biology(Basel). 2022 Aug 26;11(9):1266. doi: 10.3390/biology11091266. PMID: 36138748;"
,,Limit Prion-Induced Pathology in <i>Saccharomyces cerevisiae</i>. Biology(Basel). 2022 Aug 26;11(9):1266. doi: 10.3390/biology11091266. PMID: 36138748;PMCID: PMC9495834.
,,0
,,0
,,0
,,"200: Chen X, Deng S, Wang W, Castiglione S, Duan Z, Luo L, Cianci F, Zhang X, XuJ, Li H, Zhao J, Kamau PM, Zhang Z, Mwangi J, Li J, Shu Y, Hu X, Mazzanti M, LaiR. Human antimicrobial peptide LL-37 contributes to Alzheimer's disease"
,,"J, Li H, Zhao J, Kamau PM, Zhang Z, Mwangi J, Li J, Shu Y, Hu X, Mazzanti M, LaiR. Human antimicrobial peptide LL-37 contributes to Alzheimer's diseaseprogression. Mol Psychiatry. 2022 Sep 22. doi: 10.1038/s41380-022-01790-6. Epub"
,,R. Human antimicrobial peptide LL-37 contributes to Alzheimer's diseaseprogression. Mol Psychiatry. 2022 Sep 22. doi: 10.1038/s41380-022-01790-6. Epubahead of print. PMID: 36138130.
,,0
,,0
,,0
,,"1: Ibáñez de Opakua A, Geraets JA, Frieg B, Dienemann C, Savastano A, RankovicM, Cima-Omori MS, Schröder GF, Zweckstetter M. Molecular interactions of FGnucleoporin repeats at high resolution. Nat Chem. 2022 Sep 22. doi:"
,,"M, Cima-Omori MS, Schröder GF, Zweckstetter M. Molecular interactions of FGnucleoporin repeats at high resolution. Nat Chem. 2022 Sep 22. doi:10.1038/s41557-022-01035-7. Epub ahead of print. PMID: 36138110."
,,0
,,0
,,0
,,"2: Tao Y, Lei B, Zhu Y, Fang X, Liao L, Chen D, Gao C. Repetitive TranscranialMagnetic Stimulation Decreases Serum Amyloid-β and Increases Ectodomain of p75Neurotrophin Receptor in Patients with Alzheimer's Disease. J Integr Neurosci."
,,Magnetic Stimulation Decreases Serum Amyloid-β and Increases Ectodomain of p75Neurotrophin Receptor in Patients with Alzheimer's Disease. J Integr Neurosci.2022 Jul 29;21(5):140. doi: 10.31083/j.jin2105140. PMID: 36137949.
,,0
,,0
,,0
,,"3: Xing Y, Andrikopoulos N, Zhang Z, Sun Y, Ke PC, Ding F. ModulatingNanodroplet Formation En Route to Fibrillization of Amyloid Peptides withDesigned Flanking Sequences. Biomacromolecules. 2022 Sep 22. doi:"
,,Nanodroplet Formation En Route to Fibrillization of Amyloid Peptides withDesigned Flanking Sequences. Biomacromolecules. 2022 Sep 22. doi:10.1021/acs.biomac.2c00642. Epub ahead of print. PMID: 36137260.
,,0
,,0
,,0
,,"4: Tian X, Wang Y, Zhou Y, Wu B, Lu Y, Du J, Wang W, Cai W, Xiao Y. BETA-AMYLOIDDEPOSIT IN BILIARY ATRESIA REDUCES LIVER REGENERATION VIA INHIBITING ENERGYMETABOLISM AND mTOR SIGNALING. Clin Transl Gastroenterol. 2022 Sep 22. doi:"
,,DEPOSIT IN BILIARY ATRESIA REDUCES LIVER REGENERATION VIA INHIBITING ENERGYMETABOLISM AND mTOR SIGNALING. Clin Transl Gastroenterol. 2022 Sep 22. doi:10.14309/ctg.0000000000000536. Epub ahead of print. PMID: 36137184.
,,0
,,0
,,0
,,"5: Privitera L, Hogg EL, Lopes M, Domingos LB, Gaestel M, Müller J, Wall MJ,Corrêa SAL. The MK2 cascade mediates transient alteration in mGluR-LTD andspatial learning in a murine model of Alzheimer's disease. Aging Cell. 2022 Sep"
,,Corrêa SAL. The MK2 cascade mediates transient alteration in mGluR-LTD andspatial learning in a murine model of Alzheimer's disease. Aging Cell. 2022 Sep22:e13717. doi: 10.1111/acel.13717. Epub ahead of print. PMID: 36135933.
,,0
,,0
,,0
,,"6: Ghosh D, Konar M, Mondal T, Govindaraju T. Differential copper-guidedarchitectures of amyloid β peptidomimetics modulate oxidation states andcatalysis. Nanoscale Adv. 2022 Mar 31;4(9):2196-2200. doi: 10.1039/d2na00161f."
,,architectures of amyloid β peptidomimetics modulate oxidation states andcatalysis. Nanoscale Adv. 2022 Mar 31;4(9):2196-2200. doi: 10.1039/d2na00161f.PMID: 36133442; PMCID: PMC9419866.
,,0
,,0
,,0
,,"7: Lyu H, Ye Y, Lui VCH, Wu W, Chung PHY, Wong KKY, Li HW, Wong MS, Tam PKH,Wang B. Plasma amyloid-beta levels correlated with impaired hepatic functions:An adjuvant biomarker for the diagnosis of biliary atresia. Front Surg. 2022 Sep"
,,Wang B. Plasma amyloid-beta levels correlated with impaired hepatic functions:An adjuvant biomarker for the diagnosis of biliary atresia. Front Surg. 2022 Sep5;9:931637. doi: 10.3389/fsurg.2022.931637. PMID: 36132201; PMCID: PMC9483031.
,,0
,,0
,,0
,,"8: Martín-Belmonte A, Aguado C, Alfaro-Ruiz R, Moreno-Martínez AE, de la Ossa L,Aso E, Gómez-Acero L, Shigemoto R, Fukazawa Y, Ciruela F, Luján R. Nanoscalealterations in GABA<sub>B</sub> receptors and GIRK channel organization on the"
,,"Aso E, Gómez-Acero L, Shigemoto R, Fukazawa Y, Ciruela F, Luján R. Nanoscalealterations in GABA<sub>B</sub> receptors and GIRK channel organization on thehippocampus of APP/PS1 mice. Alzheimers Res Ther. 2022 Sep 21;14(1):136. doi:"
,,alterations in GABA<sub>B</sub> receptors and GIRK channel organization on thehippocampus of APP/PS1 mice. Alzheimers Res Ther. 2022 Sep 21;14(1):136. doi:10.1186/s13195-022-01078-5. PMID: 36131327; PMCID: PMC9490896.
,,0
,,0
,,0
,,"9: Hsieh YC, Negri J, He A, Pearse RV 2nd, Liu L, Duong DM, Chibnik LB, BennettDA, Seyfried NT, Young-Pearse TL. Elevated ganglioside GM2 activator (GM2A) inhuman brain tissue reduces neurite integrity and spontaneous neuronal activity."
,,"DA, Seyfried NT, Young-Pearse TL. Elevated ganglioside GM2 activator (GM2A) inhuman brain tissue reduces neurite integrity and spontaneous neuronal activity.Mol Neurodegener. 2022 Sep 21;17(1):61. doi: 10.1186/s13024-022-00558-4. PMID:"
,,human brain tissue reduces neurite integrity and spontaneous neuronal activity.Mol Neurodegener. 2022 Sep 21;17(1):61. doi: 10.1186/s13024-022-00558-4. PMID:36131294; PMCID: PMC9494921.
,,0
,,0
,,0
,,"10: Rosenberg A, Öhlund-Wistbacka U, Hall A, Bonnard A, Hagman G, Rydén M,Thunborg C, Wiggenraad F, Sandebring-Matton A, Solomon A, Kivipelto M.β-Amyloid, Tau, Neurodegeneration Classification and Eligibility for Anti-"
,,"Thunborg C, Wiggenraad F, Sandebring-Matton A, Solomon A, Kivipelto M.β-Amyloid, Tau, Neurodegeneration Classification and Eligibility for Anti-amyloid Treatment in a Memory Clinic Population. Neurology. 2022 Sep"
,,"β-Amyloid, Tau, Neurodegeneration Classification and Eligibility for Anti-amyloid Treatment in a Memory Clinic Population. Neurology. 2022 Sep21:10.1212/WNL.0000000000201043. doi: 10.1212/WNL.0000000000201043. Epub ahead"
,,amyloid Treatment in a Memory Clinic Population. Neurology. 2022 Sep21:10.1212/WNL.0000000000201043. doi: 10.1212/WNL.0000000000201043. Epub aheadof print. PMID: 36130840.
,,0
,,0
,,0
,,"11: Park JC, Noh J, Jang S, Kim KH, Choi H, Lee D, Kim J, Chung J, Lee DY, LeeY, Lee H, Yoo DK, Lee AC, Byun MS, Yi D, Han SH, Kwon S, Mook-Jung I.Association of B cell profile and receptor repertoire with the progression of"
,,"Y, Lee H, Yoo DK, Lee AC, Byun MS, Yi D, Han SH, Kwon S, Mook-Jung I.Association of B cell profile and receptor repertoire with the progression ofAlzheimer's disease. Cell Rep. 2022 Sep 20;40(12):111391. doi:"
,,Association of B cell profile and receptor repertoire with the progression ofAlzheimer's disease. Cell Rep. 2022 Sep 20;40(12):111391. doi:10.1016/j.celrep.2022.111391. PMID: 36130492.
,,0
,,0
,,0
,,"12: Spotorno N, Strandberg O, Vis G, Stomrud E, Nilsson M, Hansson O. Measuresof cortical microstructure are linked to amyloid pathology in Alzheimer'sdisease. Brain. 2022 Sep 21:awac343. doi: 10.1093/brain/awac343. Epub ahead of"
,,of cortical microstructure are linked to amyloid pathology in Alzheimer'sdisease. Brain. 2022 Sep 21:awac343. doi: 10.1093/brain/awac343. Epub ahead ofprint. PMID: 36130332.
,,0
,,0
,,0
,,"13: Yin L, Zhou J, Li T, Wang X, Xue W, Zhang J, Lin L, Wang N, Kang X, Zhou Y,Liu H, Li Y. Inhibition of the dopamine transporter promotes lysosome biogenesisand ameliorates Alzheimer's disease-like symptoms in mice. Alzheimers Dement."
,,"Liu H, Li Y. Inhibition of the dopamine transporter promotes lysosome biogenesisand ameliorates Alzheimer's disease-like symptoms in mice. Alzheimers Dement.2022 Sep 21. doi: 10.1002/alz.12776. Epub ahead of print. PMID: 36130073."
,,0
,,0
,,0
,,"14: Khrustalev VV, Khrustaleva TA, Popinako AV. Germline mutations directionsare different between introns of the same gene: case study of the gene codingfor amyloid-beta precursor protein. Genetica. 2022 Sep 21. doi:"
,,are different between introns of the same gene: case study of the gene codingfor amyloid-beta precursor protein. Genetica. 2022 Sep 21. doi:10.1007/s10709-022-00166-6. Epub ahead of print. PMID: 36129589.
,,0
,,0
,,0
,,"15: McKenzie AT, Marx GA, Koenigsberg D, Sawyer M, Iida MA, Walker JM,Richardson TE, Campanella G, Attems J, McKee AC, Stein TD, Fuchs TJ, White CL3rd; PART working group, Farrell K, Crary JF. Interpretable deep learning of"
,,"Richardson TE, Campanella G, Attems J, McKee AC, Stein TD, Fuchs TJ, White CL3rd; PART working group, Farrell K, Crary JF. Interpretable deep learning ofmyelin histopathology in age-related cognitive impairment. Acta Neuropathol"
,,"3rd; PART working group, Farrell K, Crary JF. Interpretable deep learning ofmyelin histopathology in age-related cognitive impairment. Acta NeuropatholCommun. 2022 Sep 21;10(1):131. doi: 10.1186/s40478-022-01425-5. PMID: 36127723;"
,,myelin histopathology in age-related cognitive impairment. Acta NeuropatholCommun. 2022 Sep 21;10(1):131. doi: 10.1186/s40478-022-01425-5. PMID: 36127723;PMCID: PMC9490907.
,,0
,,0
,,0
,,"16: Zhong M, Wang H, Yan H, Wu S, Wang K, Yang L, Cui B, Wu M, Li Y. Effects andmechanism of Aβ<sub>1-42</sub> on EV-A71 replication. Virol J. 2022 Sep20;19(1):151. doi: 10.1186/s12985-022-01882-3. PMID: 36127711; PMCID:"
,,mechanism of Aβ<sub>1-42</sub> on EV-A71 replication. Virol J. 2022 Sep20;19(1):151. doi: 10.1186/s12985-022-01882-3. PMID: 36127711; PMCID:PMC9485788.
,,0
,,0
,,0
,,"17: Piccirillo S, Preziuso A, Amoroso S, Serfilippi T, Miceli F, Magi S,Lariccia V. A new K<sup>+</sup>channel-independent mechanism is involved in theantioxidant effect of XE-991 in an in vitro model of glucose metabolism"
,,Lariccia V. A new K<sup>+</sup>channel-independent mechanism is involved in theantioxidant effect of XE-991 in an in vitro model of glucose metabolismimpairment: implications for Alzheimer's disease. Cell Death Discov. 2022 Sep
,,antioxidant effect of XE-991 in an in vitro model of glucose metabolismimpairment: implications for Alzheimer's disease. Cell Death Discov. 2022 Sep20;8(1):391. doi: 10.1038/s41420-022-01187-y. PMID: 36127342; PMCID: PMC9489689.
,,0
,,0
,,0
,,"18: Pradhan AK, Shi Q, Tartler KJ, Rammes G. Quantification of astrocyticsynaptic pruning in mouse hippocampal slices in response to ex vivo Aβ treatmentvia colocalization analysis with C1q. STAR Protoc. 2022 Sep 19;3(4):101687. doi:"
,,synaptic pruning in mouse hippocampal slices in response to ex vivo Aβ treatmentvia colocalization analysis with C1q. STAR Protoc. 2022 Sep 19;3(4):101687. doi:10.1016/j.xpro.2022.101687. Epub ahead of print. PMID: 36125933; PMCID:
,,via colocalization analysis with C1q. STAR Protoc. 2022 Sep 19;3(4):101687. doi:10.1016/j.xpro.2022.101687. Epub ahead of print. PMID: 36125933; PMCID:PMC9493138.
,,0
,,0
,,0
,,"19: Ma X, Mei J, Gao W, Xu W, Ahmad S, Ai H. Recognition of Aβ oligomer byLilrB2 acceptor: a tetracoordinated zipper mechanism. J Mol Model. 2022 Sep20;28(10):322. doi: 10.1007/s00894-022-05315-4. PMID: 36125588."
,,0
,,0
,,0
,,"20: Gezen-Ak D, Yurttaş Z, Çamoǧlu T, Dursun E. Could Amyloid-β 1-42 orα-Synuclein Interact Directly with Mitochondrial DNA? A Hypothesis. ACS ChemNeurosci. 2022 Oct 5;13(19):2803-2812. doi: 10.1021/acschemneuro.2c00512. Epub"
,,α-Synuclein Interact Directly with Mitochondrial DNA? A Hypothesis. ACS ChemNeurosci. 2022 Oct 5;13(19):2803-2812. doi: 10.1021/acschemneuro.2c00512. Epub2022 Sep 20. PMID: 36125124.
,,0
,,0
,,0
,,"21: George N, AbuKhader M, Al Balushi K, Al Sabahi B, Khan SA. An insight intothe neuroprotective effects and molecular targets of pomegranate (<i>Punicagranatum</i>) against Alzheimer's disease. Nutr Neurosci. 2022 Sep 20:1-22. doi:"
,,the neuroprotective effects and molecular targets of pomegranate (<i>Punicagranatum</i>) against Alzheimer's disease. Nutr Neurosci. 2022 Sep 20:1-22. doi:10.1080/1028415X.2022.2121092. Epub ahead of print. PMID: 36125072.
,,0
,,0
,,0
,,"22: Phuah CL, Chen Y, Strain JF, Yechoor N, Laurido-Soto OJ, Ances BM, Lee JM;for the Alzheimer's Disease Neuroimaging Initiative. Association of Data-DrivenWhite Matter Hyperintensity Spatial Signatures With Distinct Cerebral Small"
,,for the Alzheimer's Disease Neuroimaging Initiative. Association of Data-DrivenWhite Matter Hyperintensity Spatial Signatures With Distinct Cerebral SmallVessel Disease Etiologies. Neurology. 2022 Sep 19:10.1212/WNL.0000000000201186.
,,White Matter Hyperintensity Spatial Signatures With Distinct Cerebral SmallVessel Disease Etiologies. Neurology. 2022 Sep 19:10.1212/WNL.0000000000201186.doi: 10.1212/WNL.0000000000201186. Epub ahead of print. PMID: 36123127.
,,0
,,0
,,0
,,"23: Kamagata K, Andica C, Takabayashi K, Saito Y, Taoka T, Nozaki H, Kikuta J,Fujita S, Hagiwara A, Kamiya K, Wada A, Akashi T, Sano K, Nishizawa M, Hori M,Naganawa S, Aoki S; for the Alzheimer's Disease Neuroimaging Initiative."
,,"Fujita S, Hagiwara A, Kamiya K, Wada A, Akashi T, Sano K, Nishizawa M, Hori M,Naganawa S, Aoki S; for the Alzheimer's Disease Neuroimaging Initiative.Association of MRI Indices of Glymphatic System With Amyloid Deposition and"
,,"Naganawa S, Aoki S; for the Alzheimer's Disease Neuroimaging Initiative.Association of MRI Indices of Glymphatic System With Amyloid Deposition andCognition in Mild Cognitive Impairment and Alzheimer Disease. Neurology. 2022"
,,Association of MRI Indices of Glymphatic System With Amyloid Deposition andCognition in Mild Cognitive Impairment and Alzheimer Disease. Neurology. 2022Sep 19:10.1212/WNL.0000000000201300. doi: 10.1212/WNL.0000000000201300. Epub
,,Cognition in Mild Cognitive Impairment and Alzheimer Disease. Neurology. 2022Sep 19:10.1212/WNL.0000000000201300. doi: 10.1212/WNL.0000000000201300. Epubahead of print. PMID: 36123122.
,,0
,,0
,,0
,,"24: Harris BN, Roberts BR, DiMarco GM, Maldonado KA, Okwunwanne Z, Savonenko AV,Soto PL. Hypothalamic-pituitary-adrenal (HPA) axis activity and anxiety-likebehavior during aging: A test of the glucocorticoid cascade hypothesis in"
,,Soto PL. Hypothalamic-pituitary-adrenal (HPA) axis activity and anxiety-likebehavior during aging: A test of the glucocorticoid cascade hypothesis inamyloidogenic APPswe/PS1dE9 mice. Gen Comp Endocrinol. 2022 Sep 16;330:114126.
,,behavior during aging: A test of the glucocorticoid cascade hypothesis inamyloidogenic APPswe/PS1dE9 mice. Gen Comp Endocrinol. 2022 Sep 16;330:114126.doi: 10.1016/j.ygcen.2022.114126. Epub ahead of print. PMID: 36122793.
,,0
,,0
,,0
,,"25: Zhaliazka K, Kurouski D. Nanoscale Characterization of Parallel andAntiparallel β-Sheet Amyloid Beta 1-42 Aggregates. ACS Chem Neurosci. 2022 Oct5;13(19):2813-2820. doi: 10.1021/acschemneuro.2c00180. Epub 2022 Sep 19. PMID:"
,,Antiparallel β-Sheet Amyloid Beta 1-42 Aggregates. ACS Chem Neurosci. 2022 Oct5;13(19):2813-2820. doi: 10.1021/acschemneuro.2c00180. Epub 2022 Sep 19. PMID:36122250
,,0
,,0
,,0
,,"26: Ostrowitzki S, Bittner T, Sink KM, Mackey H, Rabe C, Honig LS, Cassetta E,Woodward M, Boada M, van Dyck CH, Grimmer T, Selkoe DJ, Schneider A, Blondeau K,Hu N, Quartino A, Clayton D, Dolton M, Dang Y, Ostaszewski B, Sanabria-Bohórquez"
,,"Woodward M, Boada M, van Dyck CH, Grimmer T, Selkoe DJ, Schneider A, Blondeau K,Hu N, Quartino A, Clayton D, Dolton M, Dang Y, Ostaszewski B, Sanabria-BohórquezSM, Rabbia M, Toth B, Eichenlaub U, Smith J, Honigberg LA, Doody RS. Evaluating"
,,"Hu N, Quartino A, Clayton D, Dolton M, Dang Y, Ostaszewski B, Sanabria-BohórquezSM, Rabbia M, Toth B, Eichenlaub U, Smith J, Honigberg LA, Doody RS. Evaluatingthe Safety and Efficacy of Crenezumab vs Placebo in Adults With Early Alzheimer"
,,"SM, Rabbia M, Toth B, Eichenlaub U, Smith J, Honigberg LA, Doody RS. Evaluatingthe Safety and Efficacy of Crenezumab vs Placebo in Adults With Early AlzheimerDisease: Two Phase 3 Randomized Placebo-Controlled Trials. JAMA Neurol. 2022 Sep"
,,the Safety and Efficacy of Crenezumab vs Placebo in Adults With Early AlzheimerDisease: Two Phase 3 Randomized Placebo-Controlled Trials. JAMA Neurol. 2022 Sep19. doi: 10.1001/jamaneurol.2022.2909. Epub ahead of print. PMID: 36121669.
,,0
,,0
,,0
,,"27: Alghamdi A, Birch DJS, Vyshemirsky V, Rolinski OJ. Impact of the FlavonoidQuercetin on β-Amyloid Aggregation Revealed by Intrinsic Fluorescence. J PhysChem B. 2022 Sep 29;126(38):7229-7237. doi: 10.1021/acs.jpcb.2c02763. Epub 2022"
,,Quercetin on β-Amyloid Aggregation Revealed by Intrinsic Fluorescence. J PhysChem B. 2022 Sep 29;126(38):7229-7237. doi: 10.1021/acs.jpcb.2c02763. Epub 2022Sep 19. PMID: 36121408; PMCID: PMC9527748.
,,0
,,0
,,0
,,"28: Valappil DK, Raghavan A, Nath S. Detection and Quantification of TunnelingNanotubes Using 3D Volume View Images. J Vis Exp. 2022 Aug 31;(186). doi:10.3791/63992. PMID: 36121261."
,,0
,,0
,,0
,,"29: Petit D, Hitzenberger M, Koch M, Lismont S, Zoltowska KM, Enzlein T, Hopf C,Zacharias M, Chávez-Gutiérrez L. Enzyme-substrate interface targeting byimidazole-based γ-secretase modulators activates γ-secretase and stabilizes its"
,,"Zacharias M, Chávez-Gutiérrez L. Enzyme-substrate interface targeting byimidazole-based γ-secretase modulators activates γ-secretase and stabilizes itsinteraction with APP. EMBO J. 2022 Sep 19:e111084. doi:"
,,imidazole-based γ-secretase modulators activates γ-secretase and stabilizes itsinteraction with APP. EMBO J. 2022 Sep 19:e111084. doi:10.15252/embj.2022111084. Epub ahead of print. PMID: 36121025.
,,0
,,0
,,0
,,"30: Sturchio A, Dwivedi AK, Malm T, Wood MJA, Cilia R, Sharma JS, Hill EJ,Schneider LS, Graff-Radford NR, Mori H, Nübling G, El Andaloussi S, SvenningssonP, Ezzat K, Espay AJ; Dominantly Inherited Alzheimer Consortia (DIAN). High"
,,"Schneider LS, Graff-Radford NR, Mori H, Nübling G, El Andaloussi S, SvenningssonP, Ezzat K, Espay AJ; Dominantly Inherited Alzheimer Consortia (DIAN). HighSoluble Amyloid-β42 Predicts Normal Cognition in Amyloid-Positive Individuals"
,,"P, Ezzat K, Espay AJ; Dominantly Inherited Alzheimer Consortia (DIAN). HighSoluble Amyloid-β42 Predicts Normal Cognition in Amyloid-Positive Individualswith Alzheimer's Disease-Causing Mutations. J Alzheimers Dis. 2022 Sep 16. doi:"
,,Soluble Amyloid-β42 Predicts Normal Cognition in Amyloid-Positive Individualswith Alzheimer's Disease-Causing Mutations. J Alzheimers Dis. 2022 Sep 16. doi:10.3233/JAD-220808. Epub ahead of print. PMID: 36120786.
,,0
,,0
,,0
,,"31: Ota M, Sato N, Nakaya M, Shigemoto Y, Kimura Y, Chiba E, Yokoi Y, TsukamotoT, Matsuda H. Relationships Between the Deposition of Amyloid-β and Tau Proteinand Glymphatic System Activity in Alzheimer's Disease: Diffusion Tensor Image"
,,"T, Matsuda H. Relationships Between the Deposition of Amyloid-β and Tau Proteinand Glymphatic System Activity in Alzheimer's Disease: Diffusion Tensor ImageStudy. J Alzheimers Dis. 2022 Sep 15. doi: 10.3233/JAD-220534. Epub ahead of"
,,and Glymphatic System Activity in Alzheimer's Disease: Diffusion Tensor ImageStudy. J Alzheimers Dis. 2022 Sep 15. doi: 10.3233/JAD-220534. Epub ahead ofprint. PMID: 36120782.
,,0
,,0
,,0
,,"32: Fu J, Zhu Y, Sun Y, Liu Q, Duan H, Huang L, Zhou D, Wang Z, Zhao J, Li Z, DuY, Liu H, Ma F, Chen Y, Sun C, Wang G, Li W, Huang G. Circulating Amyloid-β andMethionine-Related Metabolites to Predict the Risk of Mild Cognitive Impairment:"
,,"Y, Liu H, Ma F, Chen Y, Sun C, Wang G, Li W, Huang G. Circulating Amyloid-β andMethionine-Related Metabolites to Predict the Risk of Mild Cognitive Impairment:A Nested Case-Control Study. J Alzheimers Dis. 2022 Sep 15. doi:"
,,Methionine-Related Metabolites to Predict the Risk of Mild Cognitive Impairment:A Nested Case-Control Study. J Alzheimers Dis. 2022 Sep 15. doi:10.3233/JAD-220373. Epub ahead of print. PMID: 36120779.
,,0
,,0
,,0
,,"33: van Harten TW, Heijmans A, van Rooden S, Wermer MJH, van Osch MJP, Kuijf HJ,van Veluw SJ, Greenberg SM, van Buchem MA, van der Grond J, van Walderveen MAA.Brain Deep Medullary Veins on 7T MRI in Dutch-Type Hereditary Cerebral Amyloid"
,,"van Veluw SJ, Greenberg SM, van Buchem MA, van der Grond J, van Walderveen MAA.Brain Deep Medullary Veins on 7T MRI in Dutch-Type Hereditary Cerebral AmyloidAngiopathy. J Alzheimers Dis. 2022 Sep 16. doi: 10.3233/JAD-220354. Epub ahead"
,,Brain Deep Medullary Veins on 7T MRI in Dutch-Type Hereditary Cerebral AmyloidAngiopathy. J Alzheimers Dis. 2022 Sep 16. doi: 10.3233/JAD-220354. Epub aheadof print. PMID: 36120778.
,,0
,,0
,,0
,,"34: Wei S, Dang L, Gao F, Wang J, Wang J, Qu Q. Effects of Simvastatin on PlasmaAmyloid-β Transport in Patients with Hyperlipidemia: A 12-Week Randomized,Double-Blind, Placebo-Controlled Trial. J Alzheimers Dis. 2022 Sep 15. doi:"
,,"Amyloid-β Transport in Patients with Hyperlipidemia: A 12-Week Randomized,Double-Blind, Placebo-Controlled Trial. J Alzheimers Dis. 2022 Sep 15. doi:10.3233/JAD-220240. Epub ahead of print. PMID: 36120775."
,,0
,,0
,,0
,,"35: Zhang Y, Zhu Y, Yue H, Zhao Q, Li H. Exploring the misfolding and self-assembly mechanism of TTR (105-115) peptides by all-atom molecular dynamicssimulation. Front Mol Biosci. 2022 Aug 31;9:982276. doi:"
,,assembly mechanism of TTR (105-115) peptides by all-atom molecular dynamicssimulation. Front Mol Biosci. 2022 Aug 31;9:982276. doi:10.3389/fmolb.2022.982276. PMID: 36120541; PMCID: PMC9473747.
,,0
,,0
,,0
,,"36: Du XY, Cao YS, Yang J, Guo LC, Zhang T, Yuan Q, Chen X, Hu LM. Preclinicalevidence and possible mechanisms of β-asarone for rats and mice with Alzheimer'sdisease: A systematic review and meta-analysis. Front Pharmacol. 2022 Aug"
,,evidence and possible mechanisms of β-asarone for rats and mice with Alzheimer'sdisease: A systematic review and meta-analysis. Front Pharmacol. 2022 Aug31;13:956746. doi: 10.3389/fphar.2022.956746. PMID: 36120381; PMCID: PMC9471869.
,,0
,,0
,,0
,,37: Eide PK. Cellular changes at the glia-neuro-vascular interface in definiteidiopathic normal pressure hydrocephalus. Front Cell Neurosci. 2022 Sep2;16:981399. doi: 10.3389/fncel.2022.981399. PMID: 36119130; PMCID: PMC9478415.
,,0
,,0
,,0
,,"38: Fields JA, Swinton M, Sundermann EE, Scrivens N, Vallee KJ, Moore DJ.Complement component 3 and complement factor H protein levels are altered inbrain tissues from people with human immunodeficiency virus: A pilot study."
,,Complement component 3 and complement factor H protein levels are altered inbrain tissues from people with human immunodeficiency virus: A pilot study.Front Aging Neurosci. 2022 Aug 31;14:981937. doi: 10.3389/fnagi.2022.981937.
,,brain tissues from people with human immunodeficiency virus: A pilot study.Front Aging Neurosci. 2022 Aug 31;14:981937. doi: 10.3389/fnagi.2022.981937.PMID: 36118688; PMCID: PMC9472593.
,,0
,,0
,,0
,,"39: Kärkkäinen E, Jakobsson SG, Edlund U, Richter-Dahlfors A, Choong FX.Optotracing for live selective fluorescence-based detection of <i>Candidaalbicans</i> biofilms. Front Cell Infect Microbiol. 2022 Sep 2;12:981454. doi:"
,,Optotracing for live selective fluorescence-based detection of <i>Candidaalbicans</i> biofilms. Front Cell Infect Microbiol. 2022 Sep 2;12:981454. doi:10.3389/fcimb.2022.981454. PMID: 36118028; PMCID: PMC9478205.
,,0
,,0
,,0
,,"40: Yang H, Li J, Li X, Ma L, Hou M, Zhou H, Zhou R. Based on molecularstructures: Amyloid-β generation, clearance, toxicity and therapeuticstrategies. Front Mol Neurosci. 2022 Aug 31;15:927530. doi:"
,,"structures: Amyloid-β generation, clearance, toxicity and therapeuticstrategies. Front Mol Neurosci. 2022 Aug 31;15:927530. doi:10.3389/fnmol.2022.927530. PMID: 36117918; PMCID: PMC9470852."
,,0
,,0
,,0
,,"41: Reich N, Hölscher C. The neuroprotective effects of glucagon-like peptide 1in Alzheimer's and Parkinson's disease: An in-depth review. Front Neurosci. 2022Sep 1;16:970925. doi: 10.3389/fnins.2022.970925. PMID: 36117625; PMCID:"
,,in Alzheimer's and Parkinson's disease: An in-depth review. Front Neurosci. 2022Sep 1;16:970925. doi: 10.3389/fnins.2022.970925. PMID: 36117625; PMCID:PMC9475012.
,,0
,,0
,,0
,,"42: Coles M, Steiner-Lim GZ, Karl T. Therapeutic properties of multi-cannabinoidtreatment strategies for Alzheimer's disease. Front Neurosci. 2022 Sep2;16:962922. doi: 10.3389/fnins.2022.962922. PMID: 36117622; PMCID: PMC9479694."
,,0
,,0
,,0
,,"43: Takahashi J, Ueta Y, Yamada D, Sasaki-Hamada S, Iwai T, Akita T, YamashitaC, Saitoh A, Oka JI. Intracerebroventricular administration of oxytocin andintranasal administration of the oxytocin derivative improve β-amyloid peptide"
,,"C, Saitoh A, Oka JI. Intracerebroventricular administration of oxytocin andintranasal administration of the oxytocin derivative improve β-amyloid peptide(25-35)-induced memory impairment in mice. Neuropsychopharmacol Rep. 2022 Sep"
,,intranasal administration of the oxytocin derivative improve β-amyloid peptide(25-35)-induced memory impairment in mice. Neuropsychopharmacol Rep. 2022 Sep19. doi: 10.1002/npr2.12292. Epub ahead of print. PMID: 36117475.
,,0
,,0
,,0
,,"44: Falangola MF, Nie X, Voltin J, Ward R, Dhiman S, Nietert PJ, Jensen JH.Brain microstructure abnormalities in the 3xTg-AD mouse - A diffusion MRI andmorphology correlation study. Magn Reson Imaging. 2022 Sep 16;94:48-55. doi:"
,,Brain microstructure abnormalities in the 3xTg-AD mouse - A diffusion MRI andmorphology correlation study. Magn Reson Imaging. 2022 Sep 16;94:48-55. doi:10.1016/j.mri.2022.09.002. Epub ahead of print. PMID: 36116712.
,,0
,,0
,,0
,,"45: Zhai Z, Xie D, Qin T, Zhong Y, Xu Y, Sun T. Effect and Mechanism ofExogenous Melatonin on Cognitive Deficits in Animal Models of Alzheimer'sDisease: A Systematic review and Meta-analysis. Neuroscience. 2022 Sep"
,,Exogenous Melatonin on Cognitive Deficits in Animal Models of Alzheimer'sDisease: A Systematic review and Meta-analysis. Neuroscience. 2022 Sep15:S0306-4522(22)00466-3. doi: 10.1016/j.neuroscience.2022.09.012. Epub ahead of
,,Disease: A Systematic review and Meta-analysis. Neuroscience. 2022 Sep15:S0306-4522(22)00466-3. doi: 10.1016/j.neuroscience.2022.09.012. Epub ahead ofprint. PMID: 36116555.
,,0
,,0
,,0
,,"46: Arighi A, Arcaro M, Fumagalli GG, Carandini T, Pietroboni AM, Sacchi L,Fenoglio C, Serpente M, Sorrentino F, Isgrò G, Turkheimer F, Scarpini E,Galimberti D. Aquaporin-4 cerebrospinal fluid levels are higher in"
,,"Fenoglio C, Serpente M, Sorrentino F, Isgrò G, Turkheimer F, Scarpini E,Galimberti D. Aquaporin-4 cerebrospinal fluid levels are higher inneurodegenerative dementia: looking at glymphatic system dysregulation."
,,Galimberti D. Aquaporin-4 cerebrospinal fluid levels are higher inneurodegenerative dementia: looking at glymphatic system dysregulation.Alzheimers Res Ther. 2022 Sep 17;14(1):135. doi: 10.1186/s13195-022-01077-6.
,,neurodegenerative dementia: looking at glymphatic system dysregulation.Alzheimers Res Ther. 2022 Sep 17;14(1):135. doi: 10.1186/s13195-022-01077-6.PMID: 36115967; PMCID: PMC9482276.
,,0
,,0
,,0
,,"47: Österlund N, Vosselman T, Leppert A, Gräslund A, Jörnvall H, Ilag LL,Marklund EG, Elofsson A, Johansson J, Sahin C, Landreh M. Mass spectrometry andmachine learning reveal determinants of client recognition by anti-amyloid"
,,"Marklund EG, Elofsson A, Johansson J, Sahin C, Landreh M. Mass spectrometry andmachine learning reveal determinants of client recognition by anti-amyloidchaperones. Mol Cell Proteomics. 2022 Sep 14:100413. doi:"
,,machine learning reveal determinants of client recognition by anti-amyloidchaperones. Mol Cell Proteomics. 2022 Sep 14:100413. doi:10.1016/j.mcpro.2022.100413. Epub ahead of print. PMID: 36115577.
,,0
,,0
,,0
,,"48: Kenyaga JM, Cheng Q, Qiang W. Early-Stage β-Amyloid-Membrane InteractionsModulate Lipid Dynamics and Influence Structural Interfaces and Fibrillation. JBiol Chem. 2022 Sep 14:102491. doi: 10.1016/j.jbc.2022.102491. Epub ahead of"
,,Modulate Lipid Dynamics and Influence Structural Interfaces and Fibrillation. JBiol Chem. 2022 Sep 14:102491. doi: 10.1016/j.jbc.2022.102491. Epub ahead ofprint. PMID: 36115457.
,,0
,,0
,,0
,,"49: Blasiak J, Sobczuk P, Pawlowska E, Kaarniranta K. Interplay between agingand other factors of the pathogenesis of age-related macular degeneration.Ageing Res Rev. 2022 Sep 13;81:101735. doi: 10.1016/j.arr.2022.101735. Epub"
,,and other factors of the pathogenesis of age-related macular degeneration.Ageing Res Rev. 2022 Sep 13;81:101735. doi: 10.1016/j.arr.2022.101735. Epubahead of print. PMID: 36113764.
,,0
,,0
,,0
,,"50: Banoo R, Nuthakki VK, Abdullaha M, Sharma M, Bharate SB. Blood-brain barrierpermeable benzylpiperidin-4-yl-linked benzylamino benzamides as dualcholinesterase inhibitors. Drug Dev Res. 2022 Sep 16. doi: 10.1002/ddr.21997."
,,permeable benzylpiperidin-4-yl-linked benzylamino benzamides as dualcholinesterase inhibitors. Drug Dev Res. 2022 Sep 16. doi: 10.1002/ddr.21997.Epub ahead of print. PMID: 36112736.
,,0
,,0
,,0
,,"51: Sekiyama N, Takaba K, Maki-Yonekura S, Akagi KI, Ohtani Y, Imamura K,Terakawa T, Yamashita K, Inaoka D, Yonekura K, Kodama TS, Tochio H. ALSmutations in the TIA-1 prion-like domain trigger highly condensed pathogenic"
,,"Terakawa T, Yamashita K, Inaoka D, Yonekura K, Kodama TS, Tochio H. ALSmutations in the TIA-1 prion-like domain trigger highly condensed pathogenicstructures. Proc Natl Acad Sci U S A. 2022 Sep 20;119(38):e2122523119. doi:"
,,mutations in the TIA-1 prion-like domain trigger highly condensed pathogenicstructures. Proc Natl Acad Sci U S A. 2022 Sep 20;119(38):e2122523119. doi:10.1073/pnas.2122523119. Epub 2022 Sep 16. PMID: 36112647; PMCID: PMC9499527.
,,0
,,0
,,0
,,"52: Wang Z, Zhang Y, Feng W, Pang Y, Chen S, Ding S, Chen Y, Sheng C, MarshallC, Shi J, Xiao M. Miconazole Promotes Cooperative Ability of a Mouse Model ofAlzheimer's Disease. Int J Neuropsychopharmacol. 2022 Sep 16:pyac061. doi:"
,,"C, Shi J, Xiao M. Miconazole Promotes Cooperative Ability of a Mouse Model ofAlzheimer's Disease. Int J Neuropsychopharmacol. 2022 Sep 16:pyac061. doi:10.1093/ijnp/pyac061. Epub ahead of print. PMID: 36112386."
,,0
,,0
,,0
,,"53: Ichimata S, Martinez-Valbuena I, Forrest SL, Kovacs GG. Expanding thespectrum of amyloid-β plaque pathology: the Down syndrome associated 'bird-nestplaque'. Acta Neuropathol. 2022 Sep 16. doi: 10.1007/s00401-022-02500-w. Epub"
,,spectrum of amyloid-β plaque pathology: the Down syndrome associated 'bird-nestplaque'. Acta Neuropathol. 2022 Sep 16. doi: 10.1007/s00401-022-02500-w. Epubahead of print. PMID: 36112224.
,,0
,,0
,,0
,,"54: Sóvágó I, Várnagy K, Kállay C, Grenács Á. Interactions of copper(II) andzinc(II) ions with the peptide fragments of proteins related toneurodegenerative disorders: similarities and differences. Curr Med Chem. 2022"
,,zinc(II) ions with the peptide fragments of proteins related toneurodegenerative disorders: similarities and differences. Curr Med Chem. 2022Sep 15. doi: 10.2174/0929867329666220915140852. Epub ahead of print. PMID:
,,neurodegenerative disorders: similarities and differences. Curr Med Chem. 2022Sep 15. doi: 10.2174/0929867329666220915140852. Epub ahead of print. PMID:36111758
,,0
,,0
,,0
,,"55: Välimäki NN, Bakreen A, Häkli S, Dhungana H, Keuters MH, Dunlop Y, KoskuviM, Keksa-Goldsteine V, Oksanen M, Jäntti H, Lehtonen Š, Malm T, Koistinaho J,Jolkkonen J. Astrocyte Progenitors Derived From Patients With Alzheimer Disease"
,,"M, Keksa-Goldsteine V, Oksanen M, Jäntti H, Lehtonen Š, Malm T, Koistinaho J,Jolkkonen J. Astrocyte Progenitors Derived From Patients With Alzheimer DiseaseDo Not Impair Stroke Recovery in Mice. Stroke. 2022 Oct;53(10):3192-3201. doi:"
,,Jolkkonen J. Astrocyte Progenitors Derived From Patients With Alzheimer DiseaseDo Not Impair Stroke Recovery in Mice. Stroke. 2022 Oct;53(10):3192-3201. doi:10.1161/STROKEAHA.122.039700. Epub 2022 Sep 16. PMID: 36111544.
,,0
,,0
,,0
,,"56: Swann OJ, Turner M, Heslegrave A, Zetterberg H. Fluid biomarkers and risk ofneurodegenerative disease in retired athletes with multiple concussions: resultsfrom the International Concussion and Head Injury Research Foundation Brain"
,,neurodegenerative disease in retired athletes with multiple concussions: resultsfrom the International Concussion and Head Injury Research Foundation Brainhealth in Retired athletes Study of Ageing and Impact-Related Neurodegenerative
,,from the International Concussion and Head Injury Research Foundation Brainhealth in Retired athletes Study of Ageing and Impact-Related NeurodegenerativeDisease (ICHIRF-BRAIN study). BMJ Open Sport Exerc Med. 2022 Sep 1;8(3):e001327.
,,health in Retired athletes Study of Ageing and Impact-Related NeurodegenerativeDisease (ICHIRF-BRAIN study). BMJ Open Sport Exerc Med. 2022 Sep 1;8(3):e001327.doi: 10.1136/bmjsem-2022-001327. PMID: 36111130; PMCID: PMC9438045.
,,0
,,0
,,0
,,"57: Khodayi-Shahrak M, Khalaj-Kondori M, Hosseinpour Feizi MA, Talebi M.Insights into the mechanisms of non-coding RNAs' implication in the pathogenesisof Alzheimer's disease. EXCLI J. 2022 Jun 30;21:921-940. doi:"
,,Insights into the mechanisms of non-coding RNAs' implication in the pathogenesisof Alzheimer's disease. EXCLI J. 2022 Jun 30;21:921-940. doi:10.17179/excli2022-5006. PMID: 36110561; PMCID: PMC9441681.
,,0
,,0
,,0
,,"58: Lamsal Lamichhane S, Ramesh V, Opara CO, Khan FY, Kabiraj G, Kauser H,Palakeel JJ, Ali M, Chaduvula P, Chhabra S, Mohammed L. Treatment Modalities forDementia in Down's Syndrome: A Literature Review. Cureus. 2022 Aug"
,,"Palakeel JJ, Ali M, Chaduvula P, Chhabra S, Mohammed L. Treatment Modalities forDementia in Down's Syndrome: A Literature Review. Cureus. 2022 Aug11;14(8):e27881. doi: 10.7759/cureus.27881. PMID: 36110433; PMCID: PMC9462651."
,,0
,,0
,,0
,,"59: Cody KA, Koscik RL, Erickson CM, Berman SE, Jonaitis EM, Williams VJ,Mueller KD, Christian BT, Chin NA, Clark LR, Betthauser TJ, Johnson SC.Associations of the Lifestyle for Brain Health index with longitudinal cognition"
,,"Mueller KD, Christian BT, Chin NA, Clark LR, Betthauser TJ, Johnson SC.Associations of the Lifestyle for Brain Health index with longitudinal cognitionand brain amyloid beta in clinically unimpaired older adults: Findings from the"
,,Associations of the Lifestyle for Brain Health index with longitudinal cognitionand brain amyloid beta in clinically unimpaired older adults: Findings from theWisconsin Registry for Alzheimer's Prevention. Alzheimers Dement (Amst). 2022
,,and brain amyloid beta in clinically unimpaired older adults: Findings from theWisconsin Registry for Alzheimer's Prevention. Alzheimers Dement (Amst). 2022Sep 11;14(1):e12351. doi: 10.1002/dad2.12351. PMID: 36110432; PMCID: PMC9464997.
,,0
,,0
,,0
,,"60: Manzali SB, Yu E, Ravona-Springer R, Livny A, Golan S, Ouyang Y, Lesman-Segev O, Liu L, Ganmore I, Alkelai A, Gan-Or Z, Lin HM, Heymann A, SchnaiderBeeri M, Greenbaum L. Alzheimer's Disease Polygenic Risk Score Is Not Associated"
,,"Segev O, Liu L, Ganmore I, Alkelai A, Gan-Or Z, Lin HM, Heymann A, SchnaiderBeeri M, Greenbaum L. Alzheimer's Disease Polygenic Risk Score Is Not AssociatedWith Cognitive Decline Among Older Adults With Type 2 Diabetes. Front Aging"
,,"Beeri M, Greenbaum L. Alzheimer's Disease Polygenic Risk Score Is Not AssociatedWith Cognitive Decline Among Older Adults With Type 2 Diabetes. Front AgingNeurosci. 2022 Aug 30;14:853695. doi: 10.3389/fnagi.2022.853695. PMID: 36110429;"
,,With Cognitive Decline Among Older Adults With Type 2 Diabetes. Front AgingNeurosci. 2022 Aug 30;14:853695. doi: 10.3389/fnagi.2022.853695. PMID: 36110429;PMCID: PMC9468264.
,,0
,,0
,,0
,,"61: Huang LC, Chen MH, Chuu CP, Li KY, Hour TC, Yang YH. Plasma biomarkers andtheir correlation in adult children of parents with Alzheimer's disease. FrontAging Neurosci. 2022 Aug 30;14:977515. doi: 10.3389/fnagi.2022.977515. PMID:"
,,their correlation in adult children of parents with Alzheimer's disease. FrontAging Neurosci. 2022 Aug 30;14:977515. doi: 10.3389/fnagi.2022.977515. PMID:36110426; PMCID: PMC9468332.
,,0
,,0
,,0
,,"62: Tahirbegi B, Magness AJ, Piersimoni ME, Teng X, Hooper J, Guo Y, Knöpfel T,Willison KR, Klug DR, Ying L. Toward high-throughput oligomer detection andclassification for early-stage aggregation of amyloidogenic protein. Front Chem."
,,"Willison KR, Klug DR, Ying L. Toward high-throughput oligomer detection andclassification for early-stage aggregation of amyloidogenic protein. Front Chem.2022 Aug 30;10:967882. doi: 10.3389/fchem.2022.967882. PMID: 36110142; PMCID:"
,,classification for early-stage aggregation of amyloidogenic protein. Front Chem.2022 Aug 30;10:967882. doi: 10.3389/fchem.2022.967882. PMID: 36110142; PMCID:PMC9468268.
,,0
,,0
,,0
,,"63: Park H, Shin J, Kim Y, Saito T, Saido TC, Kim J.CRISPR/dCas9-Dnmt3a-mediated targeted DNA methylation of APP rescues brainpathology in a mouse model of Alzheimer's disease. Transl Neurodegener. 2022 Sep"
,,CRISPR/dCas9-Dnmt3a-mediated targeted DNA methylation of APP rescues brainpathology in a mouse model of Alzheimer's disease. Transl Neurodegener. 2022 Sep15;11(1):41. doi: 10.1186/s40035-022-00314-0. PMID: 36109806; PMCID: PMC9476342.
,,0
,,0
,,0
,,"64: MacLennan MH, le Roux A. Cervical amyloidoma of transthyretin type: a casereport and review of literature. BMC Geriatr. 2022 Sep 15;22(1):753. doi:10.1186/s12877-022-03422-8. PMID: 36109706; PMCID: PMC9479254."
,,0
,,0
,,0
,,"65: Varlow C, Vasdev N. Evaluation of Tau Radiotracers in Chronic TraumaticEncephalopathy. J Nucl Med. 2022 Sep 15:jnumed.122.264404. doi:10.2967/jnumed.122.264404. Epub ahead of print. PMID: 36109185."
,,0
,,0
,,0
,,"66: Yousof Ali M, Zaib S, Jannat S, Khan I. Discovery of potent and selectivedual cholinesterases and β-secretase inhibitors in pomegranate as a treatmentfor Alzheimer's disease. Bioorg Chem. 2022 Sep 10;129:106137. doi:"
,,dual cholinesterases and β-secretase inhibitors in pomegranate as a treatmentfor Alzheimer's disease. Bioorg Chem. 2022 Sep 10;129:106137. doi:10.1016/j.bioorg.2022.106137. Epub ahead of print. PMID: 36108590.
,,0
,,0
,,0
,,"67: Xu QQ, Su ZR, Hu Z, Yang W, Xian YF, Lin ZX. Patchouli alcohol amelioratesthe learning and memory impairments in an animal model of Alzheimer's diseasevia modulating SIRT1. Phytomedicine. 2022 Nov;106:154441. doi:"
,,the learning and memory impairments in an animal model of Alzheimer's diseasevia modulating SIRT1. Phytomedicine. 2022 Nov;106:154441. doi:10.1016/j.phymed.2022.154441. Epub 2022 Sep 6. PMID: 36108371.
,,0
,,0
,,0
,,"68: Zheng T, Huo Y, Wang Y, Du W. Regulation of oxaliplatin and carboplatin onthe assembly behavior and cytotoxicity of human islet amyloid polypeptide. JInorg Biochem. 2022 Sep 7;237:111989. doi: 10.1016/j.jinorgbio.2022.111989. Epub"
,,the assembly behavior and cytotoxicity of human islet amyloid polypeptide. JInorg Biochem. 2022 Sep 7;237:111989. doi: 10.1016/j.jinorgbio.2022.111989. Epubahead of print. PMID: 36108345.
,,0
,,0
,,0
,,"69: Wiatrak B, Mieszała P, Gąsiorowski K. Impact of NMDA receptor activation onDNA damage in PC12 neuron-like cell cultures in the presence of β-amyloidpeptides. Mol Biol Rep. 2022 Sep 15. doi: 10.1007/s11033-022-07856-6. Epub ahead"
,,DNA damage in PC12 neuron-like cell cultures in the presence of β-amyloidpeptides. Mol Biol Rep. 2022 Sep 15. doi: 10.1007/s11033-022-07856-6. Epub aheadof print. PMID: 36107376.
,,0
,,0
,,0
,,"70: Shen F, Regmi D, Islam M, Raja Somu D, Merk V, Du D. Effects of zinc andcarnosine on aggregation kinetics of Amyloid-β40 peptide. Biochem Biophys Rep.2022 Sep 6;32:101333. doi: 10.1016/j.bbrep.2022.101333. PMID: 36105613; PMCID:"
,,carnosine on aggregation kinetics of Amyloid-β40 peptide. Biochem Biophys Rep.2022 Sep 6;32:101333. doi: 10.1016/j.bbrep.2022.101333. PMID: 36105613; PMCID:PMC9464885.
,,0
,,0
,,0
,,"71: Islam F, Shohag S, Akhter S, Islam MR, Sultana S, Mitra S, Chandran D,Khandaker MU, Ashraf GM, Idris AM, Emran TB, Cavalu S. Exposure of metaltoxicity in Alzheimer's disease: An extensive review. Front Pharmacol. 2022 Aug"
,,"Khandaker MU, Ashraf GM, Idris AM, Emran TB, Cavalu S. Exposure of metaltoxicity in Alzheimer's disease: An extensive review. Front Pharmacol. 2022 Aug29;13:903099. doi: 10.3389/fphar.2022.903099. PMID: 36105221; PMCID: PMC9465172."
,,0
,,0
,,0
,,"72: Roham PH, Save SN, Sharma S. Human islet amyloid polypeptide: A therapeutictarget for the management of type 2 diabetes mellitus. J Pharm Anal. 2022Aug;12(4):556-569. doi: 10.1016/j.jpha.2022.04.001. Epub 2022 Apr 7. PMID:"
,,target for the management of type 2 diabetes mellitus. J Pharm Anal. 2022Aug;12(4):556-569. doi: 10.1016/j.jpha.2022.04.001. Epub 2022 Apr 7. PMID:36105173; PMCID: PMC9463490.
,,0
,,0
,,0
,,"73: Liu Y, Zhang X, Lin W, Kehriman N, Kuang W, Ling X. Multi-factor combinedbiomarker screening strategy to rapidly diagnose Alzheimer's disease andevaluate drug effect based on a rat model. J Pharm Anal. 2022 Aug;12(4):627-636."
,,biomarker screening strategy to rapidly diagnose Alzheimer's disease andevaluate drug effect based on a rat model. J Pharm Anal. 2022 Aug;12(4):627-636.doi: 10.1016/j.jpha.2022.04.003. Epub 2022 Apr 19. PMID: 36105160; PMCID:
,,evaluate drug effect based on a rat model. J Pharm Anal. 2022 Aug;12(4):627-636.doi: 10.1016/j.jpha.2022.04.003. Epub 2022 Apr 19. PMID: 36105160; PMCID:PMC9463486.
,,0
,,0
,,0
,,"74: da Costa DC, Teixeira HRC, Silva RC, Francischini IAG, de Paula da SilvaCHT, da Silva Hage-Melim LI. <i>In silico</i> Study of Acetylcholinesterase andBeta-secretase Inhibitors: Potential Multitarget Anti-Alzheimer's Agents. Cent"
,,"CHT, da Silva Hage-Melim LI. <i>In silico</i> Study of Acetylcholinesterase andBeta-secretase Inhibitors: Potential Multitarget Anti-Alzheimer's Agents. CentNerv Syst Agents Med Chem. 2022;22(2):139-150. doi:"
,,Beta-secretase Inhibitors: Potential Multitarget Anti-Alzheimer's Agents. CentNerv Syst Agents Med Chem. 2022;22(2):139-150. doi:10.2174/1871524922666220517110606. PMID: 36104859.
,,0
,,0
,,0
,,"75: Shang Y, Sun X, Chen X, Wang Q, Wang EJ, Miller E, Xu R, Pieper AA, Qi X. ACHCHD6-APP axis connects amyloid and mitochondrial pathology in Alzheimer'sdisease. Acta Neuropathol. 2022 Sep 14. doi: 10.1007/s00401-022-02499-0. Epub"
,,CHCHD6-APP axis connects amyloid and mitochondrial pathology in Alzheimer'sdisease. Acta Neuropathol. 2022 Sep 14. doi: 10.1007/s00401-022-02499-0. Epubahead of print. PMID: 36104602.
,,0
,,0
,,0
,,"76: Tropea MR, Torrisi A, Vacanti V, Pizzone D, Puzzo D, Gulisano W. Applicationof 3D Printing Technology to Produce Hippocampal Customized Guide Cannulas.eNeuro. 2022 Sep 28;9(5):ENEURO.0099-22.2022. doi: 10.1523/ENEURO.0099-22.2022."
,,of 3D Printing Technology to Produce Hippocampal Customized Guide Cannulas.eNeuro. 2022 Sep 28;9(5):ENEURO.0099-22.2022. doi: 10.1523/ENEURO.0099-22.2022.PMID: 36104275; PMCID: PMC9522464.
,,0
,,0
,,0
,,"77: Bigi A, Cascella R, Chiti F, Cecchi C. Amyloid fibrils act as a reservoir ofsoluble oligomers, the main culprits in protein deposition diseases. Bioessays.2022 Sep 14:e2200086. doi: 10.1002/bies.202200086. Epub ahead of print. PMID:"
,,"soluble oligomers, the main culprits in protein deposition diseases. Bioessays.2022 Sep 14:e2200086. doi: 10.1002/bies.202200086. Epub ahead of print. PMID:36104212"
,,0
,,0
,,0
,,"78: Plá V, Bork P, Harnpramukkul A, Olveda G, Ladrón-de-Guevara A, Giannetto MJ,Hussain R, Wang W, Kelley DH, Hablitz LM, Nedergaard M. A real-time in vivoclearance assay for quantification of glymphatic efflux. Cell Rep. 2022 Sep"
,,"Hussain R, Wang W, Kelley DH, Hablitz LM, Nedergaard M. A real-time in vivoclearance assay for quantification of glymphatic efflux. Cell Rep. 2022 Sep13;40(11):111320. doi: 10.1016/j.celrep.2022.111320. PMID: 36103828."
,,0
,,0
,,0
,,"79: Malotaux V, Dricot L, Quenon L, Lhommel R, Ivanoiu A, Hanseeuw B. Default-mode network connectivity changes during the progression towards Alzheimer'sdementia: A longitudinal functional MRI study. Brain Connect. 2022 Sep 14. doi:"
,,mode network connectivity changes during the progression towards Alzheimer'sdementia: A longitudinal functional MRI study. Brain Connect. 2022 Sep 14. doi:10.1089/brain.2022.0008. Epub ahead of print. PMID: 36103377.
,,0
,,0
,,0
,,"80: Therriault J, Gauthier S, Rosa-Neto P. <i>In vivo</i> tau staging inAlzheimer's disease. Aging (Albany NY). 2022 Sep 14;14(17):6842-6843. doi:10.18632/aging.204293. Epub 2022 Sep 14. PMID: 36103250; PMCID: PMC9512513."
,,0
,,0
,,0
,,"81: Gregory S, Blennow K, Homer NZM, Ritchie CW, Muniz-Terrera G. Self-reporteddiabetes is associated with allocentric spatial processing in the EuropeanPrevention of Alzheimer's Dementia Longitudinal Cohort Study. Eur J Neurosci."
,,diabetes is associated with allocentric spatial processing in the EuropeanPrevention of Alzheimer's Dementia Longitudinal Cohort Study. Eur J Neurosci.2022 Sep 14. doi: 10.1111/ejn.15821. Epub ahead of print. PMID: 36103146.
,,0
,,0
,,0
,,"82: Simrén J, Weninger H, Brum WS, Khalil S, Benedet AL, Blennow K, ZetterbergH, Ashton NJ. Differences between blood and cerebrospinal fluid glial fibrillaryAcidic protein levels: The effect of sample stability. Alzheimers Dement. 2022"
,,"H, Ashton NJ. Differences between blood and cerebrospinal fluid glial fibrillaryAcidic protein levels: The effect of sample stability. Alzheimers Dement. 2022Sep 14. doi: 10.1002/alz.12806. Epub ahead of print. PMID: 36102852."
,,0
,,0
,,0
,,"83: Wagen AZ, Coath W, Keshavan A, James SN, Parker TD, Lane CA, Buchanan SM,Keuss SE, Storey M, Lu K, Macdougall A, Murray-Smith H, Freiberger T, Cash DM,Malone IB, Barnes J, Sudre CH, Wong A, Pavisic IM, Street R, Crutch SJ, Escott-"
,,"Keuss SE, Storey M, Lu K, Macdougall A, Murray-Smith H, Freiberger T, Cash DM,Malone IB, Barnes J, Sudre CH, Wong A, Pavisic IM, Street R, Crutch SJ, Escott-Price V, Leonenko G, Zetterberg H, Wellington H, Heslegrave A, Barkhof F,"
,,"Malone IB, Barnes J, Sudre CH, Wong A, Pavisic IM, Street R, Crutch SJ, Escott-Price V, Leonenko G, Zetterberg H, Wellington H, Heslegrave A, Barkhof F,Richards M, Fox NC, Cole JH, Schott JM. Life course, genetic, and"
,,"Price V, Leonenko G, Zetterberg H, Wellington H, Heslegrave A, Barkhof F,Richards M, Fox NC, Cole JH, Schott JM. Life course, genetic, andneuropathological associations with brain age in the 1946 British Birth Cohort:"
,,"Richards M, Fox NC, Cole JH, Schott JM. Life course, genetic, andneuropathological associations with brain age in the 1946 British Birth Cohort:a population-based study. Lancet Healthy Longev. 2022 Sep;3(9):e607-e616. doi:"
,,neuropathological associations with brain age in the 1946 British Birth Cohort:a population-based study. Lancet Healthy Longev. 2022 Sep;3(9):e607-e616. doi:10.1016/S2666-7568(22)00167-2. Epub 2022 Aug 22. PMID: 36102775.
,,0
,,0
,,0
,,"84: Michno W, Koutarapu S, Camacho R, Toomey C, Stringer K, Minta K, Ge J, JhaD, Fernandez-Rodriguez J, Brinkmalm G, Zetterberg H, Blennow K, Ryan NS, LashleyT, Hanrieder J. Chemical traits of cerebral amyloid angiopathy in familial"
,,"D, Fernandez-Rodriguez J, Brinkmalm G, Zetterberg H, Blennow K, Ryan NS, LashleyT, Hanrieder J. Chemical traits of cerebral amyloid angiopathy in familialBritish-, Danish-, and non-Alzheimer's dementias. J Neurochem. 2022 Sep 14. doi:"
,,"T, Hanrieder J. Chemical traits of cerebral amyloid angiopathy in familialBritish-, Danish-, and non-Alzheimer's dementias. J Neurochem. 2022 Sep 14. doi:10.1111/jnc.15694. Epub ahead of print. PMID: 36102248."
,,0
,,0
,,0
,,"85: Mihaescu AS, Valli M, Uribe C, Diez-Cirarda M, Masellis M, Graff-Guerrero A,Strafella AP. Beta amyloid deposition and cognitive decline in Parkinson'sdisease: a study of the PPMI cohort. Mol Brain. 2022 Sep 13;15(1):79. doi:"
,,Strafella AP. Beta amyloid deposition and cognitive decline in Parkinson'sdisease: a study of the PPMI cohort. Mol Brain. 2022 Sep 13;15(1):79. doi:10.1186/s13041-022-00964-1. PMID: 36100909; PMCID: PMC9472347.
,,0
,,0
,,0
,,"86: Milà-Alomà M, Ashton NJ, Shekari M, Salvadó G, Ortiz-Romero P, Montoliu-GayaL, Benedet AL, Karikari TK, Lantero-Rodriguez J, Vanmechelen E, Day TA,González-Escalante A, Sánchez-Benavides G, Minguillon C, Fauria K, Molinuevo JL,"
,,"L, Benedet AL, Karikari TK, Lantero-Rodriguez J, Vanmechelen E, Day TA,González-Escalante A, Sánchez-Benavides G, Minguillon C, Fauria K, Molinuevo JL,Dage JL, Zetterberg H, Gispert JD, Suárez-Calvet M, Blennow K. Publisher"
,,"González-Escalante A, Sánchez-Benavides G, Minguillon C, Fauria K, Molinuevo JL,Dage JL, Zetterberg H, Gispert JD, Suárez-Calvet M, Blennow K. PublisherCorrection: Plasma p-tau231 and p-tau217 as state markers of amyloid-β pathology"
,,"Dage JL, Zetterberg H, Gispert JD, Suárez-Calvet M, Blennow K. PublisherCorrection: Plasma p-tau231 and p-tau217 as state markers of amyloid-β pathologyin preclinical Alzheimer's disease. Nat Med. 2022 Sep;28(9):1965. doi:"
,,Correction: Plasma p-tau231 and p-tau217 as state markers of amyloid-β pathologyin preclinical Alzheimer's disease. Nat Med. 2022 Sep;28(9):1965. doi:10.1038/s41591-022-02037-1. Erratum for: Nat Med. 2022 Sep;28(9):1797-1801.
,,in preclinical Alzheimer's disease. Nat Med. 2022 Sep;28(9):1965. doi:10.1038/s41591-022-02037-1. Erratum for: Nat Med. 2022 Sep;28(9):1797-1801.PMID: 36100683; PMCID: PMC9499861.
,,0
,,0
,,0
,,"87: Vanin AP, Tamagno WA, Alves C, Mesacasa L, Santin LF, Sutorillo NT, BilibioD, Müller C, Galon L, Kaizer RR. Neuroprotective potential of Cannabis sativa-based oils in Caenorhabditis elegans. Sci Rep. 2022 Sep 13;12(1):15376. doi:"
,,"D, Müller C, Galon L, Kaizer RR. Neuroprotective potential of Cannabis sativa-based oils in Caenorhabditis elegans. Sci Rep. 2022 Sep 13;12(1):15376. doi:10.1038/s41598-022-19598-3. PMID: 36100636; PMCID: PMC9470673."
,,0
,,0
,,0
,,"88: Bhardwaj S, Kesari KK, Rachamalla M, Mani S, Ashraf GM, Jha SK, Kumar P,Ambasta RK, Dureja H, Devkota HP, Gupta G, Chellappan DK, Singh SK, Dua K,Ruokolainen J, Kamal MA, Ojha S, Jha NK. CRISPR/Cas9 gene editing: New hope for"
,,"Ambasta RK, Dureja H, Devkota HP, Gupta G, Chellappan DK, Singh SK, Dua K,Ruokolainen J, Kamal MA, Ojha S, Jha NK. CRISPR/Cas9 gene editing: New hope forAlzheimer's disease therapeutics. J Adv Res. 2022 Sep;40:207-221. doi:"
,,"Ruokolainen J, Kamal MA, Ojha S, Jha NK. CRISPR/Cas9 gene editing: New hope forAlzheimer's disease therapeutics. J Adv Res. 2022 Sep;40:207-221. doi:10.1016/j.jare.2021.07.001. Epub 2021 Jul 6. PMID: 36100328; PMCID: PMC9481950."
,,0
,,0
,,0
,,"89: Sewell KR, Rainey-Smith SR, Villemagne VL, Peiffer J, Sohrabi HR, Taddei K,Ames D, Doré V, Maruff P, Laws SM, Masters CL, Rowe CC, Martins RN, Erickson KI,Brown BM. The interaction between physical activity and sleep on cognitive"
,,"Ames D, Doré V, Maruff P, Laws SM, Masters CL, Rowe CC, Martins RN, Erickson KI,Brown BM. The interaction between physical activity and sleep on cognitivefunction and brain beta-amyloid in older adults. Behav Brain Res. 2022 Sep"
,,Brown BM. The interaction between physical activity and sleep on cognitivefunction and brain beta-amyloid in older adults. Behav Brain Res. 2022 Sep11;437:114108. doi: 10.1016/j.bbr.2022.114108. Epub ahead of print. PMID:
,,function and brain beta-amyloid in older adults. Behav Brain Res. 2022 Sep11;437:114108. doi: 10.1016/j.bbr.2022.114108. Epub ahead of print. PMID:36100010
,,0
,,0
,,0
,,"90: Andersen OM, Bøgh N, Landau AM, Pløen GG, Jensen AMG, Monti G, Ulhøi BP,Nyengaard JR, Jacobsen KR, Jørgensen MM, Holm IE, Kristensen ML, Alstrup AKO,Hansen ESS, Teunissen CE, Breidenbach L, Droescher M, Liu Y, Pedersen HS,"
,,"Nyengaard JR, Jacobsen KR, Jørgensen MM, Holm IE, Kristensen ML, Alstrup AKO,Hansen ESS, Teunissen CE, Breidenbach L, Droescher M, Liu Y, Pedersen HS,Callesen H, Luo Y, Bolund L, Brooks DJ, Laustsen C, Small SA, Mikkelsen LF,"
,,"Hansen ESS, Teunissen CE, Breidenbach L, Droescher M, Liu Y, Pedersen HS,Callesen H, Luo Y, Bolund L, Brooks DJ, Laustsen C, Small SA, Mikkelsen LF,Sørensen CB. A genetically modified minipig model for Alzheimer's disease with"
,,"Callesen H, Luo Y, Bolund L, Brooks DJ, Laustsen C, Small SA, Mikkelsen LF,Sørensen CB. A genetically modified minipig model for Alzheimer's disease withSORL1 haploinsufficiency. Cell Rep Med. 2022 Sep 20;3(9):100740. doi:"
,,Sørensen CB. A genetically modified minipig model for Alzheimer's disease withSORL1 haploinsufficiency. Cell Rep Med. 2022 Sep 20;3(9):100740. doi:10.1016/j.xcrm.2022.100740. Epub 2022 Sep 12. PMID: 36099918; PMCID: PMC9512670.
,,0
,,0
,,0
,,"91: Chang SL, Durocher F, Diorio C. Sleep quality traits correlate withinflammatory markers in the breast tissue of women. Cytokine. 2022 Sep11;160:156028. doi: 10.1016/j.cyto.2022.156028. Epub ahead of print. PMID:"
,,inflammatory markers in the breast tissue of women. Cytokine. 2022 Sep11;160:156028. doi: 10.1016/j.cyto.2022.156028. Epub ahead of print. PMID:36099755
,,0
,,0
,,0
,,"92: Wang Y, Liu Y, Zhang Y, Wei G, Ding F, Sun Y. Molecular insights into theoligomerization dynamics and conformations of amyloidogenic and non-amyloidogenic amylin from discrete molecular dynamics simulations. Phys Chem"
,,oligomerization dynamics and conformations of amyloidogenic and non-amyloidogenic amylin from discrete molecular dynamics simulations. Phys ChemChem Phys. 2022 Sep 21;24(36):21773-21785. doi: 10.1039/d2cp02851d. PMID:
,,amyloidogenic amylin from discrete molecular dynamics simulations. Phys ChemChem Phys. 2022 Sep 21;24(36):21773-21785. doi: 10.1039/d2cp02851d. PMID:36098068
,,0
,,0
,,0
,,"93: Park CJ, Seo Y, Choe YS, Jang H, Lee H, Kim JP; Alzheimer’s DiseaseNeuroimaging Initiative. Predicting conversion of brain β-amyloid positivity inamyloid-negative individuals. Alzheimers Res Ther. 2022 Sep 12;14(1):129. doi:"
,,Neuroimaging Initiative. Predicting conversion of brain β-amyloid positivity inamyloid-negative individuals. Alzheimers Res Ther. 2022 Sep 12;14(1):129. doi:10.1186/s13195-022-01067-8. PMID: 36096822; PMCID: PMC9465850.
,,0
,,0
,,0
,,"94: Hicks AJ, Ponsford JL, Spitz G, Dore V, Krishnadas N, Roberts C, Rowe CC.β-Amyloid and Tau Imaging in Chronic Traumatic Brain Injury: A Cross-sectionalStudy. Neurology. 2022 Sep 13;99(11):e1131-e1141. doi:"
,,β-Amyloid and Tau Imaging in Chronic Traumatic Brain Injury: A Cross-sectionalStudy. Neurology. 2022 Sep 13;99(11):e1131-e1141. doi:10.1212/WNL.0000000000200857. Epub 2022 Jun 15. PMID: 36096678.
,,0
,,0
,,0
,,"95: Metodieva VV, Smith TK, Gunn-Moore FJ. The mitochondrial enzyme 17βHSD10modulates ischemic and amyloid-β-induced stress in primary mouse astrocytes.eNeuro. 2022 Sep 12:ENEURO.0040-22.2022. doi: 10.1523/ENEURO.0040-22.2022. Epub"
,,modulates ischemic and amyloid-β-induced stress in primary mouse astrocytes.eNeuro. 2022 Sep 12:ENEURO.0040-22.2022. doi: 10.1523/ENEURO.0040-22.2022. Epubahead of print. PMID: 36096650.
,,0
,,0
,,0
,,"96: Majid N, Siddiqi MK, Alam A, Malik S, Ali W, Khan RH. Cholic acid inhibitsamyloid fibrillation: Interplay of protonation and deprotonation. Int J BiolMacromol. 2022 Sep 9;221:900-912. doi: 10.1016/j.ijbiomac.2022.09.019. Epub"
,,amyloid fibrillation: Interplay of protonation and deprotonation. Int J BiolMacromol. 2022 Sep 9;221:900-912. doi: 10.1016/j.ijbiomac.2022.09.019. Epubahead of print. PMID: 36096254.
,,0
,,0
,,0
,,"97: Vasilopoulou MA, Gioran A, Theodoropoulou M, Koutsaviti A, Roussis V,Ioannou E, Chondrogianni N. Healthspan improvement and anti-aggregation effectsinduced by a marine-derived structural proteasome activator. Redox Biol. 2022"
,,"Ioannou E, Chondrogianni N. Healthspan improvement and anti-aggregation effectsinduced by a marine-derived structural proteasome activator. Redox Biol. 2022Oct;56:102462. doi: 10.1016/j.redox.2022.102462. Epub 2022 Sep 2. PMID:"
,,induced by a marine-derived structural proteasome activator. Redox Biol. 2022Oct;56:102462. doi: 10.1016/j.redox.2022.102462. Epub 2022 Sep 2. PMID:36095970; PMCID: PMC9482115.
,,0
,,0
,,0
,,"98: Raval NR, Madsen CA, Shalgunov V, Nasser A, Battisti UM, Beaman EE, Juhl M,Jørgensen LM, Herth MM, Hansen HD, Plavén-Sigray P, Knudsen GM. Evaluation ofthe α-synuclein PET radiotracer (d<sub>3</sub>)-[<sup>11</sup>C]MODAG-001 in"
,,"Jørgensen LM, Herth MM, Hansen HD, Plavén-Sigray P, Knudsen GM. Evaluation ofthe α-synuclein PET radiotracer (d<sub>3</sub>)-[<sup>11</sup>C]MODAG-001 inpigs. Nucl Med Biol. 2022 Aug 24;114-115:42-48. doi:"
,,the α-synuclein PET radiotracer (d<sub>3</sub>)-[<sup>11</sup>C]MODAG-001 inpigs. Nucl Med Biol. 2022 Aug 24;114-115:42-48. doi:10.1016/j.nucmedbio.2022.08.001. Epub ahead of print. PMID: 36095921.
,,0
,,0
,,0
,,"99: Yang Y, Distaffen H, Jalali S, Nieuwkoop AJ, Nilsson BL, Dias CL. AtomicInsights into Amyloid-Induced Membrane Damage. ACS Chem Neurosci. 2022 Sep21;13(18):2766-2777. doi: 10.1021/acschemneuro.2c00446. Epub 2022 Sep 12. PMID:"
,,Insights into Amyloid-Induced Membrane Damage. ACS Chem Neurosci. 2022 Sep21;13(18):2766-2777. doi: 10.1021/acschemneuro.2c00446. Epub 2022 Sep 12. PMID:36095304
,,0
,,0
,,0
,,"100: Chikugo A, Irie Y, Tsukano C, Uchino A, Maki T, Kume T, Kawase T, Hirose K,Kageyama Y, Tooyama I, Irie K. Optimization of the Linker Length in the DimerModel of E22P-Aβ40 Tethered at Position 38. ACS Chem Neurosci. 2022 Oct"
,,"Kageyama Y, Tooyama I, Irie K. Optimization of the Linker Length in the DimerModel of E22P-Aβ40 Tethered at Position 38. ACS Chem Neurosci. 2022 Oct5;13(19):2913-2923. doi: 10.1021/acschemneuro.2c00436. Epub 2022 Sep 12. PMID:"
,,Model of E22P-Aβ40 Tethered at Position 38. ACS Chem Neurosci. 2022 Oct5;13(19):2913-2923. doi: 10.1021/acschemneuro.2c00436. Epub 2022 Sep 12. PMID:36095282
,,0
,,0
,,0
,,"101: Misumi Y, Tabata Y, Tasaki M, Obayashi K, Yamakawa S, Nomura T, Ueda M.Binding of serum-derived amyloid-associated proteins to amyloid fibrils.Amyloid. 2022 Sep 12:1-7. doi: 10.1080/13506129.2022.2120800. Epub ahead of"
,,Binding of serum-derived amyloid-associated proteins to amyloid fibrils.Amyloid. 2022 Sep 12:1-7. doi: 10.1080/13506129.2022.2120800. Epub ahead ofprint. PMID: 36094798.
,,0
,,0
,,0
,,"102: Shcherbinin S, Evans CD, Lu M, Andersen SW, Pontecorvo MJ, Willis BA,Gueorguieva I, Hauck PM, Brooks DA, Mintun MA, Sims JR. Association of AmyloidReduction After Donanemab Treatment With Tau Pathology and Clinical Outcomes:"
,,"Gueorguieva I, Hauck PM, Brooks DA, Mintun MA, Sims JR. Association of AmyloidReduction After Donanemab Treatment With Tau Pathology and Clinical Outcomes:The TRAILBLAZER-ALZ Randomized Clinical Trial. JAMA Neurol. 2022 Sep 12. doi:"
,,Reduction After Donanemab Treatment With Tau Pathology and Clinical Outcomes:The TRAILBLAZER-ALZ Randomized Clinical Trial. JAMA Neurol. 2022 Sep 12. doi:10.1001/jamaneurol.2022.2793. Epub ahead of print. PMID: 36094645.
,,0
,,0
,,0
,,"103: Matveyenka M, Zhaliazka K, Rizevsky S, Kurouski D. Lipids uniquely altersecondary structure and toxicity of lysozyme aggregates. FASEB J. 2022Oct;36(10):e22543. doi: 10.1096/fj.202200841R. PMID: 36094052."
,,0
,,0
,,0
,,"104: Holmqvist SL, Thomas KR, Edmonds EC, Calcetas A, Edwards L, Bangen KJ;Alzheimer’s Disease Neuroimaging Initiative. Cognitive dispersion is elevated inamyloid-positive older adults and associated with regional hypoperfusion. J Int"
,,Alzheimer’s Disease Neuroimaging Initiative. Cognitive dispersion is elevated inamyloid-positive older adults and associated with regional hypoperfusion. J IntNeuropsychol Soc. 2022 Sep 12:1-11. doi: 10.1017/S1355617722000649. Epub ahead
,,amyloid-positive older adults and associated with regional hypoperfusion. J IntNeuropsychol Soc. 2022 Sep 12:1-11. doi: 10.1017/S1355617722000649. Epub aheadof print. PMID: 36093903.
,,0
,,0
,,0
,,"105: Peng Y, Zhang L, Zhou F, Wang Y, Zhang X, Fan J, Li S, Li X, Li Y.Scavenging Reactive Oxygen Species Decreases Amyloid-β Levels via Activation ofPI3K/Akt/GLUT1 Pathway in N2a/APP695swe Cells. J Alzheimers Dis. 2022 Sep 7."
,,Scavenging Reactive Oxygen Species Decreases Amyloid-β Levels via Activation ofPI3K/Akt/GLUT1 Pathway in N2a/APP695swe Cells. J Alzheimers Dis. 2022 Sep 7.doi: 10.3233/JAD-220610. Epub ahead of print. PMID: 36093707.
,,0
,,0
,,0
,,"106: Migliorati M, Manrique C, Rahrah M, Escoffier G, El Ahmadi A, Girard SD,Khrestchatisky M, Rivera S, Baranger K, Roman FS. The Helico Maze Detects EarlyImpairment of Reference Memory at Three Months of Age in the 5XFAD Mouse Model"
,,"Khrestchatisky M, Rivera S, Baranger K, Roman FS. The Helico Maze Detects EarlyImpairment of Reference Memory at Three Months of Age in the 5XFAD Mouse Modelof Alzheimer's Disease. J Alzheimers Dis. 2022 Sep 9. doi: 10.3233/JAD-220281."
,,Impairment of Reference Memory at Three Months of Age in the 5XFAD Mouse Modelof Alzheimer's Disease. J Alzheimers Dis. 2022 Sep 9. doi: 10.3233/JAD-220281.Epub ahead of print. PMID: 36093693.
,,0
,,0
,,0
,,"107: Shelton MG, Kerns KA, Castora FJ, Coleman RA. Incorporating MitochondrialGene Expression Changes Within a Testable Mathematical Model for Alzheimer'sDisease: Stress Response Modulation Predicts Potential Therapeutic Targets. J"
,,Gene Expression Changes Within a Testable Mathematical Model for Alzheimer'sDisease: Stress Response Modulation Predicts Potential Therapeutic Targets. JAlzheimers Dis. 2022 Sep 6. doi: 10.3233/JAD-220163. Epub ahead of print. PMID:
,,Disease: Stress Response Modulation Predicts Potential Therapeutic Targets. JAlzheimers Dis. 2022 Sep 6. doi: 10.3233/JAD-220163. Epub ahead of print. PMID:36093692
,,0
,,0
,,0
,,"108: Ge T, Yuan Y. Herpes Simplex Virus Infection Increases Beta-AmyloidProduction and Induces the Development of Alzheimer's Disease. Biomed Res Int.2022 Aug 31;2022:8804925. doi: 10.1155/2022/8804925. PMID: 36093396; PMCID:"
,,Production and Induces the Development of Alzheimer's Disease. Biomed Res Int.2022 Aug 31;2022:8804925. doi: 10.1155/2022/8804925. PMID: 36093396; PMCID:PMC9453006.
,,0
,,0
,,0
,,"109: Mahato C, Menon S, Singh A, Afrose SP, Mondal J, Das D. Short peptide-basedcross-β amyloids exploit dual residues for phosphoesterase like activity. ChemSci. 2022 Jul 18;13(32):9225-9231. doi: 10.1039/d2sc03205h. PMID: 36092997;"
,,cross-β amyloids exploit dual residues for phosphoesterase like activity. ChemSci. 2022 Jul 18;13(32):9225-9231. doi: 10.1039/d2sc03205h. PMID: 36092997;PMCID: PMC9384705.
,,0
,,0
,,0
,,"110: Zheng XY, Zhang HC, Lv YD, Jin FY, Wu XJ, Zhu J, Ruan Y. Levetiracetamalleviates cognitive decline in Alzheimer's disease animal model by amelioratingthe dysfunction of the neuronal network. Front Aging Neurosci. 2022 Aug"
,,alleviates cognitive decline in Alzheimer's disease animal model by amelioratingthe dysfunction of the neuronal network. Front Aging Neurosci. 2022 Aug25;14:888784. doi: 10.3389/fnagi.2022.888784. PMID: 36092803; PMCID: PMC9452890.
,,0
,,0
,,0
,,"111: Dentoni G, Castro-Aldrete L, Naia L, Ankarcrona M. The Potential of SmallMolecules to Modulate the Mitochondria-Endoplasmic Reticulum Interplay inAlzheimer's Disease. Front Cell Dev Biol. 2022 Aug 26;10:920228. doi:"
,,Molecules to Modulate the Mitochondria-Endoplasmic Reticulum Interplay inAlzheimer's Disease. Front Cell Dev Biol. 2022 Aug 26;10:920228. doi:10.3389/fcell.2022.920228. PMID: 36092728; PMCID: PMC9459385.
,,0
,,0
,,0
,,"112: Goodenowe DB, Senanayake V. Brain ethanolamine phospholipids,neuropathology and cognition: A comparative post-mortem analysis of structurallyspecific plasmalogen and phosphatidyl species. Front Cell Dev Biol. 2022 Aug"
,,neuropathology and cognition: A comparative post-mortem analysis of structurallyspecific plasmalogen and phosphatidyl species. Front Cell Dev Biol. 2022 Aug24;10:866156. doi: 10.3389/fcell.2022.866156. PMID: 36092723; PMCID: PMC9451657.
,,0
,,0
,,0
,,"113: Zhang H, Jiang X, Ma L, Wei W, Li Z, Chang S, Wen J, Sun J, Li H. Role ofAβ in Alzheimer's-related synaptic dysfunction. Front Cell Dev Biol. 2022 Aug26;10:964075. doi: 10.3389/fcell.2022.964075. PMID: 36092715; PMCID: PMC9459380."
,,0
,,0
,,0
,,"114: Sapkota S, Erickson K, Harvey D, Tomaszewski-Farias SE, Olichney JM,Johnson DK, Dugger BN, Mungas DM, Fletcher E, Maillard P, Seshadri S, SatizabalCL, Kautz T, Parent D, Tracy RP, Maezawa I, Jin LW, DeCarli C. Plasma biomarkers"
,,"Johnson DK, Dugger BN, Mungas DM, Fletcher E, Maillard P, Seshadri S, SatizabalCL, Kautz T, Parent D, Tracy RP, Maezawa I, Jin LW, DeCarli C. Plasma biomarkerspredict cognitive trajectories in an ethnoracially and clinically diverse"
,,"CL, Kautz T, Parent D, Tracy RP, Maezawa I, Jin LW, DeCarli C. Plasma biomarkerspredict cognitive trajectories in an ethnoracially and clinically diversecohort: Mediation with hippocampal volume. Alzheimers Dement (Amst). 2022 Sep"
,,predict cognitive trajectories in an ethnoracially and clinically diversecohort: Mediation with hippocampal volume. Alzheimers Dement (Amst). 2022 Sep1;14(1):e12349. doi: 10.1002/dad2.12349. PMID: 36092690; PMCID: PMC9434579.
,,0
,,0
,,0
,,"115: Otaki H, Taguchi Y, Nishida N. Conformation-Dependent Influences ofHydrophobic Amino Acids in Two In-Register Parallel β-Sheet Amyloids, anα-Synuclein Amyloid and a Local Structural Model of PrP<sup>Sc</sup>. ACS Omega."
,,"Hydrophobic Amino Acids in Two In-Register Parallel β-Sheet Amyloids, anα-Synuclein Amyloid and a Local Structural Model of PrP<sup>Sc</sup>. ACS Omega.2022 Aug 24;7(35):31271-31288. doi: 10.1021/acsomega.2c03523. PMID: 36092583;"
,,α-Synuclein Amyloid and a Local Structural Model of PrP<sup>Sc</sup>. ACS Omega.2022 Aug 24;7(35):31271-31288. doi: 10.1021/acsomega.2c03523. PMID: 36092583;PMCID: PMC9453792.
,,0
,,0
,,0
,,"116: Wu Q, Li X, Jiang XW, Yao D, Zhou LJ, Xu ZH, Wang N, Zhao QC, Zhang Z.Yuan-Zhi decoction in the treatment of Alzheimer's disease: An integratedapproach based on chemical profiling, network pharmacology, molecular docking"
,,"Yuan-Zhi decoction in the treatment of Alzheimer's disease: An integratedapproach based on chemical profiling, network pharmacology, molecular dockingand experimental evaluation. Front Pharmacol. 2022 Aug 24;13:893244. doi:"
,,"approach based on chemical profiling, network pharmacology, molecular dockingand experimental evaluation. Front Pharmacol. 2022 Aug 24;13:893244. doi:10.3389/fphar.2022.893244. PMID: 36091836; PMCID: PMC9451491."
,,0
,,0
,,0
,,"117: Fella E, Papacharalambous R, Kynigopoulos D, Ioannou M, Derua R,Christodoulou C, Stylianou M, Karaiskos C, Kagiava A, Petroula G, Pierides C,Kyriakou M, Koumas L, Costeas P, Panayiotou E. Pharmacological activation of the"
,,"Christodoulou C, Stylianou M, Karaiskos C, Kagiava A, Petroula G, Pierides C,Kyriakou M, Koumas L, Costeas P, Panayiotou E. Pharmacological activation of theC5a receptor leads to stimulation of the β-adrenergic receptor and alleviates"
,,"Kyriakou M, Koumas L, Costeas P, Panayiotou E. Pharmacological activation of theC5a receptor leads to stimulation of the β-adrenergic receptor and alleviatescognitive impairment in a murine model of familial Alzheimer's disease. Front"
,,C5a receptor leads to stimulation of the β-adrenergic receptor and alleviatescognitive impairment in a murine model of familial Alzheimer's disease. FrontImmunol. 2022 Aug 26;13:947071. doi: 10.3389/fimmu.2022.947071. PMID: 36091045;
,,cognitive impairment in a murine model of familial Alzheimer's disease. FrontImmunol. 2022 Aug 26;13:947071. doi: 10.3389/fimmu.2022.947071. PMID: 36091045;PMCID: PMC9462583.
,,0
,,0
,,0
,,"118: Chang Y, He F, Wang J, Chen S, Li J, Liu J, Yu Y, Su L, Ma A, Allen C, LinY, Sun S, Liu B, Javier Otero J, Chung D, Fu H, Li Z, Xu D, Ma Q. Define andvisualize pathological architectures of human tissues from spatially resolved"
,,"Y, Sun S, Liu B, Javier Otero J, Chung D, Fu H, Li Z, Xu D, Ma Q. Define andvisualize pathological architectures of human tissues from spatially resolvedtranscriptomics using deep learning. Comput Struct Biotechnol J. 2022 Aug"
,,visualize pathological architectures of human tissues from spatially resolvedtranscriptomics using deep learning. Comput Struct Biotechnol J. 2022 Aug24;20:4600-4617. doi: 10.1016/j.csbj.2022.08.029. PMID: 36090815; PMCID:
,,transcriptomics using deep learning. Comput Struct Biotechnol J. 2022 Aug24;20:4600-4617. doi: 10.1016/j.csbj.2022.08.029. PMID: 36090815; PMCID:PMC9440291.
,,0
,,0
,,0
,,"119: Ohline SM, Liu X, Ibrahim MF, Mockett BM, Empson RM, Abraham WC, IremongerKJ, Jones PP. Altered membrane properties but unchanged intrinsic excitabilityand spontaneous postsynaptic currents in an aged APP <sub>swe</sub> /PS1dE9"
,,"KJ, Jones PP. Altered membrane properties but unchanged intrinsic excitabilityand spontaneous postsynaptic currents in an aged APP <sub>swe</sub> /PS1dE9model of Alzheimer's disease. Front Cell Neurosci. 2022 Aug 26;16:958876. doi:"
,,and spontaneous postsynaptic currents in an aged APP <sub>swe</sub> /PS1dE9model of Alzheimer's disease. Front Cell Neurosci. 2022 Aug 26;16:958876. doi:10.3389/fncel.2022.958876. PMID: 36090787; PMCID: PMC9459330.
,,0
,,0
,,0
,,"120: Karaca Ş, Osmaniye D, Sağlık BN, Levent S, Ilgın S, Özkay Y, Karaburun AÇ,Kaplancıklı ZA, Gundogdu-Karaburun N. Synthesis of novel benzothiazolederivatives and investigation of their enzyme inhibitory effects against"
,,"Kaplancıklı ZA, Gundogdu-Karaburun N. Synthesis of novel benzothiazolederivatives and investigation of their enzyme inhibitory effects againstAlzheimer's disease. RSC Adv. 2022 Aug 19;12(36):23626-23636. doi:"
,,derivatives and investigation of their enzyme inhibitory effects againstAlzheimer's disease. RSC Adv. 2022 Aug 19;12(36):23626-23636. doi:10.1039/d2ra03803j. PMID: 36090440; PMCID: PMC9389372.
,,0
,,0
,,0
,,"121: Rudajev V, Novotny J. Cholesterol as a key player in amyloid β-mediatedtoxicity in Alzheimer's disease. Front Mol Neurosci. 2022 Aug 25;15:937056. doi:10.3389/fnmol.2022.937056. PMID: 36090253; PMCID: PMC9453481."
,,0
,,0
,,0
,,"122: Goel P, Chakrabarti S, Goel K, Bhutani K, Chopra T, Bali S. Neuronal celldeath mechanisms in Alzheimer's disease: An insight. Front Mol Neurosci. 2022Aug 25;15:937133. doi: 10.3389/fnmol.2022.937133. PMID: 36090249; PMCID:"
,,death mechanisms in Alzheimer's disease: An insight. Front Mol Neurosci. 2022Aug 25;15:937133. doi: 10.3389/fnmol.2022.937133. PMID: 36090249; PMCID:PMC9454331.
,,0
,,0
,,0
,,"123: Patel P, Faldu K, Borisa A, Bhatt H, Shah J. Insights of Valacyclovir inTreatment of Alzheimer's Disease: Computational Docking Studies and ScopolamineRat Model. Curr Neurovasc Res. 2022 Sep 8. doi:"
,,Treatment of Alzheimer's Disease: Computational Docking Studies and ScopolamineRat Model. Curr Neurovasc Res. 2022 Sep 8. doi:10.2174/1567202619666220908125125. Epub ahead of print. PMID: 36089794.
,,0
,,0
,,0
,,"124: Bishay J, Beckett TL, Lai AY, Hill ME, McMahon D, McLaurin J. Venularamyloid accumulation in transgenic Fischer 344 Alzheimer's disease rats. SciRep. 2022 Sep 10;12(1):15287. doi: 10.1038/s41598-022-19549-y. PMID: 36088484;"
,,amyloid accumulation in transgenic Fischer 344 Alzheimer's disease rats. SciRep. 2022 Sep 10;12(1):15287. doi: 10.1038/s41598-022-19549-y. PMID: 36088484;PMCID: PMC9464208.
,,0
,,0
,,0
,,"125: Zhang Z, Wang S, Tan H, Yang P, Li Y, Xu L, Duan B, Liu Y. Advances inpolysaccharides of natural source of the anti-Alzheimer's disease effect andmechanism. Carbohydr Polym. 2022 Nov 15;296:119961. doi:"
,,polysaccharides of natural source of the anti-Alzheimer's disease effect andmechanism. Carbohydr Polym. 2022 Nov 15;296:119961. doi:10.1016/j.carbpol.2022.119961. Epub 2022 Aug 6. PMID: 36088034.
,,0
,,0
,,0
,,"126: Rychlik M, Starowicz G, Starnowska-Sokol J, Mlyniec K. The Zinc-sensingReceptor (GPR39) Modulates Declarative Memory and Age-related Hippocampal GeneExpression in Male Mice. Neuroscience. 2022 Sep 7;503:1-16. doi:"
,,Receptor (GPR39) Modulates Declarative Memory and Age-related Hippocampal GeneExpression in Male Mice. Neuroscience. 2022 Sep 7;503:1-16. doi:10.1016/j.neuroscience.2022.09.002. Epub ahead of print. PMID: 36087899.
,,0
,,0
,,0
,,"127: Bahraminejad E, Paliwal D, Sunde M, Holt C, Carver JA, Thorn DC. Amyloidfibril formation by α<sub>S1</sub>- and β-casein implies that fibril formationis a general property of casein proteins. Biochim Biophys Acta Proteins Proteom."
,,fibril formation by α<sub>S1</sub>- and β-casein implies that fibril formationis a general property of casein proteins. Biochim Biophys Acta Proteins Proteom.2022 Sep 8;1870(11-12):140854. doi: 10.1016/j.bbapap.2022.140854. Epub ahead of
,,is a general property of casein proteins. Biochim Biophys Acta Proteins Proteom.2022 Sep 8;1870(11-12):140854. doi: 10.1016/j.bbapap.2022.140854. Epub ahead ofprint. PMID: 36087849.
,,0
,,0
,,0
,,"128: Janelidze S, Bali D, Ashton NJ, Barthélemy NR, Vanbrabant J, Stoops E,Vanmechelen E, He Y, Dolado AO, Triana-Baltzer G, Pontecorvo MJ, Zetterberg H,Kolb H, Vandijck M, Blennow K, Bateman RJ, Hansson O. Head-to-head comparison of"
,,"Vanmechelen E, He Y, Dolado AO, Triana-Baltzer G, Pontecorvo MJ, Zetterberg H,Kolb H, Vandijck M, Blennow K, Bateman RJ, Hansson O. Head-to-head comparison of10 plasma phospho-tau assays in prodromal Alzheimer's disease. Brain. 2022 Sep"
,,"Kolb H, Vandijck M, Blennow K, Bateman RJ, Hansson O. Head-to-head comparison of10 plasma phospho-tau assays in prodromal Alzheimer's disease. Brain. 2022 Sep10:awac333. doi: 10.1093/brain/awac333. Epub ahead of print. PMID: 36087307."
,,0
,,0
,,0
,,"129: Witkowska-Płusa U, Dubielis A, Płusa T. Rozpoznawanie choroby Alzheimera wcodziennej praktyce [Recognizing Alzheimer's disease in daily practice]. PolMerkur Lekarski. 2022 Aug 23;50(298):253-256. Polish. PMID: 36086987."
,,0
,,0
,,0
,,"130: Gholami Mahmoudian Z, Komaki A, Rashidi I, Amiri I, Ghanbari A. The effectof minocycline on beta-amyloid-induced memory and learning deficit in male rats:A behavioral, biochemical, and histological study. J Chem Neuroanat. 2022 Sep"
,,"of minocycline on beta-amyloid-induced memory and learning deficit in male rats:A behavioral, biochemical, and histological study. J Chem Neuroanat. 2022 Sep6;125:102158. doi: 10.1016/j.jchemneu.2022.102158. Epub ahead of print. PMID:"
,,"A behavioral, biochemical, and histological study. J Chem Neuroanat. 2022 Sep6;125:102158. doi: 10.1016/j.jchemneu.2022.102158. Epub ahead of print. PMID:36084891"
,,0
,,0
,,0
,,"131: Hou T, Zhang N, Yan C, Ding M, Niu H, Guan P, Hu X. Curcumin-loaded proteinimprinted mesoporous nanosphere for inhibiting amyloid aggregation. Int J BiolMacromol. 2022 Sep 6;221:334-345. doi: 10.1016/j.ijbiomac.2022.08.185. Epub"
,,imprinted mesoporous nanosphere for inhibiting amyloid aggregation. Int J BiolMacromol. 2022 Sep 6;221:334-345. doi: 10.1016/j.ijbiomac.2022.08.185. Epubahead of print. PMID: 36084870.
,,0
,,0
,,0
,,"132: Groot C, Smith R, Stomrud E, Binette AP, Leuzy A, Wuestefeld A, Wisse LEM,Palmqvist S, Mattsson-Carlgren N, Janelidze S, Strandberg O, Ossenkoppele R,Hansson O. Phospho-tau with subthreshold tau-PET predicts increased tau"
,,"Palmqvist S, Mattsson-Carlgren N, Janelidze S, Strandberg O, Ossenkoppele R,Hansson O. Phospho-tau with subthreshold tau-PET predicts increased tauaccumulation rates in amyloid-positive individuals. Brain. 2022 Sep 9:awac329."
,,Hansson O. Phospho-tau with subthreshold tau-PET predicts increased tauaccumulation rates in amyloid-positive individuals. Brain. 2022 Sep 9:awac329.doi: 10.1093/brain/awac329. Epub ahead of print. PMID: 36084009.
,,0
,,0
,,0
,,"133: Xin KL, Hu ZL, Liu SC, Li XY, Li JG, Niu H, Ying YL, Long YT. 3D BlockageMapping for Identifying Familial Point Mutations in Single Amyloid-β Peptideswith a Nanopore. Angew Chem Int Ed Engl. 2022 Sep 9. doi:"
,,Mapping for Identifying Familial Point Mutations in Single Amyloid-β Peptideswith a Nanopore. Angew Chem Int Ed Engl. 2022 Sep 9. doi:10.1002/anie.202209970. Epub ahead of print. PMID: 36083823.
,,0
,,0
,,0
,,"134: Shirbhate E, Patel VK, Tiwari P, Kore R, Veerasamy R, Mishra A, Rajak H.Combination therapy for the treatment of alzheimer's disease: recent progressand future prospects. Curr Top Med Chem. 2022 Sep 7. doi:"
,,Combination therapy for the treatment of alzheimer's disease: recent progressand future prospects. Curr Top Med Chem. 2022 Sep 7. doi:10.2174/1568026622666220907114443. Epub ahead of print. PMID: 36082857.
,,0
,,0
,,0
,,"135: Wang B, Guo C. Concentration-Dependent Effects of Cholesterol on theDimerization of Amyloid-β Peptides in Lipid Bilayers. ACS Chem Neurosci. 2022Sep 21;13(18):2709-2718. doi: 10.1021/acschemneuro.2c00349. Epub 2022 Sep 9."
,,Dimerization of Amyloid-β Peptides in Lipid Bilayers. ACS Chem Neurosci. 2022Sep 21;13(18):2709-2718. doi: 10.1021/acschemneuro.2c00349. Epub 2022 Sep 9.PMID: 36082607.
,,0
,,0
,,0
,,"136: Zhou B, Sheng X, Xie H, Zhou S, Zhong M, Liu A. Inhibition of Alzheimer'sAβ1-42 Fibrillogenesis and Removal of Copper Ions by Polypeptides Modified GoldNanoparticles. Chem Biodivers. 2022 Sep 9. doi: 10.1002/cbdv.202200342. Epub"
,,Aβ1-42 Fibrillogenesis and Removal of Copper Ions by Polypeptides Modified GoldNanoparticles. Chem Biodivers. 2022 Sep 9. doi: 10.1002/cbdv.202200342. Epubahead of print. PMID: 36082494.
,,0
,,0
,,0
,,"137: Duan M, Meng Z, Yuan D, Zhang Y, Tang T, Chen Z, Fu Y. Anodal and cathodaltranscranial direct current stimulations of prefrontal cortex in a rodent modelof Alzheimer's disease. Front Aging Neurosci. 2022 Aug 23;14:968451. doi:"
,,transcranial direct current stimulations of prefrontal cortex in a rodent modelof Alzheimer's disease. Front Aging Neurosci. 2022 Aug 23;14:968451. doi:10.3389/fnagi.2022.968451. PMID: 36081893; PMCID: PMC9446483.
,,0
,,0
,,0
,,"138: Forloni G, La Vitola P, Balducci C. <i>Oligomeropathies</i>, inflammationand prion protein binding. Front Neurosci. 2022 Aug 23;16:822420. doi:10.3389/fnins.2022.822420. PMID: 36081661; PMCID: PMC9445368."
,,0
,,0
,,0
,,"139: Meleleo D, Gerbino A, Mastrodonato M. Evidence of the different effect ofmercury and cadmium on the hIAPP aggregation process. Biophys Chem. 2022Nov;290:106880. doi: 10.1016/j.bpc.2022.106880. Epub 2022 Aug 31. PMID:"
,,mercury and cadmium on the hIAPP aggregation process. Biophys Chem. 2022Nov;290:106880. doi: 10.1016/j.bpc.2022.106880. Epub 2022 Aug 31. PMID:36081187
,,0
,,0
,,0
,,"140: Cachán-Vega C, Vega-Naredo I, Potes Y, Bermejo-Millo JC, Rubio-González A,García-González C, Antuña E, Bermúdez M, Gutiérrez-Rodríguez J, Boga JA, Coto-Montes A, Caballero B. Chronic Treatment with Melatonin Improves Hippocampal"
,,"García-González C, Antuña E, Bermúdez M, Gutiérrez-Rodríguez J, Boga JA, Coto-Montes A, Caballero B. Chronic Treatment with Melatonin Improves HippocampalNeurogenesis in the Aged Brain and Under Neurodegeneration. Molecules. 2022 Aug"
,,"Montes A, Caballero B. Chronic Treatment with Melatonin Improves HippocampalNeurogenesis in the Aged Brain and Under Neurodegeneration. Molecules. 2022 Aug29;27(17):5543. doi: 10.3390/molecules27175543. PMID: 36080336; PMCID:"
,,Neurogenesis in the Aged Brain and Under Neurodegeneration. Molecules. 2022 Aug29;27(17):5543. doi: 10.3390/molecules27175543. PMID: 36080336; PMCID:PMC9457692.
,,0
,,0
,,0
,,"141: Bastani Viarsagh S, Zhang ME, Shariflou S, Agar A, Golzan SM. CognitivePerformance on the Montreal Cognitive Assessment Test and Retinal Structural andFunctional Measures in Glaucoma. J Clin Med. 2022 Aug 30;11(17):5097. doi:"
,,Performance on the Montreal Cognitive Assessment Test and Retinal Structural andFunctional Measures in Glaucoma. J Clin Med. 2022 Aug 30;11(17):5097. doi:10.3390/jcm11175097. PMID: 36079038; PMCID: PMC9457156.
,,0
,,0
,,0
,,"142: Petrushanko IY, Tverskoi AM, Barykin EP, Petrovskaya AV, Strelkova MA,Leonova OG, Anashkina AA, Tolstova AP, Adzhubei AA, Bogdanova AY, Makarov AA,Mitkevich VA. Na,K-ATPase Acts as a Beta-Amyloid Receptor Triggering Src Kinase"
,,"Leonova OG, Anashkina AA, Tolstova AP, Adzhubei AA, Bogdanova AY, Makarov AA,Mitkevich VA. Na,K-ATPase Acts as a Beta-Amyloid Receptor Triggering Src KinaseActivation. Cells. 2022 Sep 3;11(17):2753. doi: 10.3390/cells11172753. PMID:"
,,"Mitkevich VA. Na,K-ATPase Acts as a Beta-Amyloid Receptor Triggering Src KinaseActivation. Cells. 2022 Sep 3;11(17):2753. doi: 10.3390/cells11172753. PMID:36078160; PMCID: PMC9455167."
,,0
,,0
,,0
,,"143: Zheng P, She X, Wang C, Zhu Y, Fu B, Ma K, Yang H, Gao X, Li X, Wu F, CuiB. Around-the-Clock Noise Induces AD-like Neuropathology by Disrupting AutophagyFlux Homeostasis. Cells. 2022 Sep 2;11(17):2742. doi: 10.3390/cells11172742."
,,B. Around-the-Clock Noise Induces AD-like Neuropathology by Disrupting AutophagyFlux Homeostasis. Cells. 2022 Sep 2;11(17):2742. doi: 10.3390/cells11172742.PMID: 36078149; PMCID: PMC9454913.
,,0
,,0
,,0
,,"144: Di Benedetto G, Burgaletto C, Bellanca CM, Munafò A, Bernardini R,Cantarella G. Role of Microglia and Astrocytes in Alzheimer's Disease: FromNeuroinflammation to Ca<sup>2+</sup> Homeostasis Dysregulation. Cells. 2022 Sep"
,,Cantarella G. Role of Microglia and Astrocytes in Alzheimer's Disease: FromNeuroinflammation to Ca<sup>2+</sup> Homeostasis Dysregulation. Cells. 2022 Sep1;11(17):2728. doi: 10.3390/cells11172728. PMID: 36078138; PMCID: PMC9454513.
,,0
,,0
,,0
,,"145: Kshirsagar S, Alvir RV, Pradeepkiran JA, Hindle A, Vijayan M,Ramasubramaniam B, Kumar S, Reddy AP, Reddy PH. A Combination Therapy ofUrolithin A+EGCG Has Stronger Protective Effects than Single Drug Urolithin A in"
,,"Ramasubramaniam B, Kumar S, Reddy AP, Reddy PH. A Combination Therapy ofUrolithin A+EGCG Has Stronger Protective Effects than Single Drug Urolithin A ina Humanized Amyloid Beta Knockin Mice for Late-Onset Alzheimer's Disease. Cells."
,,Urolithin A+EGCG Has Stronger Protective Effects than Single Drug Urolithin A ina Humanized Amyloid Beta Knockin Mice for Late-Onset Alzheimer's Disease. Cells.2022 Aug 27;11(17):2660. doi: 10.3390/cells11172660. PMID: 36078067; PMCID:
,,a Humanized Amyloid Beta Knockin Mice for Late-Onset Alzheimer's Disease. Cells.2022 Aug 27;11(17):2660. doi: 10.3390/cells11172660. PMID: 36078067; PMCID:PMC9454743.
,,0
,,0
,,0
,,"146: Atilano SR, Abedi S, Ianopol NV, Singh MK, Norman JL, Malik D,Falatoonzadeh P, Chwa M, Nesburn AB, Kuppermann BD, Kenney MC. DifferentialEpigenetic Status and Responses to Stressors between Retinal Cybrids Cells with"
,,"Falatoonzadeh P, Chwa M, Nesburn AB, Kuppermann BD, Kenney MC. DifferentialEpigenetic Status and Responses to Stressors between Retinal Cybrids Cells withAfrican versus European Mitochondrial DNA: Insights into Disease"
,,Epigenetic Status and Responses to Stressors between Retinal Cybrids Cells withAfrican versus European Mitochondrial DNA: Insights into DiseaseSusceptibilities. Cells. 2022 Aug 26;11(17):2655. doi: 10.3390/cells11172655.
,,African versus European Mitochondrial DNA: Insights into DiseaseSusceptibilities. Cells. 2022 Aug 26;11(17):2655. doi: 10.3390/cells11172655.PMID: 36078063; PMCID: PMC9454894.
,,0
,,0
,,0
,,"147: López-Ornelas A, Jiménez A, Pérez-Sánchez G, Rodríguez-Pérez CE, Corzo-CruzA, Velasco I, Estudillo E. The Impairment of Blood-Brain Barrier in Alzheimer'sDisease: Challenges and Opportunities with Stem Cells. Int J Mol Sci. 2022 Sep"
,,"A, Velasco I, Estudillo E. The Impairment of Blood-Brain Barrier in Alzheimer'sDisease: Challenges and Opportunities with Stem Cells. Int J Mol Sci. 2022 Sep4;23(17):10136. doi: 10.3390/ijms231710136. PMID: 36077533; PMCID: PMC9456198."
,,0
,,0
,,0
,,"148: Cui WB, Zhang ZP, Bai X, Wang SS, Chen XH, Liu X, Su PJ, Zhi DJ, Fei DQ,Zhang ZX, Wang DS. Cryptotanshinone Alleviates Oxidative Stress and Reduces theLevel of Abnormally Aggregated Protein in <i>Caenorhabditis elegans</i> AD"
,,"Zhang ZX, Wang DS. Cryptotanshinone Alleviates Oxidative Stress and Reduces theLevel of Abnormally Aggregated Protein in <i>Caenorhabditis elegans</i> ADModels. Int J Mol Sci. 2022 Sep 2;23(17):10030. doi: 10.3390/ijms231710030."
,,Level of Abnormally Aggregated Protein in <i>Caenorhabditis elegans</i> ADModels. Int J Mol Sci. 2022 Sep 2;23(17):10030. doi: 10.3390/ijms231710030.PMID: 36077432; PMCID: PMC9456502.
,,0
,,0
,,0
,,"149: Li J, Sun M, Cui X, Li C. Protective Effects of Flavonoids againstAlzheimer's Disease: Pathological Hypothesis, Potential Targets, and Structure-Activity Relationship. Int J Mol Sci. 2022 Sep 2;23(17):10020. doi:"
,,"Alzheimer's Disease: Pathological Hypothesis, Potential Targets, and Structure-Activity Relationship. Int J Mol Sci. 2022 Sep 2;23(17):10020. doi:10.3390/ijms231710020. PMID: 36077418; PMCID: PMC9456554."
,,0
,,0
,,0
,,"150: Jian Y, Yuan S, Yang J, Lei Y, Li X, Liu W. Aerobic Exercise AlleviatesAbnormal Autophagy in Brain Cells of APP/PS1 Mice by Upregulating AdipoR1Levels. Int J Mol Sci. 2022 Aug 31;23(17):9921. doi: 10.3390/ijms23179921. PMID:"
,,Abnormal Autophagy in Brain Cells of APP/PS1 Mice by Upregulating AdipoR1Levels. Int J Mol Sci. 2022 Aug 31;23(17):9921. doi: 10.3390/ijms23179921. PMID:36077318; PMCID: PMC9456508.
,,0
,,0
,,0
,,"151: Urbano T, Vinceti M, Mandrioli J, Chiari A, Filippini T, Bedin R, TondelliM, Simonini C, Zamboni G, Shimizu M, Saito Y. Selenoprotein P Concentrations inthe Cerebrospinal Fluid and Serum of Individuals Affected by Amyotrophic Lateral"
,,"M, Simonini C, Zamboni G, Shimizu M, Saito Y. Selenoprotein P Concentrations inthe Cerebrospinal Fluid and Serum of Individuals Affected by Amyotrophic LateralSclerosis, Mild Cognitive Impairment and Alzheimer's Dementia. Int J Mol Sci."
,,"the Cerebrospinal Fluid and Serum of Individuals Affected by Amyotrophic LateralSclerosis, Mild Cognitive Impairment and Alzheimer's Dementia. Int J Mol Sci.2022 Aug 30;23(17):9865. doi: 10.3390/ijms23179865. PMID: 36077261; PMCID:"
,,"Sclerosis, Mild Cognitive Impairment and Alzheimer's Dementia. Int J Mol Sci.2022 Aug 30;23(17):9865. doi: 10.3390/ijms23179865. PMID: 36077261; PMCID:PMC9456314."
,,0
,,0
,,0
,,"152: Ohashi H, Tsuji M, Oguchi T, Momma Y, Nohara T, Ito N, Yamamoto K, NagataM, Kimura AM, Kiuchi Y, Ono K. Combined Treatment with Curcumin and Ferulic AcidSuppressed the Aβ-Induced Neurotoxicity More than Curcumin and Ferulic Acid"
,,"M, Kimura AM, Kiuchi Y, Ono K. Combined Treatment with Curcumin and Ferulic AcidSuppressed the Aβ-Induced Neurotoxicity More than Curcumin and Ferulic AcidAlone. Int J Mol Sci. 2022 Aug 26;23(17):9685. doi: 10.3390/ijms23179685. PMID:"
,,Suppressed the Aβ-Induced Neurotoxicity More than Curcumin and Ferulic AcidAlone. Int J Mol Sci. 2022 Aug 26;23(17):9685. doi: 10.3390/ijms23179685. PMID:36077082; PMCID: PMC9456505.
,,0
,,0
,,0
,,"153: Kuedo Z, Chotphruethipong L, Raju N, Reudhabibadh R, Benjakul S,Chonpathompikunlert P, Klaypradit W, Hutamekalin P. Oral Administration ofEthanolic Extract of Shrimp Shells-Loaded Liposome Protects against Aβ-Induced"
,,"Chonpathompikunlert P, Klaypradit W, Hutamekalin P. Oral Administration ofEthanolic Extract of Shrimp Shells-Loaded Liposome Protects against Aβ-InducedMemory Impairment in Rats. Foods. 2022 Sep 2;11(17):2673. doi:"
,,Ethanolic Extract of Shrimp Shells-Loaded Liposome Protects against Aβ-InducedMemory Impairment in Rats. Foods. 2022 Sep 2;11(17):2673. doi:10.3390/foods11172673. PMID: 36076858; PMCID: PMC9455250.
,,0
,,0
,,0
,,"154: Fatima U, Roy S, Ahmad S, Al-Keridis LA, Alshammari N, Adnan M, Islam A,Hassan MI. Investigating neuroprotective roles of Bacopa monnieri extracts:Mechanistic insights and therapeutic implications. Biomed Pharmacother. 2022"
,,Hassan MI. Investigating neuroprotective roles of Bacopa monnieri extracts:Mechanistic insights and therapeutic implications. Biomed Pharmacother. 2022Sep;153:113469. doi: 10.1016/j.biopha.2022.113469. Epub 2022 Jul 31. PMID:
,,Mechanistic insights and therapeutic implications. Biomed Pharmacother. 2022Sep;153:113469. doi: 10.1016/j.biopha.2022.113469. Epub 2022 Jul 31. PMID:36076495
,,0
,,0
,,0
,,"155: Tzeng CY, Lee WS, Liu KF, Tsou HK, Chen CJ, Peng WH, Tsai JC. Allantoinameliorates amyloid β-peptide-induced memory impairment by regulating thePI3K/Akt/GSK-3β signaling pathway in rats. Biomed Pharmacother. 2022"
,,ameliorates amyloid β-peptide-induced memory impairment by regulating thePI3K/Akt/GSK-3β signaling pathway in rats. Biomed Pharmacother. 2022Sep;153:113389. doi: 10.1016/j.biopha.2022.113389. Epub 2022 Jul 13. PMID:
,,PI3K/Akt/GSK-3β signaling pathway in rats. Biomed Pharmacother. 2022Sep;153:113389. doi: 10.1016/j.biopha.2022.113389. Epub 2022 Jul 13. PMID:36076477
,,0
,,0
,,0
,,"156: Jia Y, Wang G, Yan W, Kong B, Xu Y, Wang C, Tang D, Xi X. Psoralensuppresses the phosphorylation of amyloid precursor protein (APP) to inhibitmyelosuppression. Biomed Pharmacother. 2022 Sep;153:113381. doi:"
,,suppresses the phosphorylation of amyloid precursor protein (APP) to inhibitmyelosuppression. Biomed Pharmacother. 2022 Sep;153:113381. doi:10.1016/j.biopha.2022.113381. Epub 2022 Jul 20. PMID: 36076476.
,,0
,,0
,,0
,,"157: Wang E, Wang N, Zou Y, Fahim M, Zhou Y, Yang H, Liu Y, Li H. Black mulberry(Morus nigra) fruit extract alleviated AD-Like symptoms induced by toxic Aβprotein in transgenic Caenorhabditis elegans via insulin DAF-16 signaling"
,,(Morus nigra) fruit extract alleviated AD-Like symptoms induced by toxic Aβprotein in transgenic Caenorhabditis elegans via insulin DAF-16 signalingpathway. Food Res Int. 2022 Oct;160:111696. doi: 10.1016/j.foodres.2022.111696.
,,protein in transgenic Caenorhabditis elegans via insulin DAF-16 signalingpathway. Food Res Int. 2022 Oct;160:111696. doi: 10.1016/j.foodres.2022.111696.Epub 2022 Jul 16. PMID: 36076399.
,,0
,,0
,,0
,,"158: Hanbouch L, Schaack B, Kasri A, Fontaine G, Gkanatsiou E, Brinkmalm G,Camporesi E, Portelius E, Blennow K, Mourier G, Gilles N, Millan MJ, Marquer C,Zetterberg H, Boussicault L, Potier MC. Specific Mutations in the Cholesterol-"
,,"Camporesi E, Portelius E, Blennow K, Mourier G, Gilles N, Millan MJ, Marquer C,Zetterberg H, Boussicault L, Potier MC. Specific Mutations in the Cholesterol-Binding Site of APP Alter Its Processing and Favor the Production of Shorter,"
,,"Zetterberg H, Boussicault L, Potier MC. Specific Mutations in the Cholesterol-Binding Site of APP Alter Its Processing and Favor the Production of Shorter,Less Toxic Aβ Peptides. Mol Neurobiol. 2022 Nov;59(11):7056-7073. doi:"
,,"Binding Site of APP Alter Its Processing and Favor the Production of Shorter,Less Toxic Aβ Peptides. Mol Neurobiol. 2022 Nov;59(11):7056-7073. doi:10.1007/s12035-022-03025-9. Epub 2022 Sep 9. PMID: 36076005; PMCID: PMC9525381."
,,0
,,0
,,0
,,"159: Chen C, Ma X, Wei J, Shakir N, Zhang JK, Zhang L, Nehme A, Cui Y, FergusonD, Bai F, Qiu S. Early impairment of cortical circuit plasticity andconnectivity in the 5XFAD Alzheimer's disease mouse model. Transl Psychiatry."
,,"D, Bai F, Qiu S. Early impairment of cortical circuit plasticity andconnectivity in the 5XFAD Alzheimer's disease mouse model. Transl Psychiatry.2022 Sep 8;12(1):371. doi: 10.1038/s41398-022-02132-4. PMID: 36075886; PMCID:"
,,connectivity in the 5XFAD Alzheimer's disease mouse model. Transl Psychiatry.2022 Sep 8;12(1):371. doi: 10.1038/s41398-022-02132-4. PMID: 36075886; PMCID:PMC9458752.
,,0
,,0
,,0
,,"160: Wu YY, Song XG, Zhu CF, Cai SC, Ge X, Wang L, Jia YM. [Effect ofmoxibustion on autophagy in mice with Alzheimer's disease based on mTOR/p70S6Ksignaling pathway]. Zhongguo Zhen Jiu. 2022 Sep 12;42(9):1011-6. Chinese. doi:"
,,moxibustion on autophagy in mice with Alzheimer's disease based on mTOR/p70S6Ksignaling pathway]. Zhongguo Zhen Jiu. 2022 Sep 12;42(9):1011-6. Chinese. doi:10.13703/j.0255-2930.20210705-k0004. PMID: 36075597.
,,0
,,0
,,0
,,"161: Andrade S, Ramalho MJ, Loureiro JA, Pereira MC. Transferrin-functionalizedliposomes loaded with vitamin VB12 for Alzheimer's disease therapy. Int J Pharm.2022 Oct 15;626:122167. doi: 10.1016/j.ijpharm.2022.122167. Epub 2022 Sep 6."
,,liposomes loaded with vitamin VB12 for Alzheimer's disease therapy. Int J Pharm.2022 Oct 15;626:122167. doi: 10.1016/j.ijpharm.2022.122167. Epub 2022 Sep 6.PMID: 36075524.
,,0
,,0
,,0
,,"162: Ding S, Yang L, Huang L, Kong L, Chen M, Su Y, Li X, Dong X, Han Y, Li W,Li W. Chronic glucocorticoid exposure accelerates Aβ generation andneurotoxicity by activating calcium-mediated CN-NFAT1 signaling in hippocampal"
,,Li W. Chronic glucocorticoid exposure accelerates Aβ generation andneurotoxicity by activating calcium-mediated CN-NFAT1 signaling in hippocampalneurons in APP/PS1 mice. Food Chem Toxicol. 2022 Oct;168:113407. doi:
,,neurotoxicity by activating calcium-mediated CN-NFAT1 signaling in hippocampalneurons in APP/PS1 mice. Food Chem Toxicol. 2022 Oct;168:113407. doi:10.1016/j.fct.2022.113407. Epub 2022 Sep 6. PMID: 36075474.
,,0
,,0
,,0
,,"163: Yoshimatsu S, Seki F, Okahara J, Watanabe H, Sasaguri H, Haga Y, Hata JI,Sanosaka T, Inoue T, Mineshige T, Lee CY, Shinohara H, Kurotaki Y, Komaki Y,Kishi N, Murayama AY, Nagai Y, Minamimoto T, Yamamoto M, Nakajima M, Zhou Z,"
,,"Sanosaka T, Inoue T, Mineshige T, Lee CY, Shinohara H, Kurotaki Y, Komaki Y,Kishi N, Murayama AY, Nagai Y, Minamimoto T, Yamamoto M, Nakajima M, Zhou Z,Nemoto A, Sato T, Ikeuchi T, Sahara N, Morimoto S, Shiozawa S, Saido TC, Sasaki"
,,"Kishi N, Murayama AY, Nagai Y, Minamimoto T, Yamamoto M, Nakajima M, Zhou Z,Nemoto A, Sato T, Ikeuchi T, Sahara N, Morimoto S, Shiozawa S, Saido TC, SasakiE, Okano H. Multimodal analyses of a non-human primate model harboring mutant"
,,"Nemoto A, Sato T, Ikeuchi T, Sahara N, Morimoto S, Shiozawa S, Saido TC, SasakiE, Okano H. Multimodal analyses of a non-human primate model harboring mutantamyloid precursor protein transgenes driven by the human EF1α promoter. Neurosci"
,,"E, Okano H. Multimodal analyses of a non-human primate model harboring mutantamyloid precursor protein transgenes driven by the human EF1α promoter. NeurosciRes. 2022 Sep 6:S0168-0102(22)00232-2. doi: 10.1016/j.neures.2022.08.008. Epub"
,,amyloid precursor protein transgenes driven by the human EF1α promoter. NeurosciRes. 2022 Sep 6:S0168-0102(22)00232-2. doi: 10.1016/j.neures.2022.08.008. Epubahead of print. PMID: 36075457.
,,0
,,0
,,0
,,"164: Koutarapu S, Ge J, Jha D, Blennow K, Zetterberg H, Lashley T, Michno W,Hanrieder J. Correlative chemical imaging identifies amyloid peptide signaturesof neuritic plaques and dystrophy in human sporadic Alzheimer's disease. Brain"
,,Hanrieder J. Correlative chemical imaging identifies amyloid peptide signaturesof neuritic plaques and dystrophy in human sporadic Alzheimer's disease. BrainConnect. 2022 Sep 8. doi: 10.1089/brain.2022.0047. Epub ahead of print. PMID:
,,of neuritic plaques and dystrophy in human sporadic Alzheimer's disease. BrainConnect. 2022 Sep 8. doi: 10.1089/brain.2022.0047. Epub ahead of print. PMID:36074939
,,0
,,0
,,0
,,"165: Huang Y, Li Y, Xie F, Guo Q. Associations of plasma phosphorylated tau181and neurofilament light chain with brain amyloid burden and cognition inobjectively defined subtle cognitive decline patients. CNS Neurosci Ther. 2022"
,,and neurofilament light chain with brain amyloid burden and cognition inobjectively defined subtle cognitive decline patients. CNS Neurosci Ther. 2022Sep 8. doi: 10.1111/cns.13962. Epub ahead of print. PMID: 36074638.
,,0
,,0
,,0
,,"166: He CY, Wang ZT, Shen YY, Shi AY, Li HY, Chen DW, Zeng GH, Tan CR, Yu JT,Zeng F, Wang YJ; Alzheimer's Disease Neuroimaging Initiative. Association ofrs2072446 in the NGFR gene with the risk of Alzheimer's disease and amyloid-β"
,,"Zeng F, Wang YJ; Alzheimer's Disease Neuroimaging Initiative. Association ofrs2072446 in the NGFR gene with the risk of Alzheimer's disease and amyloid-βdeposition in the brain. CNS Neurosci Ther. 2022 Sep 8. doi: 10.1111/cns.13965."
,,rs2072446 in the NGFR gene with the risk of Alzheimer's disease and amyloid-βdeposition in the brain. CNS Neurosci Ther. 2022 Sep 8. doi: 10.1111/cns.13965.Epub ahead of print. PMID: 36074475.
,,0
,,0
,,0
,,"167: Hammers DB, Kostadinova RV, Spencer RJ, Ikanga JN, Unverzagt FW, RisacherSL, Apostolova LG; Alzheimer’s Disease Neuroimaging Initiative. Sensitivity ofmemory subtests and learning slopes from the ADAS-Cog to distinguish along the"
,,"SL, Apostolova LG; Alzheimer’s Disease Neuroimaging Initiative. Sensitivity ofmemory subtests and learning slopes from the ADAS-Cog to distinguish along thecontinuum of the NIA-AA Research Framework for Alzheimer's Disease. Neuropsychol"
,,memory subtests and learning slopes from the ADAS-Cog to distinguish along thecontinuum of the NIA-AA Research Framework for Alzheimer's Disease. NeuropsycholDev Cogn B Aging Neuropsychol Cogn. 2022 Sep 8:1-19. doi:
,,continuum of the NIA-AA Research Framework for Alzheimer's Disease. NeuropsycholDev Cogn B Aging Neuropsychol Cogn. 2022 Sep 8:1-19. doi:10.1080/13825585.2022.2120957. Epub ahead of print. PMID: 36074015.
,,0
,,0
,,0
,,"168: Jindo M, Nakamura K, Okumura H, Tsukiyama K, Kawasaki T. Application studyof infrared free-electron lasers towards the development of amyloidosis therapy.J Synchrotron Radiat. 2022 Sep 1;29(Pt 5):1133-1140. doi:"
,,of infrared free-electron lasers towards the development of amyloidosis therapy.J Synchrotron Radiat. 2022 Sep 1;29(Pt 5):1133-1140. doi:10.1107/S1600577522007330. Epub 2022 Aug 12. PMID: 36073871; PMCID: PMC9455209.
,,0
,,0
,,0
,,"169: Summers KL, Roseman G, Schilling KM, Dolgova NV, Pushie MJ, Sokaras D,Kroll T, Harris HH, Millhauser GL, Pickering IJ, George GN. Alzheimer's DrugPBT2 Interacts with the Amyloid β 1-42 Peptide Differently than Other"
,,"Kroll T, Harris HH, Millhauser GL, Pickering IJ, George GN. Alzheimer's DrugPBT2 Interacts with the Amyloid β 1-42 Peptide Differently than Other8-Hydroxyquinoline Chelating Drugs. Inorg Chem. 2022 Sep 19;61(37):14626-14640."
,,PBT2 Interacts with the Amyloid β 1-42 Peptide Differently than Other8-Hydroxyquinoline Chelating Drugs. Inorg Chem. 2022 Sep 19;61(37):14626-14640.doi: 10.1021/acs.inorgchem.2c01694. Epub 2022 Sep 8. PMID: 36073854.
,,0
,,0
,,0
,,"170: Jang M, Choi N, Kim HN. Hyperglycemic Neurovasculature-On-A-Chip to Studythe Effect of SIRT1-Targeted Therapy for the Type 3 Diabetes ""Alzheimer'sDisease"". Adv Sci (Weinh). 2022 Sep 8:e2201882. doi: 10.1002/advs.202201882."
,,"the Effect of SIRT1-Targeted Therapy for the Type 3 Diabetes ""Alzheimer'sDisease"". Adv Sci (Weinh). 2022 Sep 8:e2201882. doi: 10.1002/advs.202201882.Epub ahead of print. PMID: 36073820."
,,0
,,0
,,0
,,"171: Mukerjee N, Das A, Jawarkar RD, Maitra S, Das P, Castrosanto MA, Paul S,Samad A, Zaki MEA, Al-Hussain SA, Masand VH, Hasan MM, Bukhari SNA, Perveen A,Alghamdi BS, Alexiou A, Kamal MA, Dey A, Malik S, Bakal RL, Abuzenadah AM, Ghosh"
,,"Samad A, Zaki MEA, Al-Hussain SA, Masand VH, Hasan MM, Bukhari SNA, Perveen A,Alghamdi BS, Alexiou A, Kamal MA, Dey A, Malik S, Bakal RL, Abuzenadah AM, GhoshA, Md Ashraf G. Repurposing food molecules as a potential BACE1 inhibitor for"
,,"Alghamdi BS, Alexiou A, Kamal MA, Dey A, Malik S, Bakal RL, Abuzenadah AM, GhoshA, Md Ashraf G. Repurposing food molecules as a potential BACE1 inhibitor forAlzheimer's disease. Front Aging Neurosci. 2022 Aug 22;14:878276. doi:"
,,"A, Md Ashraf G. Repurposing food molecules as a potential BACE1 inhibitor forAlzheimer's disease. Front Aging Neurosci. 2022 Aug 22;14:878276. doi:10.3389/fnagi.2022.878276. PMID: 36072483; PMCID: PMC9443073."
,,0
,,0
,,0
,,"172: Volloch V, Rits-Volloch S. The Amyloid Cascade Hypothesis 2.0: On thePossibility of Once-in-a-Lifetime-Only Treatment for Prevention of Alzheimer'sDisease and for Its Potential Cure at Symptomatic Stages. J Alzheimers Dis Rep."
,,Possibility of Once-in-a-Lifetime-Only Treatment for Prevention of Alzheimer'sDisease and for Its Potential Cure at Symptomatic Stages. J Alzheimers Dis Rep.2022 Jul 11;6(1):369-399. doi: 10.3233/ADR-220031. PMID: 36072366; PMCID:
,,Disease and for Its Potential Cure at Symptomatic Stages. J Alzheimers Dis Rep.2022 Jul 11;6(1):369-399. doi: 10.3233/ADR-220031. PMID: 36072366; PMCID:PMC9397896.
,,0
,,0
,,0
,,"173: Minocha T, Birla H, Obaid AA, Rai V, Sushma P, Shivamallu C, Moustafa M,Al-Shehri M, Al-Emam A, Tikhonova MA, Yadav SK, Poeggeler B, Singh D, Singh SK.Flavonoids as Promising Neuroprotectants and Their Therapeutic Potential against"
,,"Al-Shehri M, Al-Emam A, Tikhonova MA, Yadav SK, Poeggeler B, Singh D, Singh SK.Flavonoids as Promising Neuroprotectants and Their Therapeutic Potential againstAlzheimer's Disease. Oxid Med Cell Longev. 2022 Aug 28;2022:6038996. doi:"
,,Flavonoids as Promising Neuroprotectants and Their Therapeutic Potential againstAlzheimer's Disease. Oxid Med Cell Longev. 2022 Aug 28;2022:6038996. doi:10.1155/2022/6038996. PMID: 36071869; PMCID: PMC9441372.
,,0
,,0
,,0
,,"174: Tan L, Zheng ZY, Huang L, Jin Z, Li SL, Wu GS, Luo HR. Flavonol glycosidecomplanatoside A requires FOXO/DAF-16, NRF2/SKN-1, and HSF-1 to improve stressresistances and extend the life span of <i>Caenorhabditis elegans</i>. Front"
,,"complanatoside A requires FOXO/DAF-16, NRF2/SKN-1, and HSF-1 to improve stressresistances and extend the life span of <i>Caenorhabditis elegans</i>. FrontPharmacol. 2022 Aug 22;13:931886. doi: 10.3389/fphar.2022.931886. PMID:"
,,resistances and extend the life span of <i>Caenorhabditis elegans</i>. FrontPharmacol. 2022 Aug 22;13:931886. doi: 10.3389/fphar.2022.931886. PMID:36071837; PMCID: PMC9441740.
,,0
,,0
,,0
,,"175: Klafki HW, Vogelgsang J, Manuilova E, Bauer C, Jethwa A, Esselmann H, Jahn-Brodmann A, Osterloh D, Lachmann I, Breitling B, Rauter C, Hansen N, Bouter C,Palme S, Schuchhardt J, Wiltfang J. Diagnostic performance of automated plasma"
,,"Brodmann A, Osterloh D, Lachmann I, Breitling B, Rauter C, Hansen N, Bouter C,Palme S, Schuchhardt J, Wiltfang J. Diagnostic performance of automated plasmaamyloid-β assays combined with pre-analytical immunoprecipitation. Alzheimers"
,,"Palme S, Schuchhardt J, Wiltfang J. Diagnostic performance of automated plasmaamyloid-β assays combined with pre-analytical immunoprecipitation. AlzheimersRes Ther. 2022 Sep 7;14(1):127. doi: 10.1186/s13195-022-01071-y. PMID: 36071505;"
,,amyloid-β assays combined with pre-analytical immunoprecipitation. AlzheimersRes Ther. 2022 Sep 7;14(1):127. doi: 10.1186/s13195-022-01071-y. PMID: 36071505;PMCID: PMC9450259.
,,0
,,0
,,0
,,"176: Giannini G, Baiardi S, Dellavalle S, Zenesini C, Cevoli S, Danner N,Jyrkkänen HK, Rossi M, Polischi B, Quadalti C, Stefanini C, Cortelli P, MillettiD, Herukka SK, Palandri G, Leinonen V, Parchi P. In vivo assessment of Lewy body"
,,"Jyrkkänen HK, Rossi M, Polischi B, Quadalti C, Stefanini C, Cortelli P, MillettiD, Herukka SK, Palandri G, Leinonen V, Parchi P. In vivo assessment of Lewy bodyand beta-amyloid copathologies in idiopathic normal pressure hydrocephalus:"
,,"D, Herukka SK, Palandri G, Leinonen V, Parchi P. In vivo assessment of Lewy bodyand beta-amyloid copathologies in idiopathic normal pressure hydrocephalus:prevalence and associations with clinical features and surgery outcome. Fluids"
,,and beta-amyloid copathologies in idiopathic normal pressure hydrocephalus:prevalence and associations with clinical features and surgery outcome. FluidsBarriers CNS. 2022 Sep 7;19(1):71. doi: 10.1186/s12987-022-00368-2. PMID:
,,prevalence and associations with clinical features and surgery outcome. FluidsBarriers CNS. 2022 Sep 7;19(1):71. doi: 10.1186/s12987-022-00368-2. PMID:36071460; PMCID: PMC9454182.
,,0
,,0
,,0
,,"177: Yue N, Fu H, Chen Y, Gao X, Dai J, Cui M. Rational design of molecularrotor-based fluorescent probes with bi-aromatic rings for efficient in vivodetection of amyloid-β plaques in Alzheimer's disease. Eur J Med Chem. 2022 Aug"
,,rotor-based fluorescent probes with bi-aromatic rings for efficient in vivodetection of amyloid-β plaques in Alzheimer's disease. Eur J Med Chem. 2022 Aug30;243:114715. doi: 10.1016/j.ejmech.2022.114715. Epub ahead of print. PMID:
,,detection of amyloid-β plaques in Alzheimer's disease. Eur J Med Chem. 2022 Aug30;243:114715. doi: 10.1016/j.ejmech.2022.114715. Epub ahead of print. PMID:36070630
,,0
,,0
,,0
,,"178: Hasan I, Guo B, Zhang J, Chang C. Advances in Antioxidant Nanomedicines forImaging and Therapy of Alzheimer's Disease. Antioxid Redox Signal. 2022 Sep 7.doi: 10.1089/ars.2022.0107. Epub ahead of print. PMID: 36070437."
,,0
,,0
,,0
,,"179: Zhao P, Xu Y, Jiang L, Fan X, Li L, Li X, Arase H, Zhao Y, Cao W, Zheng H,Xu H, Tong Q, Zhang N, An Z. A tetravalent TREM2 agonistic antibody reducedamyloid pathology in a mouse model of Alzheimer's disease. Sci Transl Med. 2022"
,,"Xu H, Tong Q, Zhang N, An Z. A tetravalent TREM2 agonistic antibody reducedamyloid pathology in a mouse model of Alzheimer's disease. Sci Transl Med. 2022Sep 7;14(661):eabq0095. doi: 10.1126/scitranslmed.abq0095. Epub 2022 Sep 7."
,,amyloid pathology in a mouse model of Alzheimer's disease. Sci Transl Med. 2022Sep 7;14(661):eabq0095. doi: 10.1126/scitranslmed.abq0095. Epub 2022 Sep 7.PMID: 36070367.
,,0
,,0
,,0
,,"180: Singh K, Kaur A, Goyal D, Goyal B. Mechanistic insights into the mitigationof Aβ aggregation and protofibril destabilization by a D-enantiomericdecapeptide rk10. Phys Chem Chem Phys. 2022 Sep 21;24(36):21975-21994. doi:"
,,of Aβ aggregation and protofibril destabilization by a D-enantiomericdecapeptide rk10. Phys Chem Chem Phys. 2022 Sep 21;24(36):21975-21994. doi:10.1039/d2cp02601e. PMID: 36069400.
,,0
,,0
,,0
,,"181: Oliveira FP, Ferreira SM, Silva MG, Castanheira JC, Teixeira RJ, Costa DC.Patlak plot based on the first 30 minutes post-injection dynamic<sup>18</sup>F-florbetaben positron emission tomography scan separates amyloid-β"
,,Patlak plot based on the first 30 minutes post-injection dynamic<sup>18</sup>F-florbetaben positron emission tomography scan separates amyloid-βpositive from negative studies. Br J Radiol. 2022 Oct 1:20211023. doi:
,,<sup>18</sup>F-florbetaben positron emission tomography scan separates amyloid-βpositive from negative studies. Br J Radiol. 2022 Oct 1:20211023. doi:10.1259/bjr.20211023. Epub ahead of print. PMID: 36069339.
,,0
,,0
,,0
,,"182: Akinci M, Sánchez-Benavides G, Brugulat-Serrat A, Peña-Gómez C, PalpatzisE, Shekari M, Deulofeu C, Fuentes-Julian S, Salvadó G, González-de-Echávarri JM,Suárez-Calvet M, Minguillón C, Fauria K, Molinuevo JL, Gispert JD, Grau-Rivera"
,,"E, Shekari M, Deulofeu C, Fuentes-Julian S, Salvadó G, González-de-Echávarri JM,Suárez-Calvet M, Minguillón C, Fauria K, Molinuevo JL, Gispert JD, Grau-RiveraO, Arenaza-Urquijo EM; ALFA Study. Subjective cognitive decline and"
,,"Suárez-Calvet M, Minguillón C, Fauria K, Molinuevo JL, Gispert JD, Grau-RiveraO, Arenaza-Urquijo EM; ALFA Study. Subjective cognitive decline andanxious/depressive symptoms during the COVID-19 pandemic: what is the role of"
,,"O, Arenaza-Urquijo EM; ALFA Study. Subjective cognitive decline andanxious/depressive symptoms during the COVID-19 pandemic: what is the role ofstress perception, stress resilience, and β-amyloid? Alzheimers Res Ther. 2022"
,,"anxious/depressive symptoms during the COVID-19 pandemic: what is the role ofstress perception, stress resilience, and β-amyloid? Alzheimers Res Ther. 2022Sep 6;14(1):126. doi: 10.1186/s13195-022-01068-7. PMID: 36068641; PMCID:"
,,"stress perception, stress resilience, and β-amyloid? Alzheimers Res Ther. 2022Sep 6;14(1):126. doi: 10.1186/s13195-022-01068-7. PMID: 36068641; PMCID:PMC9446623."
,,0
,,0
,,0
,,"183: Whitfield T, Demnitz-King H, Schlosser M, Barnhofer T, Frison E, Coll-Padros N, Dautricourt S, Requier F, Delarue M, Gonneaud J, Klimecki OM, Lutz A,Paly L, Salmon E, Schild AK, Walker Z, Jessen F, Chételat G, Collette F, Wirth"
,,"Padros N, Dautricourt S, Requier F, Delarue M, Gonneaud J, Klimecki OM, Lutz A,Paly L, Salmon E, Schild AK, Walker Z, Jessen F, Chételat G, Collette F, WirthM, Marchant NL; Medit-Ageing Research Group. Effects of a mindfulness-based"
,,"Paly L, Salmon E, Schild AK, Walker Z, Jessen F, Chételat G, Collette F, WirthM, Marchant NL; Medit-Ageing Research Group. Effects of a mindfulness-basedversus a health self-management intervention on objective cognitive performance"
,,"M, Marchant NL; Medit-Ageing Research Group. Effects of a mindfulness-basedversus a health self-management intervention on objective cognitive performancein older adults with subjective cognitive decline (SCD): a secondary analysis of"
,,versus a health self-management intervention on objective cognitive performancein older adults with subjective cognitive decline (SCD): a secondary analysis ofthe SCD-Well randomized controlled trial. Alzheimers Res Ther. 2022 Sep
,,in older adults with subjective cognitive decline (SCD): a secondary analysis ofthe SCD-Well randomized controlled trial. Alzheimers Res Ther. 2022 Sep6;14(1):125. doi: 10.1186/s13195-022-01057-w. PMID: 36068621; PMCID: PMC9446839.
,,0
,,0
,,0
,,"184: Zhang H, Zhou W, Li J, Qiu Z, Wang X, Xu H, Wang H, Lu D, Qi R. SenegeninRescues PC12 Cells with Oxidative Damage Through Inhibition of Ferroptosis. MolNeurobiol. 2022 Nov;59(11):6983-6992. doi: 10.1007/s12035-022-03014-y. Epub 2022"
,,Rescues PC12 Cells with Oxidative Damage Through Inhibition of Ferroptosis. MolNeurobiol. 2022 Nov;59(11):6983-6992. doi: 10.1007/s12035-022-03014-y. Epub 2022Sep 7. PMID: 36068400.
,,0
,,0
,,0
,,"185: P X, Zz L, Gg J, Lp W, Cm B, Yl W, Chen MF, W L. The role of LRP1 in Aβefflux transport across the blood-brain barrier and cognitive dysfunction indiabetes mellitus. Neurochem Int. 2022 Sep 5;160:105417. doi:"
,,efflux transport across the blood-brain barrier and cognitive dysfunction indiabetes mellitus. Neurochem Int. 2022 Sep 5;160:105417. doi:10.1016/j.neuint.2022.105417. Epub ahead of print. PMID: 36067928.
,,0
,,0
,,0
,,"186: Pham T, Cheng KH. Exploring the binding kinetics and behaviors of self-aggregated beta-amyloid oligomers to phase-separated lipid rafts with or withoutganglioside-clusters. Biophys Chem. 2022 Nov;290:106874. doi:"
,,aggregated beta-amyloid oligomers to phase-separated lipid rafts with or withoutganglioside-clusters. Biophys Chem. 2022 Nov;290:106874. doi:10.1016/j.bpc.2022.106874. Epub 2022 Aug 12. PMID: 36067650.
,,0
,,0
,,0
,,"187: Ngian ZK, Tan YY, Choo CT, Lin WQ, Leow CY, Mah SJ, Lai MK, Chen CL, OngCT. Truncated Tau caused by intron retention is enriched in Alzheimer's diseasecortex and exhibits altered biochemical properties. Proc Natl Acad Sci U S A."
,,CT. Truncated Tau caused by intron retention is enriched in Alzheimer's diseasecortex and exhibits altered biochemical properties. Proc Natl Acad Sci U S A.2022 Sep 13;119(37):e2204179119. doi: 10.1073/pnas.2204179119. Epub 2022 Sep 6.
,,cortex and exhibits altered biochemical properties. Proc Natl Acad Sci U S A.2022 Sep 13;119(37):e2204179119. doi: 10.1073/pnas.2204179119. Epub 2022 Sep 6.PMID: 36067305; PMCID: PMC9477417.
,,0
,,0
,,0
,,"188: Jansen IE, van der Lee SJ, Gomez-Fonseca D, de Rojas I, Dalmasso MC,Grenier-Boley B, Zettergren A, Mishra A, Ali M, Andrade V, Bellenguez C,Kleineidam L, Küçükali F, Sung YJ, Tesí N, Vromen EM, Wightman DP, Alcolea D,"
,,"Grenier-Boley B, Zettergren A, Mishra A, Ali M, Andrade V, Bellenguez C,Kleineidam L, Küçükali F, Sung YJ, Tesí N, Vromen EM, Wightman DP, Alcolea D,Alegret M, Alvarez I, Amouyel P, Athanasiu L, Bahrami S, Bailly H, Belbin O,"
,,"Kleineidam L, Küçükali F, Sung YJ, Tesí N, Vromen EM, Wightman DP, Alcolea D,Alegret M, Alvarez I, Amouyel P, Athanasiu L, Bahrami S, Bailly H, Belbin O,Bergh S, Bertram L, Biessels GJ, Blennow K, Blesa R, Boada M, Boland A, Buerger"
,,"Alegret M, Alvarez I, Amouyel P, Athanasiu L, Bahrami S, Bailly H, Belbin O,Bergh S, Bertram L, Biessels GJ, Blennow K, Blesa R, Boada M, Boland A, BuergerK, Carracedo Á, Cervera-Carles L, Chene G, Claassen JAHR, Debette S, Deleuze JF,"
,,"Bergh S, Bertram L, Biessels GJ, Blennow K, Blesa R, Boada M, Boland A, BuergerK, Carracedo Á, Cervera-Carles L, Chene G, Claassen JAHR, Debette S, Deleuze JF,de Deyn PP, Diehl-Schmid J, Djurovic S, Dols-Icardo O, Dufouil C, Duron E, Düzel"
,,"K, Carracedo Á, Cervera-Carles L, Chene G, Claassen JAHR, Debette S, Deleuze JF,de Deyn PP, Diehl-Schmid J, Djurovic S, Dols-Icardo O, Dufouil C, Duron E, DüzelE; EADB consortium, Fladby T, Fortea J, Frölich L, García-González P, Garcia-"
,,"de Deyn PP, Diehl-Schmid J, Djurovic S, Dols-Icardo O, Dufouil C, Duron E, DüzelE; EADB consortium, Fladby T, Fortea J, Frölich L, García-González P, Garcia-Martinez M, Giegling I, Goldhardt O, Gobom J, Grimmer T, Haapasalo A, Hampel H,"
,,"E; EADB consortium, Fladby T, Fortea J, Frölich L, García-González P, Garcia-Martinez M, Giegling I, Goldhardt O, Gobom J, Grimmer T, Haapasalo A, Hampel H,Hanon O, Hausner L, Heilmann-Heimbach S, Helisalmi S, Heneka MT, Hernández I,"
,,"Martinez M, Giegling I, Goldhardt O, Gobom J, Grimmer T, Haapasalo A, Hampel H,Hanon O, Hausner L, Heilmann-Heimbach S, Helisalmi S, Heneka MT, Hernández I,Herukka SK, Holstege H, Jarholm J, Kern S, Knapskog AB, Koivisto AM, Kornhuber"
,,"Hanon O, Hausner L, Heilmann-Heimbach S, Helisalmi S, Heneka MT, Hernández I,Herukka SK, Holstege H, Jarholm J, Kern S, Knapskog AB, Koivisto AM, KornhuberJ, Kuulasmaa T, Lage C, Laske C, Leinonen V, Lewczuk P, Lleó A, de Munain AL,"
,,"Herukka SK, Holstege H, Jarholm J, Kern S, Knapskog AB, Koivisto AM, KornhuberJ, Kuulasmaa T, Lage C, Laske C, Leinonen V, Lewczuk P, Lleó A, de Munain AL,Lopez-Garcia S, Maier W, Marquié M, Mol MO, Montrreal L, Moreno F, Moreno-Grau"
,,"J, Kuulasmaa T, Lage C, Laske C, Leinonen V, Lewczuk P, Lleó A, de Munain AL,Lopez-Garcia S, Maier W, Marquié M, Mol MO, Montrreal L, Moreno F, Moreno-GrauS, Nicolas G, Nöthen MM, Orellana A, Pålhaugen L, Papma JM, Pasquier F,"
,,"Lopez-Garcia S, Maier W, Marquié M, Mol MO, Montrreal L, Moreno F, Moreno-GrauS, Nicolas G, Nöthen MM, Orellana A, Pålhaugen L, Papma JM, Pasquier F,Perneczky R, Peters O, Pijnenburg YAL, Popp J, Posthuma D, Pozueta A, Priller J,"
,,"S, Nicolas G, Nöthen MM, Orellana A, Pålhaugen L, Papma JM, Pasquier F,Perneczky R, Peters O, Pijnenburg YAL, Popp J, Posthuma D, Pozueta A, Priller J,Puerta R, Quintela I, Ramakers I, Rodriguez-Rodriguez E, Rujescu D, Saltvedt I,"
,,"Perneczky R, Peters O, Pijnenburg YAL, Popp J, Posthuma D, Pozueta A, Priller J,Puerta R, Quintela I, Ramakers I, Rodriguez-Rodriguez E, Rujescu D, Saltvedt I,Sanchez-Juan P, Scheltens P, Scherbaum N, Schmid M, Schneider A, Selbæk G,"
,,"Puerta R, Quintela I, Ramakers I, Rodriguez-Rodriguez E, Rujescu D, Saltvedt I,Sanchez-Juan P, Scheltens P, Scherbaum N, Schmid M, Schneider A, Selbæk G,Selnes P, Shadrin A, Skoog I, Soininen H, Tárraga L, Teipel S; GR@ACE study"
,,"Sanchez-Juan P, Scheltens P, Scherbaum N, Schmid M, Schneider A, Selbæk G,Selnes P, Shadrin A, Skoog I, Soininen H, Tárraga L, Teipel S; GR@ACE studygroup, Tijms B, Tsolaki M, Van Broeckhoven C, Van Dongen J, van Swieten JC,"
,,"Selnes P, Shadrin A, Skoog I, Soininen H, Tárraga L, Teipel S; GR@ACE studygroup, Tijms B, Tsolaki M, Van Broeckhoven C, Van Dongen J, van Swieten JC,Vandenberghe R, Vidal JS, Visser PJ, Vogelgsang J, Waern M, Wagner M, Wiltfang"
,,"group, Tijms B, Tsolaki M, Van Broeckhoven C, Van Dongen J, van Swieten JC,Vandenberghe R, Vidal JS, Visser PJ, Vogelgsang J, Waern M, Wagner M, WiltfangJ, Wittens MMJ, Zetterberg H, Zulaica M, van Duijn CM, Bjerke M, Engelborghs S,"
,,"Vandenberghe R, Vidal JS, Visser PJ, Vogelgsang J, Waern M, Wagner M, WiltfangJ, Wittens MMJ, Zetterberg H, Zulaica M, van Duijn CM, Bjerke M, Engelborghs S,Jessen F, Teunissen CE, Pastor P, Hiltunen M, Ingelsson M, Andreassen OA,"
,,"J, Wittens MMJ, Zetterberg H, Zulaica M, van Duijn CM, Bjerke M, Engelborghs S,Jessen F, Teunissen CE, Pastor P, Hiltunen M, Ingelsson M, Andreassen OA,Clarimón J, Sleegers K, Ruiz A, Ramirez A, Cruchaga C, Lambert JC, van der Flier"
,,"Jessen F, Teunissen CE, Pastor P, Hiltunen M, Ingelsson M, Andreassen OA,Clarimón J, Sleegers K, Ruiz A, Ramirez A, Cruchaga C, Lambert JC, van der FlierW. Genome-wide meta-analysis for Alzheimer's disease cerebrospinal fluid"
,,"Clarimón J, Sleegers K, Ruiz A, Ramirez A, Cruchaga C, Lambert JC, van der FlierW. Genome-wide meta-analysis for Alzheimer's disease cerebrospinal fluidbiomarkers. Acta Neuropathol. 2022 Sep 6. doi: 10.1007/s00401-022-02454-z. Epub"
,,W. Genome-wide meta-analysis for Alzheimer's disease cerebrospinal fluidbiomarkers. Acta Neuropathol. 2022 Sep 6. doi: 10.1007/s00401-022-02454-z. Epubahead of print. PMID: 36066633.
,,0
,,0
,,0
,,"189: Ferdosh S, Banerjee S, Barat C. Amplification of Amyloid Protein-inducedAggregation of the Eukaryotic Ribosome. Protein Pept Lett. 2022 Sep 5. doi:10.2174/0929866529666220905112156. Epub ahead of print. PMID: 36065931."
,,0
,,0
,,0
,,"190: Zhou S, Dong X. Neuroprotective properties of Ferulic acid in preclinicalmodels of Alzheimer's disease: A systematic literature review. Curr Med Chem.2022 Sep 6. doi: 10.2174/0929867329666220906110506. Epub ahead of print. PMID:"
,,models of Alzheimer's disease: A systematic literature review. Curr Med Chem.2022 Sep 6. doi: 10.2174/0929867329666220906110506. Epub ahead of print. PMID:36065925
,,0
,,0
,,0
,,"191: Wang X, Bian Y, Wong CTT, Lu JH, Lee SM. TRPV1 Modulator AmelioratesAlzheimer-Like Amyloid-<i>β</i> Neuropathology via Akt/Gsk3<i>β</i>-MediatedNrf2 Activation in the Neuro-2a/APP Cell Model. Oxid Med Cell Longev. 2022 Aug"
,,Alzheimer-Like Amyloid-<i>β</i> Neuropathology via Akt/Gsk3<i>β</i>-MediatedNrf2 Activation in the Neuro-2a/APP Cell Model. Oxid Med Cell Longev. 2022 Aug27;2022:1544244. doi: 10.1155/2022/1544244. PMID: 36065437; PMCID: PMC9440841.
,,0
,,0
,,0
,,"192: Rauhala E, Johansson J, Karrasch M, Eskola O, Tolvanen T, Parkkola R,Virtanen KA, Rinne JO. Change in brain amyloid load and cognition in patientswith amnestic mild cognitive impairment: a 3-year follow-up study. EJNMMI Res."
,,"Virtanen KA, Rinne JO. Change in brain amyloid load and cognition in patientswith amnestic mild cognitive impairment: a 3-year follow-up study. EJNMMI Res.2022 Sep 5;12(1):55. doi: 10.1186/s13550-022-00928-5. PMID: 36065070; PMCID:"
,,with amnestic mild cognitive impairment: a 3-year follow-up study. EJNMMI Res.2022 Sep 5;12(1):55. doi: 10.1186/s13550-022-00928-5. PMID: 36065070; PMCID:PMC9445147.
,,0
,,0
,,0
,,"193: Sayehmiri F, Khodagholi F, Pourbadie HG, Naderi N, Aliakbarzadeh F, HashemiR, Naderi S, Motamedi F. Phosphonate analog of 2-oxoglutarate regulatesglutamate-glutamine homeostasis and counteracts amyloid beta induced learning"
,,"R, Naderi S, Motamedi F. Phosphonate analog of 2-oxoglutarate regulatesglutamate-glutamine homeostasis and counteracts amyloid beta induced learningand memory deficits in rats. Exp Gerontol. 2022 Oct 15;168:111944. doi:"
,,glutamate-glutamine homeostasis and counteracts amyloid beta induced learningand memory deficits in rats. Exp Gerontol. 2022 Oct 15;168:111944. doi:10.1016/j.exger.2022.111944. Epub 2022 Sep 3. PMID: 36064157.
,,0
,,0
,,0
,,"194: Chino-Vilca B, Rodríguez-Rojo IC, Torres-Simón L, Cuesta P, Vendrell AC,Piñol-Ripoll G, Huerto R, Tahan N, Maestú F. Sex specific EEG signaturesassociated with cerebrospinal fluid biomarkers in mild cognitive impairment."
,,"Piñol-Ripoll G, Huerto R, Tahan N, Maestú F. Sex specific EEG signaturesassociated with cerebrospinal fluid biomarkers in mild cognitive impairment.Clin Neurophysiol. 2022 Oct;142:190-198. doi: 10.1016/j.clinph.2022.08.007. Epub"
,,associated with cerebrospinal fluid biomarkers in mild cognitive impairment.Clin Neurophysiol. 2022 Oct;142:190-198. doi: 10.1016/j.clinph.2022.08.007. Epub2022 Aug 24. PMID: 36063668.
,,0
,,0
,,0
,,"195: Fatima S, Gupta S, Khan AB, Rehman SU, Jairajpuri MA. Identification andvalidation of two alternatively spliced novel isoforms of humanα-1-antichymotrypsin. Biochem Biophys Res Commun. 2022 Nov 5;628:25-31. doi:"
,,validation of two alternatively spliced novel isoforms of humanα-1-antichymotrypsin. Biochem Biophys Res Commun. 2022 Nov 5;628:25-31. doi:10.1016/j.bbrc.2022.08.061. Epub 2022 Aug 26. PMID: 36063599.
,,0
,,0
,,0
,,"196: Sun Q, Ni J, Wei M, Long S, Li T, Fan D, Lu T, Shi J, Tian J. Plasmaβ-amyloid, tau, neurodegeneration biomarkers and inflammatory factors ofprobable Alzheimer's disease dementia in Chinese individuals. Front Aging"
,,"β-amyloid, tau, neurodegeneration biomarkers and inflammatory factors ofprobable Alzheimer's disease dementia in Chinese individuals. Front AgingNeurosci. 2022 Aug 18;14:963845. doi: 10.3389/fnagi.2022.963845. PMID: 36062146;"
,,probable Alzheimer's disease dementia in Chinese individuals. Front AgingNeurosci. 2022 Aug 18;14:963845. doi: 10.3389/fnagi.2022.963845. PMID: 36062146;PMCID: PMC9433929.
,,0
,,0
,,0
,,"197: Xiong X, Hu T, Yin Z, Zhang Y, Chen F, Lei P. Research advances in thestudy of sleep disorders, circadian rhythm disturbances and Alzheimer's disease.Front Aging Neurosci. 2022 Aug 17;14:944283. doi: 10.3389/fnagi.2022.944283."
,,"study of sleep disorders, circadian rhythm disturbances and Alzheimer's disease.Front Aging Neurosci. 2022 Aug 17;14:944283. doi: 10.3389/fnagi.2022.944283.PMID: 36062143; PMCID: PMC9428322."
,,0
,,0
,,0
,,"198: Maharjan S, Tsai AP, Lin PB, Ingraham C, Jewett MR, Landreth GE, Oblak AL,Wang N. Age-dependent microstructure alterations in 5xFAD mice by high-resolution diffusion tensor imaging. Front Neurosci. 2022 Aug 17;16:964654. doi:"
,,Wang N. Age-dependent microstructure alterations in 5xFAD mice by high-resolution diffusion tensor imaging. Front Neurosci. 2022 Aug 17;16:964654. doi:10.3389/fnins.2022.964654. PMID: 36061588; PMCID: PMC9428354.
,,0
,,0
,,0
,,"199: Yang A, Du L, Gao W, Liu B, Chen Y, Wang Y, Liu X, Lv K, Zhang W, Xia H, WuK, Ma G. Associations of cortical iron accumulation with cognition and cerebralatrophy in Alzheimer's disease. Quant Imaging Med Surg. 2022"
,,"K, Ma G. Associations of cortical iron accumulation with cognition and cerebralatrophy in Alzheimer's disease. Quant Imaging Med Surg. 2022Sep;12(9):4570-4586. doi: 10.21037/qims-22-7. PMID: 36060596; PMCID: PMC9403583."
,,0
,,0
,,0
,,"200: Yue Z, Fu H, Ma H, Ma H, Li L, Feng Z, Yin Y, Wang F, Du B, Liu Y, Zhao R,Kan M, Sun H, Zhang Z, Yu S. Exploration of the main active components andpharmacological mechanism of Yerba Mate based on network pharmacology."
,,"Kan M, Sun H, Zhang Z, Yu S. Exploration of the main active components andpharmacological mechanism of Yerba Mate based on network pharmacology.Endokrynol Pol. 2022;73(4):725-735. doi: 10.5603/EP.a2022.0026. PMID: 36059165."
,,0
,,0
,,0
,,"1: Zyuz'kov GN, Miroshnichenko LA, Chaikovsky AV, Kotlovskaya LY. The Role ofMARK ERK1/2 and p38 in Regulation of Functions of Neural Stem Cells andNeuroglia under Conditions of β-Amyloid-Induced Neurodegeneration. Bull Exp Biol"
,,MARK ERK1/2 and p38 in Regulation of Functions of Neural Stem Cells andNeuroglia under Conditions of β-Amyloid-Induced Neurodegeneration. Bull Exp BiolMed. 2022 Aug;173(4):424-428. doi: 10.1007/s10517-022-05561-9. Epub 2022 Sep 5.
,,Neuroglia under Conditions of β-Amyloid-Induced Neurodegeneration. Bull Exp BiolMed. 2022 Aug;173(4):424-428. doi: 10.1007/s10517-022-05561-9. Epub 2022 Sep 5.PMID: 36058962; PMCID: PMC9441322.
,,0
,,0
,,0
,,"2: Zyuz'kov GN, Miroshnichenko LA, Kotlovskaya LY, Chaikovsky AV. The Role ofJAKs and STAT3 in Regulation of Regenerative-Competent Cells of the NervousTissue in β-Amyloid-Induced Neurodegeneration. Bull Exp Biol Med. 2022"
,,JAKs and STAT3 in Regulation of Regenerative-Competent Cells of the NervousTissue in β-Amyloid-Induced Neurodegeneration. Bull Exp Biol Med. 2022Aug;173(4):419-423. doi: 10.1007/s10517-022-05560-w. Epub 2022 Sep 5. PMID:
,,Tissue in β-Amyloid-Induced Neurodegeneration. Bull Exp Biol Med. 2022Aug;173(4):419-423. doi: 10.1007/s10517-022-05560-w. Epub 2022 Sep 5. PMID:36058961
,,0
,,0
,,0
,,"3: Alfaro-Ruiz R, Aguado C, Martín-Belmonte A, Moreno-Martínez AE, Merchán-Rubira J, Hernández F, Ávila J, Fukazawa Y, Luján R. Different modes of synapticand extrasynaptic NMDA receptor alteration in the hippocampus of P301S tau"
,,"Rubira J, Hernández F, Ávila J, Fukazawa Y, Luján R. Different modes of synapticand extrasynaptic NMDA receptor alteration in the hippocampus of P301S tautransgenic mice. Brain Pathol. 2022 Sep 4:e13115. doi: 10.1111/bpa.13115. Epub"
,,and extrasynaptic NMDA receptor alteration in the hippocampus of P301S tautransgenic mice. Brain Pathol. 2022 Sep 4:e13115. doi: 10.1111/bpa.13115. Epubahead of print. PMID: 36058615.
,,0
,,0
,,0
,,"4: Thorlaksen C, Stanciu AM, Busch Neergaard M, Hatzakis N, Foderà V, GroenningM. Morphological integrity of insulin amyloid-like aggregates depends onpreparation methods and post-production treatments. Eur J Pharm Biopharm. 2022"
,,M. Morphological integrity of insulin amyloid-like aggregates depends onpreparation methods and post-production treatments. Eur J Pharm Biopharm. 2022Sep 1:S0939-6411(22)00184-9. doi: 10.1016/j.ejpb.2022.08.018. Epub ahead of
,,preparation methods and post-production treatments. Eur J Pharm Biopharm. 2022Sep 1:S0939-6411(22)00184-9. doi: 10.1016/j.ejpb.2022.08.018. Epub ahead ofprint. PMID: 36058445.
,,0
,,0
,,0
,,"5: Hakeem MJ, Khan JM, Malik A, Husain FM, Ambastha V. Role of salts andsolvents on the defibrillation of food dye ""sunset yellow"" induced hen egg whitelysozyme amyloid fibrils. Int J Biol Macromol. 2022 Oct 31;219:1351-1359. doi:"
,,"solvents on the defibrillation of food dye ""sunset yellow"" induced hen egg whitelysozyme amyloid fibrils. Int J Biol Macromol. 2022 Oct 31;219:1351-1359. doi:10.1016/j.ijbiomac.2022.08.199. Epub 2022 Sep 2. PMID: 36058397."
,,0
,,0
,,0
,,"6: Hidisoglu E, Kantar D, Ozdemir S, Yargicoglu P. Cognitive dysfunctions andspontaneous EEG alterations induced by hippocampal amyloid pathology in rats.Adv Med Sci. 2022 Sep 1;67(2):328-337. doi: 10.1016/j.advms.2022.08.003. Epub"
,,spontaneous EEG alterations induced by hippocampal amyloid pathology in rats.Adv Med Sci. 2022 Sep 1;67(2):328-337. doi: 10.1016/j.advms.2022.08.003. Epubahead of print. PMID: 36058175.
,,0
,,0
,,0
,,"7: Wright JR, Deen QFE, Stevenson A, Telford-Cooke L, Parker C, Martin-Ruiz C,Steinert JR, Kalaria RN, Mukaetova-Ladinska EB. Plasma Myeloperoxidase as aPotential Biomarker of Patient Response to Anti-Dementia Treatment in"
,,"Steinert JR, Kalaria RN, Mukaetova-Ladinska EB. Plasma Myeloperoxidase as aPotential Biomarker of Patient Response to Anti-Dementia Treatment inAlzheimer's Disease. J Alzheimers Dis. 2022 Sep 1. doi: 10.3233/JAD-220642. Epub"
,,Potential Biomarker of Patient Response to Anti-Dementia Treatment inAlzheimer's Disease. J Alzheimers Dis. 2022 Sep 1. doi: 10.3233/JAD-220642. Epubahead of print. PMID: 36057826.
,,0
,,0
,,0
,,"8: Ohno K, Abdelhamid M, Zhou C, Jung CG, Michikawa M. Bifidobacterium breveMCC1274 Supplementation Increased the Plasma Levels of Metabolites withPotential Anti-Oxidative Activity in APP Knock-In Mice. J Alzheimers Dis. 2022"
,,MCC1274 Supplementation Increased the Plasma Levels of Metabolites withPotential Anti-Oxidative Activity in APP Knock-In Mice. J Alzheimers Dis. 2022Aug 30. doi: 10.3233/JAD-220479. Epub ahead of print. PMID: 36057824.
,,0
,,0
,,0
,,"9: Ebenau JL, Visser D, Kroeze LA, van Leeuwenstijn MSSA, van Harten AC,Windhorst AD, Golla SVS, Boellaard R, Scheltens P, Barkhof F, van Berckel BNM,van der Flier WM. Longitudinal change in ATN biomarkers in cognitively normal"
,,"Windhorst AD, Golla SVS, Boellaard R, Scheltens P, Barkhof F, van Berckel BNM,van der Flier WM. Longitudinal change in ATN biomarkers in cognitively normalindividuals. Alzheimers Res Ther. 2022 Sep 3;14(1):124. doi:"
,,van der Flier WM. Longitudinal change in ATN biomarkers in cognitively normalindividuals. Alzheimers Res Ther. 2022 Sep 3;14(1):124. doi:10.1186/s13195-022-01069-6. PMID: 36057616; PMCID: PMC9440493.
,,0
,,0
,,0
,,"10: Nazari M, Jafari A, Torabi N, Vajed-Samiei T, Ghasemi R, Fahanik-Babaei J,Eliassi A. The Effect of 40-Hz White LED Therapy on Structure-Function of BrainMitochondrial ATP-Sensitive Ca-Activated Large-Conductance Potassium Channel in"
,,Eliassi A. The Effect of 40-Hz White LED Therapy on Structure-Function of BrainMitochondrial ATP-Sensitive Ca-Activated Large-Conductance Potassium Channel inAmyloid Beta Toxicity. Neurotox Res. 2022 Oct;40(5):1380-1392. doi:
,,Mitochondrial ATP-Sensitive Ca-Activated Large-Conductance Potassium Channel inAmyloid Beta Toxicity. Neurotox Res. 2022 Oct;40(5):1380-1392. doi:10.1007/s12640-022-00565-9. Epub 2022 Sep 3. PMID: 36057039.
,,0
,,0
,,0
,,"11: Nuzzo D, Frinchi M, Giardina C, Scordino M, Zuccarini M, De Simone C, DiCarlo M, Belluardo N, Mudò G, Di Liberto V. Neuroprotective and Antioxidant Roleof Oxotremorine-M, a Non-selective Muscarinic Acetylcholine Receptors Agonist,"
,,"Carlo M, Belluardo N, Mudò G, Di Liberto V. Neuroprotective and Antioxidant Roleof Oxotremorine-M, a Non-selective Muscarinic Acetylcholine Receptors Agonist,in a Cellular Model of Alzheimer Disease. Cell Mol Neurobiol. 2022 Sep 3. doi:"
,,"of Oxotremorine-M, a Non-selective Muscarinic Acetylcholine Receptors Agonist,in a Cellular Model of Alzheimer Disease. Cell Mol Neurobiol. 2022 Sep 3. doi:10.1007/s10571-022-01274-9. Epub ahead of print. PMID: 36056992."
,,0
,,0
,,0
,,"12: Sundram S, Malviya R, Awasthi R. Genetic Causes of Alzheimer's Disease andthe Neuroprotective Role of Melatonin in its Management. CNS Neurol Disord DrugTargets. 2022 Sep 1. doi: 10.2174/1871527321666220901125730. Epub ahead of"
,,the Neuroprotective Role of Melatonin in its Management. CNS Neurol Disord DrugTargets. 2022 Sep 1. doi: 10.2174/1871527321666220901125730. Epub ahead ofprint. PMID: 36056839.
,,0
,,0
,,0
,,"13: Shah AJ, Mohi-Ud-Din R, Sabreen S, Wani TU, Jan R, Javed N, Mir PA, Mir RH,Masoodi MH. Clinical Biomarkers and Novel Drug Targets to Cut Gordian Knots ofAlzheimer's Disease. Curr Mol Pharmacol. 2022 Sep 3. doi:"
,,Masoodi MH. Clinical Biomarkers and Novel Drug Targets to Cut Gordian Knots ofAlzheimer's Disease. Curr Mol Pharmacol. 2022 Sep 3. doi:10.2174/1874467215666220903095837. Epub ahead of print. PMID: 36056834.
,,0
,,0
,,0
,,"14: Dey M, Singh RK. Exposure of aluminium to C6 glioma cells modulatesmolecular and functional neurotoxic markers. J Biochem Mol Toxicol. 2022 Sep3:e23210. doi: 10.1002/jbt.23210. Epub ahead of print. PMID: 36056780."
,,0
,,0
,,0
,,"15: Lan G, Cai Y, Li A, Liu Z, Ma S, Guo T; Alzheimer's Disease NeuroimagingInitiative. Association of presynaptic loss with Alzheimer's disease andcognitive decline. Ann Neurol. 2022 Sep 3. doi: 10.1002/ana.26492. Epub ahead of"
,,Initiative. Association of presynaptic loss with Alzheimer's disease andcognitive decline. Ann Neurol. 2022 Sep 3. doi: 10.1002/ana.26492. Epub ahead ofprint. PMID: 36056679.
,,0
,,0
,,0
,,"16: Lee WJ, Cho H, Baek MS, Kim HK, Lee JH, Ryu YH, Lyoo CH, Seong JK. Dynamicnetwork model reveals distinct tau spreading patterns in early- and late-onsetAlzheimer disease. Alzheimers Res Ther. 2022 Sep 2;14(1):121. doi:"
,,network model reveals distinct tau spreading patterns in early- and late-onsetAlzheimer disease. Alzheimers Res Ther. 2022 Sep 2;14(1):121. doi:10.1186/s13195-022-01061-0. PMID: 36056405; PMCID: PMC9438183.
,,0
,,0
,,0
,,0
,,0
,,0
,,"18: Kim DK, Jeong H, Bae J, Cha MY, Kang M, Shin D, Ha S, Hyeon SJ, Kim H, SuhK, Choi MS, Ryu H, Yu SW, Kim JI, Kim YS, Lee SW, Hwang D, Mook-Jung I. Aβ-induced mitochondrial dysfunction in neural progenitors controls KDM5A to"
,,"K, Choi MS, Ryu H, Yu SW, Kim JI, Kim YS, Lee SW, Hwang D, Mook-Jung I. Aβ-induced mitochondrial dysfunction in neural progenitors controls KDM5A toinfluence neuronal differentiation. Exp Mol Med. 2022 Sep 2. doi:"
,,induced mitochondrial dysfunction in neural progenitors controls KDM5A toinfluence neuronal differentiation. Exp Mol Med. 2022 Sep 2. doi:10.1038/s12276-022-00841-w. Epub ahead of print. PMID: 36056186.
,,0
,,0
,,0
,,"19: Dobrowolska Zakaria JA, Bateman RJ, Lysakowska M, Khatri A, Jean-Gilles D,Kennedy ME, Vassar R. The metabolism of human soluble amyloid precursor proteinisoforms is quantifiable by a stable isotope labeling-tandem mass spectrometry"
,,"Kennedy ME, Vassar R. The metabolism of human soluble amyloid precursor proteinisoforms is quantifiable by a stable isotope labeling-tandem mass spectrometrymethod. Sci Rep. 2022 Sep 2;12(1):14985. doi: 10.1038/s41598-022-18869-3. PMID:"
,,isoforms is quantifiable by a stable isotope labeling-tandem mass spectrometrymethod. Sci Rep. 2022 Sep 2;12(1):14985. doi: 10.1038/s41598-022-18869-3. PMID:36056033; PMCID: PMC9440206.
,,0
,,0
,,0
,,"20: Shih AZL, Chen YC, Speckmann T, Søndergaard E, Schürmann A, Verchere CB,Willnow TE. SORLA mediates endocytic uptake of proIAPP and protects againstislet amyloid deposition. Mol Metab. 2022 Aug 30;65:101585. doi:"
,,Willnow TE. SORLA mediates endocytic uptake of proIAPP and protects againstislet amyloid deposition. Mol Metab. 2022 Aug 30;65:101585. doi:10.1016/j.molmet.2022.101585. Epub ahead of print. PMID: 36055578; PMCID:
,,islet amyloid deposition. Mol Metab. 2022 Aug 30;65:101585. doi:10.1016/j.molmet.2022.101585. Epub ahead of print. PMID: 36055578; PMCID:PMC9474563.
,,0
,,0
,,0
,,"21: Diddi S, Lohidasan S, Arulmozhi S, Mahadik KR. Standardization andAmeliorative effect of Kalyanaka ghrita in β-amyloid induced memory impairmentin wistar rats. J Ethnopharmacol. 2022 Aug 30;300:115671. doi:"
,,Ameliorative effect of Kalyanaka ghrita in β-amyloid induced memory impairmentin wistar rats. J Ethnopharmacol. 2022 Aug 30;300:115671. doi:10.1016/j.jep.2022.115671. Epub ahead of print. PMID: 36055476.
,,0
,,0
,,0
,,"22: Hao W, Lenhart S, Petrella JR. Optimal anti-amyloid-beta therapy forAlzheimer's disease via a personalized mathematical model. PLoS Comput Biol.2022 Sep 2;18(9):e1010481. doi: 10.1371/journal.pcbi.1010481. PMID: 36054214;"
,,Alzheimer's disease via a personalized mathematical model. PLoS Comput Biol.2022 Sep 2;18(9):e1010481. doi: 10.1371/journal.pcbi.1010481. PMID: 36054214;PMCID: PMC9477429.
,,0
,,0
,,0
,,"23: Korneev A, Begun A, Liubimov S, Kachlishvili K, Molochkov A, Niemi AJ,Maisuradze GG. Exploring Structural Flexibility and Stability of α-Synuclein bythe Landau-Ginzburg-Wilson Approach. J Phys Chem B. 2022 Sep"
,,Maisuradze GG. Exploring Structural Flexibility and Stability of α-Synuclein bythe Landau-Ginzburg-Wilson Approach. J Phys Chem B. 2022 Sep15;126(36):6878-6890. doi: 10.1021/acs.jpcb.2c04651. Epub 2022 Sep 2. PMID:
,,the Landau-Ginzburg-Wilson Approach. J Phys Chem B. 2022 Sep15;126(36):6878-6890. doi: 10.1021/acs.jpcb.2c04651. Epub 2022 Sep 2. PMID:36053833; PMCID: PMC9482328.
,,0
,,0
,,0
,,"24: Rauchmann BS, Brendel M, Franzmeier N, Trappmann L, Zaganjori M, ErsoezlueE, Morenas-Rodriguez E, Guersel S, Burow L, Kurz C, Haeckert J, Tatò M, UtechtJ, Papazov B, Pogarell O, Janowitz D, Buerger K, Ewers M, Palleis C, Weidinger"
,,"E, Morenas-Rodriguez E, Guersel S, Burow L, Kurz C, Haeckert J, Tatò M, UtechtJ, Papazov B, Pogarell O, Janowitz D, Buerger K, Ewers M, Palleis C, WeidingerE, Biechele G, Schuster S, Finze A, Eckenweber F, Rupprecht R, Rominger A,"
,,"J, Papazov B, Pogarell O, Janowitz D, Buerger K, Ewers M, Palleis C, WeidingerE, Biechele G, Schuster S, Finze A, Eckenweber F, Rupprecht R, Rominger A,Goldhardt O, Grimmer T, Keeser D, Stoecklein S, Dietrich O, Bartenstein P, Levin"
,,"E, Biechele G, Schuster S, Finze A, Eckenweber F, Rupprecht R, Rominger A,Goldhardt O, Grimmer T, Keeser D, Stoecklein S, Dietrich O, Bartenstein P, LevinJ, Höglinger G, Perneczky R. Microglial Activation and Connectivity in Alzheimer"
,,"Goldhardt O, Grimmer T, Keeser D, Stoecklein S, Dietrich O, Bartenstein P, LevinJ, Höglinger G, Perneczky R. Microglial Activation and Connectivity in AlzheimerDisease and Aging. Ann Neurol. 2022 Aug 1. doi: 10.1002/ana.26465. Epub ahead of"
,,"J, Höglinger G, Perneczky R. Microglial Activation and Connectivity in AlzheimerDisease and Aging. Ann Neurol. 2022 Aug 1. doi: 10.1002/ana.26465. Epub ahead ofprint. PMID: 36053756."
,,0
,,0
,,0
,,"25: Zhao Z, Zhang L, Luo W, Cao Z, Zhu Q, Kong X, Zhu K, Zhang J, Wu D. Layer-specific microstructural patterns of anterior hippocampus in Alzheimer's diseasewith ex vivo diffusion MRI at 14.1 T. Hum Brain Mapp. 2022 Sep 2. doi:"
,,specific microstructural patterns of anterior hippocampus in Alzheimer's diseasewith ex vivo diffusion MRI at 14.1 T. Hum Brain Mapp. 2022 Sep 2. doi:10.1002/hbm.26062. Epub ahead of print. PMID: 36053237.
,,0
,,0
,,0
,,"26: Ng KP, Qian X, Ng KK, Ji F, Rosa-Neto P, Gauthier S, Kandiah N, Zhou JH;Alzheimer's Disease Neuroimaging Initiative. Stage-dependent differentialinfluence of metabolic and structural networks on memory across Alzheimer's"
,,Alzheimer's Disease Neuroimaging Initiative. Stage-dependent differentialinfluence of metabolic and structural networks on memory across Alzheimer'sdisease continuum. Elife. 2022 Sep 2;11:e77745. doi: 10.7554/eLife.77745. PMID:
,,influence of metabolic and structural networks on memory across Alzheimer'sdisease continuum. Elife. 2022 Sep 2;11:e77745. doi: 10.7554/eLife.77745. PMID:36053063; PMCID: PMC9477498.
,,0
,,0
,,0
,,"27: Egunlusi AO, Joubert J. Ever-expanding landscape: Alzheimer's - new targetsand new patents. Pharm Pat Anal. 2022 Sep 2. doi: 10.4155/ppa-2022-0031. Epubahead of print. PMID: 36052611."
,,0
,,0
,,0
,,"28: Inoue M, Higashi T, Hayashi Y, Onodera R, Fujisawa K, Taharabaru T, YokoyamaR, Ouchi K, Misumi Y, Ueda M, Inoue Y, Mizuguchi M, Saito T, Saido TC, Ando Y,Arima H, Motoyama K, Jono H. Multifunctional Therapeutic Cyclodextrin-Appended"
,,"R, Ouchi K, Misumi Y, Ueda M, Inoue Y, Mizuguchi M, Saito T, Saido TC, Ando Y,Arima H, Motoyama K, Jono H. Multifunctional Therapeutic Cyclodextrin-AppendedDendrimer Complex for Treatment of Systemic and Localized Amyloidosis. ACS Appl"
,,"Arima H, Motoyama K, Jono H. Multifunctional Therapeutic Cyclodextrin-AppendedDendrimer Complex for Treatment of Systemic and Localized Amyloidosis. ACS ApplMater Interfaces. 2022 Sep 14;14(36):40599-40611. doi: 10.1021/acsami.2c09913."
,,Dendrimer Complex for Treatment of Systemic and Localized Amyloidosis. ACS ApplMater Interfaces. 2022 Sep 14;14(36):40599-40611. doi: 10.1021/acsami.2c09913.Epub 2022 Sep 2. PMID: 36052562.
,,0
,,0
,,0
,,"29: Saha D, Jana B. Identifying the Template for Oligomer to Fibril Conversionfor Amyloid-β (1-42) Oligomers using Hamiltonian Replica Exchange MolecularDynamics. Chemphyschem. 2022 Sep 2:e202200393. doi: 10.1002/cphc.202200393. Epub"
,,for Amyloid-β (1-42) Oligomers using Hamiltonian Replica Exchange MolecularDynamics. Chemphyschem. 2022 Sep 2:e202200393. doi: 10.1002/cphc.202200393. Epubahead of print. PMID: 36052514.
,,0
,,0
,,0
,,"30: Krishnadas N, Doré V, Laws SM, Porter T, Lamb F, Bozinovski S, VillemagneVL, Rowe CC. Exploring discordant low amyloid beta and high neocortical taupositron emission tomography cases. Alzheimers Dement (Amst). 2022 Aug"
,,"VL, Rowe CC. Exploring discordant low amyloid beta and high neocortical taupositron emission tomography cases. Alzheimers Dement (Amst). 2022 Aug26;14(1):e12326. doi: 10.1002/dad2.12326. PMID: 36051174; PMCID: PMC9413469."
,,0
,,0
,,0
,,"31: Lu Y, Salsbury FR Jr, Derreumaux P. Impact of A2T and D23N mutations on C99homodimer conformations. J Chem Phys. 2022 Aug 28;157(8):085102. doi:10.1063/5.0101622. PMID: 36050011."
,,0
,,0
,,0
,,"32: Díaz G, Lengele L, Sourdet S, Soriano G, de Souto Barreto P. Nutrients andamyloid β status in the brain: A narrative review. Ageing Res Rev. 2022 Aug30;81:101728. doi: 10.1016/j.arr.2022.101728. Epub ahead of print. PMID:"
,,amyloid β status in the brain: A narrative review. Ageing Res Rev. 2022 Aug30;81:101728. doi: 10.1016/j.arr.2022.101728. Epub ahead of print. PMID:36049590
,,0
,,0
,,0
,,"33: Gomes FC, Santos IBF, Stephani CM, Ferrari MFR, Galvis-Alonso OY, Goloni-Bertollo EM, Melo-Neto JS, Pavarino ÉC. Vitamin D3 supplementation may attenuatemorphological and molecular abnormalities of the olfactory bulb in a mouse model"
,,"Bertollo EM, Melo-Neto JS, Pavarino ÉC. Vitamin D3 supplementation may attenuatemorphological and molecular abnormalities of the olfactory bulb in a mouse modelof Down syndrome. Tissue Cell. 2022 Oct;78:101898. doi:"
,,morphological and molecular abnormalities of the olfactory bulb in a mouse modelof Down syndrome. Tissue Cell. 2022 Oct;78:101898. doi:10.1016/j.tice.2022.101898. Epub 2022 Aug 17. PMID: 36049371.
,,0
,,0
,,0
,,"34: Seyedaghamiri F, Rajabi M, Mohaddes G. Targeting Novel microRNAs inDeveloping Novel Alzheimer's Disease Treatments. Neurochem Res. 2022 Sep 1. doi:10.1007/s11064-022-03734-6. Epub ahead of print. PMID: 36048350."
,,0
,,0
,,0
,,"35: Ottoy J, Ozzoude M, Zukotynski K, Adamo S, Scott C, Gaudet V, Ramirez J,Swardfager W, Cogo-Moreira H, Lam B, Bhan A, Mojiri P, Kang MS, Rabin JS, KissA, Strother S, Bocti C, Borrie M, Chertkow H, Frayne R, Hsiung R, Laforce RJ,"
,,"Swardfager W, Cogo-Moreira H, Lam B, Bhan A, Mojiri P, Kang MS, Rabin JS, KissA, Strother S, Bocti C, Borrie M, Chertkow H, Frayne R, Hsiung R, Laforce RJ,Noseworthy MD, Prato FS, Sahlas DJ, Smith EE, Kuo PH, Sossi V, Thiel A, Soucy"
,,"A, Strother S, Bocti C, Borrie M, Chertkow H, Frayne R, Hsiung R, Laforce RJ,Noseworthy MD, Prato FS, Sahlas DJ, Smith EE, Kuo PH, Sossi V, Thiel A, SoucyJP, Tardif JC, Black SE, Goubran M; Medical Imaging Trial Network of Canada"
,,"Noseworthy MD, Prato FS, Sahlas DJ, Smith EE, Kuo PH, Sossi V, Thiel A, SoucyJP, Tardif JC, Black SE, Goubran M; Medical Imaging Trial Network of Canada(MITNEC) and Alzheimer's Disease Neuroimaging Initiative (ADNI). Vascular burden"
,,"JP, Tardif JC, Black SE, Goubran M; Medical Imaging Trial Network of Canada(MITNEC) and Alzheimer's Disease Neuroimaging Initiative (ADNI). Vascular burdenand cognition: Mediating roles of neurodegeneration and amyloid PET. Alzheimers"
,,(MITNEC) and Alzheimer's Disease Neuroimaging Initiative (ADNI). Vascular burdenand cognition: Mediating roles of neurodegeneration and amyloid PET. AlzheimersDement. 2022 Sep 1. doi: 10.1002/alz.12750. Epub ahead of print. PMID: 36047604.
,,0
,,0
,,0
,,"36: Wang X, Dai Z, Fang JS. [Research progress of Acanthopanax senticosus inprevention and treatment of neurodegenerative diseases]. Zhongguo Zhong Yao ZaZhi. 2022 Aug;47(16):4314-4321. Chinese. doi:"
,,prevention and treatment of neurodegenerative diseases]. Zhongguo Zhong Yao ZaZhi. 2022 Aug;47(16):4314-4321. Chinese. doi:10.19540/j.cnki.cjcmm.20220307.701. PMID: 36046857.
,,0
,,0
,,0
,,"37: Wu L, Xian X, Xu G, Tan Z, Dong F, Zhang M, Zhang F. Toll-Like Receptor 4: APromising Therapeutic Target for Alzheimer's Disease. Mediators Inflamm. 2022Aug 21;2022:7924199. doi: 10.1155/2022/7924199. PMID: 36046763; PMCID:"
,,Promising Therapeutic Target for Alzheimer's Disease. Mediators Inflamm. 2022Aug 21;2022:7924199. doi: 10.1155/2022/7924199. PMID: 36046763; PMCID:PMC9420645.
,,0
,,0
,,0
,,"38: Frausto DM, Engen PA, Naqib A, Jackson A, Tran L, Green SJ, Shaikh M,Forsyth CB, Keshavarzian A, Voigt RM. Impact of alcohol-induced intestinalmicrobiota dysbiosis in a rodent model of Alzheimer's disease. Front Aging. 2022"
,,"Forsyth CB, Keshavarzian A, Voigt RM. Impact of alcohol-induced intestinalmicrobiota dysbiosis in a rodent model of Alzheimer's disease. Front Aging. 2022Aug 15;3:916336. doi: 10.3389/fragi.2022.916336. PMID: 36046496; PMCID:"
,,microbiota dysbiosis in a rodent model of Alzheimer's disease. Front Aging. 2022Aug 15;3:916336. doi: 10.3389/fragi.2022.916336. PMID: 36046496; PMCID:PMC9421609.
,,0
,,0
,,0
,,"39: Bergmann T, Liu Y, Skov J, Mogus L, Lee J, Pfisterer U, Handfield LF,Asenjo-Martinez A, Lisa-Vargas I, Seemann SE, Lee JTH, Patikas N, Kornum BR,Denham M, Hyttel P, Witter MP, Gorodkin J, Pers TH, Hemberg M, Khodosevich K,"
,,"Asenjo-Martinez A, Lisa-Vargas I, Seemann SE, Lee JTH, Patikas N, Kornum BR,Denham M, Hyttel P, Witter MP, Gorodkin J, Pers TH, Hemberg M, Khodosevich K,Hall VJ. Production of human entorhinal stellate cell-like cells by forward"
,,"Denham M, Hyttel P, Witter MP, Gorodkin J, Pers TH, Hemberg M, Khodosevich K,Hall VJ. Production of human entorhinal stellate cell-like cells by forwardprogramming shows an important role of Foxp1 in reprogramming. Front Cell Dev"
,,Hall VJ. Production of human entorhinal stellate cell-like cells by forwardprogramming shows an important role of Foxp1 in reprogramming. Front Cell DevBiol. 2022 Aug 15;10:976549. doi: 10.3389/fcell.2022.976549. PMID: 36046338;
,,programming shows an important role of Foxp1 in reprogramming. Front Cell DevBiol. 2022 Aug 15;10:976549. doi: 10.3389/fcell.2022.976549. PMID: 36046338;PMCID: PMC9420913.
,,0
,,0
,,0
,,"40: Abu-El-Rub E, Khasawneh RR, Almahasneh FA, Aloud BM, Zegallai HM. Themolecular and functional changes of Neural stem cells in Alzheimer's disease:Can they be reinvigorated to conduct Neurogenesis. Curr Stem Cell Res Ther. 2022"
,,molecular and functional changes of Neural stem cells in Alzheimer's disease:Can they be reinvigorated to conduct Neurogenesis. Curr Stem Cell Res Ther. 2022Aug 31. doi: 10.2174/1574888X17666220831105257. Epub ahead of print. PMID:
,,Can they be reinvigorated to conduct Neurogenesis. Curr Stem Cell Res Ther. 2022Aug 31. doi: 10.2174/1574888X17666220831105257. Epub ahead of print. PMID:36045542
,,0
,,0
,,0
,,"41: Zhang P, Li Z, Chen P, Zhang A, Zeng Y, Zhang X, Huang Q, Liu D, Qi S, MaoC. Regular proton pump inhibitor use and incident dementia: population-basedcohort study. BMC Med. 2022 Sep 1;20(1):271. doi: 10.1186/s12916-022-02478-y."
,,C. Regular proton pump inhibitor use and incident dementia: population-basedcohort study. BMC Med. 2022 Sep 1;20(1):271. doi: 10.1186/s12916-022-02478-y.PMID: 36045363; PMCID: PMC9434890.
,,0
,,0
,,0
,,"42: Rahman A, Saikia B, Gogoi CR, Baruah A. Advances in the understanding ofprotein misfolding and aggregation through molecular dynamics simulation. ProgBiophys Mol Biol. 2022 Aug 28:S0079-6107(22)00083-9. doi:"
,,protein misfolding and aggregation through molecular dynamics simulation. ProgBiophys Mol Biol. 2022 Aug 28:S0079-6107(22)00083-9. doi:10.1016/j.pbiomolbio.2022.08.007. Epub ahead of print. PMID: 36044970.
,,0
,,0
,,0
,,"43: Zhang H, Peng Y, Zhuo L, Wang Y, Zeng G, Wang S, Long L, Li X, Wang Z.Recent advance on pleiotropic cholinesterase inhibitors bearing amyloidmodulation efficacy. Eur J Med Chem. 2022 Nov 15;242:114695. doi:"
,,Recent advance on pleiotropic cholinesterase inhibitors bearing amyloidmodulation efficacy. Eur J Med Chem. 2022 Nov 15;242:114695. doi:10.1016/j.ejmech.2022.114695. Epub 2022 Aug 27. PMID: 36044812.
,,0
,,0
,,0
,,"44: Mohamed LW, Mohamed KO, Sayed HS, Mahmoud Z. Recent Modifications of Anti-Dementia Agents Focusing on Tacrine and /or Donepezil Analogs. Med Chem. 2022Aug 27. doi: 10.2174/1573406418666220827155615. Epub ahead of print. PMID:"
,,Dementia Agents Focusing on Tacrine and /or Donepezil Analogs. Med Chem. 2022Aug 27. doi: 10.2174/1573406418666220827155615. Epub ahead of print. PMID:36043761
,,0
,,0
,,0
,,"45: Vakili O, Asili P, Babaei Z, Mirahmad M, Keshavarzmotamed A, Asemi Z, MafiA. Circular RNAs in Alzheimer's Disease: A New Perspective of Diagnostic andTherapeutic Targets. CNS Neurol Disord Drug Targets. 2022 Aug 29. doi:"
,,A. Circular RNAs in Alzheimer's Disease: A New Perspective of Diagnostic andTherapeutic Targets. CNS Neurol Disord Drug Targets. 2022 Aug 29. doi:10.2174/1871527321666220829164211. Epub ahead of print. PMID: 36043720.
,,0
,,0
,,0
,,"46: Pang M, Zhu L, Gabelle A, Gafson AR, Platt RW, Galvin JE, Krolak-Salmon P,Rubino I, de Moor C, Belachew S, Shen C. Effect of reduction in brain amyloidlevels on change in cognitive and functional decline in randomized clinical"
,,"Rubino I, de Moor C, Belachew S, Shen C. Effect of reduction in brain amyloidlevels on change in cognitive and functional decline in randomized clinicaltrials: An instrumental variable meta-analysis. Alzheimers Dement. 2022 Aug 31."
,,levels on change in cognitive and functional decline in randomized clinicaltrials: An instrumental variable meta-analysis. Alzheimers Dement. 2022 Aug 31.doi: 10.1002/alz.12768. Epub ahead of print. PMID: 36043526.
,,0
,,0
,,0
,,"47: Banote RK, Håkansson S, Zetterberg H, Zelano J. CSF biomarkers in patientswith epilepsy in Alzheimer's disease: a nation-wide study. Brain Commun. 2022Aug 17;4(4):fcac210. doi: 10.1093/braincomms/fcac210. PMID: 36043137; PMCID:"
,,with epilepsy in Alzheimer's disease: a nation-wide study. Brain Commun. 2022Aug 17;4(4):fcac210. doi: 10.1093/braincomms/fcac210. PMID: 36043137; PMCID:PMC9419062.
,,0
,,0
,,0
,,"48: Wu Y, Wang Z, Yin J, Yang B, Fan J, Cheng Z. Association Plasma Aβ42 Levelswith Alzheimer's Disease and Its Influencing Factors in Chinese ElderlyPopulation. Neuropsychiatr Dis Treat. 2022 Aug 24;18:1831-1841. doi:"
,,with Alzheimer's Disease and Its Influencing Factors in Chinese ElderlyPopulation. Neuropsychiatr Dis Treat. 2022 Aug 24;18:1831-1841. doi:10.2147/NDT.S374722. PMID: 36043117; PMCID: PMC9420413.
,,0
,,0
,,0
,,"49: Ruwanpathirana GP, Williams RC, Masters CL, Rowe CC, Johnston LA, Davey CE.Mapping the association between tau-PET and Aβ-amyloid-PET using deep learning.Sci Rep. 2022 Aug 30;12(1):14797. doi: 10.1038/s41598-022-18963-6. PMID:"
,,Mapping the association between tau-PET and Aβ-amyloid-PET using deep learning.Sci Rep. 2022 Aug 30;12(1):14797. doi: 10.1038/s41598-022-18963-6. PMID:36042256; PMCID: PMC9427855.
,,0
,,0
,,0
,,"50: Hernández-Rodríguez M, Clemente CF, Macías-Pérez ME, Rodríguez-Fonseca RA,Vázquez MIN, Martínez J, Ruvalcaba RM, Rosas MM, Jiménez EM. Contribution ofhyperglycemia-induced changes in microglia to Alzheimer's disease pathology."
,,"Vázquez MIN, Martínez J, Ruvalcaba RM, Rosas MM, Jiménez EM. Contribution ofhyperglycemia-induced changes in microglia to Alzheimer's disease pathology.Pharmacol Rep. 2022 Aug 31. doi: 10.1007/s43440-022-00405-9. Epub ahead of"
,,hyperglycemia-induced changes in microglia to Alzheimer's disease pathology.Pharmacol Rep. 2022 Aug 31. doi: 10.1007/s43440-022-00405-9. Epub ahead ofprint. PMID: 36042131.
,,0
,,0
,,0
,,"51: Quilico Cousins KA, Arezoumandan S, Shellikeri S, Ohm D, Shaw LM, GrossmanM, Wolk D, McMillan CT, Chen-Plotkin A, Lee E, Trojanowski JQ, Zetterberg H,Blennow K, Irwin DJ. CSF Biomarkers of Alzheimer Disease in Patients With"
,,"M, Wolk D, McMillan CT, Chen-Plotkin A, Lee E, Trojanowski JQ, Zetterberg H,Blennow K, Irwin DJ. CSF Biomarkers of Alzheimer Disease in Patients WithConcomitant α-Synuclein Pathology. Neurology. 2022 Aug"
,,"Blennow K, Irwin DJ. CSF Biomarkers of Alzheimer Disease in Patients WithConcomitant α-Synuclein Pathology. Neurology. 2022 Aug30:10.1212/WNL.0000000000201202. doi: 10.1212/WNL.0000000000201202. Epub ahead"
,,Concomitant α-Synuclein Pathology. Neurology. 2022 Aug30:10.1212/WNL.0000000000201202. doi: 10.1212/WNL.0000000000201202. Epub aheadof print. PMID: 36041863.
,,0
,,0
,,0
,,"52: Liang Y, Wang L. Carthamus tinctorius L.: A natural neuroprotective sourcefor anti-Alzheimer's disease drugs. J Ethnopharmacol. 2022 Nov 15;298:115656.doi: 10.1016/j.jep.2022.115656. Epub 2022 Aug 27. PMID: 36041691."
,,0
,,0
,,0
,,"53: Saunders TS, Jenkins N, Blennow K, Ritchie C, Muniz-Terrera G. Interactionsbetween apolipoprotein E, sex, and amyloid-beta on cerebrospinal fluid p-taulevels in the European prevention of Alzheimer's dementia longitudinal cohort"
,,"between apolipoprotein E, sex, and amyloid-beta on cerebrospinal fluid p-taulevels in the European prevention of Alzheimer's dementia longitudinal cohortstudy (EPAD LCS). EBioMedicine. 2022 Sep;83:104241. doi:"
,,levels in the European prevention of Alzheimer's dementia longitudinal cohortstudy (EPAD LCS). EBioMedicine. 2022 Sep;83:104241. doi:10.1016/j.ebiom.2022.104241. Epub 2022 Aug 27. PMID: 36041266; PMCID:
,,study (EPAD LCS). EBioMedicine. 2022 Sep;83:104241. doi:10.1016/j.ebiom.2022.104241. Epub 2022 Aug 27. PMID: 36041266; PMCID:PMC9440380.
,,0
,,0
,,0
,,"54: Zhai X, Shan S, Wan J, Tian H, Wang J, Xin L. Silver Nanoparticles Induce aSize-dependent Neurotoxicity to SH-SY5Y Neuroblastoma Cells via Ferritinophagy-mediated Oxidative Stress. Neurotox Res. 2022 Oct;40(5):1369-1379. doi:"
,,Size-dependent Neurotoxicity to SH-SY5Y Neuroblastoma Cells via Ferritinophagy-mediated Oxidative Stress. Neurotox Res. 2022 Oct;40(5):1369-1379. doi:10.1007/s12640-022-00570-y. Epub 2022 Aug 30. PMID: 36040578.
,,0
,,0
,,0
,,"55: Wang L, Zhen H, Sun Y, Rong S, Li B, Song Z, Liu Z, Li Z, Ding J, Yang H,Zhang X, Sun H, Nie C. Plasma Exo-miRNAs Correlated with AD-Related Factors ofChinese Individuals Involved in Aβ Accumulation and Cognition Decline. Mol"
,,"Zhang X, Sun H, Nie C. Plasma Exo-miRNAs Correlated with AD-Related Factors ofChinese Individuals Involved in Aβ Accumulation and Cognition Decline. MolNeurobiol. 2022 Nov;59(11):6790-6804. doi: 10.1007/s12035-022-03012-0. Epub 2022"
,,Chinese Individuals Involved in Aβ Accumulation and Cognition Decline. MolNeurobiol. 2022 Nov;59(11):6790-6804. doi: 10.1007/s12035-022-03012-0. Epub 2022Aug 30. PMID: 36040555; PMCID: PMC9425792.
,,0
,,0
,,0
,,"56: Riebeling T, Kunzendorf U, Krautwald S. The role of RHIM in necroptosis.Biochem Soc Trans. 2022 Aug 31;50(4):1197-1205. doi: 10.1042/BST20220535. PMID:36040212; PMCID: PMC9444067."
,,0
,,0
,,0
,,"57: McKenzie C, Bucks RS, Weinborn M, Bourgeat P, Salvado O, Gavett BE;Alzheimer’s Disease Neuroimaging Initiative. Tau and amyloid biomarkers modifythe degree to which cognitive reserve and brain reserve predict cognitive"
,,Alzheimer’s Disease Neuroimaging Initiative. Tau and amyloid biomarkers modifythe degree to which cognitive reserve and brain reserve predict cognitivedecline. J Int Neuropsychol Soc. 2022 Aug 30:1-10. doi:
,,the degree to which cognitive reserve and brain reserve predict cognitivedecline. J Int Neuropsychol Soc. 2022 Aug 30:1-10. doi:10.1017/S1355617722000546. Epub ahead of print. PMID: 36039968.
,,0
,,0
,,0
,,58: Wolfe MS. γ-Secretase as a drug target for familial Alzheimer's disease: theroad less traveled. Future Med Chem. 2022 Oct;14(19):1341-1343. doi:10.4155/fmc-2022-0178. Epub 2022 Aug 30. PMID: 36039791; PMCID: PMC9518009.
,,0
,,0
,,0
,,"59: Shen X, He Y, Ge C. Role of circRNA in pathogenesis of Alzheimer<b>'</b>sdisease. Zhong Nan Da Xue Xue Bao Yi Xue Ban. 2022 Jul 28;47(7):960-966.English, Chinese. doi: 10.11817/j.issn.1672-7347.2022.210729. PMID: 36039594."
,,0
,,0
,,0
,,"60: Go MJ, Kim JM, Kang JY, Park SK, Lee CJ, Kim MJ, Lee HR, Kim TY, Joo SG, KimDO, Heo HJ. Korean Red Pine (<i>Pinus densiflora</i>) Bark Extract AttenuatesAβ-Induced Cognitive Impairment by Regulating Cholinergic Dysfunction and"
,,"DO, Heo HJ. Korean Red Pine (<i>Pinus densiflora</i>) Bark Extract AttenuatesAβ-Induced Cognitive Impairment by Regulating Cholinergic Dysfunction andNeuroinflammation. J Microbiol Biotechnol. 2022 Sep 28;32(9):1154-1167. doi:"
,,Aβ-Induced Cognitive Impairment by Regulating Cholinergic Dysfunction andNeuroinflammation. J Microbiol Biotechnol. 2022 Sep 28;32(9):1154-1167. doi:10.4014/jmb.2207.07015. Epub 2022 Aug 2. PMID: 36039041.
,,0
,,0
,,0
,,"61: Geiselhardt F, Peters M, Kleinschmidt S, Chludzinski E, Stoff M, Ludlow M,Beineke A. Neuropathologic and molecular aspects of a canine distemper epizooticin red foxes in Germany. Sci Rep. 2022 Aug 29;12(1):14691. doi:"
,,Beineke A. Neuropathologic and molecular aspects of a canine distemper epizooticin red foxes in Germany. Sci Rep. 2022 Aug 29;12(1):14691. doi:10.1038/s41598-022-19023-9. PMID: 36038706; PMCID: PMC9424316.
,,0
,,0
,,0
,,"62: Abrao-Nemeir I, Bentin J, Meyer N, Janot JM, Torrent J, Picaud F, Balme S.Investigation of α-Synuclein and Amyloid-β(42)-E22Δ Oligomers Using SiN NanoporeFunctionalized with L-Dopa. Chem Asian J. 2022 Aug 29:e202200726. doi:"
,,Investigation of α-Synuclein and Amyloid-β(42)-E22Δ Oligomers Using SiN NanoporeFunctionalized with L-Dopa. Chem Asian J. 2022 Aug 29:e202200726. doi:10.1002/asia.202200726. Epub ahead of print. PMID: 36038502.
,,0
,,0
,,0
,,"63: Jeong SY, Suh CH, Shim WH, Lim JS, Lee JH, Kim SJ. Incidence of Amyloid-Related Imaging Abnormalities in Patients With Alzheimer Disease Treated WithAnti-β-amyloid Immunotherapy: A Meta-analysis. Neurology. 2022 Aug"
,,Related Imaging Abnormalities in Patients With Alzheimer Disease Treated WithAnti-β-amyloid Immunotherapy: A Meta-analysis. Neurology. 2022 Aug29:10.1212/WNL.0000000000201019. doi: 10.1212/WNL.0000000000201019. Epub ahead
,,Anti-β-amyloid Immunotherapy: A Meta-analysis. Neurology. 2022 Aug29:10.1212/WNL.0000000000201019. doi: 10.1212/WNL.0000000000201019. Epub aheadof print. PMID: 36038268.
,,0
,,0
,,0
,,"64: Tousley AR, Yeh PWL, Yeh HH. Precocious emergence of cognitive and synapticdysfunction in 3xTg-AD mice exposed prenatally to ethanol. Alcohol. 2022 Aug26:S0741-8329(22)00073-8. doi: 10.1016/j.alcohol.2022.08.003. Epub ahead of"
,,dysfunction in 3xTg-AD mice exposed prenatally to ethanol. Alcohol. 2022 Aug26:S0741-8329(22)00073-8. doi: 10.1016/j.alcohol.2022.08.003. Epub ahead ofprint. PMID: 36038084.
,,0
,,0
,,0
,,"65: Petitfour J, Ayrignac X, Ginestet N, Prin P, Carra-Dallière C, Hirtz C,Charif M, Lehmann S, Labauge P. CSF β-amyloid is not a prognostic marker inmultiple sclerosis patients. Mult Scler Relat Disord. 2022 Aug 8;68:104096. doi:"
,,"Charif M, Lehmann S, Labauge P. CSF β-amyloid is not a prognostic marker inmultiple sclerosis patients. Mult Scler Relat Disord. 2022 Aug 8;68:104096. doi:10.1016/j.msard.2022.104096. Epub ahead of print. PMID: 36037751."
,,0
,,0
,,0
,,"66: Wendt S, Johnson S, Weilinger NL, Groten C, Sorrentino S, Frew J, Yang L,Choi HB, Nygaard HB, MacVicar BA. Simultaneous imaging of redox states indystrophic neurites and microglia at Aβ plaques indicate lysosome accumulation"
,,"Choi HB, Nygaard HB, MacVicar BA. Simultaneous imaging of redox states indystrophic neurites and microglia at Aβ plaques indicate lysosome accumulationnot microglia correlate with increased oxidative stress. Redox Biol. 2022"
,,dystrophic neurites and microglia at Aβ plaques indicate lysosome accumulationnot microglia correlate with increased oxidative stress. Redox Biol. 2022Oct;56:102448. doi: 10.1016/j.redox.2022.102448. Epub 2022 Aug 20. PMID:
,,not microglia correlate with increased oxidative stress. Redox Biol. 2022Oct;56:102448. doi: 10.1016/j.redox.2022.102448. Epub 2022 Aug 20. PMID:36037587; PMCID: PMC9440309.
,,0
,,0
,,0
,,"67: Ortí-Casañ N, Zuhorn IS, Naudé PJW, De Deyn PP, van Schaik PEM, Wajant H,Eisel ULM. A TNF receptor 2 agonist ameliorates neuropathology and improvescognition in an Alzheimer's disease mouse model. Proc Natl Acad Sci U S A. 2022"
,,Eisel ULM. A TNF receptor 2 agonist ameliorates neuropathology and improvescognition in an Alzheimer's disease mouse model. Proc Natl Acad Sci U S A. 2022Sep 13;119(37):e2201137119. doi: 10.1073/pnas.2201137119. Epub 2022 Aug 29.
,,cognition in an Alzheimer's disease mouse model. Proc Natl Acad Sci U S A. 2022Sep 13;119(37):e2201137119. doi: 10.1073/pnas.2201137119. Epub 2022 Aug 29.PMID: 36037389; PMCID: PMC9482428.
,,0
,,0
,,0
,,"68: Clemons GA, Silva ACE, Acosta CH, Udo MSB, Tesic V, Rodgers KM, Wu CY,Citadin CT, Lee RH, Neumann JT, Allani S, Prentice H, Zhang Q, Lin HW. Proteinarginine methyltransferase 4 modulates nitric oxide synthase uncoupling and"
,,"Citadin CT, Lee RH, Neumann JT, Allani S, Prentice H, Zhang Q, Lin HW. Proteinarginine methyltransferase 4 modulates nitric oxide synthase uncoupling andcerebral blood flow in Alzheimer's disease. J Cell Physiol. 2022 Aug 29. doi:"
,,arginine methyltransferase 4 modulates nitric oxide synthase uncoupling andcerebral blood flow in Alzheimer's disease. J Cell Physiol. 2022 Aug 29. doi:10.1002/jcp.30858. Epub ahead of print. PMID: 36036549.
,,0
,,0
,,0
,,"69: Berezutsky MA, Durnova NA, Romanteeva YV. Neirobiologicheskie effektygastrodina i vozmozhnosti ego ispol'zovaniya v nevrologii i psikhiatrii[Neurobiological effects of gastrodin and its possible use in neurology and"
,,gastrodina i vozmozhnosti ego ispol'zovaniya v nevrologii i psikhiatrii[Neurobiological effects of gastrodin and its possible use in neurology andpsychiatry]. Zh Nevrol Psikhiatr Im S S Korsakova. 2022;122(8):27-34. Russian.
,,[Neurobiological effects of gastrodin and its possible use in neurology andpsychiatry]. Zh Nevrol Psikhiatr Im S S Korsakova. 2022;122(8):27-34. Russian.doi: 10.17116/jnevro202212208127. PMID: 36036400.
,,0
,,0
,,0
,,"70: Jia YM, Zhu CF, Yang K, He CG, Wu YY, Wang L, Song RF, Zhang JY, Wang C.[Effect of moxibustion on autophagy lysosome function mediated by mTOR/TFEBpathway and lncRNA H19 expression in APP/PS1 double transgenic mice]. Zhen Ci"
,,[Effect of moxibustion on autophagy lysosome function mediated by mTOR/TFEBpathway and lncRNA H19 expression in APP/PS1 double transgenic mice]. Zhen CiYan Jiu. 2022 Aug 25;47(8):665-72. Chinese. doi: 10.13702/j.1000-0607.20211177.
,,pathway and lncRNA H19 expression in APP/PS1 double transgenic mice]. Zhen CiYan Jiu. 2022 Aug 25;47(8):665-72. Chinese. doi: 10.13702/j.1000-0607.20211177.PMID: 36036098.
,,0
,,0
,,0
,,"71: St-Pierre MK, VanderZwaag J, Loewen S, Tremblay MÈ. All roads lead toheterogeneity: The complex involvement of astrocytes and microglia in thepathogenesis of Alzheimer's disease. Front Cell Neurosci. 2022 Aug 12;16:932572."
,,heterogeneity: The complex involvement of astrocytes and microglia in thepathogenesis of Alzheimer's disease. Front Cell Neurosci. 2022 Aug 12;16:932572.doi: 10.3389/fncel.2022.932572. PMID: 36035256; PMCID: PMC9413962.
,,0
,,0
,,0
,,"72: An Y, Li Y, Hou Y, Huang S, Pei G. Alzheimer's Amyloid-<i>β</i> AcceleratesCell Senescence and Suppresses the SIRT1/NRF2 Pathway in Human Microglial Cells.Oxid Med Cell Longev. 2022 Aug 17;2022:3086010. doi: 10.1155/2022/3086010. PMID:"
,,Cell Senescence and Suppresses the SIRT1/NRF2 Pathway in Human Microglial Cells.Oxid Med Cell Longev. 2022 Aug 17;2022:3086010. doi: 10.1155/2022/3086010. PMID:36035216; PMCID: PMC9402294.
,,0
,,0
,,0
,,"73: Gong Y, Liu X, Sahu A, Reddy AV, Wang H. Exploration of hub genes, lipidmetabolism, and the immune microenvironment in stomach carcinoma andcholangiocarcinoma. Ann Transl Med. 2022 Aug;10(15):834. doi:"
,,"metabolism, and the immune microenvironment in stomach carcinoma andcholangiocarcinoma. Ann Transl Med. 2022 Aug;10(15):834. doi:10.21037/atm-22-3530. PMID: 36034995; PMCID: PMC9403925."
,,0
,,0
,,0
,,"74: Xie X, Wan J, Zheng X, Pan W, Yuan J, Hu B, Feng M, Liu Z, Cai S.Synergistic effects of epigallocatechin gallate and l-theanine in nerve repairand regeneration by anti-amyloid damage, promoting metabolism, and nourishing"
,,"Synergistic effects of epigallocatechin gallate and l-theanine in nerve repairand regeneration by anti-amyloid damage, promoting metabolism, and nourishingnerve cells. Front Nutr. 2022 Aug 10;9:951415. doi: 10.3389/fnut.2022.951415."
,,"and regeneration by anti-amyloid damage, promoting metabolism, and nourishingnerve cells. Front Nutr. 2022 Aug 10;9:951415. doi: 10.3389/fnut.2022.951415.PMID: 36034895; PMCID: PMC9399931."
,,0
,,0
,,0
,,"75: Malik N, Amber S, Zahid S. <i>Rosmarinus officinalis</i> and MethylphenidateExposure Improves Cognition and Depression and Regulates Anxiety-Like Behaviorin AlCl<sub>3</sub>-Induced Mouse Model of Alzheimer's Disease. Front Pharmacol."
,,Exposure Improves Cognition and Depression and Regulates Anxiety-Like Behaviorin AlCl<sub>3</sub>-Induced Mouse Model of Alzheimer's Disease. Front Pharmacol.2022 Aug 12;13:943163. doi: 10.3389/fphar.2022.943163. PMID: 36034857; PMCID:
,,in AlCl<sub>3</sub>-Induced Mouse Model of Alzheimer's Disease. Front Pharmacol.2022 Aug 12;13:943163. doi: 10.3389/fphar.2022.943163. PMID: 36034857; PMCID:PMC9411514.
,,0
,,0
,,0
,,"76: Wu J, Shahid SS, Lin Q, Hone-Blanchet A, Smith JL, Risk BB, Bisht AS, LoringDW, Goldstein FC, Levey AI, Lah JJ, Qiu D. Multimodal magnetic resonance imagingreveals distinct sensitivity of hippocampal subfields in asymptomatic stage of"
,,"DW, Goldstein FC, Levey AI, Lah JJ, Qiu D. Multimodal magnetic resonance imagingreveals distinct sensitivity of hippocampal subfields in asymptomatic stage ofAlzheimer's disease. Front Aging Neurosci. 2022 Aug 12;14:901140. doi:"
,,reveals distinct sensitivity of hippocampal subfields in asymptomatic stage ofAlzheimer's disease. Front Aging Neurosci. 2022 Aug 12;14:901140. doi:10.3389/fnagi.2022.901140. PMID: 36034141; PMCID: PMC9413400.
,,0
,,0
,,0
,,"77: McKenzie C, Bucks RS, Weinborn M, Bourgeat P, Salvado O, Gavett BE. Residualreserve index modifies the effect of amyloid pathology on fluorodeoxyglucosemetabolism: Implications for efficiency and capacity in cognitive reserve. Front"
,,reserve index modifies the effect of amyloid pathology on fluorodeoxyglucosemetabolism: Implications for efficiency and capacity in cognitive reserve. FrontAging Neurosci. 2022 Aug 12;14:943823. doi: 10.3389/fnagi.2022.943823. PMID:
,,metabolism: Implications for efficiency and capacity in cognitive reserve. FrontAging Neurosci. 2022 Aug 12;14:943823. doi: 10.3389/fnagi.2022.943823. PMID:36034126; PMCID: PMC9413056.
,,0
,,0
,,0
,,"78: Ma J, Qiu S. Genetic variant rs11136000 upregulates clusterin expression andreduces Alzheimer's disease risk. Front Neurosci. 2022 Aug 10;16:926830. doi:10.3389/fnins.2022.926830. PMID: 36033622; PMCID: PMC9407972."
,,0
,,0
,,0
,,"79: Wang Q, Xie C. Microglia activation linking amyloid-β drive tau spatialpropagation in Alzheimer's disease. Front Neurosci. 2022 Aug 12;16:951128. doi:10.3389/fnins.2022.951128. PMID: 36033617; PMCID: PMC9417618."
,,0
,,0
,,0
,,"80: Samuel I, Ben-Haroush Schyr R, Arad Y, Attali T, Azulai S, Bergel M, HalfonA, Hefetz L, Hirsch T, Israeli H, Lax N, Nitzan K, Sender D, Sweetat S, Okun E,Rosenmann H, Ben-Zvi D. Sleeve Gastrectomy Reduces Glycemia but Does Not Affect"
,,"A, Hefetz L, Hirsch T, Israeli H, Lax N, Nitzan K, Sender D, Sweetat S, Okun E,Rosenmann H, Ben-Zvi D. Sleeve Gastrectomy Reduces Glycemia but Does Not AffectCognitive Impairment in Lean 5xFAD Mice. Front Neurosci. 2022 Aug 11;16:937663."
,,"Rosenmann H, Ben-Zvi D. Sleeve Gastrectomy Reduces Glycemia but Does Not AffectCognitive Impairment in Lean 5xFAD Mice. Front Neurosci. 2022 Aug 11;16:937663.doi: 10.3389/fnins.2022.937663. PMID: 36033613; PMCID: PMC9403181."
,,0
,,0
,,0
,,"81: Andrews EJ, Martini AC, Head E. Exploring the role of sex differences inAlzheimer's disease pathogenesis in Down syndrome. Front Neurosci. 2022 Aug12;16:954999. doi: 10.3389/fnins.2022.954999. PMID: 36033603; PMCID: PMC9411995."
,,0
,,0
,,0
,,"82: Wu C, Lin T, Ding Q, Zhang N, Ou ZT, Cai GY, Chen HY, Xu JY, Li G, Pei Z, XuGQ, Lan Y. Continuous Theta-Burst Stimulation Promotes Paravascular CSF-Interstitial Fluid Exchange through Regulation of Aquaporin-4 Polarization in"
,,"GQ, Lan Y. Continuous Theta-Burst Stimulation Promotes Paravascular CSF-Interstitial Fluid Exchange through Regulation of Aquaporin-4 Polarization inAPP/PS1 Mice. Mediators Inflamm. 2022 Aug 19;2022:2140524. doi:"
,,Interstitial Fluid Exchange through Regulation of Aquaporin-4 Polarization inAPP/PS1 Mice. Mediators Inflamm. 2022 Aug 19;2022:2140524. doi:10.1155/2022/2140524. PMID: 36032783; PMCID: PMC9417777.
,,0
,,0
,,0
,,"83: Zawar I, Mattos MK, Manning C, Quigg M. Sleep Disturbances, CognitiveStatus, and Biomarkers of Dementia. J Alzheimers Dis. 2022 Aug 23. doi:10.3233/JAD-220664. Epub ahead of print. PMID: 36031904."
,,0
,,0
,,0
,,"84: Michopoulou S, Prosser A, Kipps C, Dickson J, Guy M, Teeling J. Biomarkersof Inflammation Increase with Tau and Neurodegeneration but not with Amyloid-βin a Heterogenous Clinical Cohort. J Alzheimers Dis. 2022 Aug 24. doi:"
,,of Inflammation Increase with Tau and Neurodegeneration but not with Amyloid-βin a Heterogenous Clinical Cohort. J Alzheimers Dis. 2022 Aug 24. doi:10.3233/JAD-220523. Epub ahead of print. PMID: 36031900.
,,0
,,0
,,0
,,"85: Shkirkova K, Lamorie-Foote K, Zhang N, Li A, Diaz A, Liu Q, Thorwald MA,Godoy-Lugo JA, Ge B, D'Agostino C, Zhang Z, Mack WJ, Sioutas C, Finch CE, MackWJ, Zhang H. Neurotoxicity of Diesel Exhaust Particles. J Alzheimers Dis. 2022"
,,"Godoy-Lugo JA, Ge B, D'Agostino C, Zhang Z, Mack WJ, Sioutas C, Finch CE, MackWJ, Zhang H. Neurotoxicity of Diesel Exhaust Particles. J Alzheimers Dis. 2022Aug 20. doi: 10.3233/JAD-220493. Epub ahead of print. PMID: 36031897."
,,0
,,0
,,0
,,"86: Gu Z, Cao H, Zuo C, Huang Y, Miao J, Song Y, Yang Y, Zhu L, Wang F. TFEB inAlzheimer's disease: From molecular mechanisms to therapeutic implications.Neurobiol Dis. 2022 Oct 15;173:105855. doi: 10.1016/j.nbd.2022.105855. Epub 2022"
,,Alzheimer's disease: From molecular mechanisms to therapeutic implications.Neurobiol Dis. 2022 Oct 15;173:105855. doi: 10.1016/j.nbd.2022.105855. Epub 2022Aug 27. PMID: 36031168.
,,0
,,0
,,0
,,"87: Torok J, Anand C, Verma P, Raj A. Connectome-based biophysics models ofAlzheimer's disease diagnosis and prognosis. Transl Res. 2022 Aug27:S1931-5244(22)00181-5. doi: 10.1016/j.trsl.2022.08.008. Epub ahead of print."
,,Alzheimer's disease diagnosis and prognosis. Transl Res. 2022 Aug27:S1931-5244(22)00181-5. doi: 10.1016/j.trsl.2022.08.008. Epub ahead of print.PMID: 36031051.
,,0
,,0
,,0
,,"88: Wu Q, Karthivashan G, Nakhaei-Nejad M, Anand BG, Giuliani F, Kar S. NativePLGA nanoparticles regulate APP metabolism and protect neurons against β-amyloidtoxicity: Potential significance in Alzheimer's disease pathology. Int J Biol"
,,PLGA nanoparticles regulate APP metabolism and protect neurons against β-amyloidtoxicity: Potential significance in Alzheimer's disease pathology. Int J BiolMacromol. 2022 Oct 31;219:1180-1196. doi: 10.1016/j.ijbiomac.2022.08.148. Epub
,,toxicity: Potential significance in Alzheimer's disease pathology. Int J BiolMacromol. 2022 Oct 31;219:1180-1196. doi: 10.1016/j.ijbiomac.2022.08.148. Epub2022 Aug 27. PMID: 36030976.
,,0
,,0
,,0
,,"89: Fani G, La Torre CE, Cascella R, Cecchi C, Vendruscolo M, Chiti F. Misfoldedprotein oligomers induce an increase of intracellular Ca<sup>2+</sup> causing anescalation of reactive oxidative species. Cell Mol Life Sci. 2022 Aug"
,,protein oligomers induce an increase of intracellular Ca<sup>2+</sup> causing anescalation of reactive oxidative species. Cell Mol Life Sci. 2022 Aug27;79(9):500. doi: 10.1007/s00018-022-04513-w. PMID: 36030306; PMCID:
,,escalation of reactive oxidative species. Cell Mol Life Sci. 2022 Aug27;79(9):500. doi: 10.1007/s00018-022-04513-w. PMID: 36030306; PMCID:PMC9420098.
,,0
,,0
,,0
,,"90: Chen L, Cruz E, Oikari LE, Padmanabhan P, Song J, Götz J. Opportunities andchallenges in delivering biologics for Alzheimer's disease by low-intensityultrasound. Adv Drug Deliv Rev. 2022 Oct;189:114517. doi:"
,,challenges in delivering biologics for Alzheimer's disease by low-intensityultrasound. Adv Drug Deliv Rev. 2022 Oct;189:114517. doi:10.1016/j.addr.2022.114517. Epub 2022 Aug 25. PMID: 36030018.
,,0
,,0
,,0
,,"91: Tu Y, Chen Q, Guo W, Xiang P, Huang H, Fei H, Chen L, Yang Y, Peng Z, Gu C,Tan X, Liu X, Lu Y, Chen R, Wang H, Luo Y, Yang J. MiR-702-5p amelioratesdiabetic encephalopathy in db/db mice by regulating 12/15-LOX. Exp Neurol. 2022"
,,"Tan X, Liu X, Lu Y, Chen R, Wang H, Luo Y, Yang J. MiR-702-5p amelioratesdiabetic encephalopathy in db/db mice by regulating 12/15-LOX. Exp Neurol. 2022Aug 24;358:114212. doi: 10.1016/j.expneurol.2022.114212. Epub ahead of print."
,,diabetic encephalopathy in db/db mice by regulating 12/15-LOX. Exp Neurol. 2022Aug 24;358:114212. doi: 10.1016/j.expneurol.2022.114212. Epub ahead of print.PMID: 36029808.
,,0
,,0
,,0
,,"92: Souza LC, Andrade MK, Azevedo EM, Ramos DC, Bail EL, Vital MABF.Andrographolide Attenuates Short-Term Spatial and Recognition Memory Impairmentand Neuroinflammation Induced by a Streptozotocin Rat Model of Alzheimer's"
,,Andrographolide Attenuates Short-Term Spatial and Recognition Memory Impairmentand Neuroinflammation Induced by a Streptozotocin Rat Model of Alzheimer'sDisease. Neurotox Res. 2022 Oct;40(5):1440-1454. doi:
,,and Neuroinflammation Induced by a Streptozotocin Rat Model of Alzheimer'sDisease. Neurotox Res. 2022 Oct;40(5):1440-1454. doi:10.1007/s12640-022-00569-5. Epub 2022 Aug 27. PMID: 36029454.
,,0
,,0
,,0
,,"93: Ayaz M, Nawaz A, Naz F, Ullah F, Sadiq A, Islam ZU. Phytochemicals-basedTherapeutics against Alzheimer's Disease: An Update. Curr Top Med Chem. 2022 Aug27. doi: 10.2174/1568026622666220815104305. Epub ahead of print. PMID: 36029077."
,,0
,,0
,,0
,,"94: Rummell LM, Steele MA, Templeman JR, Yohe TT, Akhtar N, Lambie JG, Singh P,Asquith T, Verbrugghe A, Pearson W, Shoveller AK. A proof of principle studyinvestigating the effects of supplemental concentrated brewer's yeast on markers"
,,"Asquith T, Verbrugghe A, Pearson W, Shoveller AK. A proof of principle studyinvestigating the effects of supplemental concentrated brewer's yeast on markersof gut permeability, inflammation, and fecal metabolites in healthy non-"
,,"investigating the effects of supplemental concentrated brewer's yeast on markersof gut permeability, inflammation, and fecal metabolites in healthy non-challenged adult sled dogs. J Anim Sci. 2022 Aug 27:skac281. doi:"
,,"of gut permeability, inflammation, and fecal metabolites in healthy non-challenged adult sled dogs. J Anim Sci. 2022 Aug 27:skac281. doi:10.1093/jas/skac281. Epub ahead of print. PMID: 36029013."
,,0
,,0
,,0
,,"95: Gollapalli P, Rao AS, H M, G TS, Shetty P, N SK. Systems pharmacology andpharmacokinetics strategy to decode bioactive ingredients and molecularmechanisms from Zingiber officinale as Phyto-therapeutics against neurological"
,,pharmacokinetics strategy to decode bioactive ingredients and molecularmechanisms from Zingiber officinale as Phyto-therapeutics against neurologicaldiseases. Curr Drug Discov Technol. 2022 Aug 25. doi:
,,mechanisms from Zingiber officinale as Phyto-therapeutics against neurologicaldiseases. Curr Drug Discov Technol. 2022 Aug 25. doi:10.2174/1570163819666220825141356. Epub ahead of print. PMID: 36028974.
,,0
,,0
,,0
,,"96: Bernaud VE, Bulen HL, Peña VL, Koebele SV, Northup-Smith SN, Manzo AA,Valenzuela Sanchez M, Opachich Z, Ruhland AM, Bimonte-Nelson HA. Task-dependentlearning and memory deficits in the TgF344-AD rat model of Alzheimer's disease:"
,,"Valenzuela Sanchez M, Opachich Z, Ruhland AM, Bimonte-Nelson HA. Task-dependentlearning and memory deficits in the TgF344-AD rat model of Alzheimer's disease:three key timepoints through middle-age in females. Sci Rep. 2022 Aug"
,,learning and memory deficits in the TgF344-AD rat model of Alzheimer's disease:three key timepoints through middle-age in females. Sci Rep. 2022 Aug26;12(1):14596. doi: 10.1038/s41598-022-18415-1. PMID: 36028737; PMCID:
,,three key timepoints through middle-age in females. Sci Rep. 2022 Aug26;12(1):14596. doi: 10.1038/s41598-022-18415-1. PMID: 36028737; PMCID:PMC9418316.
,,0
,,0
,,0
,,"97: Liu F, Sun J, Wang X, Jin S, Sun F, Wang T, Yuan B, Qiu W, Ma C. Focal-type,but not Diffuse-type, Amyloid Beta Plaques are Correlated with Alzheimer'sNeuropathology, Cognitive Dysfunction, and Neuroinflammation in the Human"
,,"but not Diffuse-type, Amyloid Beta Plaques are Correlated with Alzheimer'sNeuropathology, Cognitive Dysfunction, and Neuroinflammation in the HumanHippocampus. Neurosci Bull. 2022 Aug 26. doi: 10.1007/s12264-022-00927-5. Epub"
,,"Neuropathology, Cognitive Dysfunction, and Neuroinflammation in the HumanHippocampus. Neurosci Bull. 2022 Aug 26. doi: 10.1007/s12264-022-00927-5. Epubahead of print. PMID: 36028642."
,,0
,,0
,,0
,,"98: Catania M, Colombo L, Sorrentino S, Cagnotto A, Lucchetti J, Barbagallo MC,Vannetiello I, Vecchi ER, Favagrossa M, Costanza M, Giaccone G, Salmona M,Tagliavini F, Di Fede G. A novel bio-inspired strategy to prevent"
,,"Vannetiello I, Vecchi ER, Favagrossa M, Costanza M, Giaccone G, Salmona M,Tagliavini F, Di Fede G. A novel bio-inspired strategy to preventamyloidogenesis and synaptic damage in Alzheimer's disease. Mol Psychiatry. 2022"
,,"Tagliavini F, Di Fede G. A novel bio-inspired strategy to preventamyloidogenesis and synaptic damage in Alzheimer's disease. Mol Psychiatry. 2022Aug 26. doi: 10.1038/s41380-022-01745-x. Epub ahead of print. PMID: 36028569."
,,0
,,0
,,0
,,"99: Tangen GG, Nilsson MH, Stomrud E, Palmqvist S, Hansson O. Spatial Navigationand Its Association With Biomarkers and Future Dementia in Memory ClinicPatients Without Dementia. Neurology. 2022 Aug 26:10.1212/WNL.0000000000201106."
,,and Its Association With Biomarkers and Future Dementia in Memory ClinicPatients Without Dementia. Neurology. 2022 Aug 26:10.1212/WNL.0000000000201106.doi: 10.1212/WNL.0000000000201106. Epub ahead of print. PMID: 36028328.
,,0
,,0
,,0
,,"100: Onder S, Biberoglu K, Yuksel M, Tacal O. Toluidine blue O attenuates tauphosphorylation in N2a-APPSwe cells. Chem Biol Interact. 2022 Oct 1;366:110126.doi: 10.1016/j.cbi.2022.110126. Epub 2022 Aug 24. PMID: 36027949."
,,0
,,0
,,0
,,"101: Siddique YH, Rahul, Ara G, Afzal M, Varshney H, Gaur K, Subhan I, MantashaI, Shahid M. Beneficial effects of apigenin on the transgenic Drosophila modelof Alzheimer's disease. Chem Biol Interact. 2022 Oct 1;366:110120. doi:"
,,"I, Shahid M. Beneficial effects of apigenin on the transgenic Drosophila modelof Alzheimer's disease. Chem Biol Interact. 2022 Oct 1;366:110120. doi:10.1016/j.cbi.2022.110120. Epub 2022 Aug 24. PMID: 36027948."
,,0
,,0
,,0
,,"102: Namchaiw P, Bunreangsri P, Eiamcharoen P, Eiamboonsert S, P Poo-Arporn R.An in vitro workflow of neuron-laden agarose-laminin hydrogel for studying smallmolecule-induced amyloidogenic condition. PLoS One. 2022 Aug 26;17(8):e0273458."
,,An in vitro workflow of neuron-laden agarose-laminin hydrogel for studying smallmolecule-induced amyloidogenic condition. PLoS One. 2022 Aug 26;17(8):e0273458.doi: 10.1371/journal.pone.0273458. PMID: 36026506; PMCID: PMC9416999.
,,0
,,0
,,0
,,"103: Arputhasamy C, Foulger AC, Lucanic M, Rane A, Schmidt M, Garrett T,Broussalian M, Battistoni E, Brem RB, Lithgow GJ, Chamoli M, Andersen JK.Potassium-chelating drug sodium polystyrene sulfonate enhances lysosomal"
,,"Broussalian M, Battistoni E, Brem RB, Lithgow GJ, Chamoli M, Andersen JK.Potassium-chelating drug sodium polystyrene sulfonate enhances lysosomalfunction and suppresses proteotoxicity. Geroscience. 2022 Aug 26. doi:"
,,Potassium-chelating drug sodium polystyrene sulfonate enhances lysosomalfunction and suppresses proteotoxicity. Geroscience. 2022 Aug 26. doi:10.1007/s11357-022-00647-8. Epub ahead of print. PMID: 36018536.
,,0
,,0
,,0
,,"104: Li M, Zhou S, Wang G, Qiao L, Yi S, Li T, Pan X, Liu X, Tang Z. CalpainInhibitor Calpeptin Improves Alzheimer's Disease-Like Cognitive Impairments andPathologies in a Diabetes Mellitus Rat Model. Neurotox Res. 2022"
,,Inhibitor Calpeptin Improves Alzheimer's Disease-Like Cognitive Impairments andPathologies in a Diabetes Mellitus Rat Model. Neurotox Res. 2022Oct;40(5):1248-1260. doi: 10.1007/s12640-022-00561-z. Epub 2022 Aug 26. PMID:
,,Pathologies in a Diabetes Mellitus Rat Model. Neurotox Res. 2022Oct;40(5):1248-1260. doi: 10.1007/s12640-022-00561-z. Epub 2022 Aug 26. PMID:36018506
,,0
,,0
,,0
,,"105: Cui ZQ, Hu XY, Yang T, Guan JW, Gu Y, Li HY, Zhang HY, Xiao QH, Sun XH.TMEM16F may be a new therapeutic target for Alzheimer's disease. Neural RegenRes. 2023 Mar;18(3):643-651. doi: 10.4103/1673-5374.350211. PMID: 36018189."
,,0
,,0
,,0
,,"106: Qiu Y, Sha L, Zhang X, Li G, Zhu W, Xu Q. Induction of <i>A Disintegrin andMetalloproteinase with Thrombospondin motifs 1</i> by a rare variant orcognitive activities reduces hippocampal amyloid-β and consequent Alzheimer's"
,,Metalloproteinase with Thrombospondin motifs 1</i> by a rare variant orcognitive activities reduces hippocampal amyloid-β and consequent Alzheimer'sdisease risk. Front Aging Neurosci. 2022 Aug 9;14:896522. doi:
,,cognitive activities reduces hippocampal amyloid-β and consequent Alzheimer'sdisease risk. Front Aging Neurosci. 2022 Aug 9;14:896522. doi:10.3389/fnagi.2022.896522. PMID: 36016856; PMCID: PMC9395645.
,,0
,,0
,,0
,,"107: Hamdan AME, Alharthi FHJ, Alanazi AH, El-Emam SZ, Zaghlool SS, Metwally K,Albalawi SA, Abdu YS, Mansour RE, Salem HA, Abd Elmageed ZY, Abu-Elfotuh K.Neuroprotective Effects of Phytochemicals against Aluminum Chloride-Induced"
,,"Albalawi SA, Abdu YS, Mansour RE, Salem HA, Abd Elmageed ZY, Abu-Elfotuh K.Neuroprotective Effects of Phytochemicals against Aluminum Chloride-InducedAlzheimer's Disease through ApoE4/LRP1, Wnt3/β-Catenin/GSK3β, and TLR4/NLRP3"
,,"Neuroprotective Effects of Phytochemicals against Aluminum Chloride-InducedAlzheimer's Disease through ApoE4/LRP1, Wnt3/β-Catenin/GSK3β, and TLR4/NLRP3Pathways with Physical and Mental Activities in a Rat Model. Pharmaceuticals"
,,"Alzheimer's Disease through ApoE4/LRP1, Wnt3/β-Catenin/GSK3β, and TLR4/NLRP3Pathways with Physical and Mental Activities in a Rat Model. Pharmaceuticals(Basel). 2022 Aug 17;15(8):1008. doi: 10.3390/ph15081008. PMID: 36015156; PMCID:"
,,Pathways with Physical and Mental Activities in a Rat Model. Pharmaceuticals(Basel). 2022 Aug 17;15(8):1008. doi: 10.3390/ph15081008. PMID: 36015156; PMCID:PMC9416484.
,,0
,,0
,,0
,,"108: Waiwut P, Kengkoom K, Pannangrong W, Musigavong N, Chheng C, Plekratoke K,Taklomthong P, Nillert N, Pitiporn S, Kwankhao P, Daodee S, Chulikhit Y,Montakantirat O, Boonyarat C. Toxicity Profiles of Kleeb Bua Daeng Formula, a"
,,"Taklomthong P, Nillert N, Pitiporn S, Kwankhao P, Daodee S, Chulikhit Y,Montakantirat O, Boonyarat C. Toxicity Profiles of Kleeb Bua Daeng Formula, aTraditional Thai Medicine, and Its Protective Effects on Memory Impairment in"
,,"Montakantirat O, Boonyarat C. Toxicity Profiles of Kleeb Bua Daeng Formula, aTraditional Thai Medicine, and Its Protective Effects on Memory Impairment inAnimals. Pharmaceuticals (Basel). 2022 Aug 11;15(8):988. doi:"
,,"Traditional Thai Medicine, and Its Protective Effects on Memory Impairment inAnimals. Pharmaceuticals (Basel). 2022 Aug 11;15(8):988. doi:10.3390/ph15080988. PMID: 36015135; PMCID: PMC9414439."
,,0
,,0
,,0
,,"109: Ho CL, Kao NJ, Lin CI, Cross TL, Lin SH. Quercetin Increases MitochondrialBiogenesis and Reduces Free Radicals in Neuronal SH-SY5Y Cells. Nutrients. 2022Aug 12;14(16):3310. doi: 10.3390/nu14163310. PMID: 36014814; PMCID: PMC9414536."
,,0
,,0
,,0
,,"110: Dhamodharan J, Sekhar G, Muthuraman A. Epidermal Growth Factor ReceptorKinase Inhibitor Ameliorates β-Amyloid Oligomer-Induced Alzheimer Disease inSwiss Albino Mice. Molecules. 2022 Aug 14;27(16):5182. doi:"
,,Kinase Inhibitor Ameliorates β-Amyloid Oligomer-Induced Alzheimer Disease inSwiss Albino Mice. Molecules. 2022 Aug 14;27(16):5182. doi:10.3390/molecules27165182. PMID: 36014421; PMCID: PMC9412386.
,,0
,,0
,,0
,,"111: Di Natale G, Sabatino G, Sciacca MFM, Tosto R, Milardi D, Pappalardo G. Aβand Tau Interact with Metal Ions, Lipid Membranes and Peptide-Based AmyloidInhibitors: Are These Common Features Relevant in Alzheimer's Disease?"
,,"and Tau Interact with Metal Ions, Lipid Membranes and Peptide-Based AmyloidInhibitors: Are These Common Features Relevant in Alzheimer's Disease?Molecules. 2022 Aug 9;27(16):5066. doi: 10.3390/molecules27165066. PMID:"
,,Inhibitors: Are These Common Features Relevant in Alzheimer's Disease?Molecules. 2022 Aug 9;27(16):5066. doi: 10.3390/molecules27165066. PMID:36014310; PMCID: PMC9414153.
,,0
,,0
,,0
,,"112: Yu W, Li Y, Hu J, Wu J, Huang Y. A Study on the Pathogenesis of VascularCognitive Impairment and Dementia: The Chronic Cerebral HypoperfusionHypothesis. J Clin Med. 2022 Aug 14;11(16):4742. doi: 10.3390/jcm11164742. PMID:"
,,Cognitive Impairment and Dementia: The Chronic Cerebral HypoperfusionHypothesis. J Clin Med. 2022 Aug 14;11(16):4742. doi: 10.3390/jcm11164742. PMID:36012981; PMCID: PMC9409771.
,,0
,,0
,,0
,,"113: Roterman I, Stapor K, Dułak D, Konieczny L. The Possible Mechanism ofAmyloid Transformation Based on the Geometrical Parameters of Early-StageIntermediate in Silico Model for Protein Folding. Int J Mol Sci. 2022 Aug"
,,Amyloid Transformation Based on the Geometrical Parameters of Early-StageIntermediate in Silico Model for Protein Folding. Int J Mol Sci. 2022 Aug22;23(16):9502. doi: 10.3390/ijms23169502. PMID: 36012765; PMCID: PMC9409474.
,,0
,,0
,,0
,,"114: Więckowski K, Szałaj N, Gryzło B, Wichur T, Góral I, Sługocka E,Sniecikowska J, Latacz G, Siwek A, Godyń J, Bucki A, Kołaczkowski M, WięckowskaA. Serotonin 5-HT<sub>6</sub> Receptor Ligands and Butyrylcholinesterase"
,,"Sniecikowska J, Latacz G, Siwek A, Godyń J, Bucki A, Kołaczkowski M, WięckowskaA. Serotonin 5-HT<sub>6</sub> Receptor Ligands and ButyrylcholinesteraseInhibitors Displaying Antioxidant Activity-Design, Synthesis and Biological"
,,"A. Serotonin 5-HT<sub>6</sub> Receptor Ligands and ButyrylcholinesteraseInhibitors Displaying Antioxidant Activity-Design, Synthesis and BiologicalEvaluation of Multifunctional Agents against Alzheimer's Disease. Int J Mol Sci."
,,"Inhibitors Displaying Antioxidant Activity-Design, Synthesis and BiologicalEvaluation of Multifunctional Agents against Alzheimer's Disease. Int J Mol Sci.2022 Aug 21;23(16):9443. doi: 10.3390/ijms23169443. PMID: 36012707; PMCID:"
,,Evaluation of Multifunctional Agents against Alzheimer's Disease. Int J Mol Sci.2022 Aug 21;23(16):9443. doi: 10.3390/ijms23169443. PMID: 36012707; PMCID:PMC9409043.
,,0
,,0
,,0
,,"115: Borràs C, Mercer A, Sirisi S, Alcolea D, Escolà-Gil JC, Blanco-Vaca F,Tondo M. HDL-like-Mediated Cell Cholesterol Trafficking in the Central NervousSystem and Alzheimer's Disease Pathogenesis. Int J Mol Sci. 2022 Aug"
,,Tondo M. HDL-like-Mediated Cell Cholesterol Trafficking in the Central NervousSystem and Alzheimer's Disease Pathogenesis. Int J Mol Sci. 2022 Aug19;23(16):9356. doi: 10.3390/ijms23169356. PMID: 36012637; PMCID: PMC9409363.
,,0
,,0
,,0
,,"116: Morató X, Pytel V, Jofresa S, Ruiz A, Boada M. Symptomatic and Disease-Modifying Therapy Pipeline for Alzheimer's Disease: Towards a PersonalizedPolypharmacology Patient-Centered Approach. Int J Mol Sci. 2022 Aug"
,,Modifying Therapy Pipeline for Alzheimer's Disease: Towards a PersonalizedPolypharmacology Patient-Centered Approach. Int J Mol Sci. 2022 Aug18;23(16):9305. doi: 10.3390/ijms23169305. PMID: 36012569; PMCID: PMC9409252.
,,0
,,0
,,0
,,"117: Coto-Vilcapoma MA, Castilla-Silgado J, Fernández-García B, Pinto-HernándezP, Cipriani R, Capetillo-Zarate E, Menéndez-González M, Álvarez-Vega M, Tomás-Zapico C. New, Fully Implantable Device for Selective Clearance of CSF-Target"
,,"P, Cipriani R, Capetillo-Zarate E, Menéndez-González M, Álvarez-Vega M, Tomás-Zapico C. New, Fully Implantable Device for Selective Clearance of CSF-TargetMolecules: Proof of Concept in a Murine Model of Alzheimer's Disease. Int J Mol"
,,"Zapico C. New, Fully Implantable Device for Selective Clearance of CSF-TargetMolecules: Proof of Concept in a Murine Model of Alzheimer's Disease. Int J MolSci. 2022 Aug 17;23(16):9256. doi: 10.3390/ijms23169256. PMID: 36012525; PMCID:"
,,Molecules: Proof of Concept in a Murine Model of Alzheimer's Disease. Int J MolSci. 2022 Aug 17;23(16):9256. doi: 10.3390/ijms23169256. PMID: 36012525; PMCID:PMC9408974.
,,0
,,0
,,0
,,"118: Saleh B, Srikanth KD, Sneh T, Yue L, Pelech S, Elliott E, Gil-Henn H. FAK-Mediated Signaling Controls Amyloid Beta Overload, Learning and Memory Deficitsin a Mouse Model of Alzheimer's Disease. Int J Mol Sci. 2022 Aug 13;23(16):9055."
,,"Mediated Signaling Controls Amyloid Beta Overload, Learning and Memory Deficitsin a Mouse Model of Alzheimer's Disease. Int J Mol Sci. 2022 Aug 13;23(16):9055.doi: 10.3390/ijms23169055. PMID: 36012331; PMCID: PMC9408823."
,,0
,,0
,,0
,,"119: Chen Y, Liu Z, Gong P, Zhang H, Chen Y, Yao S, Li W, Zhang Y, Yu Y. TheChemerin/CMKLR1 Axis Is Involved in the Recruitment of Microglia to AβDeposition through p38 MAPK Pathway. Int J Mol Sci. 2022 Aug 12;23(16):9041."
,,Chemerin/CMKLR1 Axis Is Involved in the Recruitment of Microglia to AβDeposition through p38 MAPK Pathway. Int J Mol Sci. 2022 Aug 12;23(16):9041.doi: 10.3390/ijms23169041. PMID: 36012305; PMCID: PMC9409288.
,,0
,,0
,,0
,,"120: Mizutani H, Sato Y, Yamazaki M, Yoshizawa T, Ando Y, Ueda M, Yamagata K.SIRT7 Deficiency Protects against Aβ<sub>42</sub>-Induced Apoptosis through theRegulation of NOX4-Derived Reactive Oxygen Species Production in SH-SY5Y Cells."
,,SIRT7 Deficiency Protects against Aβ<sub>42</sub>-Induced Apoptosis through theRegulation of NOX4-Derived Reactive Oxygen Species Production in SH-SY5Y Cells.Int J Mol Sci. 2022 Aug 12;23(16):9027. doi: 10.3390/ijms23169027. PMID:
,,Regulation of NOX4-Derived Reactive Oxygen Species Production in SH-SY5Y Cells.Int J Mol Sci. 2022 Aug 12;23(16):9027. doi: 10.3390/ijms23169027. PMID:36012298; PMCID: PMC9408927.
,,0
,,0
,,0
,,"121: Mitra S, Gera R, Sundheimer J, Lemee M, Wahlberg LU, Linderoth B,Eriksdotter M, Behbahani H. Microglia Impairs Proliferation and InducesSenescence In-Vitro in NGF Releasing Cells Used in Encapsulated Cell Biodelivery"
,,"Eriksdotter M, Behbahani H. Microglia Impairs Proliferation and InducesSenescence In-Vitro in NGF Releasing Cells Used in Encapsulated Cell Biodeliveryfor Alzheimer's Disease Therapy. Int J Mol Sci. 2022 Aug 12;23(16):9011. doi:"
,,Senescence In-Vitro in NGF Releasing Cells Used in Encapsulated Cell Biodeliveryfor Alzheimer's Disease Therapy. Int J Mol Sci. 2022 Aug 12;23(16):9011. doi:10.3390/ijms23169011. PMID: 36012296; PMCID: PMC9409429.
,,0
,,0
,,0
,,"122: Barczuk J, Siwecka N, Lusa W, Rozpędek-Kamińska W, Kucharska E, MajsterekI. Targeting NLRP3-Mediated Neuroinflammation in Alzheimer's Disease Treatment.Int J Mol Sci. 2022 Aug 11;23(16):8979. doi: 10.3390/ijms23168979. PMID:"
,,I. Targeting NLRP3-Mediated Neuroinflammation in Alzheimer's Disease Treatment.Int J Mol Sci. 2022 Aug 11;23(16):8979. doi: 10.3390/ijms23168979. PMID:36012243; PMCID: PMC9409081.
,,0
,,0
,,0
,,"123: Sun E, Motolani A, Campos L, Lu T. The Pivotal Role of NF-kB in thePathogenesis and Therapeutics of Alzheimer's Disease. Int J Mol Sci. 2022 Aug11;23(16):8972. doi: 10.3390/ijms23168972. PMID: 36012242; PMCID: PMC9408758."
,,0
,,0
,,0
,,"124: Jang BG, Choi B, Kim S, Lee DS, Lee J, Koh YH, Jo SA, Kim JE, Kang TC, KimMJ. 2,4-Diacetylphloroglucinol Reduces Beta-Amyloid Production and Secretion byRegulating ADAM10 and Intracellular Trafficking in Cellular and Animal Models of"
,,"MJ. 2,4-Diacetylphloroglucinol Reduces Beta-Amyloid Production and Secretion byRegulating ADAM10 and Intracellular Trafficking in Cellular and Animal Models ofAlzheimer's Disease. Cells. 2022 Aug 19;11(16):2585. doi: 10.3390/cells11162585."
,,Regulating ADAM10 and Intracellular Trafficking in Cellular and Animal Models ofAlzheimer's Disease. Cells. 2022 Aug 19;11(16):2585. doi: 10.3390/cells11162585.PMID: 36010661; PMCID: PMC9406471.
,,0
,,0
,,0
,,"125: Martín-Martín Y, Pérez-García A, Torrecilla-Parra M, Fernández-de Frutos M,Pardo-Marqués V, Casarejos MJ, Busto R, Ramírez CM. New Insights on theRegulation of the Insulin-Degrading Enzyme: Role of microRNAs and RBPs. Cells."
,,"Pardo-Marqués V, Casarejos MJ, Busto R, Ramírez CM. New Insights on theRegulation of the Insulin-Degrading Enzyme: Role of microRNAs and RBPs. Cells.2022 Aug 16;11(16):2538. doi: 10.3390/cells11162538. PMID: 36010613; PMCID:"
,,Regulation of the Insulin-Degrading Enzyme: Role of microRNAs and RBPs. Cells.2022 Aug 16;11(16):2538. doi: 10.3390/cells11162538. PMID: 36010613; PMCID:PMC9406717.
,,0
,,0
,,0
,,"126: Chowdhury MR, Jin HK, Bae JS. Diverse Roles of Ceramide in the Progressionand Pathogenesis of Alzheimer's Disease. Biomedicines. 2022 Aug 12;10(8):1956.doi: 10.3390/biomedicines10081956. PMID: 36009503; PMCID: PMC9406151."
,,0
,,0
,,0
,,"127: Grossmann K. Direct Oral Anticoagulants (DOACs) for Therapeutic Targetingof Thrombin, a Key Mediator of Cerebrovascular and Neuronal Dysfunction inAlzheimer's Disease. Biomedicines. 2022 Aug 4;10(8):1890. doi:"
,,"of Thrombin, a Key Mediator of Cerebrovascular and Neuronal Dysfunction inAlzheimer's Disease. Biomedicines. 2022 Aug 4;10(8):1890. doi:10.3390/biomedicines10081890. PMID: 36009437; PMCID: PMC9405823."
,,0
,,0
,,0
,,"128: Wang IF, Ho PC, Tsai KJ. MicroRNAs in Learning and Memory and Their Impacton Alzheimer's Disease. Biomedicines. 2022 Aug 1;10(8):1856. doi:10.3390/biomedicines10081856. PMID: 36009403; PMCID: PMC9405363."
,,0
,,0
,,0
,,"129: Kang J, Park M, Lee E, Jung J, Kim T. The Role of Vitamin D in Alzheimer'sDisease: A Transcriptional Regulator of Amyloidopathy and Gliopathy.Biomedicines. 2022 Jul 28;10(8):1824. doi: 10.3390/biomedicines10081824. PMID:"
,,Disease: A Transcriptional Regulator of Amyloidopathy and Gliopathy.Biomedicines. 2022 Jul 28;10(8):1824. doi: 10.3390/biomedicines10081824. PMID:36009371; PMCID: PMC9404847.
,,0
,,0
,,0
,,"130: Athanasiou E, Gargalionis AN, Anastassopoulou C, Tsakris A, Boufidou F. NewInsights into the Molecular Interplay between Human Herpesviruses andAlzheimer's Disease-A Narrative Review. Brain Sci. 2022 Jul 30;12(8):1010. doi:"
,,Insights into the Molecular Interplay between Human Herpesviruses andAlzheimer's Disease-A Narrative Review. Brain Sci. 2022 Jul 30;12(8):1010. doi:10.3390/brainsci12081010. PMID: 36009073; PMCID: PMC9406069.
,,0
,,0
,,0
,,"131: Tzartos JS, Boufidou F, Stergiou C, Kuhle J, Willemse E, Palaiodimou L,Tsantzali I, Sideri E, Bonakis A, Giannopoulos S, Voumvourakis KI, Tsivgoulis G,Tzartos SJ, Kapaki E, Paraskevas GP. Plasma P-Tau181 for the Discrimination of"
,,"Tsantzali I, Sideri E, Bonakis A, Giannopoulos S, Voumvourakis KI, Tsivgoulis G,Tzartos SJ, Kapaki E, Paraskevas GP. Plasma P-Tau181 for the Discrimination ofAlzheimer's Disease from Other Primary Dementing and/or Movement Disorders."
,,"Tzartos SJ, Kapaki E, Paraskevas GP. Plasma P-Tau181 for the Discrimination ofAlzheimer's Disease from Other Primary Dementing and/or Movement Disorders.Biomolecules. 2022 Aug 10;12(8):1099. doi: 10.3390/biom12081099. PMID: 36008993;"
,,Alzheimer's Disease from Other Primary Dementing and/or Movement Disorders.Biomolecules. 2022 Aug 10;12(8):1099. doi: 10.3390/biom12081099. PMID: 36008993;PMCID: PMC9405977.
,,0
,,0
,,0
,,"132: Pocevičiūtė D, Nuñez-Diaz C, Roth B, Janelidze S; Netherlands Brain Bank,Giannisis A, Hansson O, Wennström M. Increased plasma and brain immunoglobulin Ain Alzheimer's disease is lost in apolipoprotein E ε4 carriers. Alzheimers Res"
,,"Giannisis A, Hansson O, Wennström M. Increased plasma and brain immunoglobulin Ain Alzheimer's disease is lost in apolipoprotein E ε4 carriers. Alzheimers ResTher. 2022 Aug 26;14(1):117. doi: 10.1186/s13195-022-01062-z. PMID: 36008818;"
,,in Alzheimer's disease is lost in apolipoprotein E ε4 carriers. Alzheimers ResTher. 2022 Aug 26;14(1):117. doi: 10.1186/s13195-022-01062-z. PMID: 36008818;PMCID: PMC9414424.
,,0
,,0
,,0
,,"133: Taş K, Volta BD, Lindner C, El Bounkari O, Hille K, Tian Y, Puig-Bosch X,Ballmann M, Hornung S, Ortner M, Prem S, Meier L, Rammes G, Haslbeck M, Weber C,Megens RTA, Bernhagen J, Kapurniotu A. Designed peptides as nanomolar cross-"
,,"Ballmann M, Hornung S, Ortner M, Prem S, Meier L, Rammes G, Haslbeck M, Weber C,Megens RTA, Bernhagen J, Kapurniotu A. Designed peptides as nanomolar cross-amyloid inhibitors acting via supramolecular nanofiber co-assembly. Nat Commun."
,,"Megens RTA, Bernhagen J, Kapurniotu A. Designed peptides as nanomolar cross-amyloid inhibitors acting via supramolecular nanofiber co-assembly. Nat Commun.2022 Aug 25;13(1):5004. doi: 10.1038/s41467-022-32688-0. PMID: 36008417; PMCID:"
,,amyloid inhibitors acting via supramolecular nanofiber co-assembly. Nat Commun.2022 Aug 25;13(1):5004. doi: 10.1038/s41467-022-32688-0. PMID: 36008417; PMCID:PMC9411207.
,,0
,,0
,,0
,,"134: Du C, Feng W, Dai X, Wang J, Geng D, Li X, Chen Y, Zhang J. Cu<sup>2+</sup>-Chelatable and ROS-Scavenging MXenzyme as NIR-II-Triggered Blood-Brain Barrier-Crossing Nanocatalyst against Alzheimer's Disease. Small. 2022"
,,-Chelatable and ROS-Scavenging MXenzyme as NIR-II-Triggered Blood-Brain Barrier-Crossing Nanocatalyst against Alzheimer's Disease. Small. 2022Sep;18(39):e2203031. doi: 10.1002/smll.202203031. Epub 2022 Aug 25. PMID:
,,Crossing Nanocatalyst against Alzheimer's Disease. Small. 2022Sep;18(39):e2203031. doi: 10.1002/smll.202203031. Epub 2022 Aug 25. PMID:36008124
,,0
,,0
,,0
,,"135: Liu W, Wu L, Liu W, Tian L, Chen H, Wu Z, Wang N, Liu X, Qiu J, Feng X, XuZ, Jiang X, Zhao Q. Design, synthesis and biological evaluation of novelcoumarin derivatives as multifunctional ligands for the treatment of Alzheimer's"
,,"Z, Jiang X, Zhao Q. Design, synthesis and biological evaluation of novelcoumarin derivatives as multifunctional ligands for the treatment of Alzheimer'sdisease. Eur J Med Chem. 2022 Nov 15;242:114689. doi:"
,,coumarin derivatives as multifunctional ligands for the treatment of Alzheimer'sdisease. Eur J Med Chem. 2022 Nov 15;242:114689. doi:10.1016/j.ejmech.2022.114689. Epub 2022 Aug 19. PMID: 36007469.
,,0
,,0
,,0
,,"136: Dai R, Sun Y, Su R, Gao H. Anti-Alzheimer's disease potential oftraditional chinese medicinal herbs as inhibitors of BACE1 and AChE enzymes.Biomed Pharmacother. 2022 Oct;154:113576. doi: 10.1016/j.biopha.2022.113576."
,,traditional chinese medicinal herbs as inhibitors of BACE1 and AChE enzymes.Biomed Pharmacother. 2022 Oct;154:113576. doi: 10.1016/j.biopha.2022.113576.Epub 2022 Aug 22. PMID: 36007279.
,,0
,,0
,,0
,,137: Ashe KH. Alzheimer's target still viable but untested. Science. 2022 Aug26;377(6609):935. doi: 10.1126/science.ade4073. Epub 2022 Aug 25. PMID:36007039
,,0
,,0
,,0
,,"138: Fang Y, Wang J, Zhao M, Zheng Q, Ren C, Wang Y, Zhang J. Progress andChallenges in Targeted Protein Degradation for Neurodegenerative DiseaseTherapy. J Med Chem. 2022 Sep 8;65(17):11454-11477. doi:"
,,Challenges in Targeted Protein Degradation for Neurodegenerative DiseaseTherapy. J Med Chem. 2022 Sep 8;65(17):11454-11477. doi:10.1021/acs.jmedchem.2c00844. Epub 2022 Aug 25. PMID: 36006861.
,,0
,,0
,,0
,,"139: Sharma B, Satija G, Madan A, Garg M, Alam MM, Shaquiquzzaman M, Khanna S,Tiwari P, Parvez S, Iqubal A, Haque SE, Khan MA. Role of NLRP3 Inflammasome andIts Inhibitors as Emerging Therapeutic Drug Candidate for Alzheimer's Disease: a"
,,"Tiwari P, Parvez S, Iqubal A, Haque SE, Khan MA. Role of NLRP3 Inflammasome andIts Inhibitors as Emerging Therapeutic Drug Candidate for Alzheimer's Disease: aReview of Mechanism of Activation, Regulation, and Inhibition. Inflammation."
,,"Its Inhibitors as Emerging Therapeutic Drug Candidate for Alzheimer's Disease: aReview of Mechanism of Activation, Regulation, and Inhibition. Inflammation.2022 Aug 25:1–32. doi: 10.1007/s10753-022-01730-0. Epub ahead of print. PMID:"
,,"Review of Mechanism of Activation, Regulation, and Inhibition. Inflammation.2022 Aug 25:1–32. doi: 10.1007/s10753-022-01730-0. Epub ahead of print. PMID:36006570; PMCID: PMC9403980."
,,0
,,0
,,0
,,"140: Boonyarat C, Yenjai C, Monthakantirat O, Kaewamatawong R, Poonsawas P,Wangboonskul J, Chaiwiwatrakul S, Waiwut P. Multifunctionality of <i>Clausenaharmandiana</i> Extract and Its Active Constituents against Alzheimer's Disease."
,,"Wangboonskul J, Chaiwiwatrakul S, Waiwut P. Multifunctionality of <i>Clausenaharmandiana</i> Extract and Its Active Constituents against Alzheimer's Disease.Curr Issues Mol Biol. 2022 Aug 15;44(8):3681-3694. doi: 10.3390/cimb44080252."
,,harmandiana</i> Extract and Its Active Constituents against Alzheimer's Disease.Curr Issues Mol Biol. 2022 Aug 15;44(8):3681-3694. doi: 10.3390/cimb44080252.PMID: 36005148; PMCID: PMC9406758.
,,0
,,0
,,0
,,141: Nahalka J. 1-L Transcription in Alzheimer's Disease. Curr Issues Mol Biol.2022 Aug 9;44(8):3533-3551. doi: 10.3390/cimb44080243. PMID: 36005139; PMCID:PMC9406503.
,,0
,,0
,,0
,,"142: McKendell AK, Houser MCQ, Mitchell SPC, Wolfe MS, Berezovska O, Maesako M.In-Depth Characterization of Endo-Lysosomal Aβ in Intact Neurons. Biosensors(Basel). 2022 Aug 20;12(8):663. doi: 10.3390/bios12080663. PMID: 36005059;"
,,In-Depth Characterization of Endo-Lysosomal Aβ in Intact Neurons. Biosensors(Basel). 2022 Aug 20;12(8):663. doi: 10.3390/bios12080663. PMID: 36005059;PMCID: PMC9406119.
,,0
,,0
,,0
,,"143: Giannetto MJ, Hablitz LM. Reading to the end(foot): translationalreadthrough of AQP4 increases amyloid-β clearance. Brain. 2022 Sep14;145(9):2943-2945. doi: 10.1093/brain/awac289. PMID: 36004521."
,,0
,,0
,,0
,,"144: Aires V, Ziegler-Waldkirch S, Friesen M, Reichardt W, Erny D, Loreth D,Harborne A, Kretz O, von Elverfeldt D, Meyer-Luehmann M. Seed-induced Aβdeposits in the corpus callosum disrupt white matter integrity in a mouse model"
,,"Harborne A, Kretz O, von Elverfeldt D, Meyer-Luehmann M. Seed-induced Aβdeposits in the corpus callosum disrupt white matter integrity in a mouse modelof Alzheimer's disease. Front Cell Neurosci. 2022 Aug 8;16:862918. doi:"
,,deposits in the corpus callosum disrupt white matter integrity in a mouse modelof Alzheimer's disease. Front Cell Neurosci. 2022 Aug 8;16:862918. doi:10.3389/fncel.2022.862918. PMID: 36003141; PMCID: PMC9393256.
,,0
,,0
,,0
,,"145: Sabbagh MN, Decourt B. COR388 (atuzaginstat): an investigational gingipaininhibitor for the treatment of Alzheimer disease. Expert Opin Investig Drugs.2022 Sep 1:1-7. doi: 10.1080/13543784.2022.2117605. Epub ahead of print. PMID:"
,,inhibitor for the treatment of Alzheimer disease. Expert Opin Investig Drugs.2022 Sep 1:1-7. doi: 10.1080/13543784.2022.2117605. Epub ahead of print. PMID:36003033
,,0
,,0
,,0
,,"146: Giannisis A, Al-Grety A, Carlsson H, Patra K, Twohig D, Sando SB, LauridsenC, Berge G, Grøntvedt GR, Bråthen G, White LR, Kultima K, Nielsen HM. Plasmaapolipoprotein E levels in longitudinally followed patients with mild cognitive"
,,"C, Berge G, Grøntvedt GR, Bråthen G, White LR, Kultima K, Nielsen HM. Plasmaapolipoprotein E levels in longitudinally followed patients with mild cognitiveimpairment and Alzheimer's disease. Alzheimers Res Ther. 2022 Aug 24;14(1):115."
,,apolipoprotein E levels in longitudinally followed patients with mild cognitiveimpairment and Alzheimer's disease. Alzheimers Res Ther. 2022 Aug 24;14(1):115.doi: 10.1186/s13195-022-01058-9. PMID: 36002891; PMCID: PMC9400269.
,,0
,,0
,,0
,,"147: Shah D, Gsell W, Wahis J, Luckett ES, Jamoulle T, Vermaercke B, Preman P,Moechars D, Hendrickx V, Jaspers T, Craessaerts K, Horré K, Wolfs L, Fiers M,Holt M, Thal DR, Callaerts-Vegh Z, D'Hooge R, Vandenberghe R, Himmelreich U,"
,,"Moechars D, Hendrickx V, Jaspers T, Craessaerts K, Horré K, Wolfs L, Fiers M,Holt M, Thal DR, Callaerts-Vegh Z, D'Hooge R, Vandenberghe R, Himmelreich U,Bonin V, De Strooper B. Astrocyte calcium dysfunction causes early network"
,,"Holt M, Thal DR, Callaerts-Vegh Z, D'Hooge R, Vandenberghe R, Himmelreich U,Bonin V, De Strooper B. Astrocyte calcium dysfunction causes early networkhyperactivity in Alzheimer's disease. Cell Rep. 2022 Aug 23;40(8):111280. doi:"
,,"Bonin V, De Strooper B. Astrocyte calcium dysfunction causes early networkhyperactivity in Alzheimer's disease. Cell Rep. 2022 Aug 23;40(8):111280. doi:10.1016/j.celrep.2022.111280. PMID: 36001964; PMCID: PMC9433881."
,,0
,,0
,,0
,,"148: Yang G, Zhang Y, Zhao J, He Y, Yuan R, Chen S. Dual-emitting Iridiumnanorods combining dual-regulating coreaction accelerator Ag nanoparticles forelectrochemiluminescence ratio determination of amyloid-β oligomers. Biosens"
,,nanorods combining dual-regulating coreaction accelerator Ag nanoparticles forelectrochemiluminescence ratio determination of amyloid-β oligomers. BiosensBioelectron. 2022 Nov 15;216:114629. doi: 10.1016/j.bios.2022.114629. Epub 2022
,,electrochemiluminescence ratio determination of amyloid-β oligomers. BiosensBioelectron. 2022 Nov 15;216:114629. doi: 10.1016/j.bios.2022.114629. Epub 2022Aug 12. PMID: 36001932.
,,0
,,0
,,0
,,"149: Sapkota D, Florian C, Doherty BM, White KM, Reardon KM, Ge X, Garbow JR,Yuede CM, Cirrito JR, Dougherty JD. Aqp4 stop codon readthrough facilitatesamyloid-β clearance from the brain. Brain. 2022 Sep 14;145(9):2982-2990. doi:"
,,"Yuede CM, Cirrito JR, Dougherty JD. Aqp4 stop codon readthrough facilitatesamyloid-β clearance from the brain. Brain. 2022 Sep 14;145(9):2982-2990. doi:10.1093/brain/awac199. PMID: 36001414."
,,0
,,0
,,0
,,"150: Singh NA, Graff-Radford J, Machulda MM, Schwarz CG, Baker MC, Rademakers R,Ertekin-Taner N, Lowe VJ, Josephs KA, Whitwell JL. Atypical Alzheimer's diseasephenotypes with normal or borderline PET biomarker profiles. J Neurol. 2022 Aug"
,,"Ertekin-Taner N, Lowe VJ, Josephs KA, Whitwell JL. Atypical Alzheimer's diseasephenotypes with normal or borderline PET biomarker profiles. J Neurol. 2022 Aug24. doi: 10.1007/s00415-022-11330-5. Epub ahead of print. PMID: 36001141."
,,0
,,0
,,0
,,"151: Pedrini S, Doecke JD, Hone E, Wang P, Thota R, Bush AI, Rowe CC, Dore V,Villemagne VL, Ames D, Rainey-Smith S, Verdile G, Sohrabi HR, Raida MR, TaddeiK, Gandy S, Masters CL, Chatterjee P, Martins RN; AIBL Research Group. Plasma"
,,"Villemagne VL, Ames D, Rainey-Smith S, Verdile G, Sohrabi HR, Raida MR, TaddeiK, Gandy S, Masters CL, Chatterjee P, Martins RN; AIBL Research Group. Plasmahigh-density lipoprotein cargo is altered in Alzheimer's disease and is"
,,"K, Gandy S, Masters CL, Chatterjee P, Martins RN; AIBL Research Group. Plasmahigh-density lipoprotein cargo is altered in Alzheimer's disease and isassociated with regional brain volume. J Neurochem. 2022 Oct;163(1):53-67. doi:"
,,high-density lipoprotein cargo is altered in Alzheimer's disease and isassociated with regional brain volume. J Neurochem. 2022 Oct;163(1):53-67. doi:10.1111/jnc.15681. Epub 2022 Aug 24. PMID: 36000528.
,,0
,,0
,,0
,,"152: Dominko K, Rastija A, Smiljanic K, Mladenovic A, Lešnjaković L, Kanazir S,Milanovic D, Hecimovic S. Amyloid-ß plaque formation and BACE1 accumulation inthe brains of a 5xFAD Alzheimer's disease mouse model is associated with altered"
,,"Milanovic D, Hecimovic S. Amyloid-ß plaque formation and BACE1 accumulation inthe brains of a 5xFAD Alzheimer's disease mouse model is associated with altereddistribution and not proteolysis of BACE1 substrates Sez6 and Sez6L. Mech Ageing"
,,the brains of a 5xFAD Alzheimer's disease mouse model is associated with altereddistribution and not proteolysis of BACE1 substrates Sez6 and Sez6L. Mech AgeingDev. 2022 Oct;207:111726. doi: 10.1016/j.mad.2022.111726. Epub 2022 Aug 23.
,,distribution and not proteolysis of BACE1 substrates Sez6 and Sez6L. Mech AgeingDev. 2022 Oct;207:111726. doi: 10.1016/j.mad.2022.111726. Epub 2022 Aug 23.PMID: 35998821.
,,0
,,0
,,0
,,"153: Liu M, Zeng M, Wang S, Cao B, Guo P, Zhang Y, Jia J, Zhang Q, Zhang B, WangR, Li J, Zheng X, Feng W. Thymidine and 2'-deoxyuridine reduce microglialactivation and improve oxidative stress damage by modulating glycolytic"
,,"R, Li J, Zheng X, Feng W. Thymidine and 2'-deoxyuridine reduce microglialactivation and improve oxidative stress damage by modulating glycolyticmetabolism on the Aβ<sub>25-35</sub>-induced brain injury. Arch Biochem Biophys."
,,activation and improve oxidative stress damage by modulating glycolyticmetabolism on the Aβ<sub>25-35</sub>-induced brain injury. Arch Biochem Biophys.2022 Oct 30;729:109377. doi: 10.1016/j.abb.2022.109377. Epub 2022 Aug 20. PMID:
,,metabolism on the Aβ<sub>25-35</sub>-induced brain injury. Arch Biochem Biophys.2022 Oct 30;729:109377. doi: 10.1016/j.abb.2022.109377. Epub 2022 Aug 20. PMID:35998686
,,0
,,0
,,0
,,"154: Wang C, Zeng L, Li Y, Shi C, Peng Y, Pan R, Huang M, Wang S, Zhang J, Li H.Decabromodiphenyl ethane induces locomotion neurotoxicity and potentialAlzheimer's disease risks through intensifying amyloid-beta deposition by"
,,Decabromodiphenyl ethane induces locomotion neurotoxicity and potentialAlzheimer's disease risks through intensifying amyloid-beta deposition byinhibiting transthyretin/transthyretin-like proteins. Environ Int. 2022 Aug
,,Alzheimer's disease risks through intensifying amyloid-beta deposition byinhibiting transthyretin/transthyretin-like proteins. Environ Int. 2022 Aug18;168:107482. doi: 10.1016/j.envint.2022.107482. Epub ahead of print. PMID:
,,inhibiting transthyretin/transthyretin-like proteins. Environ Int. 2022 Aug18;168:107482. doi: 10.1016/j.envint.2022.107482. Epub ahead of print. PMID:35998411
,,0
,,0
,,0
,,"155: Zhang ZW, Tu H, Jiang M, Vanan S, Chia SY, Jang SE, Saw WT, Ong ZW, Ma DR,Zhou ZD, Xu J, Guo KH, Yu WP, Ling SC, Margolin RA, Chain DG, Zeng L, Tan EK.The APP intracellular domain promotes <i>LRRK2</i> expression to enable feed-"
,,"Zhou ZD, Xu J, Guo KH, Yu WP, Ling SC, Margolin RA, Chain DG, Zeng L, Tan EK.The APP intracellular domain promotes <i>LRRK2</i> expression to enable feed-forward neurodegenerative mechanisms in Parkinson's disease. Sci Signal. 2022"
,,The APP intracellular domain promotes <i>LRRK2</i> expression to enable feed-forward neurodegenerative mechanisms in Parkinson's disease. Sci Signal. 2022Aug 23;15(748):eabk3411. doi: 10.1126/scisignal.abk3411. Epub 2022 Aug 23. PMID:
,,forward neurodegenerative mechanisms in Parkinson's disease. Sci Signal. 2022Aug 23;15(748):eabk3411. doi: 10.1126/scisignal.abk3411. Epub 2022 Aug 23. PMID:35998231
,,0
,,0
,,0
,,156: Siemer AB. What makes functional amyloids work? Crit Rev Biochem Mol Biol.2022 Aug 23:1-13. doi: 10.1080/10409238.2022.2113030. Epub ahead of print. PMID:35997712
,,0
,,0
,,0
,,"157: Awasthi S, Spellman DS, Hatcher NG. Proteomic Discovery and Validation ofNovel Fluid Biomarkers for Improved Patient Selection and Prediction of ClinicalOutcomes in Alzheimer's Disease Patient Cohorts. Proteomes. 2022 Aug 1;10(3):26."
,,Novel Fluid Biomarkers for Improved Patient Selection and Prediction of ClinicalOutcomes in Alzheimer's Disease Patient Cohorts. Proteomes. 2022 Aug 1;10(3):26.doi: 10.3390/proteomes10030026. PMID: 35997438; PMCID: PMC9397030.
,,0
,,0
,,0
,,"158: Duarte JMN. Serine racemase modulation for improving brain insulinresistance: An Editorial Highlight for ""Deletion of serine racemase reversesneuronal insulin signaling inhibition by amyloid-β oligomers"": An Editorial"
,,"resistance: An Editorial Highlight for ""Deletion of serine racemase reversesneuronal insulin signaling inhibition by amyloid-β oligomers"": An EditorialHighlight for ""Deletion of serine racemase reverses neuronal insulin signaling"
,,"neuronal insulin signaling inhibition by amyloid-β oligomers"": An EditorialHighlight for ""Deletion of serine racemase reverses neuronal insulin signalinginhibition by amyloid-β oligomers"". J Neurochem. 2022 Oct;163(1):6-7. doi:"
,,"Highlight for ""Deletion of serine racemase reverses neuronal insulin signalinginhibition by amyloid-β oligomers"". J Neurochem. 2022 Oct;163(1):6-7. doi:10.1111/jnc.15688. Epub 2022 Aug 22. PMID: 35996309."
,,0
,,0
,,0
,,"159: Umar T, Meena R, Mustehasan, Kumar P, Khan AA. Recent updates in thedevelopment of small molecules as potential clinical candidates for Alzheimer'sdisease: A review. Chem Biol Drug Des. 2022 Aug 22. doi: 10.1111/cbdd.14133."
,,development of small molecules as potential clinical candidates for Alzheimer'sdisease: A review. Chem Biol Drug Des. 2022 Aug 22. doi: 10.1111/cbdd.14133.Epub ahead of print. PMID: 35996229.
,,0
,,0
,,0
,,"160: Thomas KR, Weigand AJ, Edwards LC, Edmonds EC, Bangen KJ, Ortiz G, WalkerKS, Bondi MW; Alzheimer’s Disease Neuroimaging Initiative. Tau levels are higherin objective subtle cognitive decline but not subjective memory complaint."
,,"KS, Bondi MW; Alzheimer’s Disease Neuroimaging Initiative. Tau levels are higherin objective subtle cognitive decline but not subjective memory complaint.Alzheimers Res Ther. 2022 Aug 22;14(1):114. doi: 10.1186/s13195-022-01060-1."
,,in objective subtle cognitive decline but not subjective memory complaint.Alzheimers Res Ther. 2022 Aug 22;14(1):114. doi: 10.1186/s13195-022-01060-1.PMID: 35996158; PMCID: PMC9394026.
,,0
,,0
,,0
,,"161: Hong YJ, Kim CM, Lee JH, Sepulcre J. Correlations between APOE4 allele andregional amyloid and tau burdens in cognitively normal older individuals. SciRep. 2022 Aug 22;12(1):14307. doi: 10.1038/s41598-022-18325-2. PMID: 35995824;"
,,regional amyloid and tau burdens in cognitively normal older individuals. SciRep. 2022 Aug 22;12(1):14307. doi: 10.1038/s41598-022-18325-2. PMID: 35995824;PMCID: PMC9395408.
,,0
,,0
,,0
,,"162: Billette OV, Ziegler G, Aruci M, Schütze H, Kizilirmak JM, Richter A,Altenstein S, Bartels C, Brosseron F, Cardenas-Blanco A, Dahmen P, Dechent P,Dobisch L, Fliessbach K, Freiesleben SD, Glanz W, Göerß D, Haynes JD, Heneka MT,"
,,"Altenstein S, Bartels C, Brosseron F, Cardenas-Blanco A, Dahmen P, Dechent P,Dobisch L, Fliessbach K, Freiesleben SD, Glanz W, Göerß D, Haynes JD, Heneka MT,Kilimann I, Kimmich O, Kleineidam L, Laske C, Lohse A, Rostamzadeh A, Metzger C,"
,,"Dobisch L, Fliessbach K, Freiesleben SD, Glanz W, Göerß D, Haynes JD, Heneka MT,Kilimann I, Kimmich O, Kleineidam L, Laske C, Lohse A, Rostamzadeh A, Metzger C,Munk MH, Peters O, Preis L, Priller J, Scheffler K, Schneider A, Spottke A,"
,,"Kilimann I, Kimmich O, Kleineidam L, Laske C, Lohse A, Rostamzadeh A, Metzger C,Munk MH, Peters O, Preis L, Priller J, Scheffler K, Schneider A, Spottke A,Spruth EJ, Ramirez A, Röske S, Roy N, Teipel S, Wagner M, Wiltfang J,"
,,"Munk MH, Peters O, Preis L, Priller J, Scheffler K, Schneider A, Spottke A,Spruth EJ, Ramirez A, Röske S, Roy N, Teipel S, Wagner M, Wiltfang J,Wolfsgruber S, Yakupov R, Zeidman P, Jessen F, Schott BH, Düzel E, Maass A;"
,,"Spruth EJ, Ramirez A, Röske S, Roy N, Teipel S, Wagner M, Wiltfang J,Wolfsgruber S, Yakupov R, Zeidman P, Jessen F, Schott BH, Düzel E, Maass A;DELCODE Study Group. Novelty-Related fMRI Responses of Precuneus and Medial"
,,"Wolfsgruber S, Yakupov R, Zeidman P, Jessen F, Schott BH, Düzel E, Maass A;DELCODE Study Group. Novelty-Related fMRI Responses of Precuneus and MedialTemporal Regions in Individuals at Risk for Alzheimer Disease. Neurology. 2022"
,,DELCODE Study Group. Novelty-Related fMRI Responses of Precuneus and MedialTemporal Regions in Individuals at Risk for Alzheimer Disease. Neurology. 2022Aug 23;99(8):e775-e788. doi: 10.1212/WNL.0000000000200667. Epub 2022 Jun 3.
,,Temporal Regions in Individuals at Risk for Alzheimer Disease. Neurology. 2022Aug 23;99(8):e775-e788. doi: 10.1212/WNL.0000000000200667. Epub 2022 Jun 3.PMID: 35995589; PMCID: PMC9484732.
,,0
,,0
,,0
,,"163: Halbgebauer S, Steinacker P, Hengge S, Oeckl P, Abu Rumeileh S, Anderl-Straub S, Lombardi J, Von Arnim CAF, Giese A, Ludolph AC, Otto M. CSF levels ofSNAP-25 are increased early in Creutzfeldt-Jakob and Alzheimer's disease. J"
,,"Straub S, Lombardi J, Von Arnim CAF, Giese A, Ludolph AC, Otto M. CSF levels ofSNAP-25 are increased early in Creutzfeldt-Jakob and Alzheimer's disease. JNeurol Neurosurg Psychiatry. 2022 Aug 22:jnnp-2021-328646. doi:"
,,SNAP-25 are increased early in Creutzfeldt-Jakob and Alzheimer's disease. JNeurol Neurosurg Psychiatry. 2022 Aug 22:jnnp-2021-328646. doi:10.1136/jnnp-2021-328646. Epub ahead of print. PMID: 35995553.
,,0
,,0
,,0
,,"164: Li TR, Liu FQ. β-Amyloid promotes platelet activation and activatedplatelets act as bridge between risk factors and Alzheimer's disease. MechAgeing Dev. 2022 Oct;207:111725. doi: 10.1016/j.mad.2022.111725. Epub 2022 Aug"
,,platelets act as bridge between risk factors and Alzheimer's disease. MechAgeing Dev. 2022 Oct;207:111725. doi: 10.1016/j.mad.2022.111725. Epub 2022 Aug19. PMID: 35995275.
,,0
,,0
,,0
,,"165: Limone A, Veneruso I, D'Argenio V, Sarnataro D. Endosomal trafficking andrelated genetic underpinnings as a hub in Alzheimer's disease. J Cell Physiol.2022 Aug 22. doi: 10.1002/jcp.30864. Epub ahead of print. PMID: 35994714."
,,0
,,0
,,0
,,"166: Ozlen H, Pichet Binette A, Köbe T, Meyer PF, Gonneaud J, St-Onge F, ProvostK, Soucy JP, Rosa-Neto P, Breitner J, Poirier J, Villeneuve S; Alzheimer’sDisease Neuroimaging Initiative, the Harvard Aging Brain Study, the"
,,"K, Soucy JP, Rosa-Neto P, Breitner J, Poirier J, Villeneuve S; Alzheimer’sDisease Neuroimaging Initiative, the Harvard Aging Brain Study, thePresymptomatic Evaluation of Experimental or Novel Treatments for Alzheimer"
,,"Disease Neuroimaging Initiative, the Harvard Aging Brain Study, thePresymptomatic Evaluation of Experimental or Novel Treatments for AlzheimerDisease Research Group. Spatial Extent of Amyloid-β Levels and Associations With"
,,Presymptomatic Evaluation of Experimental or Novel Treatments for AlzheimerDisease Research Group. Spatial Extent of Amyloid-β Levels and Associations WithTau-PET and Cognition. JAMA Neurol. 2022 Aug 22:e222442. doi:
,,Disease Research Group. Spatial Extent of Amyloid-β Levels and Associations WithTau-PET and Cognition. JAMA Neurol. 2022 Aug 22:e222442. doi:10.1001/jamaneurol.2022.2442. Epub ahead of print. PMID: 35994280; PMCID:
,,Tau-PET and Cognition. JAMA Neurol. 2022 Aug 22:e222442. doi:10.1001/jamaneurol.2022.2442. Epub ahead of print. PMID: 35994280; PMCID:PMC9396472.
,,0
,,0
,,0
,,"167: Mavrogenis AF, Malesiou E, Tanis O, Mitsiokapa E, Tsatsaragkou A,Anastassopoulou J, Theophanides T, Dimotikali D, Koui M. The Influence of Sepsison the Molecular Structure of Bones: A Fourier Transform Infrared Spectroscopy"
,,"Anastassopoulou J, Theophanides T, Dimotikali D, Koui M. The Influence of Sepsison the Molecular Structure of Bones: A Fourier Transform Infrared SpectroscopyStudy. J Long Term Eff Med Implants. 2022;32(3):57-63. doi:"
,,on the Molecular Structure of Bones: A Fourier Transform Infrared SpectroscopyStudy. J Long Term Eff Med Implants. 2022;32(3):57-63. doi:10.1615/JLongTermEffMedImplants.2022041977. PMID: 35993989.
,,0
,,0
,,0
,,"168: Liu Y, Xiang Q. miR-369-5p Positively Modulates Plasticity-Related Proteinsin Hippocampal Cultures and in a Mouse Model of Alzheimer's Disease. Crit RevEukaryot Gene Expr. 2022;32(5):11-20. doi:"
,,in Hippocampal Cultures and in a Mouse Model of Alzheimer's Disease. Crit RevEukaryot Gene Expr. 2022;32(5):11-20. doi:10.1615/CritRevEukaryotGeneExpr.2021041435. PMID: 35993941.
,,0
,,0
,,0
,,"169: La Barbera L, Mauri E, D'Amelio M, Gori M. Functionalization strategies ofpolymeric nanoparticles for drug delivery in Alzheimer's disease: Current trendsand future perspectives. Front Neurosci. 2022 Aug 4;16:939855. doi:"
,,polymeric nanoparticles for drug delivery in Alzheimer's disease: Current trendsand future perspectives. Front Neurosci. 2022 Aug 4;16:939855. doi:10.3389/fnins.2022.939855. PMID: 35992936; PMCID: PMC9387393.
,,0
,,0
,,0
,,"170: Hwangbo S, Kim YJ, Park YH, Kim HJ, Na DL, Jang H, Seo SW. Relationshipsbetween educational attainment, hypertension, and amyloid negative subcorticalvascular dementia: The brain-battering hypothesis. Front Neurosci. 2022 Aug"
,,"between educational attainment, hypertension, and amyloid negative subcorticalvascular dementia: The brain-battering hypothesis. Front Neurosci. 2022 Aug5;16:934149. doi: 10.3389/fnins.2022.934149. PMID: 35992915; PMCID: PMC9388911."
,,0
,,0
,,0
,,"171: Oh SJ, Lee N, Nam KR, Kang KJ, Han SJ, Lee KC, Lee YJ, Choi JY. Amyloidpathology induces dysfunction of systemic neurotransmission in aged APPswe/PS2mice. Front Neurosci. 2022 Aug 5;16:930613. doi: 10.3389/fnins.2022.930613."
,,pathology induces dysfunction of systemic neurotransmission in aged APPswe/PS2mice. Front Neurosci. 2022 Aug 5;16:930613. doi: 10.3389/fnins.2022.930613.PMID: 35992913; PMCID: PMC9389227.
,,0
,,0
,,0
,,"172: Uchida Y, Kan H, Sakurai K, Oishi K, Matsukawa N. Quantitativesusceptibility mapping as an imaging biomarker for Alzheimer's disease: Theexpectations and limitations. Front Neurosci. 2022 Aug 5;16:938092. doi:"
,,susceptibility mapping as an imaging biomarker for Alzheimer's disease: Theexpectations and limitations. Front Neurosci. 2022 Aug 5;16:938092. doi:10.3389/fnins.2022.938092. PMID: 35992906; PMCID: PMC9389285.
,,0
,,0
,,0
,,"173: Zhang R, Zhang L, Li Z, Zhang P, Song H, Yao DA, Cao J, Zhang JJ. Green teaimproves cognitive function through reducing AD-pathology and improving anti-oxidative stress capacity in Chinese middle-aged and elderly people. Front Aging"
,,improves cognitive function through reducing AD-pathology and improving anti-oxidative stress capacity in Chinese middle-aged and elderly people. Front AgingNeurosci. 2022 Aug 5;14:919766. doi: 10.3389/fnagi.2022.919766. PMID: 35992609;
,,oxidative stress capacity in Chinese middle-aged and elderly people. Front AgingNeurosci. 2022 Aug 5;14:919766. doi: 10.3389/fnagi.2022.919766. PMID: 35992609;PMCID: PMC9389233.
,,0
,,0
,,0
,,"174: Song X, Sun Y, Wang Z, Su Y, Wang Y, Wang X. Exendin-4 alleviates β-Amyloidpeptide toxicity <i>via</i> DAF-16 in a <i>Caenorhabditis elegans</i> model ofAlzheimer's disease. Front Aging Neurosci. 2022 Aug 5;14:955113. doi:"
,,peptide toxicity <i>via</i> DAF-16 in a <i>Caenorhabditis elegans</i> model ofAlzheimer's disease. Front Aging Neurosci. 2022 Aug 5;14:955113. doi:10.3389/fnagi.2022.955113. PMID: 35992601; PMCID: PMC9389237.
,,0
,,0
,,0
,,175: Iwatsubo T. Molecular Pathogenesis and Disease-modifying Therapies ofAlzheimer's Disease and Related Disorders. JMA J. 2022 Jul 15;5(3):307-313. doi:10.31662/jmaj.2022-0079. Epub 2022 Jun 17. PMID: 35992282; PMCID: PMC9358130.
,,0
,,0
,,0
,,"176: Ren W, Li L, Zhang J, Vaas M, Klohs J, Ripoll J, Wolf M, Ni R, Rudin M.Non-invasive visualization of amyloid-beta deposits in Alzheimer amyloidosismice using magnetic resonance imaging and fluorescence molecular tomography."
,,Non-invasive visualization of amyloid-beta deposits in Alzheimer amyloidosismice using magnetic resonance imaging and fluorescence molecular tomography.Biomed Opt Express. 2022 Jun 8;13(7):3809-3822. doi: 10.1364/BOE.458290. PMID:
,,mice using magnetic resonance imaging and fluorescence molecular tomography.Biomed Opt Express. 2022 Jun 8;13(7):3809-3822. doi: 10.1364/BOE.458290. PMID:35991935; PMCID: PMC9352276.
,,0
,,0
,,0
,,"177: Murray TE, Richards CM, Robert-Gostlin VN, Bernath AK, Lindhout IA,Klegeris A. Potential neurotoxic activity of diverse molecules released byastrocytes. Brain Res Bull. 2022 Oct 15;189:80-101. doi:"
,,Klegeris A. Potential neurotoxic activity of diverse molecules released byastrocytes. Brain Res Bull. 2022 Oct 15;189:80-101. doi:10.1016/j.brainresbull.2022.08.015. Epub 2022 Aug 18. PMID: 35988785.
,,0
,,0
,,0
,,"178: Bowler JT, Sawaya MR, Boyer DR, Cascio D, Bali M, Eisenberg DS. Micro-electron diffraction structure of the aggregation-driving N-terminus ofDrosophila neuronal protein Orb2A reveals amyloid-like β-sheets. J Biol Chem."
,,electron diffraction structure of the aggregation-driving N-terminus ofDrosophila neuronal protein Orb2A reveals amyloid-like β-sheets. J Biol Chem.2022 Aug 18:102396. doi: 10.1016/j.jbc.2022.102396. Epub ahead of print. PMID:
,,Drosophila neuronal protein Orb2A reveals amyloid-like β-sheets. J Biol Chem.2022 Aug 18:102396. doi: 10.1016/j.jbc.2022.102396. Epub ahead of print. PMID:35988647
,,0
,,0
,,0
,,"179: Li LB, Fan YG, Wu WX, Bai CY, Jia MY, Hu JP, Gao HL, Wang T, Zhong ML,Huang XS, Guo C. Novel melatonin-trientine conjugate as potential therapeuticagents for Alzheimer's disease. Bioorg Chem. 2022 Nov;128:106100. doi:"
,,"Huang XS, Guo C. Novel melatonin-trientine conjugate as potential therapeuticagents for Alzheimer's disease. Bioorg Chem. 2022 Nov;128:106100. doi:10.1016/j.bioorg.2022.106100. Epub 2022 Aug 17. PMID: 35988518."
,,0
,,0
,,0
,,"180: Frontzkowski L, Ewers M, Brendel M, Biel D, Ossenkoppele R, Hager P,Steward A, Dewenter A, Römer S, Rubinski A, Buerger K, Janowitz D, Binette AP,Smith R, Strandberg O, Carlgren NM, Dichgans M, Hansson O, Franzmeier N. Earlier"
,,"Steward A, Dewenter A, Römer S, Rubinski A, Buerger K, Janowitz D, Binette AP,Smith R, Strandberg O, Carlgren NM, Dichgans M, Hansson O, Franzmeier N. EarlierAlzheimer's disease onset is associated with tau pathology in brain hub regions"
,,"Smith R, Strandberg O, Carlgren NM, Dichgans M, Hansson O, Franzmeier N. EarlierAlzheimer's disease onset is associated with tau pathology in brain hub regionsand facilitated tau spreading. Nat Commun. 2022 Aug 20;13(1):4899. doi:"
,,Alzheimer's disease onset is associated with tau pathology in brain hub regionsand facilitated tau spreading. Nat Commun. 2022 Aug 20;13(1):4899. doi:10.1038/s41467-022-32592-7. PMID: 35987901; PMCID: PMC9392750.
,,0
,,0
,,0
,,"181: Cuddy LK, Alia AO, Salvo MA, Chandra S, Grammatopoulos TN, Justman CJ,Lansbury PT Jr, Mazzulli JR, Vassar R. Farnesyltransferase inhibitor LNK-754attenuates axonal dystrophy and reduces amyloid pathology in mice. Mol"
,,"Lansbury PT Jr, Mazzulli JR, Vassar R. Farnesyltransferase inhibitor LNK-754attenuates axonal dystrophy and reduces amyloid pathology in mice. MolNeurodegener. 2022 Aug 20;17(1):54. doi: 10.1186/s13024-022-00561-9. PMID:"
,,attenuates axonal dystrophy and reduces amyloid pathology in mice. MolNeurodegener. 2022 Aug 20;17(1):54. doi: 10.1186/s13024-022-00561-9. PMID:35987691; PMCID: PMC9392365.
,,0
,,0
,,0
,,"182: Patel PN, Parmar K, Patel S, Das M. Orange G is a potential inhibitor ofhuman insulin amyloid fibrillation and can be used as a probe to study mechanismof amyloid fibrillation and its inhibition. Int J Biol Macromol. 2022 Aug"
,,human insulin amyloid fibrillation and can be used as a probe to study mechanismof amyloid fibrillation and its inhibition. Int J Biol Macromol. 2022 Aug17;220:613-626. doi: 10.1016/j.ijbiomac.2022.08.089. Epub ahead of print. PMID:
,,of amyloid fibrillation and its inhibition. Int J Biol Macromol. 2022 Aug17;220:613-626. doi: 10.1016/j.ijbiomac.2022.08.089. Epub ahead of print. PMID:35987364
,,0
,,0
,,0
,,"183: Guo J, Cheng M, Liu P, Cao D, Luo J, Wan Y, Fang Y, Jin Y, Xie SS, Liu J. Amulti-target directed ligands strategy for the treatment of Alzheimer's disease:Dimethyl fumarate plus Tranilast modified Dithiocarbate as AChE inhibitor and"
,,multi-target directed ligands strategy for the treatment of Alzheimer's disease:Dimethyl fumarate plus Tranilast modified Dithiocarbate as AChE inhibitor andNrf2 activator. Eur J Med Chem. 2022 Nov 15;242:114630. doi:
,,Dimethyl fumarate plus Tranilast modified Dithiocarbate as AChE inhibitor andNrf2 activator. Eur J Med Chem. 2022 Nov 15;242:114630. doi:10.1016/j.ejmech.2022.114630. Epub 2022 Aug 11. PMID: 35987018.
,,0
,,0
,,0
,,"184: Liu M, Chen C, Gao K, Gao F, Qin C, Yuan Q, Zhang H, Zhuang L, Wang P.Neuronal network-based biomimetic chip for long-term detection of olfactorydysfunction model in early-stage Alzheimer's disease. Biosens Bioelectron. 2022"
,,Neuronal network-based biomimetic chip for long-term detection of olfactorydysfunction model in early-stage Alzheimer's disease. Biosens Bioelectron. 2022Nov 15;216:114619. doi: 10.1016/j.bios.2022.114619. Epub 2022 Aug 7. PMID:
,,dysfunction model in early-stage Alzheimer's disease. Biosens Bioelectron. 2022Nov 15;216:114619. doi: 10.1016/j.bios.2022.114619. Epub 2022 Aug 7. PMID:35986984
,,0
,,0
,,0
,,"185: Thakur S, Dhapola R, Sarma P, Medhi B, Reddy DH. Neuroinflammation inAlzheimer's Disease: Current Progress in Molecular Signaling and Therapeutics.Inflammation. 2022 Aug 20. doi: 10.1007/s10753-022-01721-1. Epub ahead of print."
,,Alzheimer's Disease: Current Progress in Molecular Signaling and Therapeutics.Inflammation. 2022 Aug 20. doi: 10.1007/s10753-022-01721-1. Epub ahead of print.PMID: 35986874.
,,0
,,0
,,0
,,"186: Sanaie S, Nikanfar S, Kalekhane ZY, Azizi-Zeinalhajlou A, Sadigh-Eteghad S,Araj-Khodaei M, Ayati MH, Andalib S. Saffron as a promising therapy for diabetesand Alzheimer's disease: mechanistic insights. Metab Brain Dis. 2022 Aug 20."
,,"Araj-Khodaei M, Ayati MH, Andalib S. Saffron as a promising therapy for diabetesand Alzheimer's disease: mechanistic insights. Metab Brain Dis. 2022 Aug 20.doi: 10.1007/s11011-022-01059-5. Epub ahead of print. PMID: 35986812."
,,0
,,0
,,0
,,"187: Ganz T, Fainstein N, Ben-Hur T. When the infectious environment meets theAD brain. Mol Neurodegener. 2022 Aug 19;17(1):53. doi:10.1186/s13024-022-00559-3. PMID: 35986296; PMCID: PMC9388962."
,,0
,,0
,,0
,,"188: Polimanti R, Wendt FR, Pathak GA, Tylee DS, Tcheandjieu C, Hilliard AT,Levey DF, Adhikari K, Gaziano JM, O'Donnell CJ, Assimes TL, Stein MB, GelernterJ. Understanding the comorbidity between posttraumatic stress severity and"
,,"Levey DF, Adhikari K, Gaziano JM, O'Donnell CJ, Assimes TL, Stein MB, GelernterJ. Understanding the comorbidity between posttraumatic stress severity andcoronary artery disease using genome-wide information and electronic health"
,,J. Understanding the comorbidity between posttraumatic stress severity andcoronary artery disease using genome-wide information and electronic healthrecords. Mol Psychiatry. 2022 Aug 19. doi: 10.1038/s41380-022-01735-z. Epub
,,coronary artery disease using genome-wide information and electronic healthrecords. Mol Psychiatry. 2022 Aug 19. doi: 10.1038/s41380-022-01735-z. Epubahead of print. PMID: 35986173.
,,0
,,0
,,0
,,"189: Jeong SH, Cha J, Park M, Jung JH, Ye BS, Sohn YH, Chung SJ, Lee PH.Association of Enlarged Perivascular Spaces With Amyloid Burden and CognitiveDecline in Alzheimer Disease Continuum. Neurology. 2022 Aug"
,,Association of Enlarged Perivascular Spaces With Amyloid Burden and CognitiveDecline in Alzheimer Disease Continuum. Neurology. 2022 Aug19:10.1212/WNL.0000000000200989. doi: 10.1212/WNL.0000000000200989. Epub ahead
,,Decline in Alzheimer Disease Continuum. Neurology. 2022 Aug19:10.1212/WNL.0000000000200989. doi: 10.1212/WNL.0000000000200989. Epub aheadof print. PMID: 35985826.
,,0
,,0
,,0
,,"190: Shellikeri S, Cho S, Cousins KAQ, Liberman M, Howard E, Balganorth Y,Weintraub D, Spindler M, Deik A, Lee EB, Trojanowski JQ, Irwin D, Wolk D,Grossman M, Nevler N. Natural speech markers of Alzheimer's disease co-pathology"
,,"Weintraub D, Spindler M, Deik A, Lee EB, Trojanowski JQ, Irwin D, Wolk D,Grossman M, Nevler N. Natural speech markers of Alzheimer's disease co-pathologyin Lewy body dementias. Parkinsonism Relat Disord. 2022 Sep;102:94-100. doi:"
,,"Grossman M, Nevler N. Natural speech markers of Alzheimer's disease co-pathologyin Lewy body dementias. Parkinsonism Relat Disord. 2022 Sep;102:94-100. doi:10.1016/j.parkreldis.2022.07.023. Epub 2022 Aug 6. PMID: 35985146."
,,0
,,0
,,0
,,"191: Wang K, Shao X, Cai W. Binding Models of Aβ42 Peptide with MembranesExplored by Molecular Simulations. J Chem Inf Model. 2022 Aug 19. doi:10.1021/acs.jcim.2c00444. Epub ahead of print. PMID: 35984710."
,,0
,,0
,,0
,,"192: Liu H, Zhong L, Dai Q, Zhang Y, Yang J. Astragalin alleviates cognitivedeficits and neuronal damage in SAMP8 mice through upregulating estrogenreceptor expression. Metab Brain Dis. 2022 Aug 19. doi:"
,,deficits and neuronal damage in SAMP8 mice through upregulating estrogenreceptor expression. Metab Brain Dis. 2022 Aug 19. doi:10.1007/s11011-022-01045-x. Epub ahead of print. PMID: 35984596.
,,0
,,0
,,0
,,"193: Carvalho C, Correia SC, Seiça R, Moreira PI. WWOX inhibition by Zfra1-31restores mitochondrial homeostasis and viability of neuronal cells exposed tohigh glucose. Cell Mol Life Sci. 2022 Aug 19;79(9):487. doi:"
,,restores mitochondrial homeostasis and viability of neuronal cells exposed tohigh glucose. Cell Mol Life Sci. 2022 Aug 19;79(9):487. doi:10.1007/s00018-022-04508-7. PMID: 35984507.
,,0
,,0
,,0
,,"194: Li HL, Zhang SY, Ren YS, Zhou JC, Zhou YX, Huang WZ, Piao XH, Yang ZY, WangSM, Ge YW. Identification of ellagic acid and urolithins as natural inhibitorsof Aβ<sub>25-35</sub>-induced neurotoxicity and the mechanism predication using"
,,"SM, Ge YW. Identification of ellagic acid and urolithins as natural inhibitorsof Aβ<sub>25-35</sub>-induced neurotoxicity and the mechanism predication usingnetwork pharmacology analysis and molecular docking. Front Nutr. 2022 Aug"
,,of Aβ<sub>25-35</sub>-induced neurotoxicity and the mechanism predication usingnetwork pharmacology analysis and molecular docking. Front Nutr. 2022 Aug2;9:966276. doi: 10.3389/fnut.2022.966276. PMID: 35983489; PMCID: PMC9378864.
,,0
,,0
,,0
,,"195: Kuramoto E, Kitawaki A, Yagi T, Kono H, Matsumoto SE, Hara H, Ohyagi Y,Iwai H, Yamanaka A, Goto T. Development of a system to analyze oral frailtyassociated with Alzheimer's disease using a mouse model. Front Aging Neurosci."
,,"Iwai H, Yamanaka A, Goto T. Development of a system to analyze oral frailtyassociated with Alzheimer's disease using a mouse model. Front Aging Neurosci.2022 Aug 2;14:935033. doi: 10.3389/fnagi.2022.935033. PMID: 35983379; PMCID:"
,,associated with Alzheimer's disease using a mouse model. Front Aging Neurosci.2022 Aug 2;14:935033. doi: 10.3389/fnagi.2022.935033. PMID: 35983379; PMCID:PMC9380890.
,,0
,,0
,,0
,,"196: Manchanda S, Galan-Acosta L, Abelein A, Tambaro S, Chen G, Nilsson P,Johansson J. Intravenous treatment with a molecular chaperone designed againstβ-amyloid toxicity improves Alzheimer's disease pathology in mouse models. Mol"
,,Johansson J. Intravenous treatment with a molecular chaperone designed againstβ-amyloid toxicity improves Alzheimer's disease pathology in mouse models. MolTher. 2022 Aug 17:S1525-0016(22)00498-1. doi: 10.1016/j.ymthe.2022.08.010. Epub
,,β-amyloid toxicity improves Alzheimer's disease pathology in mouse models. MolTher. 2022 Aug 17:S1525-0016(22)00498-1. doi: 10.1016/j.ymthe.2022.08.010. Epubahead of print. PMID: 35982621.
,,0
,,0
,,0
,,"197: Vicente-Zurdo D, Rodríguez-Blázquez S, Gómez-Mejía E, Rosales-Conrado N,León-González ME, Madrid Y. Neuroprotective activity of selenium nanoparticlesagainst the effect of amino acid enantiomers in Alzheimer's disease. Anal"
,,"León-González ME, Madrid Y. Neuroprotective activity of selenium nanoparticlesagainst the effect of amino acid enantiomers in Alzheimer's disease. AnalBioanal Chem. 2022 Aug 19. doi: 10.1007/s00216-022-04285-z. Epub ahead of print."
,,against the effect of amino acid enantiomers in Alzheimer's disease. AnalBioanal Chem. 2022 Aug 19. doi: 10.1007/s00216-022-04285-z. Epub ahead of print.PMID: 35982253.
,,0
,,0
,,0
,,"198: Lu X, Huang J. A thermodynamic investigation of amyloid precursor proteinprocessing by human γ-secretase. Commun Biol. 2022 Aug 18;5(1):837. doi:10.1038/s42003-022-03818-7. PMID: 35982231; PMCID: PMC9388646."
,,0
,,0
,,0
,,"199: Chandregowda A, Clark HM, Machulda MM, Pham NTT, Lowe VJ, Josephs KA,Whitwell JL. A Case of Atypical Alzheimer Disease With Clinical ManifestationThat Straddled the Boundary Between Primary Progressive Aphasia and Posterior"
,,Whitwell JL. A Case of Atypical Alzheimer Disease With Clinical ManifestationThat Straddled the Boundary Between Primary Progressive Aphasia and PosteriorCortical Atrophy. Neurologist. 2022 Aug 18. doi: 10.1097/NRL.0000000000000458.
,,That Straddled the Boundary Between Primary Progressive Aphasia and PosteriorCortical Atrophy. Neurologist. 2022 Aug 18. doi: 10.1097/NRL.0000000000000458.Epub ahead of print. PMID: 35981305.
,,0
,,0
,,0
,,"200: Xue LL, Huangfu LR, Du RL, Chen L, Yu CY, Xiong LL, Wang TH. The age-specific pathological changes of β-amyloid plaques in the cortex and hippocampusof APP/PS1 transgenic AD mice. Neurol Res. 2022 Aug 18:1-13. doi:"
,,specific pathological changes of β-amyloid plaques in the cortex and hippocampusof APP/PS1 transgenic AD mice. Neurol Res. 2022 Aug 18:1-13. doi:10.1080/01616412.2022.2112368. Epub ahead of print. PMID: 35981107.
,,0
,,0
,,0
,,"1: O'Bryant SE, Petersen M, Hall J, Large S, Johnson LA; HABS-HD Study Team.Plasma Biomarkers of Alzheimer's Disease Are Associated with PhysicalFunctioning Outcomes Among Cognitively Normal Adults in the Multi-Ethnic HABS-HD"
,,Plasma Biomarkers of Alzheimer's Disease Are Associated with PhysicalFunctioning Outcomes Among Cognitively Normal Adults in the Multi-Ethnic HABS-HDCohort. J Gerontol A Biol Sci Med Sci. 2022 Aug 18:glac169. doi:
,,Functioning Outcomes Among Cognitively Normal Adults in the Multi-Ethnic HABS-HDCohort. J Gerontol A Biol Sci Med Sci. 2022 Aug 18:glac169. doi:10.1093/gerona/glac169. Epub ahead of print. PMID: 35980599.
,,0
,,0
,,0
,,"2: Gupta S, Raskatov JA, Ralston CY. A Hybrid Structural Method forInvestigating Low Molecular Weight Oligomeric Structures of Amyloid Beta.Chembiochem. 2022 Aug 18:e202200333. doi: 10.1002/cbic.202200333. Epub ahead of"
,,Investigating Low Molecular Weight Oligomeric Structures of Amyloid Beta.Chembiochem. 2022 Aug 18:e202200333. doi: 10.1002/cbic.202200333. Epub ahead ofprint. PMID: 35980391.
,,0
,,0
,,0
,,"3: He DL, Fan YG, Wang ZY. Energy crisis links to autophagy and ferroptosis inAlzheimer's disease: current evidence and future avenues. Curr Neuropharmacol.2022 Aug 17. doi: 10.2174/1570159X20666220817140737. Epub ahead of print. PMID:"
,,Alzheimer's disease: current evidence and future avenues. Curr Neuropharmacol.2022 Aug 17. doi: 10.2174/1570159X20666220817140737. Epub ahead of print. PMID:35980072
,,0
,,0
,,0
,,"4: Wood K, Maharshak I, Koronyo Y, Koronyo-Hamaoui M. [THE RETINA AS A TOOL FOREARLY DIAGNOSIS OF ALZHEIMER DISEASE]. Harefuah. 2022 Aug;161(8):523-525.Hebrew. PMID: 35979573."
,,0
,,0
,,0
,,"5: Jiang J, Yang C, Ai JQ, Zhang QL, Cai XL, Tu T, Wan L, Wang XS, Wang H, PanA, Manavis J, Gai WP, Che C, Tu E, Wang XP, Li ZY, Yan XX. Intraneuronalsortilin aggregation relative to granulovacuolar degeneration, tau pathogenesis"
,,"A, Manavis J, Gai WP, Che C, Tu E, Wang XP, Li ZY, Yan XX. Intraneuronalsortilin aggregation relative to granulovacuolar degeneration, tau pathogenesisand sorfra plaque formation in human hippocampal formation. Front Aging"
,,"sortilin aggregation relative to granulovacuolar degeneration, tau pathogenesisand sorfra plaque formation in human hippocampal formation. Front AgingNeurosci. 2022 Aug 1;14:926904. doi: 10.3389/fnagi.2022.926904. PMID: 35978952;"
,,and sorfra plaque formation in human hippocampal formation. Front AgingNeurosci. 2022 Aug 1;14:926904. doi: 10.3389/fnagi.2022.926904. PMID: 35978952;PMCID: PMC9376392.
,,0
,,0
,,0
,,"6: Wang Z, Weaver DF. Microglia and microglial-based receptors in thepathogenesis and treatment of Alzheimer's disease. Int Immunopharmacol. 2022Sep;110:109070. doi: 10.1016/j.intimp.2022.109070. Epub 2022 Jul 21. PMID:"
,,pathogenesis and treatment of Alzheimer's disease. Int Immunopharmacol. 2022Sep;110:109070. doi: 10.1016/j.intimp.2022.109070. Epub 2022 Jul 21. PMID:35978514
,,0
,,0
,,0
,,"7: Heming M, Börsch AL, Wiendl H, Meyer Zu Hörste G. High-dimensionalinvestigation of the cerebrospinal fluid to explore and monitor CNS immuneresponses. Genome Med. 2022 Aug 17;14(1):94. doi: 10.1186/s13073-022-01097-9."
,,investigation of the cerebrospinal fluid to explore and monitor CNS immuneresponses. Genome Med. 2022 Aug 17;14(1):94. doi: 10.1186/s13073-022-01097-9.PMID: 35978442; PMCID: PMC9385102.
,,0
,,0
,,0
,,"8: Riboldi GM, Vialle RA, Navarro E, Udine E, de Paiva Lopes K, Humphrey J,Allan A, Parks M, Henderson B, Astudillo K, Argyrou C, Zhuang M, Sikder T, OriolNarcis J, Kumar SD, Janssen W, Sowa A, Comi GP, Di Fonzo A, Crary JF, Frucht SJ,"
,,"Allan A, Parks M, Henderson B, Astudillo K, Argyrou C, Zhuang M, Sikder T, OriolNarcis J, Kumar SD, Janssen W, Sowa A, Comi GP, Di Fonzo A, Crary JF, Frucht SJ,Raj T. Transcriptome deregulation of peripheral monocytes and whole blood in"
,,"Narcis J, Kumar SD, Janssen W, Sowa A, Comi GP, Di Fonzo A, Crary JF, Frucht SJ,Raj T. Transcriptome deregulation of peripheral monocytes and whole blood inGBA-related Parkinson's disease. Mol Neurodegener. 2022 Aug 17;17(1):52. doi:"
,,Raj T. Transcriptome deregulation of peripheral monocytes and whole blood inGBA-related Parkinson's disease. Mol Neurodegener. 2022 Aug 17;17(1):52. doi:10.1186/s13024-022-00554-8. PMID: 35978378; PMCID: PMC9386994.
,,0
,,0
,,0
,,9: Singh D. Astrocytic and microglial cells as the modulators ofneuroinflammation in Alzheimer's disease. J Neuroinflammation. 2022 Aug17;19(1):206. doi: 10.1186/s12974-022-02565-0. PMID: 35978311; PMCID:
,,neuroinflammation in Alzheimer's disease. J Neuroinflammation. 2022 Aug17;19(1):206. doi: 10.1186/s12974-022-02565-0. PMID: 35978311; PMCID:PMC9382837.
,,0
,,0
,,0
,,"10: Sakamuri SSVP, Sure VN, Wang X, Bix G, Fonseca VA, Mostany R, Katakam PVG.Amyloid [Formula: see text] (1-42) peptide impairs mitochondrial respiration inprimary human brain microvascular endothelial cells: impact of dysglycemia and"
,,Amyloid [Formula: see text] (1-42) peptide impairs mitochondrial respiration inprimary human brain microvascular endothelial cells: impact of dysglycemia andpre-senescence. Geroscience. 2022 Aug 17. doi: 10.1007/s11357-022-00644-x. Epub
,,primary human brain microvascular endothelial cells: impact of dysglycemia andpre-senescence. Geroscience. 2022 Aug 17. doi: 10.1007/s11357-022-00644-x. Epubahead of print. PMID: 35978067.
,,0
,,0
,,0
,,"11: Ngwa DN, Agrawal A. Structurally Altered, Not Wild-Type, PentamericC-Reactive Protein Inhibits Formation of Amyloid-β Fibrils. J Immunol. 2022 Sep15;209(6):1180-1188. doi: 10.4049/jimmunol.2200148. Epub 2022 Aug 17. PMID:"
,,C-Reactive Protein Inhibits Formation of Amyloid-β Fibrils. J Immunol. 2022 Sep15;209(6):1180-1188. doi: 10.4049/jimmunol.2200148. Epub 2022 Aug 17. PMID:35977795; PMCID: PMC9492646.
,,0
,,0
,,0
,,"12: Forrest SL, Wagner S, Kim A, Kovacs GG. Association of glial tau pathologyand LATE-NC in the ageing brain. Neurobiol Aging. 2022 Nov;119:77-88. doi:10.1016/j.neurobiolaging.2022.07.010. Epub 2022 Jul 31. PMID: 35977443."
,,0
,,0
,,0
,,"13: Xiang J, Xiang C, Zhou L, Sun M, Feng L, Liu C, Cai L, Gong P. RationalDesign, Synthesis of Fluorescence Probes for Quantitative Detection of Amyloid-βin Alzheimer's Disease Based on Rhodamine-Metal Complex. Anal Chem. 2022 Aug"
,,"Design, Synthesis of Fluorescence Probes for Quantitative Detection of Amyloid-βin Alzheimer's Disease Based on Rhodamine-Metal Complex. Anal Chem. 2022 Aug30;94(34):11791-11797. doi: 10.1021/acs.analchem.2c01911. Epub 2022 Aug 17."
,,in Alzheimer's Disease Based on Rhodamine-Metal Complex. Anal Chem. 2022 Aug30;94(34):11791-11797. doi: 10.1021/acs.analchem.2c01911. Epub 2022 Aug 17.PMID: 35977343.
,,0
,,0
,,0
,,"14: Fidan GS, Parlar S, Tarikogullari AH, Alptuzun V, Alpan AS. Design,synthesis, acetylcholinesterase, butyrylcholinesterase, and amyloid-βaggregation inhibition studies of substituted 4,4'-diimine/4,4'-diazobiphenyl"
,,"synthesis, acetylcholinesterase, butyrylcholinesterase, and amyloid-βaggregation inhibition studies of substituted 4,4'-diimine/4,4'-diazobiphenylderivatives. Arch Pharm (Weinheim). 2022 Aug 17:e2200152. doi:"
,,"aggregation inhibition studies of substituted 4,4'-diimine/4,4'-diazobiphenylderivatives. Arch Pharm (Weinheim). 2022 Aug 17:e2200152. doi:10.1002/ardp.202200152. Epub ahead of print. PMID: 35976708."
,,0
,,0
,,0
,,15: Rubin R. Much Anticipated Alzheimer Disease Prevention Trial Finds NoClinical Benefit From Drug Targeting Amyloid; Highlights Need to Consider OtherApproaches. JAMA. 2022 Sep 13;328(10):907-910. doi: 10.1001/jama.2022.11490.
,,Clinical Benefit From Drug Targeting Amyloid; Highlights Need to Consider OtherApproaches. JAMA. 2022 Sep 13;328(10):907-910. doi: 10.1001/jama.2022.11490.PMID: 35976676.
,,0
,,0
,,0
,,"16: Studart-Neto A, Coutinho AM. From clinical phenotype to proteinopathy:molecular neuroimaging in neurodegenerative dementias. Arq Neuropsiquiatr. 2022May;80(5 Suppl 1):24-35. doi: 10.1590/0004-282X-ANP-2022-S138. PMID: 35976328."
,,0
,,0
,,0
,,"17: Brucki SMD, César-Freitas KG, Spera RR, Borges CR, Smid J. Are we ready touse anti-amyloid therapy in Alzheimer's disease? Arq Neuropsiquiatr. 2022May;80(5 Suppl 1):15-23. doi: 10.1590/0004-282X-ANP-2022-S117. PMID: 35976307."
,,0
,,0
,,0
,,"18: Chang HW, Ma HI, Wu YS, Lee MC, Chung-Yueh Yuan E, Huang SJ, Cheng YS, WuMH, Tu LH, Chan JCC. Site specific NMR characterization of abeta-40 oligomerscross seeded by abeta-42 oligomers. Chem Sci. 2022 Jun 22;13(29):8526-8535. doi:"
,,"MH, Tu LH, Chan JCC. Site specific NMR characterization of abeta-40 oligomerscross seeded by abeta-42 oligomers. Chem Sci. 2022 Jun 22;13(29):8526-8535. doi:10.1039/d2sc01555b. PMID: 35974768; PMCID: PMC9337746."
,,0
,,0
,,0
,,"19: Lam S, Hérard AS, Boluda S, Petit F, Eddarkaoui S, Cambon K; BrainbankNeuro-CEB Neuropathology Network, Picq JL, Buée L, Duyckaerts C, Haïk S, DhenainM. Pathological changes induced by Alzheimer's brain inoculation in amyloid-beta"
,,"Neuro-CEB Neuropathology Network, Picq JL, Buée L, Duyckaerts C, Haïk S, DhenainM. Pathological changes induced by Alzheimer's brain inoculation in amyloid-betaplaque-bearing mice. Acta Neuropathol Commun. 2022 Aug 16;10(1):112. doi:"
,,M. Pathological changes induced by Alzheimer's brain inoculation in amyloid-betaplaque-bearing mice. Acta Neuropathol Commun. 2022 Aug 16;10(1):112. doi:10.1186/s40478-022-01410-y. PMID: 35974399; PMCID: PMC9380345.
,,0
,,0
,,0
,,"20: Baerends E, Soud K, Folke J, Pedersen AK, Henmar S, Konrad L, Lycas MD, MoriY, Pakkenberg B, Woldbye DPD, Dmytriyeva O, Pankratova S. Modeling the earlystages of Alzheimer's disease by administering intracerebroventricular"
,,"Y, Pakkenberg B, Woldbye DPD, Dmytriyeva O, Pankratova S. Modeling the earlystages of Alzheimer's disease by administering intracerebroventricularinjections of human native Aβ oligomers to rats. Acta Neuropathol Commun. 2022"
,,stages of Alzheimer's disease by administering intracerebroventricularinjections of human native Aβ oligomers to rats. Acta Neuropathol Commun. 2022Aug 16;10(1):113. doi: 10.1186/s40478-022-01417-5. PMID: 35974377; PMCID:
,,injections of human native Aβ oligomers to rats. Acta Neuropathol Commun. 2022Aug 16;10(1):113. doi: 10.1186/s40478-022-01417-5. PMID: 35974377; PMCID:PMC9380371.
,,0
,,0
,,0
,,"21: He CY, Tian DY, Chen SH, Jin WS, Cheng Y, Xin JY, Li WW, Zeng GH, Tan CR,Jian JM, Fan DY, Ren JR, Liu YH, Wang YJ, Zeng F. Elevated Levels of Naturally-Occurring Autoantibodies Against the Extracellular Domain of p75NTR Aggravate"
,,"Jian JM, Fan DY, Ren JR, Liu YH, Wang YJ, Zeng F. Elevated Levels of Naturally-Occurring Autoantibodies Against the Extracellular Domain of p75NTR Aggravatethe Pathology of Alzheimer's Disease. Neurosci Bull. 2022 Aug 16. doi:"
,,Occurring Autoantibodies Against the Extracellular Domain of p75NTR Aggravatethe Pathology of Alzheimer's Disease. Neurosci Bull. 2022 Aug 16. doi:10.1007/s12264-022-00936-4. Epub ahead of print. PMID: 35974288.
,,0
,,0
,,0
,,"22: Yesiltepe M, Cimen B, Sara Y. Effects of chronic vagal nerve stimulation inthe treatment of β-amyloid-induced neuropsychiatric symptoms. Eur J Pharmacol.2022 Sep 15;931:175179. doi: 10.1016/j.ejphar.2022.175179. Epub 2022 Aug 13."
,,the treatment of β-amyloid-induced neuropsychiatric symptoms. Eur J Pharmacol.2022 Sep 15;931:175179. doi: 10.1016/j.ejphar.2022.175179. Epub 2022 Aug 13.PMID: 35973478.
,,0
,,0
,,0
,,"23: Oberstein TJ, Schmidt MA, Florvaag A, Haas AL, Siegmann EM, Olm P, Utz J,Spitzer P, Doerfler A, Lewczuk P, Kornhuber J, Maler JM. Amyloid-β levels andcognitive trajectories in non-demented pTau181-positive subjects without"
,,"Spitzer P, Doerfler A, Lewczuk P, Kornhuber J, Maler JM. Amyloid-β levels andcognitive trajectories in non-demented pTau181-positive subjects withoutamyloidopathy. Brain. 2022 Aug 16:awac297. doi: 10.1093/brain/awac297. Epub"
,,cognitive trajectories in non-demented pTau181-positive subjects withoutamyloidopathy. Brain. 2022 Aug 16:awac297. doi: 10.1093/brain/awac297. Epubahead of print. PMID: 35973034.
,,0
,,0
,,0
,,"24: Nicastro LK, de Anda J, Jain N, Grando KCM, Miller AL, Bessho S, Gallucci S,Wong GCL, Tükel Ç. Assembly of ordered DNA-curli fibril complexes duringSalmonella biofilm formation correlates with strengths of the type I interferon"
,,"Wong GCL, Tükel Ç. Assembly of ordered DNA-curli fibril complexes duringSalmonella biofilm formation correlates with strengths of the type I interferonand autoimmune responses. PLoS Pathog. 2022 Aug 16;18(8):e1010742. doi:"
,,Salmonella biofilm formation correlates with strengths of the type I interferonand autoimmune responses. PLoS Pathog. 2022 Aug 16;18(8):e1010742. doi:10.1371/journal.ppat.1010742. PMID: 35972973; PMCID: PMC9380926.
,,0
,,0
,,0
,,"25: Zhan Y, Fei R, Lu Y, Wan Y, Wu X, Dong J, Meng D, Ge Q, Zhao X.Ultrasensitive detection of multiple Alzheimer's disease biomarkers by SERS-LFA.Analyst. 2022 Sep 12;147(18):4124-4131. doi: 10.1039/d2an00717g. PMID: 35971961."
,,0
,,0
,,0
,,"26: Murakami K, Ono K. Interactions of amyloid coaggregates with biomoleculesand its relevance to neurodegeneration. FASEB J. 2022 Sep;36(9):e22493. doi:10.1096/fj.202200235R. PMID: 35971743."
,,0
,,0
,,0
,,"27: Gopalakrishna R, Lin CY, Oh A, Le C, Yang S, Hicks A, Kindy MS, Mack WJ,Bhat NR. cAMP-induced decrease in cell-surface laminin receptor and cellularprion protein attenuates amyloid-β uptake and amyloid-β-induced neuronal cell"
,,Bhat NR. cAMP-induced decrease in cell-surface laminin receptor and cellularprion protein attenuates amyloid-β uptake and amyloid-β-induced neuronal celldeath. FEBS Lett. 2022 Aug 6. doi: 10.1002/1873-3468.14467. Epub ahead of print.
,,prion protein attenuates amyloid-β uptake and amyloid-β-induced neuronal celldeath. FEBS Lett. 2022 Aug 6. doi: 10.1002/1873-3468.14467. Epub ahead of print.PMID: 35971617.
,,0
,,0
,,0
,,"28: Rafii MS, Sperling RA, Donohue MC, Zhou J, Roberts C, Irizarry MC, Dhadda S,Sethuraman G, Kramer LD, Swanson CJ, Li D, Krause S, Rissman RA, Walter S, RamanR, Johnson KA, Aisen PS. The AHEAD 3-45 Study: Design of a prevention trial for"
,,"Sethuraman G, Kramer LD, Swanson CJ, Li D, Krause S, Rissman RA, Walter S, RamanR, Johnson KA, Aisen PS. The AHEAD 3-45 Study: Design of a prevention trial forAlzheimer's disease. Alzheimers Dement. 2022 Aug 15. doi: 10.1002/alz.12748."
,,"R, Johnson KA, Aisen PS. The AHEAD 3-45 Study: Design of a prevention trial forAlzheimer's disease. Alzheimers Dement. 2022 Aug 15. doi: 10.1002/alz.12748.Epub ahead of print. PMID: 35971310."
,,0
,,0
,,0
,,"29: Arndt T, Jaudzems K, Shilkova O, Francis J, Johansson M, Laity PR, Sahin C,Chatterjee U, Kronqvist N, Barajas-Ledesma E, Kumar R, Chen G, Strömberg R,Abelein A, Langton M, Landreh M, Barth A, Holland C, Johansson J, Rising A."
,,"Chatterjee U, Kronqvist N, Barajas-Ledesma E, Kumar R, Chen G, Strömberg R,Abelein A, Langton M, Landreh M, Barth A, Holland C, Johansson J, Rising A.Spidroin N-terminal domain forms amyloid-like fibril based hydrogels and"
,,"Abelein A, Langton M, Landreh M, Barth A, Holland C, Johansson J, Rising A.Spidroin N-terminal domain forms amyloid-like fibril based hydrogels andprovides a protein immobilization platform. Nat Commun. 2022 Aug 15;13(1):4695."
,,Spidroin N-terminal domain forms amyloid-like fibril based hydrogels andprovides a protein immobilization platform. Nat Commun. 2022 Aug 15;13(1):4695.doi: 10.1038/s41467-022-32093-7. PMID: 35970823; PMCID: PMC9378615.
,,0
,,0
,,0
,,"30: Dumurgier J, Sabia S, Zetterberg H, Teunissen CE, Hanseeuw B, Orellana A,Schraen S, Gabelle A, Boada M, Lebouvier T, Willemse EAJ, Cognat E, Ruiz A,Hourregue C, Lilamand M, Bouaziz-Amar E, Laplanche JL, Lehmann S, Pasquier F,"
,,"Schraen S, Gabelle A, Boada M, Lebouvier T, Willemse EAJ, Cognat E, Ruiz A,Hourregue C, Lilamand M, Bouaziz-Amar E, Laplanche JL, Lehmann S, Pasquier F,Scheltens P, Blennow K, Singh-Manoux A, Paquet C; Alzheimer's Disease"
,,"Hourregue C, Lilamand M, Bouaziz-Amar E, Laplanche JL, Lehmann S, Pasquier F,Scheltens P, Blennow K, Singh-Manoux A, Paquet C; Alzheimer's DiseaseNeuroimaging Initiative. A Pragmatic, Data-Driven Method to Determine Cutoffs"
,,"Scheltens P, Blennow K, Singh-Manoux A, Paquet C; Alzheimer's DiseaseNeuroimaging Initiative. A Pragmatic, Data-Driven Method to Determine Cutoffsfor CSF Biomarkers of Alzheimer Disease Based on Validation Against PET Imaging."
,,"Neuroimaging Initiative. A Pragmatic, Data-Driven Method to Determine Cutoffsfor CSF Biomarkers of Alzheimer Disease Based on Validation Against PET Imaging.Neurology. 2022 Aug 16;99(7):e669-e678. doi: 10.1212/WNL.0000000000200735. Epub"
,,for CSF Biomarkers of Alzheimer Disease Based on Validation Against PET Imaging.Neurology. 2022 Aug 16;99(7):e669-e678. doi: 10.1212/WNL.0000000000200735. Epub2022 May 26. PMID: 35970577; PMCID: PMC9484605.
,,0
,,0
,,0
,,"31: Figueira AJ, Moreira GG, Saavedra J, Cardoso I, Gomes CM. Tetramerization ofthe S100B Chaperone Spawns a Ca<sup>2+</sup> Independent Regulatory Surface thatEnhances Anti-aggregation Activity and Client Specificity. J Mol Biol. 2022 Oct"
,,the S100B Chaperone Spawns a Ca<sup>2+</sup> Independent Regulatory Surface thatEnhances Anti-aggregation Activity and Client Specificity. J Mol Biol. 2022 Oct15;434(19):167791. doi: 10.1016/j.jmb.2022.167791. Epub 2022 Aug 12. PMID:
,,Enhances Anti-aggregation Activity and Client Specificity. J Mol Biol. 2022 Oct15;434(19):167791. doi: 10.1016/j.jmb.2022.167791. Epub 2022 Aug 12. PMID:35970403
,,0
,,0
,,0
,,"32: Gao X, Wang Z, Xiong L, Wu F, Gan X, Liu J, Huang X, Liu J, Tang L, Li Y,Huang J, Huang Y, Li W, Zeng H, Ban Y, Chen T, He S, Lin A, Han F, Guo X, Yu Q,Shu W, Zhang B, Zou R, Zhou Y, Chen Y, Tian H, Wei W, Zhang Z, Wei C, Wei Y, Liu"
,,"Huang J, Huang Y, Li W, Zeng H, Ban Y, Chen T, He S, Lin A, Han F, Guo X, Yu Q,Shu W, Zhang B, Zou R, Zhou Y, Chen Y, Tian H, Wei W, Zhang Z, Wei C, Wei Y, LiuH, Yao H, Chen Q, Zou Z. The bs-YHEDA peptide protects the brains of senile mice"
,,"Shu W, Zhang B, Zou R, Zhou Y, Chen Y, Tian H, Wei W, Zhang Z, Wei C, Wei Y, LiuH, Yao H, Chen Q, Zou Z. The bs-YHEDA peptide protects the brains of senile miceand thus recovers intelligence by reducing iron and free radicals. Free Radic"
,,"H, Yao H, Chen Q, Zou Z. The bs-YHEDA peptide protects the brains of senile miceand thus recovers intelligence by reducing iron and free radicals. Free RadicBiol Med. 2022 Sep;190:216-225. doi: 10.1016/j.freeradbiomed.2022.08.014. Epub"
,,and thus recovers intelligence by reducing iron and free radicals. Free RadicBiol Med. 2022 Sep;190:216-225. doi: 10.1016/j.freeradbiomed.2022.08.014. Epub2022 Aug 13. PMID: 35970250.
,,0
,,0
,,0
,,"33: Choi JY, Park JH, Jo C, Kim KC, Koh YH. SARS-CoV-2 spike S1 subunit protein-mediated increase of beta-secretase 1 (BACE1) impairs human brain vessel cells.Biochem Biophys Res Commun. 2022 Oct 20;626:66-71. doi:"
,,mediated increase of beta-secretase 1 (BACE1) impairs human brain vessel cells.Biochem Biophys Res Commun. 2022 Oct 20;626:66-71. doi:10.1016/j.bbrc.2022.07.113. Epub 2022 Aug 4. PMID: 35970046; PMCID: PMC9349051.
,,0
,,0
,,0
,,"34: Pham NTT, Graff-Radford J, Machulda MM, Spychalla AJ, Schwarz CG, Senjem ML,Lowe VJ, Vemuri P, Kantarci K, Knopman DS, Petersen RC, Jack CR, Josephs KA,Whitwell JL. Regional white matter hyperintensities in posterior cortical"
,,"Lowe VJ, Vemuri P, Kantarci K, Knopman DS, Petersen RC, Jack CR, Josephs KA,Whitwell JL. Regional white matter hyperintensities in posterior corticalatrophy and logopenic progressive aphasia. Neurobiol Aging. 2022 Nov;119:46-55."
,,Whitwell JL. Regional white matter hyperintensities in posterior corticalatrophy and logopenic progressive aphasia. Neurobiol Aging. 2022 Nov;119:46-55.doi: 10.1016/j.neurobiolaging.2022.07.008. Epub 2022 Jul 28. PMID: 35970009.
,,0
,,0
,,0
,,"35: Murray KA, Hu CJ, Griner SL, Pan H, Bowler JT, Abskharon R, Rosenberg GM,Cheng X, Seidler PM, Eisenberg DS. De novo designed protein inhibitors ofamyloid aggregation and seeding. Proc Natl Acad Sci U S A. 2022 Aug"
,,"Cheng X, Seidler PM, Eisenberg DS. De novo designed protein inhibitors ofamyloid aggregation and seeding. Proc Natl Acad Sci U S A. 2022 Aug23;119(34):e2206240119. doi: 10.1073/pnas.2206240119. Epub 2022 Aug 15. PMID:"
,,amyloid aggregation and seeding. Proc Natl Acad Sci U S A. 2022 Aug23;119(34):e2206240119. doi: 10.1073/pnas.2206240119. Epub 2022 Aug 15. PMID:35969734; PMCID: PMC9407671.
,,0
,,0
,,0
,,"36: Nakaie M, Katayama F, Nakagaki T, Yoshida S, Kawasaki M, Nishi K, Ogawa K,Toriba A, Nishida N, Nakayama M, Fuchigami T. Synthesis and BiologicalEvaluation of Novel 2-(Benzofuran-2-yl)-chromone Derivatives for In Vivo Imaging"
,,"Toriba A, Nishida N, Nakayama M, Fuchigami T. Synthesis and BiologicalEvaluation of Novel 2-(Benzofuran-2-yl)-chromone Derivatives for In Vivo Imagingof Prion Deposits in the Brain. ACS Infect Dis. 2022 Sep 9;8(9):1869-1882. doi:"
,,Evaluation of Novel 2-(Benzofuran-2-yl)-chromone Derivatives for In Vivo Imagingof Prion Deposits in the Brain. ACS Infect Dis. 2022 Sep 9;8(9):1869-1882. doi:10.1021/acsinfecdis.2c00142. Epub 2022 Aug 15. PMID: 35969484.
,,0
,,0
,,0
,,"37: Pinto M, Diaz F, Nissanka N, Guastucci CS, Illiano P, Brambilla R, MoraesCT. Adult-Onset Deficiency of Mitochondrial Complex III in a Mouse Model ofAlzheimer's Disease Decreases Amyloid Beta Plaque Formation. Mol Neurobiol. 2022"
,,CT. Adult-Onset Deficiency of Mitochondrial Complex III in a Mouse Model ofAlzheimer's Disease Decreases Amyloid Beta Plaque Formation. Mol Neurobiol. 2022Oct;59(10):6552-6566. doi: 10.1007/s12035-022-02992-3. Epub 2022 Aug 15. PMID:
,,Alzheimer's Disease Decreases Amyloid Beta Plaque Formation. Mol Neurobiol. 2022Oct;59(10):6552-6566. doi: 10.1007/s12035-022-02992-3. Epub 2022 Aug 15. PMID:35969330; PMCID: PMC9464722.
,,0
,,0
,,0
,,"38: Cosarderelioglu C, Nidadavolu LS, George CJ, Marx-Rattner R, Powell L, XueQL, Tian J, Oh ES, Ferrucci L, Dincer P, Bennett DA, Walston JD, Abadir PM.Angiotensin receptor blocker use is associated with upregulation of the memory-"
,,"QL, Tian J, Oh ES, Ferrucci L, Dincer P, Bennett DA, Walston JD, Abadir PM.Angiotensin receptor blocker use is associated with upregulation of the memory-protective angiotensin type 4 receptor (AT<sub>4</sub>R) in the postmortem"
,,Angiotensin receptor blocker use is associated with upregulation of the memory-protective angiotensin type 4 receptor (AT<sub>4</sub>R) in the postmortembrains of individuals without cognitive impairment. Geroscience. 2022 Aug 15.
,,protective angiotensin type 4 receptor (AT<sub>4</sub>R) in the postmortembrains of individuals without cognitive impairment. Geroscience. 2022 Aug 15.doi: 10.1007/s11357-022-00639-8. Epub ahead of print. PMID: 35969296.
,,0
,,0
,,0
,,"39: Le Barbu-Debus K, Pérez-Mellor A, Lepère V, Zehnacker A. How change inchirality prevents β-amyloid type interaction in a protonated cyclic dipeptidedimer. Phys Chem Chem Phys. 2022 Aug 24;24(33):19783-19791. doi:"
,,chirality prevents β-amyloid type interaction in a protonated cyclic dipeptidedimer. Phys Chem Chem Phys. 2022 Aug 24;24(33):19783-19791. doi:10.1039/d2cp03110h. PMID: 35969161.
,,0
,,0
,,0
,,"40: Midtbø H, Kringeland E, Gerdts E, Ueland PM, Meyer K, Linde A, Ulvik A,Jonsson R, Tveit KS. Biomarkers of inflammation and left ventricular remodellingin psoriasis patients treated with infliximab. Int J Immunopathol Pharmacol."
,,"Jonsson R, Tveit KS. Biomarkers of inflammation and left ventricular remodellingin psoriasis patients treated with infliximab. Int J Immunopathol Pharmacol.2022 Jan-Dec;36:3946320221111131. doi: 10.1177/03946320221111131. PMID:"
,,in psoriasis patients treated with infliximab. Int J Immunopathol Pharmacol.2022 Jan-Dec;36:3946320221111131. doi: 10.1177/03946320221111131. PMID:35968808; PMCID: PMC9379959.
,,0
,,0
,,0
,,"41: Mandal PK, Roy RG, Samkaria A. Oxidative Stress: Glutathione and ItsPotential to Protect Methionine-35 of Aβ Peptide from Oxidation. ACS Omega. 2022Jul 26;7(31):27052-27061. doi: 10.1021/acsomega.2c02760. PMID: 35967059; PMCID:"
,,Potential to Protect Methionine-35 of Aβ Peptide from Oxidation. ACS Omega. 2022Jul 26;7(31):27052-27061. doi: 10.1021/acsomega.2c02760. PMID: 35967059; PMCID:PMC9366984.
,,0
,,0
,,0
,,"42: Mate V, Smolek T, Kazmerova ZV, Jadhav S, Brezovakova V, Jurkanin B,Uhrinova I, Basheer N, Zilka N, Katina S, Novak P. Enriched environmentameliorates propagation of tau pathology and improves cognition in rat model of"
,,"Uhrinova I, Basheer N, Zilka N, Katina S, Novak P. Enriched environmentameliorates propagation of tau pathology and improves cognition in rat model oftauopathy. Front Aging Neurosci. 2022 Jul 26;14:935973. doi:"
,,ameliorates propagation of tau pathology and improves cognition in rat model oftauopathy. Front Aging Neurosci. 2022 Jul 26;14:935973. doi:10.3389/fnagi.2022.935973. PMID: 35966785; PMCID: PMC9363241.
,,0
,,0
,,0
,,"43: Bao YW, Shea YF, Chiu PK, Kwan JSK, Chan FH, Chow WS, Chan KH, Mak HK. Thefractional amplitude of low-frequency fluctuations signals related to amyloiduptake in high-risk populations-A pilot fMRI study. Front Aging Neurosci. 2022"
,,fractional amplitude of low-frequency fluctuations signals related to amyloiduptake in high-risk populations-A pilot fMRI study. Front Aging Neurosci. 2022Jul 29;14:956222. doi: 10.3389/fnagi.2022.956222. PMID: 35966783; PMCID:
,,uptake in high-risk populations-A pilot fMRI study. Front Aging Neurosci. 2022Jul 29;14:956222. doi: 10.3389/fnagi.2022.956222. PMID: 35966783; PMCID:PMC9372772.
,,0
,,0
,,0
,,"44: Tsui KC, Roy J, Chau SC, Wong KH, Shi L, Poon CH, Wang Y, Strekalova T,Aquili L, Chang RC, Fung ML, Song YQ, Lim LW. Distribution and inter-regionalrelationship of amyloid-beta plaque deposition in a 5xFAD mouse model of"
,,"Aquili L, Chang RC, Fung ML, Song YQ, Lim LW. Distribution and inter-regionalrelationship of amyloid-beta plaque deposition in a 5xFAD mouse model ofAlzheimer's disease. Front Aging Neurosci. 2022 Jul 28;14:964336. doi:"
,,relationship of amyloid-beta plaque deposition in a 5xFAD mouse model ofAlzheimer's disease. Front Aging Neurosci. 2022 Jul 28;14:964336. doi:10.3389/fnagi.2022.964336. PMID: 35966777; PMCID: PMC9371463.
,,0
,,0
,,0
,,45: Lu Y. Early increase of cerebrospinal fluid 14-3-3ζ protein in thealzheimer's disease continuum. Front Aging Neurosci. 2022 Jul 29;14:941927. doi:10.3389/fnagi.2022.941927. PMID: 35966774; PMCID: PMC9372587.
,,0
,,0
,,0
,,"46: Wang S, Ichinomiya T, Savchenko P, Devulapalli S, Wang D, Beltz G, Saito T,Saido TC, Wagner SL, Patel HH, Head BP. Age-Dependent Behavioral and MetabolicAssessment of <i>App</i><sup>NL-G-F/NL-G-F</sup> Knock-in (KI) Mice. Front Mol"
,,"Saido TC, Wagner SL, Patel HH, Head BP. Age-Dependent Behavioral and MetabolicAssessment of <i>App</i><sup>NL-G-F/NL-G-F</sup> Knock-in (KI) Mice. Front MolNeurosci. 2022 Jul 29;15:909989. doi: 10.3389/fnmol.2022.909989. PMID: 35966019;"
,,Assessment of <i>App</i><sup>NL-G-F/NL-G-F</sup> Knock-in (KI) Mice. Front MolNeurosci. 2022 Jul 29;15:909989. doi: 10.3389/fnmol.2022.909989. PMID: 35966019;PMCID: PMC9373872.
,,0
,,0
,,0
,,"47: Shafqat A, AlGethami HJ, Shafqat S, Islam SSU. Pineal cyst apoplexy andmemory loss: a novel complication. Radiol Case Rep. 2022 Aug 5;17(10):3739-3744.doi: 10.1016/j.radcr.2022.07.055. PMID: 35965931; PMCID: PMC9363962."
,,0
,,0
,,0
,,"48: Zhong G, Long H, Zhou T, Liu Y, Zhao J, Han J, Yang X, Yu Y, Chen F, Shi S.Blood-brain barrier Permeable nanoparticles for Alzheimer's disease treatment byselective mitophagy of microglia. Biomaterials. 2022 Sep;288:121690. doi:"
,,Blood-brain barrier Permeable nanoparticles for Alzheimer's disease treatment byselective mitophagy of microglia. Biomaterials. 2022 Sep;288:121690. doi:10.1016/j.biomaterials.2022.121690. Epub 2022 Aug 12. PMID: 35965114.
,,0
,,0
,,0
,,"49: Migliaccio R, Cacciamani F. The temporal lobe in typical and atypicalAlzheimer disease. Handb Clin Neurol. 2022;187:449-466. doi:10.1016/B978-0-12-823493-8.00004-3. PMID: 35964987."
,,0
,,0
,,0
,,"50: Li T, Zhou J, Wu Q, Zhang X, Chen Z, Wang L. Modifying functional propertiesof food amyloid-based nanostructures from rice glutelin. Food Chem. 2023 Jan1;398:133798. doi: 10.1016/j.foodchem.2022.133798. Epub 2022 Jul 26. PMID:"
,,of food amyloid-based nanostructures from rice glutelin. Food Chem. 2023 Jan1;398:133798. doi: 10.1016/j.foodchem.2022.133798. Epub 2022 Jul 26. PMID:35964570
,,0
,,0
,,0
,,"51: Grigorova M, Mak E, Brown SSG, Beresford-Webb J, Hong YT, Fryer TD, ColesJP, Aigbirhio FI, Tudorascu D, Cohen A, Christian BT, Ances B, Handen BL, LaymonCM, Klunk WE, Clare ICH, Holland AJ, Zaman SH. Amyloid- β and tau deposition"
,,"JP, Aigbirhio FI, Tudorascu D, Cohen A, Christian BT, Ances B, Handen BL, LaymonCM, Klunk WE, Clare ICH, Holland AJ, Zaman SH. Amyloid- β and tau depositioninfluences cognitive and functional decline in Down syndrome. Neurobiol Aging."
,,"CM, Klunk WE, Clare ICH, Holland AJ, Zaman SH. Amyloid- β and tau depositioninfluences cognitive and functional decline in Down syndrome. Neurobiol Aging.2022 Nov;119:36-45. doi: 10.1016/j.neurobiolaging.2022.07.003. Epub 2022 Jul 21."
,,influences cognitive and functional decline in Down syndrome. Neurobiol Aging.2022 Nov;119:36-45. doi: 10.1016/j.neurobiolaging.2022.07.003. Epub 2022 Jul 21.PMID: 35964542.
,,0
,,0
,,0
,,"52: Qin P, Ran Y, Liu Y, Wei C, Luan X, Niu H, Peng J, Sun J, Wu J. Recentadvances of small molecule JNK3 inhibitors for Alzheimer's disease. Bioorg Chem.2022 Nov;128:106090. doi: 10.1016/j.bioorg.2022.106090. Epub 2022 Aug 9. PMID:"
,,advances of small molecule JNK3 inhibitors for Alzheimer's disease. Bioorg Chem.2022 Nov;128:106090. doi: 10.1016/j.bioorg.2022.106090. Epub 2022 Aug 9. PMID:35964505
,,0
,,0
,,0
,,"53: Zhang S, Wei D, Lv S, Wang L, An H, Shao W, Wang Y, Huang Y, Peng D, ZhangZ. Scutellarin Modulates the Microbiota-Gut-Brain Axis and Improves CognitiveImpairment in APP/PS1 Mice. J Alzheimers Dis. 2022;89(3):955-975. doi:"
,,Z. Scutellarin Modulates the Microbiota-Gut-Brain Axis and Improves CognitiveImpairment in APP/PS1 Mice. J Alzheimers Dis. 2022;89(3):955-975. doi:10.3233/JAD-220532. PMID: 35964195.
,,0
,,0
,,0
,,"54: Kang DW, Wang SM, Um YH, Kim NY, Lee CU, Lim HK. Associations Between Sub-Threshold Amyloid-β Deposition, Cortical Volume, and Cognitive FunctionModulated by APOE ɛ4 Carrier Status in Cognitively Normal Older Adults. J"
,,"Threshold Amyloid-β Deposition, Cortical Volume, and Cognitive FunctionModulated by APOE ɛ4 Carrier Status in Cognitively Normal Older Adults. JAlzheimers Dis. 2022;89(3):1003-1016. doi: 10.3233/JAD-220427. PMID: 35964194."
,,0
,,0
,,0
,,"55: Vassilaki M, Crowson CS, Davis Iii JM, Duong SQ, Jones DT, Nguyen A, MielkeMM, Vemuri P, Myasoedova E. Rheumatoid Arthritis, Cognitive Impairment, andNeuroimaging Biomarkers: Results from the Mayo Clinic Study of Aging. J"
,,"MM, Vemuri P, Myasoedova E. Rheumatoid Arthritis, Cognitive Impairment, andNeuroimaging Biomarkers: Results from the Mayo Clinic Study of Aging. JAlzheimers Dis. 2022;89(3):943-954. doi: 10.3233/JAD-220368. PMID: 35964191."
,,0
,,0
,,0
,,"56: Diaz A, Martin-Jimenez C, Woo Y, Merino P, Torre E, Yepes M. Urokinase-TypePlasminogen Activator Triggers Wingless/Int1-Independent Phosphorylation of theLow-Density Lipoprotein Receptor-Related Protein-6 in Cerebral Cortical Neurons."
,,Plasminogen Activator Triggers Wingless/Int1-Independent Phosphorylation of theLow-Density Lipoprotein Receptor-Related Protein-6 in Cerebral Cortical Neurons.J Alzheimers Dis. 2022;89(3):877-891. doi: 10.3233/JAD-220320. PMID: 35964187.
,,0
,,0
,,0
,,"57: Piccarducci R, Caselli MC, Zappelli E, Ulivi L, Daniele S, Siciliano G,Ceravolo R, Mancuso M, Baldacci F, Martini C. The Role of Amyloid-β, Tau, andα-Synuclein Proteins as Putative Blood Biomarkers in Patients with Cerebral"
,,"Ceravolo R, Mancuso M, Baldacci F, Martini C. The Role of Amyloid-β, Tau, andα-Synuclein Proteins as Putative Blood Biomarkers in Patients with CerebralAmyloid Angiopathy. J Alzheimers Dis. 2022;89(3):1039-1049. doi:"
,,α-Synuclein Proteins as Putative Blood Biomarkers in Patients with CerebralAmyloid Angiopathy. J Alzheimers Dis. 2022;89(3):1039-1049. doi:10.3233/JAD-220216. PMID: 35964181.
,,0
,,0
,,0
,,"58: Matsuzaki Tada A, Hamezah HS, Pahrudin Arrozi A, Abu Bakar ZH, Yanagisawa D,Tooyama I. Pharmaceutical Potential of Casein-Derived Tripeptide Met-Lys-Pro:Improvement in Cognitive Impairments and Suppression of Inflammation in APP/PS1"
,,Tooyama I. Pharmaceutical Potential of Casein-Derived Tripeptide Met-Lys-Pro:Improvement in Cognitive Impairments and Suppression of Inflammation in APP/PS1Mice. J Alzheimers Dis. 2022;89(3):835-848. doi: 10.3233/JAD-220192. PMID:
,,Improvement in Cognitive Impairments and Suppression of Inflammation in APP/PS1Mice. J Alzheimers Dis. 2022;89(3):835-848. doi: 10.3233/JAD-220192. PMID:35964178
,,0
,,0
,,0
,,"59: Meier DT, Rachid L, Wiedemann SJ, Traub S, Trimigliozzi K, Stawiski M,Sauteur L, Winter DV, Le Foll C, Brégère C, Guzman R, Odermatt A, Böni-Schnetzler M, Donath MY. Prohormone convertase 1/3 deficiency causes obesity due"
,,"Sauteur L, Winter DV, Le Foll C, Brégère C, Guzman R, Odermatt A, Böni-Schnetzler M, Donath MY. Prohormone convertase 1/3 deficiency causes obesity dueto impaired proinsulin processing. Nat Commun. 2022 Aug 13;13(1):4761. doi:"
,,"Schnetzler M, Donath MY. Prohormone convertase 1/3 deficiency causes obesity dueto impaired proinsulin processing. Nat Commun. 2022 Aug 13;13(1):4761. doi:10.1038/s41467-022-32509-4. PMID: 35963866; PMCID: PMC9376086."
,,0
,,0
,,0
,,"60: Dabur M, Loureiro JA, Pereira MC. The current state of amyloidosistherapeutics and the potential role of fluorine in their treatment. Biochimie.2022 Aug 10:S0300-9084(22)00198-5. doi: 10.1016/j.biochi.2022.08.003. Epub ahead"
,,therapeutics and the potential role of fluorine in their treatment. Biochimie.2022 Aug 10:S0300-9084(22)00198-5. doi: 10.1016/j.biochi.2022.08.003. Epub aheadof print. PMID: 35963462.
,,0
,,0
,,0
,,0
,,0
,,0
,,"62: Yu H, Yamashita T, Hu X, Bian Z, Hu X, Feng T, Tadokoro K, Morihara R, AbeK. Protective and anti-oxidative effects of curcumin and resveratrol on Aβ-oligomer-induced damage in the SH-SY5Y cell line. J Neurol Sci. 2022 Oct"
,,K. Protective and anti-oxidative effects of curcumin and resveratrol on Aβ-oligomer-induced damage in the SH-SY5Y cell line. J Neurol Sci. 2022 Oct15;441:120356. doi: 10.1016/j.jns.2022.120356. Epub 2022 Aug 1. PMID: 35963200.
,,0
,,0
,,0
,,"63: de Almeida EJR, Ibrahim HJ, Chitolina Schetinger MR, de Andrade CM, CardosoAM. Modulation of Inflammatory Mediators and Microglial Activation ThroughPhysical Exercise in Alzheimer's and Parkinson's Diseases. Neurochem Res. 2022"
,,AM. Modulation of Inflammatory Mediators and Microglial Activation ThroughPhysical Exercise in Alzheimer's and Parkinson's Diseases. Neurochem Res. 2022Aug 13. doi: 10.1007/s11064-022-03713-x. Epub ahead of print. PMID: 35962936.
,,0
,,0
,,0
,,"64: Wang J, Liu J, Dong Q, An Y, Su J, Xie H, Sun B, Liu J. The Influence ofHeparan Sulfate on Breast Amyloidosis and the Toxicity of the Pre-fibrils Formedby β-casein. Protein J. 2022 Oct;41(4-5):543-549. doi:"
,,Heparan Sulfate on Breast Amyloidosis and the Toxicity of the Pre-fibrils Formedby β-casein. Protein J. 2022 Oct;41(4-5):543-549. doi:10.1007/s10930-022-10071-8. Epub 2022 Aug 13. PMID: 35962883.
,,0
,,0
,,0
,,"65: Insel PS, Young CB, Aisen PS, Johnson KA, Sperling RA, Mormino EC, DonohueMC. Tau positron emission tomography in preclinical Alzheimer's disease. Brain.2022 Aug 13:awac299. doi: 10.1093/brain/awac299. Epub ahead of print. PMID:"
,,MC. Tau positron emission tomography in preclinical Alzheimer's disease. Brain.2022 Aug 13:awac299. doi: 10.1093/brain/awac299. Epub ahead of print. PMID:35962782
,,0
,,0
,,0
,,"66: Singh AK, Neo SH, Liwang C, Pang KKL, Leng JCK, Sinha SH, Shetty MS,Vasudevan M, Rao VJ, Joshi I, Eswaramoorthy M, Pavon MV, Sheila AR, Navakkode S,Kundu TK, Sajikumar S. Glucose derived carbon nanosphere (CSP) conjugated TTK21,"
,,"Vasudevan M, Rao VJ, Joshi I, Eswaramoorthy M, Pavon MV, Sheila AR, Navakkode S,Kundu TK, Sajikumar S. Glucose derived carbon nanosphere (CSP) conjugated TTK21,an activator of the histone acetyltransferases CBP/p300, ameliorates amyloid-"
,,"Kundu TK, Sajikumar S. Glucose derived carbon nanosphere (CSP) conjugated TTK21,an activator of the histone acetyltransferases CBP/p300, ameliorates amyloid-beta 1-42 induced deficits in plasticity and associativity in hippocampal CA1"
,,"an activator of the histone acetyltransferases CBP/p300, ameliorates amyloid-beta 1-42 induced deficits in plasticity and associativity in hippocampal CA1pyramidal neurons. Aging Cell. 2022 Sep;21(9):e13675. doi: 10.1111/acel.13675."
,,beta 1-42 induced deficits in plasticity and associativity in hippocampal CA1pyramidal neurons. Aging Cell. 2022 Sep;21(9):e13675. doi: 10.1111/acel.13675.Epub 2022 Aug 12. PMID: 35962576; PMCID: PMC9470894.
,,0
,,0
,,0
,,"67: Mouillet-Richard S, Martin-Lannerée S, Le Corre D, Hirsch TZ, Ghazi A,Sroussi M, Pilati C, de Reyniès A, Djouadi F, Vodovar N, Launay JM, Laurent-PuigP. A proof of concept for targeting the PrP<sup>C</sup> - Amyloid β peptide"
,,"Sroussi M, Pilati C, de Reyniès A, Djouadi F, Vodovar N, Launay JM, Laurent-PuigP. A proof of concept for targeting the PrP<sup>C</sup> - Amyloid β peptideinteraction in basal prostate cancer and mesenchymal colon cancer. Oncogene."
,,P. A proof of concept for targeting the PrP<sup>C</sup> - Amyloid β peptideinteraction in basal prostate cancer and mesenchymal colon cancer. Oncogene.2022 Sep;41(38):4397-4404. doi: 10.1038/s41388-022-02430-7. Epub 2022 Aug 12.
,,interaction in basal prostate cancer and mesenchymal colon cancer. Oncogene.2022 Sep;41(38):4397-4404. doi: 10.1038/s41388-022-02430-7. Epub 2022 Aug 12.PMID: 35962130; PMCID: PMC9481457.
,,0
,,0
,,0
,,"68: Tekieh T, Robinson PA, Postnova S. Cortical waste clearance in normal andrestricted sleep with potential runaway tau buildup in Alzheimer's disease. SciRep. 2022 Aug 12;12(1):13740. doi: 10.1038/s41598-022-15109-6. PMID: 35961995;"
,,restricted sleep with potential runaway tau buildup in Alzheimer's disease. SciRep. 2022 Aug 12;12(1):13740. doi: 10.1038/s41598-022-15109-6. PMID: 35961995;PMCID: PMC9374764.
,,0
,,0
,,0
,,"69: Jiang L, Yuan N, Zhao N, Tian P, Zhang D, Qin Y, Shi Z, Gao Z, Zhang N, ZhouH, Zhang R, Xu S. Advanced glycation end products induce Aβ<sub>1-42</sub>deposition and cognitive decline through H19/miR-15b/BACE1 axis in diabetic"
,,"H, Zhang R, Xu S. Advanced glycation end products induce Aβ<sub>1-42</sub>deposition and cognitive decline through H19/miR-15b/BACE1 axis in diabeticencephalopathy. Brain Res Bull. 2022 Oct 1;188:187-196. doi:"
,,deposition and cognitive decline through H19/miR-15b/BACE1 axis in diabeticencephalopathy. Brain Res Bull. 2022 Oct 1;188:187-196. doi:10.1016/j.brainresbull.2022.08.007. Epub 2022 Aug 10. PMID: 35961529.
,,0
,,0
,,0
,,"70: Puig-Pijoan A, García-Escobar G, Fernández-Lebrero A, Manero Borràs RM,Sánchez Benavides G, Navalpotro Gómez I, Cascales Lahoz D, Suárez-Calvet M,Grau-Rivera O, Boltes Alandí A, Pont Sunyer MC, Ortiz-Gil J, Carrillo-Molina S,"
,,"Sánchez Benavides G, Navalpotro Gómez I, Cascales Lahoz D, Suárez-Calvet M,Grau-Rivera O, Boltes Alandí A, Pont Sunyer MC, Ortiz-Gil J, Carrillo-Molina S,López-Villegas D, Abellán Vidal MT, Martínez-Casamitjana MI, Hernández Sánchez"
,,"Grau-Rivera O, Boltes Alandí A, Pont Sunyer MC, Ortiz-Gil J, Carrillo-Molina S,López-Villegas D, Abellán Vidal MT, Martínez-Casamitjana MI, Hernández SánchezJJ, Peña-Casanova J, Roquer González J, Padrós Fluvià A, Puente Periz V. The"
,,"López-Villegas D, Abellán Vidal MT, Martínez-Casamitjana MI, Hernández SánchezJJ, Peña-Casanova J, Roquer González J, Padrós Fluvià A, Puente Periz V. TheCORCOBIA study: Cut-off points of Alzheimer's disease CSF biomarkers in a"
,,"JJ, Peña-Casanova J, Roquer González J, Padrós Fluvià A, Puente Periz V. TheCORCOBIA study: Cut-off points of Alzheimer's disease CSF biomarkers in aclinical cohort. Neurologia (Engl Ed). 2022 Aug 9:S2173-5808(22)00084-0. doi:"
,,CORCOBIA study: Cut-off points of Alzheimer's disease CSF biomarkers in aclinical cohort. Neurologia (Engl Ed). 2022 Aug 9:S2173-5808(22)00084-0. doi:10.1016/j.nrleng.2022.05.002. Epub ahead of print. PMID: 35961506.
,,0
,,0
,,0
,,"71: Sinclair P, Kabbani N. Nicotinic receptor components of amyloid beta 42proteome regulation in human neural cells. PLoS One. 2022 Aug 12;17(8):e0270479.doi: 10.1371/journal.pone.0270479. PMID: 35960729; PMCID: PMC9374227."
,,0
,,0
,,0
,,"72: Pfundstein G, Nikonenko AG, Sytnyk V. Amyloid precursor protein (APP) andamyloid β (Aβ) interact with cell adhesion molecules: Implications inAlzheimer's disease and normal physiology. Front Cell Dev Biol. 2022 Jul"
,,amyloid β (Aβ) interact with cell adhesion molecules: Implications inAlzheimer's disease and normal physiology. Front Cell Dev Biol. 2022 Jul26;10:969547. doi: 10.3389/fcell.2022.969547. PMID: 35959488; PMCID: PMC9360506.
,,0
,,0
,,0
,,"73: Li C, Wang Y, Xing Y, Han J, Zhang Y, Zhang A, Hu J, Hua Y, Bai Y.Regulation of microglia phagocytosis and potential involvement of exercise.Front Cell Neurosci. 2022 Jul 25;16:953534. doi: 10.3389/fncel.2022.953534."
,,Regulation of microglia phagocytosis and potential involvement of exercise.Front Cell Neurosci. 2022 Jul 25;16:953534. doi: 10.3389/fncel.2022.953534.PMID: 35959472; PMCID: PMC9357882.
,,0
,,0
,,0
,,"74: Li D, Ren T, Li H, Liao G, Zhang X. <i>Porphyromonas gingivalis</i>: A keyrole in Parkinson's disease with cognitive impairment? Front Neurol. 2022 Jul26;13:945523. doi: 10.3389/fneur.2022.945523. PMID: 35959396; PMCID: PMC9363011."
,,0
,,0
,,0
,,"75: Chang PS, Chou HH, Lai TJ, Yen CH, Pan JC, Lin PT. Investigation of coenzymeQ10 status, serum amyloid-β, and tau protein in patients with dementia. FrontAging Neurosci. 2022 Jul 25;14:910289. doi: 10.3389/fnagi.2022.910289. PMID:"
,,"Q10 status, serum amyloid-β, and tau protein in patients with dementia. FrontAging Neurosci. 2022 Jul 25;14:910289. doi: 10.3389/fnagi.2022.910289. PMID:35959290; PMCID: PMC9358012."
,,0
,,0
,,0
,,"76: Orozco-Barajas M, Oropeza-Ruvalcaba Y, Canales-Aguirre AA, Sánchez-GonzálezVJ. <i>PSEN1 c.1292C</i><<i>A</i> Variant and Early-Onset Alzheimer's Disease: AScoping Review. Front Aging Neurosci. 2022 Jul 22;14:860529. doi:"
,,VJ. <i>PSEN1 c.1292C</i><<i>A</i> Variant and Early-Onset Alzheimer's Disease: AScoping Review. Front Aging Neurosci. 2022 Jul 22;14:860529. doi:10.3389/fnagi.2022.860529. PMID: 35959289; PMCID: PMC9361039.
,,0
,,0
,,0
,,"77: Freire-Regatillo A, Diaz-Pacheco S, Frago LM, Arévalo MÁ, Argente J, Garcia-Segura LM, de Ceballos ML, Chowen JA. Sex Differences in Hypothalamic Changesand the Metabolic Response of TgAPP Mice to a High Fat Diet. Front Neuroanat."
,,"Segura LM, de Ceballos ML, Chowen JA. Sex Differences in Hypothalamic Changesand the Metabolic Response of TgAPP Mice to a High Fat Diet. Front Neuroanat.2022 Jul 26;16:910477. doi: 10.3389/fnana.2022.910477. PMID: 35958733; PMCID:"
,,and the Metabolic Response of TgAPP Mice to a High Fat Diet. Front Neuroanat.2022 Jul 26;16:910477. doi: 10.3389/fnana.2022.910477. PMID: 35958733; PMCID:PMC9361789.
,,0
,,0
,,0
,,"78: Aydin N, Turkez H, Tozlu OO, Arslan ME, Yavuz M, Sonmez E, Ozpolat OF,Cacciatore I, Di Stefano A, Mardinoglu A. Ameliorative Effects by HexagonalBoron Nitride Nanoparticles against Beta Amyloid Induced Neurotoxicity."
,,"Cacciatore I, Di Stefano A, Mardinoglu A. Ameliorative Effects by HexagonalBoron Nitride Nanoparticles against Beta Amyloid Induced Neurotoxicity.Nanomaterials (Basel). 2022 Aug 5;12(15):2690. doi: 10.3390/nano12152690. PMID:"
,,Boron Nitride Nanoparticles against Beta Amyloid Induced Neurotoxicity.Nanomaterials (Basel). 2022 Aug 5;12(15):2690. doi: 10.3390/nano12152690. PMID:35957121; PMCID: PMC9370266.
,,0
,,0
,,0
,,"79: An F, Xuan X, Liu Z, Bian M, Shen Q, Quan Z, Zhang G, Wei C. Anti-Inflammatory Activity of4-(4-(Heptyloxy)phenyl)-2,4-dihydro-3<i>H</i>-1,2,4-triazol-3-one via Repression"
,,"Inflammatory Activity of4-(4-(Heptyloxy)phenyl)-2,4-dihydro-3<i>H</i>-1,2,4-triazol-3-one via Repressionof MAPK/NF-κB Signaling Pathways in β-Amyloid-Induced Alzheimer's Disease"
,,"4-(4-(Heptyloxy)phenyl)-2,4-dihydro-3<i>H</i>-1,2,4-triazol-3-one via Repressionof MAPK/NF-κB Signaling Pathways in β-Amyloid-Induced Alzheimer's DiseaseModels. Molecules. 2022 Aug 8;27(15):5035. doi: 10.3390/molecules27155035. PMID:"
,,of MAPK/NF-κB Signaling Pathways in β-Amyloid-Induced Alzheimer's DiseaseModels. Molecules. 2022 Aug 8;27(15):5035. doi: 10.3390/molecules27155035. PMID:35956985; PMCID: PMC9370156.
,,0
,,0
,,0
,,"80: Lee D, Kim N, Jeon SH, Gee MS, Ju YJ, Jung MJ, Cho JS, Lee Y, Lee S, Lee JK.Hesperidin Improves Memory Function by Enhancing Neurogenesis in a Mouse Modelof Alzheimer's Disease. Nutrients. 2022 Jul 29;14(15):3125. doi:"
,,Hesperidin Improves Memory Function by Enhancing Neurogenesis in a Mouse Modelof Alzheimer's Disease. Nutrients. 2022 Jul 29;14(15):3125. doi:10.3390/nu14153125. PMID: 35956303; PMCID: PMC9370591.
,,0
,,0
,,0
,,"81: Moreira P, Matos P, Figueirinha A, Salgueiro L, Batista MT, Branco PC, CruzMT, Pereira CF. Forest Biomass as a Promising Source of Bioactive Essential Oiland Phenolic Compounds for Alzheimer's Disease Therapy. Int J Mol Sci. 2022 Aug"
,,"MT, Pereira CF. Forest Biomass as a Promising Source of Bioactive Essential Oiland Phenolic Compounds for Alzheimer's Disease Therapy. Int J Mol Sci. 2022 Aug8;23(15):8812. doi: 10.3390/ijms23158812. PMID: 35955963; PMCID: PMC9369093."
,,0
,,0
,,0
,,"82: Frankel R, Sparr E, Linse S. On the Aggregation of Apolipoprotein A-I. Int JMol Sci. 2022 Aug 7;23(15):8780. doi: 10.3390/ijms23158780. PMID: 35955915;PMCID: PMC9369196."
,,0
,,0
,,0
,,"83: Gherardelli C, Cisternas P, Inestrosa NC. Lithium Enhances HippocampalGlucose Metabolism in an In Vitro Mice Model of Alzheimer's Disease. Int J MolSci. 2022 Aug 5;23(15):8733. doi: 10.3390/ijms23158733. PMID: 35955868; PMCID:"
,,Glucose Metabolism in an In Vitro Mice Model of Alzheimer's Disease. Int J MolSci. 2022 Aug 5;23(15):8733. doi: 10.3390/ijms23158733. PMID: 35955868; PMCID:PMC9368914.
,,0
,,0
,,0
,,"84: Cuccioloni M, Cecarini V, Bonfili L, Pettinari R, Tombesi A, Pagliaricci N,Petetta L, Angeletti M, Eleuteri AM. Enhancing the Amyloid-β Anti-AggregationProperties of Curcumin via Arene-Ruthenium(II) Derivatization. Int J Mol Sci."
,,"Petetta L, Angeletti M, Eleuteri AM. Enhancing the Amyloid-β Anti-AggregationProperties of Curcumin via Arene-Ruthenium(II) Derivatization. Int J Mol Sci.2022 Aug 5;23(15):8710. doi: 10.3390/ijms23158710. PMID: 35955845; PMCID:"
,,Properties of Curcumin via Arene-Ruthenium(II) Derivatization. Int J Mol Sci.2022 Aug 5;23(15):8710. doi: 10.3390/ijms23158710. PMID: 35955845; PMCID:PMC9369426.
,,0
,,0
,,0
,,"85: Babylon L, Schmitt F, Franke Y, Hubert T, Eckert GP. Effects of CombiningBiofactors on Bioenergetic Parameters, Aβ Levels and Survival in Alzheimer ModelOrganisms. Int J Mol Sci. 2022 Aug 4;23(15):8670. doi: 10.3390/ijms23158670."
,,"Biofactors on Bioenergetic Parameters, Aβ Levels and Survival in Alzheimer ModelOrganisms. Int J Mol Sci. 2022 Aug 4;23(15):8670. doi: 10.3390/ijms23158670.PMID: 35955803; PMCID: PMC9368976."
,,0
,,0
,,0
,,"86: Zhang M, Fu H, Hu W, Leng J, Zhang Y. Versatile Dicyanomethylene-BasedFluorescent Probes for the Detection of β-Amyloid in Alzheimer's Disease: ATheoretical Perspective. Int J Mol Sci. 2022 Aug 3;23(15):8619. doi:"
,,Fluorescent Probes for the Detection of β-Amyloid in Alzheimer's Disease: ATheoretical Perspective. Int J Mol Sci. 2022 Aug 3;23(15):8619. doi:10.3390/ijms23158619. PMID: 35955758; PMCID: PMC9369443.
,,0
,,0
,,0
,,"87: Dulewicz M, Kulczyńska-Przybik A, Mroczko P, Kornhuber J, Lewczuk P, MroczkoB. Biomarkers for the Diagnosis of Alzheimer's Disease in Clinical Practice: TheRole of CSF Biomarkers during the Evolution of Diagnostic Criteria. Int J Mol"
,,B. Biomarkers for the Diagnosis of Alzheimer's Disease in Clinical Practice: TheRole of CSF Biomarkers during the Evolution of Diagnostic Criteria. Int J MolSci. 2022 Aug 2;23(15):8598. doi: 10.3390/ijms23158598. PMID: 35955728; PMCID:
,,Role of CSF Biomarkers during the Evolution of Diagnostic Criteria. Int J MolSci. 2022 Aug 2;23(15):8598. doi: 10.3390/ijms23158598. PMID: 35955728; PMCID:PMC9369334.
,,0
,,0
,,0
,,"88: Hong DY, Lee DH, Lee JY, Lee EC, Park SW, Lee MR, Oh JS. Relationshipbetween Brain Metabolic Disorders and Cognitive Impairment: LDL Receptor Defect.Int J Mol Sci. 2022 Jul 29;23(15):8384. doi: 10.3390/ijms23158384. PMID:"
,,between Brain Metabolic Disorders and Cognitive Impairment: LDL Receptor Defect.Int J Mol Sci. 2022 Jul 29;23(15):8384. doi: 10.3390/ijms23158384. PMID:35955522; PMCID: PMC9369234.
,,0
,,0
,,0
,,"89: Matei N, Leahy S, Blair NP, Burford J, Rahimi M, Shahidi M. Retinal VascularPhysiology Biomarkers in a 5XFAD Mouse Model of Alzheimer's Disease. Cells. 2022Aug 4;11(15):2413. doi: 10.3390/cells11152413. PMID: 35954257; PMCID:"
,,Physiology Biomarkers in a 5XFAD Mouse Model of Alzheimer's Disease. Cells. 2022Aug 4;11(15):2413. doi: 10.3390/cells11152413. PMID: 35954257; PMCID:PMC9368483.
,,0
,,0
,,0
,,"90: Milà-Alomà M, Ashton NJ, Shekari M, Salvadó G, Ortiz-Romero P, Montoliu-GayaL, Benedet AL, Karikari TK, Lantero-Rodriguez J, Vanmechelen E, Day TA,González-Escalante A, Sánchez-Benavides G, Minguillon C, Fauria K, Molinuevo JL,"
,,"L, Benedet AL, Karikari TK, Lantero-Rodriguez J, Vanmechelen E, Day TA,González-Escalante A, Sánchez-Benavides G, Minguillon C, Fauria K, Molinuevo JL,Dage JL, Zetterberg H, Gispert JD, Suárez-Calvet M, Blennow K. Plasma p-tau231"
,,"González-Escalante A, Sánchez-Benavides G, Minguillon C, Fauria K, Molinuevo JL,Dage JL, Zetterberg H, Gispert JD, Suárez-Calvet M, Blennow K. Plasma p-tau231and p-tau217 as state markers of amyloid-β pathology in preclinical Alzheimer's"
,,"Dage JL, Zetterberg H, Gispert JD, Suárez-Calvet M, Blennow K. Plasma p-tau231and p-tau217 as state markers of amyloid-β pathology in preclinical Alzheimer'sdisease. Nat Med. 2022 Sep;28(9):1797-1801. doi: 10.1038/s41591-022-01925-w."
,,and p-tau217 as state markers of amyloid-β pathology in preclinical Alzheimer'sdisease. Nat Med. 2022 Sep;28(9):1797-1801. doi: 10.1038/s41591-022-01925-w.Epub 2022 Aug 11. Erratum in: Nat Med. 2022 Sep 13;: PMID: 35953717; PMCID:
,,disease. Nat Med. 2022 Sep;28(9):1797-1801. doi: 10.1038/s41591-022-01925-w.Epub 2022 Aug 11. Erratum in: Nat Med. 2022 Sep 13;: PMID: 35953717; PMCID:PMC9499867.
,,0
,,0
,,0
,,"91: Ma YH, Chen HS, Liu C, Feng QS, Feng L, Zhang YR, Hu H, Dong Q, Tan L, KanHD, Zhang C, Suckling J, Zeng Y, Chen RJ, Yu JT. Association of Long-termExposure to Ambient Air Pollution With Cognitive Decline and Alzheimer's"
,,"HD, Zhang C, Suckling J, Zeng Y, Chen RJ, Yu JT. Association of Long-termExposure to Ambient Air Pollution With Cognitive Decline and Alzheimer'sDisease-Related Amyloidosis. Biol Psychiatry. 2022 May 18:S0006-3223(22)01255-0."
,,Exposure to Ambient Air Pollution With Cognitive Decline and Alzheimer'sDisease-Related Amyloidosis. Biol Psychiatry. 2022 May 18:S0006-3223(22)01255-0.doi: 10.1016/j.biopsych.2022.05.017. Epub ahead of print. PMID: 35953319.
,,0
,,0
,,0
,,"92: Flores S, Chen CD, Su Y, Dincer A, Keefe SJ, McKay NS, Paulick AM, Perez-Carillo GG, Wang L, Hornbeck RC, Goyal M, Vlassenko A, Schwarz S, Nickels ML,Wong DF, Tu Z, McConathy JE, Morris JC, Benzinger TLS, Gordon BA. Investigating"
,,"Carillo GG, Wang L, Hornbeck RC, Goyal M, Vlassenko A, Schwarz S, Nickels ML,Wong DF, Tu Z, McConathy JE, Morris JC, Benzinger TLS, Gordon BA. InvestigatingTau and Amyloid Tracer Skull Binding in Studies of Alzheimer disease. J Nucl"
,,"Wong DF, Tu Z, McConathy JE, Morris JC, Benzinger TLS, Gordon BA. InvestigatingTau and Amyloid Tracer Skull Binding in Studies of Alzheimer disease. J NuclMed. 2022 Aug 11:jnumed.122.263948. doi: 10.2967/jnumed.122.263948. Epub ahead"
,,Tau and Amyloid Tracer Skull Binding in Studies of Alzheimer disease. J NuclMed. 2022 Aug 11:jnumed.122.263948. doi: 10.2967/jnumed.122.263948. Epub aheadof print. PMID: 35953305.
,,0
,,0
,,0
,,"93: Wang J, Prajapati JD, Gao F, Ying YL, Kleinekathöfer U, Winterhalter M, LongYT. Identification of Single Amino Acid Chiral and Positional Isomers Using anElectrostatically Asymmetric Nanopore. J Am Chem Soc. 2022 Aug"
,,YT. Identification of Single Amino Acid Chiral and Positional Isomers Using anElectrostatically Asymmetric Nanopore. J Am Chem Soc. 2022 Aug24;144(33):15072-15078. doi: 10.1021/jacs.2c03923. Epub 2022 Aug 11. PMID:
,,Electrostatically Asymmetric Nanopore. J Am Chem Soc. 2022 Aug24;144(33):15072-15078. doi: 10.1021/jacs.2c03923. Epub 2022 Aug 11. PMID:35953064; PMCID: PMC9413207.
,,0
,,0
,,0
,,"94: Anderson FL, Biggs KE, Rankin BE, Havrda MC. NLRP3 inflammasome inneurodegenerative disease. Transl Res. 2022 Aug 8:S1931-5244(22)00179-7. doi:10.1016/j.trsl.2022.08.006. Epub ahead of print. PMID: 35952982."
,,0
,,0
,,0
,,"95: Gomes P, Tzouanou F, Skolariki K, Vamvaka-Iakovou A, Noguera-Ortiz C,Tsirtsaki K, Waites CL, Vlamos P, Sousa N, Costa-Silva B, Kapogiannis D,Sotiropoulos I. Extracellular vesicles and Alzheimer's disease in the novel era"
,,"Tsirtsaki K, Waites CL, Vlamos P, Sousa N, Costa-Silva B, Kapogiannis D,Sotiropoulos I. Extracellular vesicles and Alzheimer's disease in the novel eraof Precision Medicine: implications for disease progression, diagnosis and"
,,"Sotiropoulos I. Extracellular vesicles and Alzheimer's disease in the novel eraof Precision Medicine: implications for disease progression, diagnosis andtreatment. Exp Neurol. 2022 Aug 8;358:114183. doi:"
,,"of Precision Medicine: implications for disease progression, diagnosis andtreatment. Exp Neurol. 2022 Aug 8;358:114183. doi:10.1016/j.expneurol.2022.114183. Epub ahead of print. PMID: 35952764."
,,0
,,0
,,0
,,"96: Graff-Radford J, Mielke MM, Hofrenning EI, Kouri N, Lesnick TG, Moloney CM,Rabinstein A, Cabrera-Rodriguez JN, Rothberg DM, Przybelski SA, Petersen RC,Knopman DS, Dickson DW, Jack CR, Algeciras-Schimnich A, Nguyen AT, Murray ME,"
,,"Rabinstein A, Cabrera-Rodriguez JN, Rothberg DM, Przybelski SA, Petersen RC,Knopman DS, Dickson DW, Jack CR, Algeciras-Schimnich A, Nguyen AT, Murray ME,Vemuri P. Association of plasma biomarkers of amyloid and neurodegeneration with"
,,"Knopman DS, Dickson DW, Jack CR, Algeciras-Schimnich A, Nguyen AT, Murray ME,Vemuri P. Association of plasma biomarkers of amyloid and neurodegeneration withcerebrovascular disease and Alzheimer's disease. Neurobiol Aging. 2022"
,,Vemuri P. Association of plasma biomarkers of amyloid and neurodegeneration withcerebrovascular disease and Alzheimer's disease. Neurobiol Aging. 2022Nov;119:1-7. doi: 10.1016/j.neurobiolaging.2022.07.006. Epub 2022 Jul 24. PMID:
,,cerebrovascular disease and Alzheimer's disease. Neurobiol Aging. 2022Nov;119:1-7. doi: 10.1016/j.neurobiolaging.2022.07.006. Epub 2022 Jul 24. PMID:35952440
,,0
,,0
,,0
,,"97: Sandt C, Partouche D, Arluison V. Direct, Rapid, and Simple Evaluation ofthe Expression and Conformation of Beta-Amyloid in Bacterial Cells by FTIRSpectroscopy. Methods Mol Biol. 2022;2538:235-260. doi:"
,,the Expression and Conformation of Beta-Amyloid in Bacterial Cells by FTIRSpectroscopy. Methods Mol Biol. 2022;2538:235-260. doi:10.1007/978-1-0716-2529-3_16. PMID: 35951304.
,,0
,,0
,,0
,,"98: Waeytens J, Turbant F, Arluison V, Raussens V, Wien F. Analysis of BacterialAmyloid Interaction with Lipidic Membrane by Orientated Circular Dichroism andInfrared Spectroscopies. Methods Mol Biol. 2022;2538:217-234. doi:"
,,Amyloid Interaction with Lipidic Membrane by Orientated Circular Dichroism andInfrared Spectroscopies. Methods Mol Biol. 2022;2538:217-234. doi:10.1007/978-1-0716-2529-3_15. PMID: 35951303.
,,0
,,0
,,0
,,"99: Dey A, Maiti S. Determining the Stoichiometry of Amyloid Oligomers bySingle-Molecule Photobleaching. Methods Mol Biol. 2022;2538:55-74. doi:10.1007/978-1-0716-2529-3_5. PMID: 35951293."
,,0
,,0
,,0
,,"100: Vishvakarma V, Maiti S. Measuring the Size and Spontaneous Fluctuations ofAmyloid Aggregates with Fluorescence Correlation Spectroscopy. Methods Mol Biol.2022;2538:35-54. doi: 10.1007/978-1-0716-2529-3_4. PMID: 35951292."
,,0
,,0
,,0
,,"101: Maglione AV, do Nascimento BPP, Ribeiro MO, de Souza TJL, da Silva REC,Sato MA, Penatti CAA, Britto LRG, de Souza JS, Maciel RMB, da Conceição RR,Laureano-Melo R, Giannocco G. Triiodothyronine Treatment reverses Depression-"
,,"Sato MA, Penatti CAA, Britto LRG, de Souza JS, Maciel RMB, da Conceição RR,Laureano-Melo R, Giannocco G. Triiodothyronine Treatment reverses Depression-Like Behavior in a triple-transgenic animal model of Alzheimer's Disease. Metab"
,,"Laureano-Melo R, Giannocco G. Triiodothyronine Treatment reverses Depression-Like Behavior in a triple-transgenic animal model of Alzheimer's Disease. MetabBrain Dis. 2022 Aug 11. doi: 10.1007/s11011-022-01055-9. Epub ahead of print."
,,Like Behavior in a triple-transgenic animal model of Alzheimer's Disease. MetabBrain Dis. 2022 Aug 11. doi: 10.1007/s11011-022-01055-9. Epub ahead of print.PMID: 35951206.
,,0
,,0
,,0
,,"102: Yarmola E, Ishkov IP, di Cologna NM, Menashe M, Whitener RL, Long JR,Abranches J, Hagen SJ, Brady LJ. Amyloid Aggregates Are Localized to theNonadherent Detached Fraction of Aging Streptococcus mutans Biofilms. Microbiol"
,,"Abranches J, Hagen SJ, Brady LJ. Amyloid Aggregates Are Localized to theNonadherent Detached Fraction of Aging Streptococcus mutans Biofilms. MicrobiolSpectr. 2022 Aug 31;10(4):e0166122. doi: 10.1128/spectrum.01661-22. Epub 2022"
,,Nonadherent Detached Fraction of Aging Streptococcus mutans Biofilms. MicrobiolSpectr. 2022 Aug 31;10(4):e0166122. doi: 10.1128/spectrum.01661-22. Epub 2022Aug 11. PMID: 35950854; PMCID: PMC9431626.
,,0
,,0
,,0
,,"103: Björk L, Bäck M, Lantz L, Ghetti B, Vidal R, Klingstedt T, Nilsson KPR.Proteophenes - Amino Acid Functionalized Thiophene-based Fluorescent Ligands forVisualization of Protein Deposits in Tissue Sections with Alzheimer's Disease"
,,Proteophenes - Amino Acid Functionalized Thiophene-based Fluorescent Ligands forVisualization of Protein Deposits in Tissue Sections with Alzheimer's DiseasePathology. Chemistry. 2022 Aug 11:e202201557. doi: 10.1002/chem.202201557. Epub
,,Visualization of Protein Deposits in Tissue Sections with Alzheimer's DiseasePathology. Chemistry. 2022 Aug 11:e202201557. doi: 10.1002/chem.202201557. Epubahead of print. PMID: 35950816.
,,0
,,0
,,0
,,"104: Palmqvist S, Stomrud E, Cullen N, Janelidze S, Manuilova E, Jethwa A,Bittner T, Eichenlaub U, Suridjan I, Kollmorgen G, Riepe M, von Arnim CAF,Tumani H, Hager K, Heidenreich F, Mattsson-Carlgren N, Zetterberg H, Blennow K,"
,,"Bittner T, Eichenlaub U, Suridjan I, Kollmorgen G, Riepe M, von Arnim CAF,Tumani H, Hager K, Heidenreich F, Mattsson-Carlgren N, Zetterberg H, Blennow K,Hansson O. An accurate fully automated panel of plasma biomarkers for"
,,"Tumani H, Hager K, Heidenreich F, Mattsson-Carlgren N, Zetterberg H, Blennow K,Hansson O. An accurate fully automated panel of plasma biomarkers forAlzheimer's disease. Alzheimers Dement. 2022 Aug 11. doi: 10.1002/alz.12751."
,,Hansson O. An accurate fully automated panel of plasma biomarkers forAlzheimer's disease. Alzheimers Dement. 2022 Aug 11. doi: 10.1002/alz.12751.Epub ahead of print. PMID: 35950735.
,,0
,,0
,,0
,,"105: Fu KL, Chiu MJ, Wara-Aswapati N, Yang CN, Chang LC, Guo YL, Ni YH, Chen YW.Oral microbiome and serological analyses on association of Alzheimer's diseaseand periodontitis. Oral Dis. 2022 Aug 11. doi: 10.1111/odi.14348. Epub ahead of"
,,Oral microbiome and serological analyses on association of Alzheimer's diseaseand periodontitis. Oral Dis. 2022 Aug 11. doi: 10.1111/odi.14348. Epub ahead ofprint. PMID: 35950713.
,,0
,,0
,,0
,,"106: Sun L, Li C, Liu J, Li N, Han F, Qiao D, Tao Z, Zhan M, Chen W, Zhang Y,Zheng X. Effects of ischemia-hypoperfusion on neuro-vascular units in dualtransgenic mice with Alzheimer's disease. Folia Neuropathol. 2022;60(2):237-249."
,,Zheng X. Effects of ischemia-hypoperfusion on neuro-vascular units in dualtransgenic mice with Alzheimer's disease. Folia Neuropathol. 2022;60(2):237-249.doi: 10.5114/fn.2022.117278. PMID: 35950476.
,,0
,,0
,,0
,,107: Song J. Comparison of Cerebral Cortex Transcriptome Profiles in IschemicStroke and Alzheimer's Disease Models. Clin Nutr Res. 2022 Jul 25;11(3):159-170.doi: 10.7762/cnr.2022.11.3.159. PMID: 35949563; PMCID: PMC9348914.
,,0
,,0
,,0
,,"108: Otgongerel D, Lee HJ, Jo SA. Induction of ICAM1 in Brain Vessels isImplicated in an Early AD Pathogenesis by Modulating Neprilysin. NeuromolecularMed. 2022 Aug 10. doi: 10.1007/s12017-022-08726-x. Epub ahead of print. PMID:"
,,Implicated in an Early AD Pathogenesis by Modulating Neprilysin. NeuromolecularMed. 2022 Aug 10. doi: 10.1007/s12017-022-08726-x. Epub ahead of print. PMID:35948857
,,0
,,0
,,0
,,"109: Chun YS, Kim MY, Lee SY, Kim MJ, Hong TJ, Jeon JK, Ganbat D, Kim HT, KimSS, Kam TI, Han S. MEK1/2 inhibition rescues neurodegeneration by TFEB-mediatedactivation of autophagic lysosomal function in a model of Alzheimer's Disease."
,,"SS, Kam TI, Han S. MEK1/2 inhibition rescues neurodegeneration by TFEB-mediatedactivation of autophagic lysosomal function in a model of Alzheimer's Disease.Mol Psychiatry. 2022 Aug 10. doi: 10.1038/s41380-022-01713-5. Epub ahead of"
,,activation of autophagic lysosomal function in a model of Alzheimer's Disease.Mol Psychiatry. 2022 Aug 10. doi: 10.1038/s41380-022-01713-5. Epub ahead ofprint. PMID: 35948663.
,,0
,,0
,,0
,,"110: Ferrari-Souza JP, Ferreira PCL, Bellaver B, Tissot C, Wang YT, Leffa DT,Brum WS, Benedet AL, Ashton NJ, De Bastiani MA, Rocha A, Therriault J, LussierFZ, Chamoun M, Servaes S, Bezgin G, Kang MS, Stevenson J, Rahmouni N, Pallen V,"
,,"Brum WS, Benedet AL, Ashton NJ, De Bastiani MA, Rocha A, Therriault J, LussierFZ, Chamoun M, Servaes S, Bezgin G, Kang MS, Stevenson J, Rahmouni N, Pallen V,Poltronetti NM, Klunk WE, Tudorascu DL, Cohen AD, Villemagne VL, Gauthier S,"
,,"FZ, Chamoun M, Servaes S, Bezgin G, Kang MS, Stevenson J, Rahmouni N, Pallen V,Poltronetti NM, Klunk WE, Tudorascu DL, Cohen AD, Villemagne VL, Gauthier S,Blennow K, Zetterberg H, Souza DO, Karikari TK, Zimmer ER, Rosa-Neto P, Pascoal"
,,"Poltronetti NM, Klunk WE, Tudorascu DL, Cohen AD, Villemagne VL, Gauthier S,Blennow K, Zetterberg H, Souza DO, Karikari TK, Zimmer ER, Rosa-Neto P, PascoalTA. Astrocyte biomarker signatures of amyloid-β and tau pathologies in"
,,"Blennow K, Zetterberg H, Souza DO, Karikari TK, Zimmer ER, Rosa-Neto P, PascoalTA. Astrocyte biomarker signatures of amyloid-β and tau pathologies inAlzheimer's disease. Mol Psychiatry. 2022 Aug 10. doi:"
,,TA. Astrocyte biomarker signatures of amyloid-β and tau pathologies inAlzheimer's disease. Mol Psychiatry. 2022 Aug 10. doi:10.1038/s41380-022-01716-2. Epub ahead of print. PMID: 35948658.
,,0
,,0
,,0
,,"111: Canário N, Jorge L, Martins R, Santana I, Castelo-Branco M. Dual PET-fMRIreveals a link between neuroinflammation, amyloid binding and compensatory task-related brain activity in Alzheimer's disease. Commun Biol. 2022 Aug"
,,"reveals a link between neuroinflammation, amyloid binding and compensatory task-related brain activity in Alzheimer's disease. Commun Biol. 2022 Aug10;5(1):804. doi: 10.1038/s42003-022-03761-7. PMID: 35948611; PMCID: PMC9365841."
,,0
,,0
,,0
,,"112: Zhang Y, Wang Y, Zhao Z, Peng W, Wang P, Xu X, Zhao C. Glutaminyl cyclases,the potential targets of cancer and neurodegenerative diseases. Eur J Pharmacol.2022 Sep 15;931:175178. doi: 10.1016/j.ejphar.2022.175178. Epub 2022 Aug 7."
,,the potential targets of cancer and neurodegenerative diseases. Eur J Pharmacol.2022 Sep 15;931:175178. doi: 10.1016/j.ejphar.2022.175178. Epub 2022 Aug 7.PMID: 35948163.
,,0
,,0
,,0
,,"113: Yi JH, Moon S, Cho E, Kwon H, Lee S, Jeon J, Park AY, Lee YH, Kwon KJ, RyuJH, Jeon SJ, Shin CY, Shim SH, Kim DH. Hyperoside improves learning and memorydeficits by amyloid β<sub>1-42</sub> in mice through regulating synaptic"
,,"JH, Jeon SJ, Shin CY, Shim SH, Kim DH. Hyperoside improves learning and memorydeficits by amyloid β<sub>1-42</sub> in mice through regulating synapticcalcium-permeable AMPA receptors. Eur J Pharmacol. 2022 Sep 15;931:175188. doi:"
,,deficits by amyloid β<sub>1-42</sub> in mice through regulating synapticcalcium-permeable AMPA receptors. Eur J Pharmacol. 2022 Sep 15;931:175188. doi:10.1016/j.ejphar.2022.175188. Epub 2022 Aug 7. PMID: 35948162.
,,0
,,0
,,0
,,"114: Ishola I, Afolayan O, Badru A, Olubodun-Obadun T, John N, Adeyemi O.Angiotensin converting enzyme inhibitor captopril prevents neuronaloverexpression of amyloid-beta and alpha-synuclein in Drosophila melanogaster"
,,Angiotensin converting enzyme inhibitor captopril prevents neuronaloverexpression of amyloid-beta and alpha-synuclein in Drosophila melanogastergenetic models of neurodegenerative diseases. Niger J Physiol Sci. 2022 Jun
,,overexpression of amyloid-beta and alpha-synuclein in Drosophila melanogastergenetic models of neurodegenerative diseases. Niger J Physiol Sci. 2022 Jun30;37(1):21-28. doi: 10.54548/njps.v37i1.3. PMID: 35947848.
,,0
,,0
,,0
,,"115: Ragonis-Bachar P, Rayan B, Barnea E, Engelberg Y, Upcher A, Landau M.Natural Antimicrobial Peptides Self-assemble as α/β Chameleon Amyloids.Biomacromolecules. 2022 Sep 12;23(9):3713-3727. doi: 10.1021/acs.biomac.2c00582."
,,Natural Antimicrobial Peptides Self-assemble as α/β Chameleon Amyloids.Biomacromolecules. 2022 Sep 12;23(9):3713-3727. doi: 10.1021/acs.biomac.2c00582.Epub 2022 Aug 10. PMID: 35947777.
,,0
,,0
,,0
,,"116: Lee JH, Nixon RA. Autolysosomal acidification failure as a primary driverof Alzheimer disease pathogenesis. Autophagy. 2022 Aug 23:1-2. doi:10.1080/15548627.2022.2110729. Epub ahead of print. PMID: 35947489."
,,0
,,0
,,0
,,"117: Nascimento LA, Nascimento ÉCM, Martins JBL. In silico study of tacrine andacetylcholine binding profile with human acetylcholinesterase: docking andelectronic structure. J Mol Model. 2022 Aug 10;28(9):252. doi:"
,,acetylcholine binding profile with human acetylcholinesterase: docking andelectronic structure. J Mol Model. 2022 Aug 10;28(9):252. doi:10.1007/s00894-022-05252-2. PMID: 35947248.
,,0
,,0
,,0
,,"118: Eid A, Mhatre-Winters I, Sammoura FM, Edler MK, von Stein R, Hossain MM,Han Y, Lisci M, Carney K, Konsolaki M, Hart RP, Bennett JW, Richardson JR.Effects of DDT on Amyloid Precursor Protein Levels and Amyloid Beta Pathology:"
,,"Han Y, Lisci M, Carney K, Konsolaki M, Hart RP, Bennett JW, Richardson JR.Effects of DDT on Amyloid Precursor Protein Levels and Amyloid Beta Pathology:Mechanistic Links to Alzheimer's Disease Risk. Environ Health Perspect. 2022"
,,Effects of DDT on Amyloid Precursor Protein Levels and Amyloid Beta Pathology:Mechanistic Links to Alzheimer's Disease Risk. Environ Health Perspect. 2022Aug;130(8):87005. doi: 10.1289/EHP10576. Epub 2022 Aug 10. PMID: 35946953;
,,Mechanistic Links to Alzheimer's Disease Risk. Environ Health Perspect. 2022Aug;130(8):87005. doi: 10.1289/EHP10576. Epub 2022 Aug 10. PMID: 35946953;PMCID: PMC9364816.
,,0
,,0
,,0
,,"119: Gao D, Wan J, Zou Y, Gong Y, Dong X, Xu Z, Tang J, Wei G, Zhang Q. Thedestructive mechanism of Aβ<sub>1-42</sub> protofibrils by norepinephrinerevealed <i>via</i> molecular dynamics simulations. Phys Chem Chem Phys. 2022"
,,destructive mechanism of Aβ<sub>1-42</sub> protofibrils by norepinephrinerevealed <i>via</i> molecular dynamics simulations. Phys Chem Chem Phys. 2022Aug 24;24(33):19827-19836. doi: 10.1039/d2cp01754g. PMID: 35946429.
,,0
,,0
,,0
,,"120: Petersen RC, Graf A, Carrillo MC, Weber CJ. Current understanding of ADpathophysiology and impact of amyloid beta-targeted treatments on biomarkers andclinical endpoints. Alzheimers Dement. 2022 Aug;18(8):1586. doi:"
,,pathophysiology and impact of amyloid beta-targeted treatments on biomarkers andclinical endpoints. Alzheimers Dement. 2022 Aug;18(8):1586. doi:10.1002/alz.12769. Epub 2022 Aug 10. PMID: 35946224.
,,0
,,0
,,0
,,"121: Jangir N, Bangrawa S, Yadav T, Malik S, Alamri AS, Galanakis CM, Singh M,Yadav JK. Isolation and characterization of amyloid-like protein aggregates fromsoya beans and the effect of low pH and heat treatment on their stability. J"
,,Yadav JK. Isolation and characterization of amyloid-like protein aggregates fromsoya beans and the effect of low pH and heat treatment on their stability. JFood Biochem. 2022 Aug 9:e14369. doi: 10.1111/jfbc.14369. Epub ahead of print.
,,soya beans and the effect of low pH and heat treatment on their stability. JFood Biochem. 2022 Aug 9:e14369. doi: 10.1111/jfbc.14369. Epub ahead of print.PMID: 35945661.
,,0
,,0
,,0
,,0
,,0
,,0
,,"123: Guo T, Pan X, Jiang G, Zhang D, Qi J, Shao L, Wang Z, Xu H, Zhao Y.Downregulating PTBP1 fails to convert astrocytes into hippocampal neurons and toalleviate symptoms in Alzheimer's mouse models. J Neurosci. 2022 Aug"
,,Downregulating PTBP1 fails to convert astrocytes into hippocampal neurons and toalleviate symptoms in Alzheimer's mouse models. J Neurosci. 2022 Aug9;42(38):7309–17. doi: 10.1523/JNEUROSCI.1060-22.2022. Epub ahead of print.
,,alleviate symptoms in Alzheimer's mouse models. J Neurosci. 2022 Aug9;42(38):7309–17. doi: 10.1523/JNEUROSCI.1060-22.2022. Epub ahead of print.PMID: 35944999; PMCID: PMC9512577.
,,0
,,0
,,0
,,"124: Blasco Tavares Pereira Lopes F, Schlatzer D, Wang R, Li X, Feng E, KoyutürkM, Qi X, Chance MR. Temporal and Sex-Linked Protein Expression Dynamics in aFamilial Model of Alzheimer's Disease. Mol Cell Proteomics. 2022"
,,"M, Qi X, Chance MR. Temporal and Sex-Linked Protein Expression Dynamics in aFamilial Model of Alzheimer's Disease. Mol Cell Proteomics. 2022Sep;21(9):100280. doi: 10.1016/j.mcpro.2022.100280. Epub 2022 Aug 6. PMID:"
,,Familial Model of Alzheimer's Disease. Mol Cell Proteomics. 2022Sep;21(9):100280. doi: 10.1016/j.mcpro.2022.100280. Epub 2022 Aug 6. PMID:35944844; PMCID: PMC9483563.
,,0
,,0
,,0
,,"125: Bell R, Thrush RJ, Castellana-Cruz M, Oeller M, Staats R, Nene A, FlagmeierP, Xu CK, Satapathy S, Galvagnion C, Wilson MR, Dobson CM, Kumita JR,Vendruscolo M. N-Terminal Acetylation of α-Synuclein Slows down Its Aggregation"
,,"P, Xu CK, Satapathy S, Galvagnion C, Wilson MR, Dobson CM, Kumita JR,Vendruscolo M. N-Terminal Acetylation of α-Synuclein Slows down Its AggregationProcess and Alters the Morphology of the Resulting Aggregates. Biochemistry."
,,Vendruscolo M. N-Terminal Acetylation of α-Synuclein Slows down Its AggregationProcess and Alters the Morphology of the Resulting Aggregates. Biochemistry.2022 Sep 6;61(17):1743-1756. doi: 10.1021/acs.biochem.2c00104. Epub 2022 Aug 9.
,,Process and Alters the Morphology of the Resulting Aggregates. Biochemistry.2022 Sep 6;61(17):1743-1756. doi: 10.1021/acs.biochem.2c00104. Epub 2022 Aug 9.PMID: 35944093; PMCID: PMC9454101.
,,0
,,0
,,0
,,"126: Werny L, Grogro A, Bickenbach K, Bülck C, Armbrust F, Koudelka T, Pathak K,Scharfenberg F, Sammel M, Sheikhouny F, Tholey A, Linder S, Becker-Pauly C.MT1-MMP and ADAM10/17 exhibit a remarkable overlap of shedding properties. FEBS"
,,"Scharfenberg F, Sammel M, Sheikhouny F, Tholey A, Linder S, Becker-Pauly C.MT1-MMP and ADAM10/17 exhibit a remarkable overlap of shedding properties. FEBSJ. 2022 Jul 30. doi: 10.1111/febs.16586. Epub ahead of print. PMID: 35944080."
,,0
,,0
,,0
,,"127: Devina T, Wong YH, Hsiao CW, Li YJ, Lien CC, Cheng IH. Endoplasmicreticulum stress induces Alzheimer disease-like phenotypes in the neuron derivedfrom the induced pluripotent stem cell with D678H mutation on amyloid precursor"
,,reticulum stress induces Alzheimer disease-like phenotypes in the neuron derivedfrom the induced pluripotent stem cell with D678H mutation on amyloid precursorprotein. J Neurochem. 2022 Oct;163(1):26-39. doi: 10.1111/jnc.15687. Epub 2022
,,from the induced pluripotent stem cell with D678H mutation on amyloid precursorprotein. J Neurochem. 2022 Oct;163(1):26-39. doi: 10.1111/jnc.15687. Epub 2022Aug 21. PMID: 35943292.
,,0
,,0
,,0
,,"128: Ismael CM, José M BL, Claudia MM, Juan C RF, Rosa M VC, Teodoro DSQ,Cristoba CP. The cognitive performance in the Phototest is predictorof biological markers of Alzheimer's disease. Int J Geriatr Psychiatry. 2022 Aug"
,,Cristoba CP. The cognitive performance in the Phototest is predictorof biological markers of Alzheimer's disease. Int J Geriatr Psychiatry. 2022 Aug3;37(9). doi: 10.1002/gps.5792. Epub ahead of print. PMID: 35942571.
,,0
,,0
,,0
,,"129: Wander CM, Tsujimoto THM, Ervin JF, Wang C, Maranto SM, Bhat V, DallmeierJD, Wang SJ, Lin FC, Scott WK, Holtzman DM, Cohen TJ. Corpora amylacea areassociated with tau burden and cognitive status in Alzheimer's disease. Acta"
,,"JD, Wang SJ, Lin FC, Scott WK, Holtzman DM, Cohen TJ. Corpora amylacea areassociated with tau burden and cognitive status in Alzheimer's disease. ActaNeuropathol Commun. 2022 Aug 8;10(1):110. doi: 10.1186/s40478-022-01409-5. PMID:"
,,associated with tau burden and cognitive status in Alzheimer's disease. ActaNeuropathol Commun. 2022 Aug 8;10(1):110. doi: 10.1186/s40478-022-01409-5. PMID:35941704; PMCID: PMC9361643.
,,0
,,0
,,0
,,"130: Eskandari-Sedighi G, Jung J, Macauley MS. CD33 isoforms in microglia andAlzheimer's disease: Friend and foe. Mol Aspects Med. 2022 Aug 5:101111. doi:10.1016/j.mam.2022.101111. Epub ahead of print. PMID: 35940942."
,,0
,,0
,,0
,,"131: Piazza F, Caminiti SP, Zedde M, Presotto L, DiFrancesco JC, Pascarella R,Giossi A, Sessa M, Poli L, Basso G, Perani D. Association of MicroglialActivation With Spontaneous ARIA-E and Cerebrospinal Fluid Levels of Anti-A"
,,"Giossi A, Sessa M, Poli L, Basso G, Perani D. Association of MicroglialActivation With Spontaneous ARIA-E and Cerebrospinal Fluid Levels of Anti-AAutoantibodies. Neurology. 2022 Aug 8:10.1212/WNL.0000000000200892. doi:"
,,Activation With Spontaneous ARIA-E and Cerebrospinal Fluid Levels of Anti-AAutoantibodies. Neurology. 2022 Aug 8:10.1212/WNL.0000000000200892. doi:10.1212/WNL.0000000000200892. Epub ahead of print. PMID: 35940900.
,,0
,,0
,,0
,,"132: Imbimbo BP, Ippati S, Imbimbo C, Balducci C. Should we lower or raiselevels of amyloid-β in the brains of Alzheimer patients? Pharmacol Res. 2022Sep;183:106390. doi: 10.1016/j.phrs.2022.106390. Epub 2022 Aug 5. PMID:"
,,levels of amyloid-β in the brains of Alzheimer patients? Pharmacol Res. 2022Sep;183:106390. doi: 10.1016/j.phrs.2022.106390. Epub 2022 Aug 5. PMID:35940397
,,0
,,0
,,0
,,"133: Wang J, Qie J, Zhu D, Zhang X, Zhang Q, Xu Y, Wang Y, Mi K, Pei Y, Liu Y,Ji G, Liu X. The landscape in the gut microbiome of long-lived families revealsnew insights on longevity and aging - relevant neural and immune function. Gut"
,,"Ji G, Liu X. The landscape in the gut microbiome of long-lived families revealsnew insights on longevity and aging - relevant neural and immune function. GutMicrobes. 2022 Jan-Dec;14(1):2107288. doi: 10.1080/19490976.2022.2107288. PMID:"
,,new insights on longevity and aging - relevant neural and immune function. GutMicrobes. 2022 Jan-Dec;14(1):2107288. doi: 10.1080/19490976.2022.2107288. PMID:35939616; PMCID: PMC9361766.
,,0
,,0
,,0
,,"134: Rofo F, Meier SR, Metzendorf NG, Morrison JI, Petrovic A, Syvänen S, SehlinD, Hultqvist G. A Brain-Targeting Bispecific-Multivalent Antibody Clears SolubleAmyloid-Beta Aggregates in Alzheimer's Disease Mice. Neurotherapeutics. 2022 Aug"
,,"D, Hultqvist G. A Brain-Targeting Bispecific-Multivalent Antibody Clears SolubleAmyloid-Beta Aggregates in Alzheimer's Disease Mice. Neurotherapeutics. 2022 Aug8. doi: 10.1007/s13311-022-01283-y. Epub ahead of print. PMID: 35939261."
,,0
,,0
,,0
,,"135: Xiong J, Lu DL, Chen BQ, Liu TY, Wang ZX. Dimethyl Itaconate ReducesCognitive Impairment and Neuroinflammation in APPswe/PS1ΔE9 Transgenic MouseModel of Alzheimer's Disease. Neuromolecular Med. 2022 Aug 8. doi:"
,,Cognitive Impairment and Neuroinflammation in APPswe/PS1ΔE9 Transgenic MouseModel of Alzheimer's Disease. Neuromolecular Med. 2022 Aug 8. doi:10.1007/s12017-022-08725-y. Epub ahead of print. PMID: 35939256.
,,0
,,0
,,0
,,"136: Eyileten C, Wicik Z, Simões SN, Martins-Jr DC, Klos K, Wlodarczyk W,Assinger A, Soldacki D, Chcialowski A, Siller-Matula JM, Postula M. Thrombosis-related circulating miR-16-5p is associated with disease severity in patients"
,,"Assinger A, Soldacki D, Chcialowski A, Siller-Matula JM, Postula M. Thrombosis-related circulating miR-16-5p is associated with disease severity in patientshospitalised for COVID-19. RNA Biol. 2022 Jan;19(1):963-979. doi:"
,,related circulating miR-16-5p is associated with disease severity in patientshospitalised for COVID-19. RNA Biol. 2022 Jan;19(1):963-979. doi:10.1080/15476286.2022.2100629. PMID: 35938548; PMCID: PMC9361765.
,,0
,,0
,,0
,,"137: El-Nashar HAS, Adel M, El-Shazly M, Yahia IS, El Sheshtawy HS, Almalki AA,Ibrahim N. Chemical Composition, Antiaging Activities and Molecular DockingStudies of Essential Oils from Acca sellowiana (Feijoa). Chem Biodivers. 2022"
,,"Ibrahim N. Chemical Composition, Antiaging Activities and Molecular DockingStudies of Essential Oils from Acca sellowiana (Feijoa). Chem Biodivers. 2022Sep;19(9):e202200272. doi: 10.1002/cbdv.202200272. Epub 2022 Sep 13. PMID:"
,,Studies of Essential Oils from Acca sellowiana (Feijoa). Chem Biodivers. 2022Sep;19(9):e202200272. doi: 10.1002/cbdv.202200272. Epub 2022 Sep 13. PMID:35938449
,,0
,,0
,,0
,,"138: Lv ZM, Huang DD, Xie DY, Yue RZ, Wang JW, Luo WF, Chen RX. [Effect ofmoxibustion with <i>deqi</i> on Aβ-receptor mediated transport and enzymaticdegradation in hippocampus in rats with Alzheimer's disease]. Zhongguo Zhen Jiu."
,,moxibustion with <i>deqi</i> on Aβ-receptor mediated transport and enzymaticdegradation in hippocampus in rats with Alzheimer's disease]. Zhongguo Zhen Jiu.2022 Aug 12;42(8):899-906. Chinese. doi: 10.13703/j.0255-2930.20210616-k0006.
,,degradation in hippocampus in rats with Alzheimer's disease]. Zhongguo Zhen Jiu.2022 Aug 12;42(8):899-906. Chinese. doi: 10.13703/j.0255-2930.20210616-k0006.PMID: 35938333.
,,0
,,0
,,0
,,"139: Soares JZ, Valeur J, Šaltytė Benth J, Knapskog AB, Selbæk G, Bogdanovic N,Pettersen R. Associations Between Intrathecal Levels of Vitamin D, Cytokines,and Core Biomarkers of Alzheimer's Disease: A Cross-Sectional Study. J"
,,"Pettersen R. Associations Between Intrathecal Levels of Vitamin D, Cytokines,and Core Biomarkers of Alzheimer's Disease: A Cross-Sectional Study. JAlzheimers Dis. 2022;89(3):825-834. doi: 10.3233/JAD-220407. PMID: 35938253."
,,0
,,0
,,0
,,"140: Weigand AJ, Macomber AJ, Walker KS, Edwards L, Thomas KR, Bangen KJ, NationDA, Bondi MW; Alzheimer’s Disease Neuroimaging Initiative. Interactive Effectsof Pulse Pressure and Tau Imaging on Longitudinal Cognition. J Alzheimers Dis."
,,"DA, Bondi MW; Alzheimer’s Disease Neuroimaging Initiative. Interactive Effectsof Pulse Pressure and Tau Imaging on Longitudinal Cognition. J Alzheimers Dis.2022;89(2):633-640. doi: 10.3233/JAD-220026. PMID: 35938247."
,,0
,,0
,,0
,,"141: Bilgel M, Wong DF, Moghekar AR, Ferrucci L, Resnick SM; Alzheimer’s DiseaseNeuroimaging Initiative. Causal links among amyloid, tau, and neurodegeneration.Brain Commun. 2022 Jul 25;4(4):fcac193. doi: 10.1093/braincomms/fcac193. PMID:"
,,"Neuroimaging Initiative. Causal links among amyloid, tau, and neurodegeneration.Brain Commun. 2022 Jul 25;4(4):fcac193. doi: 10.1093/braincomms/fcac193. PMID:35938073; PMCID: PMC9345312."
,,0
,,0
,,0
,,"142: Zhang D, Chen S, Xu S, Wu J, Zhuang Y, Cao W, Chen X, Li X. The clinicalcorrelation between Alzheimer's disease and epilepsy. Front Neurol. 2022 Jul22;13:922535. doi: 10.3389/fneur.2022.922535. PMID: 35937069; PMCID: PMC9352925."
,,0
,,0
,,0
,,"143: Blume T, Filser S, Sgobio C, Peters F, Neumann U, Shimshek D, Saito T,Saido TC, Brendel M, Herms J. β-secretase inhibition prevents structural spineplasticity deficits in <i>App</i><sup>NL-G-F</sup> mice. Front Aging Neurosci."
,,"Saido TC, Brendel M, Herms J. β-secretase inhibition prevents structural spineplasticity deficits in <i>App</i><sup>NL-G-F</sup> mice. Front Aging Neurosci.2022 Jul 22;14:909586. doi: 10.3389/fnagi.2022.909586. PMID: 35936777; PMCID:"
,,plasticity deficits in <i>App</i><sup>NL-G-F</sup> mice. Front Aging Neurosci.2022 Jul 22;14:909586. doi: 10.3389/fnagi.2022.909586. PMID: 35936777; PMCID:PMC9354544.
,,0
,,0
,,0
,,"144: Zhang GF, Gong WX, Xu ZY, Guo Y. Alzheimer's disease and epilepsy: The top100 cited papers. Front Aging Neurosci. 2022 Jul 22;14:926982. doi:10.3389/fnagi.2022.926982. PMID: 35936776; PMCID: PMC9354716."
,,0
,,0
,,0
,,"145: Kang SH, Kim JH, Chang Y, Cheon BK, Choe YS, Jang H, Kim HJ, Koh SB, Na DL,Kim K, Seo SW. Independent effect of body mass index variation on amyloid-βpositivity. Front Aging Neurosci. 2022 Jul 22;14:924550. doi:"
,,"Kim K, Seo SW. Independent effect of body mass index variation on amyloid-βpositivity. Front Aging Neurosci. 2022 Jul 22;14:924550. doi:10.3389/fnagi.2022.924550. PMID: 35936766; PMCID: PMC9354132."
,,0
,,0
,,0
,,"146: Liang M, Gu L, Zhang H, Min J, Wang Z, Ma Z, Zhang C, Zeng S, Pan Y, Yan D,Shen Z, Huang W. Design, Synthesis, and Bioactivity of Novel Bifunctional SmallMolecules for Alzheimer's disease. ACS Omega. 2022 Jul 20;7(30):26308-26315."
,,"Shen Z, Huang W. Design, Synthesis, and Bioactivity of Novel Bifunctional SmallMolecules for Alzheimer's disease. ACS Omega. 2022 Jul 20;7(30):26308-26315.doi: 10.1021/acsomega.2c02130. PMID: 35936449; PMCID: PMC9352321."
,,0
,,0
,,0
,,"147: Waseem W, Anwar F, Saleem U, Ahmad B, Zafar R, Anwar A, Saeed Jan M, RashidU, Sadiq A, Ismail T. Prospective Evaluation of an Amide-Based Zinc Scaffold asan Anti-Alzheimer Agent: <i>In Vitro</i>, <i>In Vivo</i>, and Computational"
,,"U, Sadiq A, Ismail T. Prospective Evaluation of an Amide-Based Zinc Scaffold asan Anti-Alzheimer Agent: <i>In Vitro</i>, <i>In Vivo</i>, and ComputationalStudies. ACS Omega. 2022 Jul 19;7(30):26723-26737. doi:"
,,"an Anti-Alzheimer Agent: <i>In Vitro</i>, <i>In Vivo</i>, and ComputationalStudies. ACS Omega. 2022 Jul 19;7(30):26723-26737. doi:10.1021/acsomega.2c03058. PMID: 35936440; PMCID: PMC9352245."
,,0
,,0
,,0
,,"148: Li J, Zou B, Cheng XY, Yang XH, Li J, Zhao CH, Ma RX, Tian JX, Yao Y.Therapeutic effects of total saikosaponins from <i>Radix bupleuri</i> againstAlzheimer's disease. Front Pharmacol. 2022 Jul 21;13:940999. doi:"
,,Therapeutic effects of total saikosaponins from <i>Radix bupleuri</i> againstAlzheimer's disease. Front Pharmacol. 2022 Jul 21;13:940999. doi:10.3389/fphar.2022.940999. PMID: 35935875; PMCID: PMC9351603.
,,0
,,0
,,0
,,"149: Mehdipour M, Emamghoreishi M, Farrokhi MR, Amirinezhadfard E, Keshavarz M.The Effect of Spironolactone on β-amyloid-Induced Memory Impairment in MaleRats: The Role of Microglial Inhibition. Adv Pharm Bull. 2022 May;12(3):623-631."
,,The Effect of Spironolactone on β-amyloid-Induced Memory Impairment in MaleRats: The Role of Microglial Inhibition. Adv Pharm Bull. 2022 May;12(3):623-631.doi: 10.34172/apb.2022.065. Epub 2021 Sep 29. PMID: 35935039; PMCID: PMC9348523.
,,0
,,0
,,0
,,"150: Schäffler M, Khaled M, Strodel B. ATRANET - Automated generation oftransition networks for the structural characterization of intrinsicallydisordered proteins. Methods. 2022 Oct;206:18-26. doi:"
,,transition networks for the structural characterization of intrinsicallydisordered proteins. Methods. 2022 Oct;206:18-26. doi:10.1016/j.ymeth.2022.07.013. Epub 2022 Aug 5. PMID: 35934194.
,,0
,,0
,,0
,,"151: Zhou Y, Li ZX, Liu YT, Xu ZC, Hu Y, Lv W, Yang ZY, Sheng YM, Liu S.N-linoleyltyrosine protects neurons against Aβ<sub>1-40</sub>-induced celltoxicity via autophagy involving the CB<sub>2</sub>/AMPK/mTOR/ULK1 pathway."
,,N-linoleyltyrosine protects neurons against Aβ<sub>1-40</sub>-induced celltoxicity via autophagy involving the CB<sub>2</sub>/AMPK/mTOR/ULK1 pathway.Brain Res Bull. 2022 Oct 1;188:203-213. doi: 10.1016/j.brainresbull.2022.08.002.
,,toxicity via autophagy involving the CB<sub>2</sub>/AMPK/mTOR/ULK1 pathway.Brain Res Bull. 2022 Oct 1;188:203-213. doi: 10.1016/j.brainresbull.2022.08.002.Epub 2022 Aug 5. PMID: 35934162.
,,0
,,0
,,0
,,"152: Tokutake T, Kasuga K, Tsukie T, Ishiguro T, Shimohata T, Onodera O, IkeuchiT. Clinical correlations of cerebrospinal fluid biomarkers including neuron-glia2 and neurofilament light chain in patients with multiple system atrophy."
,,T. Clinical correlations of cerebrospinal fluid biomarkers including neuron-glia2 and neurofilament light chain in patients with multiple system atrophy.Parkinsonism Relat Disord. 2022 Sep;102:30-35. doi:
,,2 and neurofilament light chain in patients with multiple system atrophy.Parkinsonism Relat Disord. 2022 Sep;102:30-35. doi:10.1016/j.parkreldis.2022.07.007. Epub 2022 Jul 30. PMID: 35933820.
,,0
,,0
,,0
,,"153: Murray HC, Osterman C, Bell P, Vinnell L, Curtis MA. Neuropathology inchronic traumatic encephalopathy: a systematic review of comparative post-mortemhistology literature. Acta Neuropathol Commun. 2022 Aug 6;10(1):108. doi:"
,,chronic traumatic encephalopathy: a systematic review of comparative post-mortemhistology literature. Acta Neuropathol Commun. 2022 Aug 6;10(1):108. doi:10.1186/s40478-022-01413-9. PMID: 35933388; PMCID: PMC9356428.
,,0
,,0
,,0
,,"154: Thu TTM, Li MS. Protein aggregation rate depends on mechanical stability offibrillar structure. J Chem Phys. 2022 Aug 7;157(5):055101. doi:10.1063/5.0088689. PMID: 35933209."
,,0
,,0
,,0
,,"155: Natsume S, Baba H, Maeshima H, Saida T, Yoshinari N, Shimizu K, Suzuki T.Clinical course and serum amyloid β levels in elderly patients with majordepressive disorder. J Affect Disord. 2022 Oct 15;315:156-161. doi:"
,,Clinical course and serum amyloid β levels in elderly patients with majordepressive disorder. J Affect Disord. 2022 Oct 15;315:156-161. doi:10.1016/j.jad.2022.07.073. Epub 2022 Aug 3. PMID: 35932935.
,,0
,,0
,,0
,,"156: Asher S, Priefer R. Alzheimer's disease failed clinical trials. Life Sci.2022 Oct 1;306:120861. doi: 10.1016/j.lfs.2022.120861. Epub 2022 Aug 4. PMID:35932841"
,,0
,,0
,,0
,,"157: Mank A, van Maurik IS, Rijnhart JJM, Bakker ED, Bouteloup V, Le ScouarnecL, Teunissen CE, Barkhof F, Scheltens P, Berkhof J, van der Flier WM.Development of multivariable prediction models for institutionalization and"
,,"L, Teunissen CE, Barkhof F, Scheltens P, Berkhof J, van der Flier WM.Development of multivariable prediction models for institutionalization andmortality in the full spectrum of Alzheimer's disease. Alzheimers Res Ther. 2022"
,,Development of multivariable prediction models for institutionalization andmortality in the full spectrum of Alzheimer's disease. Alzheimers Res Ther. 2022Aug 5;14(1):110. doi: 10.1186/s13195-022-01053-0. PMID: 35932034; PMCID:
,,mortality in the full spectrum of Alzheimer's disease. Alzheimers Res Ther. 2022Aug 5;14(1):110. doi: 10.1186/s13195-022-01053-0. PMID: 35932034; PMCID:PMC9354423.
,,0
,,0
,,0
,,"158: Takada LT, Aláez-Verson C, Burgute BD, Nitrini R, Sosa AL, Castilhos RM,Chaves MF, Longoria EM, Carrillo-Sánchez K, Brucki SMD, Flores-Lagunes LL,Molina C, Olivares MJ, Ziegemeier E, Petranek J, Goate AM, Cruchaga C, Renton"
,,"Chaves MF, Longoria EM, Carrillo-Sánchez K, Brucki SMD, Flores-Lagunes LL,Molina C, Olivares MJ, Ziegemeier E, Petranek J, Goate AM, Cruchaga C, RentonAE, Fernández MV, Day GS, McDade E, Bateman RJ, Karch CM, Llibre-Guerra JJ;"
,,"Molina C, Olivares MJ, Ziegemeier E, Petranek J, Goate AM, Cruchaga C, RentonAE, Fernández MV, Day GS, McDade E, Bateman RJ, Karch CM, Llibre-Guerra JJ;Dominantly Inherited Alzheimer Network. Discovery and validation of dominantly"
,,"AE, Fernández MV, Day GS, McDade E, Bateman RJ, Karch CM, Llibre-Guerra JJ;Dominantly Inherited Alzheimer Network. Discovery and validation of dominantlyinherited Alzheimer's disease mutations in populations from Latin America."
,,Dominantly Inherited Alzheimer Network. Discovery and validation of dominantlyinherited Alzheimer's disease mutations in populations from Latin America.Alzheimers Res Ther. 2022 Aug 5;14(1):108. doi: 10.1186/s13195-022-01052-1.
,,inherited Alzheimer's disease mutations in populations from Latin America.Alzheimers Res Ther. 2022 Aug 5;14(1):108. doi: 10.1186/s13195-022-01052-1.PMID: 35932032; PMCID: PMC9354296.
,,0
,,0
,,0
,,"159: Poulakis K, Pereira JB, Muehlboeck JS, Wahlund LO, Smedby Ö, Volpe G,Masters CL, Ames D, Niimi Y, Iwatsubo T, Ferreira D, Westman E; JapaneseAlzheimer’s Disease Neuroimaging Initiative; Australian Imaging, Biomarkers and"
,,"Masters CL, Ames D, Niimi Y, Iwatsubo T, Ferreira D, Westman E; JapaneseAlzheimer’s Disease Neuroimaging Initiative; Australian Imaging, Biomarkers andLifestyle study. Multi-cohort and longitudinal Bayesian clustering study of"
,,"Alzheimer’s Disease Neuroimaging Initiative; Australian Imaging, Biomarkers andLifestyle study. Multi-cohort and longitudinal Bayesian clustering study ofstage and subtype in Alzheimer's disease. Nat Commun. 2022 Aug 5;13(1):4566."
,,Lifestyle study. Multi-cohort and longitudinal Bayesian clustering study ofstage and subtype in Alzheimer's disease. Nat Commun. 2022 Aug 5;13(1):4566.doi: 10.1038/s41467-022-32202-6. PMID: 35931678; PMCID: PMC9355993.
,,0
,,0
,,0
,,"160: Smith AA, Moore KBE, Ambs PM, Saraswati AP, Fortin JS. Recent Advances inthe Discovery of Therapeutics to Curtail Islet Amyloid Polypeptide Aggregationfor Type 2 Diabetes Treatment. Adv Biol (Weinh). 2022 Aug 5:e2101301. doi:"
,,the Discovery of Therapeutics to Curtail Islet Amyloid Polypeptide Aggregationfor Type 2 Diabetes Treatment. Adv Biol (Weinh). 2022 Aug 5:e2101301. doi:10.1002/adbi.202101301. Epub ahead of print. PMID: 35931462.
,,0
,,0
,,0
,,"161: Young KA, Mancera RL. Review: Investigating the aggregation of amyloid betawith surface plasmon resonance: Do different approaches yield different results?Anal Biochem. 2022 Oct 1;654:114828. doi: 10.1016/j.ab.2022.114828. Epub 2022"
,,with surface plasmon resonance: Do different approaches yield different results?Anal Biochem. 2022 Oct 1;654:114828. doi: 10.1016/j.ab.2022.114828. Epub 2022Aug 2. PMID: 35931183.
,,0
,,0
,,0
,,162: Joachimiak LA. The interactions that shape amyloid fibrils in disease.Structure. 2022 Aug 4;30(8):1045-1047. doi: 10.1016/j.str.2022.07.003. PMID:35931058
,,0
,,0
,,0
,,"163: Macedo Vaz S, de Freitas Silva M, Dos Reis Rosa Franco G, Jorge R GuimarãesM, Motta R da Silva F, Gonçalves Castro N, Alvim Guedes I, Dardenne LE, AmaralAlves M, Garrett da Costa R, Beserra Pinheiro G, Germino Veras L, Renata Mortari"
,,"M, Motta R da Silva F, Gonçalves Castro N, Alvim Guedes I, Dardenne LE, AmaralAlves M, Garrett da Costa R, Beserra Pinheiro G, Germino Veras L, Renata MortariM, Pruccoli L, Tarozzi A, Viegas C Jr. Synthesis and biological evaluation of"
,,"Alves M, Garrett da Costa R, Beserra Pinheiro G, Germino Veras L, Renata MortariM, Pruccoli L, Tarozzi A, Viegas C Jr. Synthesis and biological evaluation of4-hydroxy-methylpiperidinyl-N-benzyl-acylarylhydrazone hybrids designed as novel"
,,"M, Pruccoli L, Tarozzi A, Viegas C Jr. Synthesis and biological evaluation of4-hydroxy-methylpiperidinyl-N-benzyl-acylarylhydrazone hybrids designed as novelmultifunctional drug candidates for Alzheimer's disease. Bioorg Med Chem. 2022"
,,4-hydroxy-methylpiperidinyl-N-benzyl-acylarylhydrazone hybrids designed as novelmultifunctional drug candidates for Alzheimer's disease. Bioorg Med Chem. 2022Oct 1;71:116952. doi: 10.1016/j.bmc.2022.116952. Epub 2022 Aug 1. PMID:
,,multifunctional drug candidates for Alzheimer's disease. Bioorg Med Chem. 2022Oct 1;71:116952. doi: 10.1016/j.bmc.2022.116952. Epub 2022 Aug 1. PMID:35930852
,,0
,,0
,,0
,,"164: Khan AN, Nabi F, Ajmal MR, Ali SM, Almutairi FM, Alalawy AI, Khan RH.Moxifloxacin Disrupts and Attenuates Aβ42 Fibril and Oligomer Formation:Plausibly Repositioning an Antibiotic as Therapeutic against Alzheimer's"
,,Moxifloxacin Disrupts and Attenuates Aβ42 Fibril and Oligomer Formation:Plausibly Repositioning an Antibiotic as Therapeutic against Alzheimer'sDisease. ACS Chem Neurosci. 2022 Aug 17;13(16):2529-2539. doi:
,,Plausibly Repositioning an Antibiotic as Therapeutic against Alzheimer'sDisease. ACS Chem Neurosci. 2022 Aug 17;13(16):2529-2539. doi:10.1021/acschemneuro.2c00371. Epub 2022 Aug 5. PMID: 35930676.
,,0
,,0
,,0
,,"165: Uchino A, Irie Y, Tsukano C, Kawase T, Hirose K, Kageyama Y, Tooyama I,Yanagita RC, Irie K. Synthesis and Characterization of Propeller- and Parallel-Type Full-Length Amyloid β40 Trimer Models. ACS Chem Neurosci. 2022 Aug"
,,"Yanagita RC, Irie K. Synthesis and Characterization of Propeller- and Parallel-Type Full-Length Amyloid β40 Trimer Models. ACS Chem Neurosci. 2022 Aug17;13(16):2517-2528. doi: 10.1021/acschemneuro.2c00363. Epub 2022 Aug 5. PMID:"
,,Type Full-Length Amyloid β40 Trimer Models. ACS Chem Neurosci. 2022 Aug17;13(16):2517-2528. doi: 10.1021/acschemneuro.2c00363. Epub 2022 Aug 5. PMID:35930616
,,0
,,0
,,0
,,"166: Taghadosi Z, Zarifkar A, Razban V, Aligholi H. The effect of chronic stressand its preconditioning on spatial memory as well as hippocampal LRP1 and RAGEexpression in a streptozotocin-induced rat model of Alzheimer's disease. Metab"
,,and its preconditioning on spatial memory as well as hippocampal LRP1 and RAGEexpression in a streptozotocin-induced rat model of Alzheimer's disease. MetabBrain Dis. 2022 Aug 5. doi: 10.1007/s11011-022-01044-y. Epub ahead of print.
,,expression in a streptozotocin-induced rat model of Alzheimer's disease. MetabBrain Dis. 2022 Aug 5. doi: 10.1007/s11011-022-01044-y. Epub ahead of print.PMID: 35930096.
,,0
,,0
,,0
,,"167: Wu S, Zhou J, Zhang H, Barger SW. Serine racemase expression differentiatesaging from Alzheimer's brain. Curr Alzheimer Res. 2022 Aug 5. doi:10.2174/1567205019666220805105106. Epub ahead of print. PMID: 35929621."
,,0
,,0
,,0
,,168: Villain N. Actualités thérapeutiques dans la maladie d’Alzheimer : bientôtun traitement de fond ? [Therapeutic news in Alzheimer’s disease: soon adisease-modifying therapy?]. Geriatr Psychol Neuropsychiatr Vieil. 2022 Jun
,,un traitement de fond ? [Therapeutic news in Alzheimer’s disease: soon adisease-modifying therapy?]. Geriatr Psychol Neuropsychiatr Vieil. 2022 Jun1;20(2):256-260. French. doi: 10.1684/pnv.2022.1042. PMID: 35929392.
,,0
,,0
,,0
,,"169: Nejabati HR, Roshangar L. Kaempferol as a potential neuroprotector inAlzheimer's disease. J Food Biochem. 2022 Aug 5. doi: 10.1111/jfbc.14375. Epubahead of print. PMID: 35929364."
,,0
,,0
,,0
,,"170: Hao Y, Su C, Liu X, Sui H, Shi Y, Zhao L. Bioengineered microglia-targetedexosomes facilitate Aβ clearance via enhancing activity of microglial lysosomefor promoting cognitive recovery in Alzheimer's disease. Biomater Adv. 2022"
,,exosomes facilitate Aβ clearance via enhancing activity of microglial lysosomefor promoting cognitive recovery in Alzheimer's disease. Biomater Adv. 2022May;136:212770. doi: 10.1016/j.bioadv.2022.212770. Epub 2022 Mar 22. PMID:
,,for promoting cognitive recovery in Alzheimer's disease. Biomater Adv. 2022May;136:212770. doi: 10.1016/j.bioadv.2022.212770. Epub 2022 Mar 22. PMID:35929330
,,0
,,0
,,0
,,"171: Khonsari F, Heydari M, Sharifzadeh M, Valizadeh H, Dinarvand R, Atyabi F.Transferrin decorated-nanostructured lipid carriers (NLCs) are a promisingdelivery system for rapamycin in Alzheimer's disease: An in vivo study. Biomater"
,,Transferrin decorated-nanostructured lipid carriers (NLCs) are a promisingdelivery system for rapamycin in Alzheimer's disease: An in vivo study. BiomaterAdv. 2022 Jun;137:212827. doi: 10.1016/j.bioadv.2022.212827. Epub 2022 Apr 27.
,,delivery system for rapamycin in Alzheimer's disease: An in vivo study. BiomaterAdv. 2022 Jun;137:212827. doi: 10.1016/j.bioadv.2022.212827. Epub 2022 Apr 27.PMID: 35929260.
,,0
,,0
,,0
,,"172: Martinsson I, Quintino L, Garcia MG, Konings SC, Torres-Garcia L,Svanbergsson A, Stange O, England R, Deierborg T, Li JY, Lundberg C, Gouras GK.Aβ/Amyloid Precursor Protein-Induced Hyperexcitability and Dysregulation of"
,,"Svanbergsson A, Stange O, England R, Deierborg T, Li JY, Lundberg C, Gouras GK.Aβ/Amyloid Precursor Protein-Induced Hyperexcitability and Dysregulation ofHomeostatic Synaptic Plasticity in Neuron Models of Alzheimer's Disease. Front"
,,Aβ/Amyloid Precursor Protein-Induced Hyperexcitability and Dysregulation ofHomeostatic Synaptic Plasticity in Neuron Models of Alzheimer's Disease. FrontAging Neurosci. 2022 Jul 6;14:946297. doi: 10.3389/fnagi.2022.946297. PMID:
,,Homeostatic Synaptic Plasticity in Neuron Models of Alzheimer's Disease. FrontAging Neurosci. 2022 Jul 6;14:946297. doi: 10.3389/fnagi.2022.946297. PMID:35928998; PMCID: PMC9344931.
,,0
,,0
,,0
,,"173: Haddad HW, Malone GW, Comardelle NJ, Degueure AE, Kaye AM, Kaye AD.Aducanumab, a Novel Anti-Amyloid Monoclonal Antibody, for the Treatment ofAlzheimer's Disease: A Comprehensive Review. Health Psychol Res. 2022 Jan"
,,"Aducanumab, a Novel Anti-Amyloid Monoclonal Antibody, for the Treatment ofAlzheimer's Disease: A Comprehensive Review. Health Psychol Res. 2022 Jan30;10(1):31925. doi: 10.52965/001c.31925. PMID: 35928986; PMCID: PMC9346954."
,,0
,,0
,,0
,,"174: Zhu B, Parsons T, Stensen W, Mjøen Svendsen JS, Fugelli A, Hodge JJL.DYRK1a Inhibitor Mediated Rescue of <i>Drosophila</i> Models of Alzheimer'sDisease-Down Syndrome Phenotypes. Front Pharmacol. 2022 Jul 19;13:881385. doi:"
,,DYRK1a Inhibitor Mediated Rescue of <i>Drosophila</i> Models of Alzheimer'sDisease-Down Syndrome Phenotypes. Front Pharmacol. 2022 Jul 19;13:881385. doi:10.3389/fphar.2022.881385. PMID: 35928283; PMCID: PMC9345315.
,,0
,,0
,,0
,,"175: Li CD, Junaid M, Shan X, Wang Y, Wang X, Khan A, Wei DQ. Effect ofCholesterol on C99 Dimerization: Revealed by Molecular Dynamics Simulations.Front Mol Biosci. 2022 Jul 19;9:872385. doi: 10.3389/fmolb.2022.872385. PMID:"
,,Cholesterol on C99 Dimerization: Revealed by Molecular Dynamics Simulations.Front Mol Biosci. 2022 Jul 19;9:872385. doi: 10.3389/fmolb.2022.872385. PMID:35928227; PMCID: PMC9343951.
,,0
,,0
,,0
,,"176: Rupawala H, Shah K, Davies C, Rose J, Colom-Cadena M, Peng X, Granat L,Aljuhani M, Mizuno K, Troakes C, Perez-Nievas BG, Morgan A, So PW, Hortobagyi T,Spires-Jones TL, Noble W, Giese KP. Cysteine string protein alpha accumulates"
,,"Aljuhani M, Mizuno K, Troakes C, Perez-Nievas BG, Morgan A, So PW, Hortobagyi T,Spires-Jones TL, Noble W, Giese KP. Cysteine string protein alpha accumulateswith early pre-synaptic dysfunction in Alzheimer's disease. Brain Commun. 2022"
,,"Spires-Jones TL, Noble W, Giese KP. Cysteine string protein alpha accumulateswith early pre-synaptic dysfunction in Alzheimer's disease. Brain Commun. 2022Jul 23;4(4):fcac192. doi: 10.1093/braincomms/fcac192. PMID: 35928052; PMCID:"
,,with early pre-synaptic dysfunction in Alzheimer's disease. Brain Commun. 2022Jul 23;4(4):fcac192. doi: 10.1093/braincomms/fcac192. PMID: 35928052; PMCID:PMC9345313.
,,0
,,0
,,0
,,"177: Jung H, Lee SY, Lim S, Choi HR, Choi Y, Kim M, Kim S, Lee Y, Han KH, ChungWS, Kim CH. Anti-inflammatory clearance of amyloid-β by a chimeric Gas6 fusionprotein. Nat Med. 2022 Sep;28(9):1802-1812. doi: 10.1038/s41591-022-01926-9."
,,"WS, Kim CH. Anti-inflammatory clearance of amyloid-β by a chimeric Gas6 fusionprotein. Nat Med. 2022 Sep;28(9):1802-1812. doi: 10.1038/s41591-022-01926-9.Epub 2022 Aug 4. PMID: 35927581."
,,0
,,0
,,0
,,"178: Jose S, Groves NJ, Roper KE, Gordon R. Mechanisms of NLRP3 activation andpathology during neurodegeneration. Int J Biochem Cell Biol. 2022Oct;151:106273. doi: 10.1016/j.biocel.2022.106273. Epub 2022 Aug 1. PMID:"
,,pathology during neurodegeneration. Int J Biochem Cell Biol. 2022Oct;151:106273. doi: 10.1016/j.biocel.2022.106273. Epub 2022 Aug 1. PMID:35926782
,,0
,,0
,,0
,,"179: Beura SK, Dhapola R, Panigrahi AR, Yadav P, Reddy DH, Singh SK. Redefiningoxidative stress in Alzheimer's disease: Targeting platelet reactive oxygenspecies for novel therapeutic options. Life Sci. 2022 Oct 1;306:120855. doi:"
,,oxidative stress in Alzheimer's disease: Targeting platelet reactive oxygenspecies for novel therapeutic options. Life Sci. 2022 Oct 1;306:120855. doi:10.1016/j.lfs.2022.120855. Epub 2022 Aug 1. PMID: 35926591.
,,0
,,0
,,0
,,"180: Lin CL, Zheng TL, Tsou SH, Chang HM, Tseng LH, Yu CH, Hung CS, Ho YJ.Amitriptyline improves cognitive and neuronal function in a rat model thatmimics dementia with lewy bodies. Behav Brain Res. 2022 Oct 28;435:114035. doi:"
,,Amitriptyline improves cognitive and neuronal function in a rat model thatmimics dementia with lewy bodies. Behav Brain Res. 2022 Oct 28;435:114035. doi:10.1016/j.bbr.2022.114035. Epub 2022 Aug 2. PMID: 35926562.
,,0
,,0
,,0
,,"181: Mallesh R, Khan J, Pradhan K, Roy R, Jana NR, Jaisankar P, Ghosh S. Designand Development of Benzothiazole-Based Fluorescent Probes for SelectiveDetection of Aβ Aggregates in Alzheimer's Disease. ACS Chem Neurosci. 2022 Aug"
,,and Development of Benzothiazole-Based Fluorescent Probes for SelectiveDetection of Aβ Aggregates in Alzheimer's Disease. ACS Chem Neurosci. 2022 Aug17;13(16):2503-2516. doi: 10.1021/acschemneuro.2c00361. Epub 2022 Aug 4. PMID:
,,Detection of Aβ Aggregates in Alzheimer's Disease. ACS Chem Neurosci. 2022 Aug17;13(16):2503-2516. doi: 10.1021/acschemneuro.2c00361. Epub 2022 Aug 4. PMID:35926183
,,0
,,0
,,0
,,"182: Jang J, Park CB. Linnaeite Mineral for NIR Light-Triggered Disruption ofAlzheimer's Pore-Forming Aβ Oligomers. ACS Appl Mater Interfaces. 2022 Aug 4.doi: 10.1021/acsami.2c09601. Epub ahead of print. PMID: 35926087."
,,0
,,0
,,0
,,"183: Luo J, Agboola F, Grant E, Morris JC, Masters CL, Albert MS, Johnson SC,McDade EM, Fagan AM, Benzinger TLS, Hassenstab J, Bateman RJ, Perrin RJ, Wang G,Li Y, Gordon B, Cruchaga C, Day GS, Levin J, Vöglein J, Ikeuchi T, Suzuki K,"
,,"McDade EM, Fagan AM, Benzinger TLS, Hassenstab J, Bateman RJ, Perrin RJ, Wang G,Li Y, Gordon B, Cruchaga C, Day GS, Levin J, Vöglein J, Ikeuchi T, Suzuki K,Allegri RF, Xiong C; Dominantly Inherited Alzheimer Network (DIAN). Accelerated"
,,"Li Y, Gordon B, Cruchaga C, Day GS, Levin J, Vöglein J, Ikeuchi T, Suzuki K,Allegri RF, Xiong C; Dominantly Inherited Alzheimer Network (DIAN). Acceleratedlongitudinal changes and ordering of Alzheimer disease biomarkers across the"
,,"Allegri RF, Xiong C; Dominantly Inherited Alzheimer Network (DIAN). Acceleratedlongitudinal changes and ordering of Alzheimer disease biomarkers across theadult lifespan. Brain. 2022 Aug 4:awac238. doi: 10.1093/brain/awac238. Epub"
,,longitudinal changes and ordering of Alzheimer disease biomarkers across theadult lifespan. Brain. 2022 Aug 4:awac238. doi: 10.1093/brain/awac238. Epubahead of print. PMID: 35925685.
,,0
,,0
,,0
,,"184: Li S, Jin C, Gao P, Zhou W, Xiao R, Zhang Z, Liao W, Ding K. A NovelPectin-Like Glycopeptide Isolated from the Fruit of <i>Fructus Mori</i> ImpedesAggregation and Production of Aβ<sub>42</sub>. J Agric Food Chem. 2022 Aug"
,,Pectin-Like Glycopeptide Isolated from the Fruit of <i>Fructus Mori</i> ImpedesAggregation and Production of Aβ<sub>42</sub>. J Agric Food Chem. 2022 Aug17;70(32):9908-9918. doi: 10.1021/acs.jafc.2c03823. Epub 2022 Aug 4. PMID:
,,Aggregation and Production of Aβ<sub>42</sub>. J Agric Food Chem. 2022 Aug17;70(32):9908-9918. doi: 10.1021/acs.jafc.2c03823. Epub 2022 Aug 4. PMID:35924862
,,0
,,0
,,0
,,"185: Wang J, Guo C, Meng Z, Zwan MD, Chen X, Seelow S, Lundström SL, Rodin S,Teunissen CE, Zubarev RA. Testing the link between isoaspartate and Alzheimer'sdisease etiology. Alzheimers Dement. 2022 Aug 4. doi: 10.1002/alz.12735. Epub"
,,"Teunissen CE, Zubarev RA. Testing the link between isoaspartate and Alzheimer'sdisease etiology. Alzheimers Dement. 2022 Aug 4. doi: 10.1002/alz.12735. Epubahead of print. PMID: 35924765."
,,0
,,0
,,0
,,"186: Sundaria A, Liberta F, Savran D, Sarkar R, Rodina N, Peters C, Schwierz N,Haupt C, Schmidt M, Reif B. SAA fibrils involved in AA amyloidosis are similarin bulk and by single particle reconstitution: A MAS solid-state NMR study. J"
,,"Haupt C, Schmidt M, Reif B. SAA fibrils involved in AA amyloidosis are similarin bulk and by single particle reconstitution: A MAS solid-state NMR study. JStruct Biol X. 2022 Jul 19;6:100069. doi: 10.1016/j.yjsbx.2022.100069. PMID:"
,,in bulk and by single particle reconstitution: A MAS solid-state NMR study. JStruct Biol X. 2022 Jul 19;6:100069. doi: 10.1016/j.yjsbx.2022.100069. PMID:35924280; PMCID: PMC9340516.
,,0
,,0
,,0
,,"187: Huang Y, Sun L, Mirica LM. Turn-on fluorescent sensors for Cu-rich amyloidβ peptide aggregates. Sens Diagn. 2022 May 9;1(4):709-713. doi:10.1039/d2sd00028h. PMID: 35923774; PMCID: PMC9280444."
,,0
,,0
,,0
,,"188: Huang S, Wang J, Fan DY, Luo T, Li Y, Tu YF, Shen YY, Zeng GH, Chen DW,Wang YR, Chen LY, Wang YJ, Guo J. The association of serum uric acid withcognitive impairment and ATN biomarkers. Front Aging Neurosci. 2022 Jul"
,,"Wang YR, Chen LY, Wang YJ, Guo J. The association of serum uric acid withcognitive impairment and ATN biomarkers. Front Aging Neurosci. 2022 Jul18;14:943380. doi: 10.3389/fnagi.2022.943380. PMID: 35923549; PMCID: PMC9339963."
,,0
,,0
,,0
,,"189: Prins S, de Kam ML, Teunissen CE, Groeneveld GJ. Inflammatory plasmabiomarkers in subjects with preclinical Alzheimer's disease. Alzheimers ResTher. 2022 Aug 3;14(1):106. doi: 10.1186/s13195-022-01051-2. PMID: 35922871;"
,,biomarkers in subjects with preclinical Alzheimer's disease. Alzheimers ResTher. 2022 Aug 3;14(1):106. doi: 10.1186/s13195-022-01051-2. PMID: 35922871;PMCID: PMC9347121.
,,0
,,0
,,0
,,"190: Lim KY, Kim SI, Kim H, Kang J, Park JW, Won JK, Shin DY, Park SH. Toxicleukoencephalopathy with axonal spheroids caused by chemotherapeutic drugs otherthan methotrexate. BMC Neurol. 2022 Aug 3;22(1):288. doi:"
,,leukoencephalopathy with axonal spheroids caused by chemotherapeutic drugs otherthan methotrexate. BMC Neurol. 2022 Aug 3;22(1):288. doi:10.1186/s12883-022-02818-8. PMID: 35922754; PMCID: PMC9347126.
,,0
,,0
,,0
,,"191: Soden PA, Henderson AR, Lee E. A Microfluidic Model of AQP4 PolarizationDynamics and Fluid Transport in the Healthy and Inflamed Human Brain: The FirstStep Towards Glymphatics-on-a-Chip. Adv Biol (Weinh). 2022 Aug 3:e2200027. doi:"
,,Dynamics and Fluid Transport in the Healthy and Inflamed Human Brain: The FirstStep Towards Glymphatics-on-a-Chip. Adv Biol (Weinh). 2022 Aug 3:e2200027. doi:10.1002/adbi.202200027. Epub ahead of print. PMID: 35922370.
,,
,,
,,
,,"192: Zhao P, Xu Y, Fan X, Li L, Li X, Arase H, Tong Q, Zhang N, An Z. Discovery and engineering of an anti-TREM2 antibody to promote amyloid plaque clearance by microglia in 5XFAD mice. MAbs. 2022 Jan-Dec;14(1):2107971. doi:10.1080/19420862.2022.2107971. PMID: 35921534; PMCID: PMC9354770."
,,"193: Yuyama K, Igarashi Y. Linking glycosphingolipids to Alzheimer's amyloid-ß: extracellular vesicles and functional plant materials. Glycoconj J. 2022Oct;39(5):613-618. doi: 10.1007/s10719-022-10066-8. Epub 2022 Aug 3. PMID:35920997"
,,"194: Man VH, He X, Wang J. Stable Cavitation Interferes with Aβ<sub>16-22</sub>Oligomerization. J Chem Inf Model. 2022 Aug 22;62(16):3885-3895. doi:10.1021/acs.jcim.2c00764. Epub 2022 Aug 3. PMID: 35920625."
,,"195: Chen Y, Wang S, Ren J, Zhao H, Cui M, Li N, Li M, Zhang C. Electrocatalysis of Copper Sulfide Nanoparticle-Engineered Covalent Organic Frameworks for Ratiometric Electrochemical Detection of Amyloid-β Oligomer. Anal Chem. 2022 Aug16;94(32):11201-11208. doi: 10.1021/acs.analchem.2c01602. Epub 2022 Aug 3. PMID:35920591"
,,"196: Velasco-Bolom JL, Domínguez L. Mechanistic regulation of γ-secretase by their substrates. Phys Chem Chem Phys. 2022 Aug 17;24(32):19223-19232. doi:10.1039/d2cp01714h. PMID: 35920259."
,,"197: Zhu B, Yang J, Van R, Yang F, Yu Y, Yu A, Ran K, Yin K, Liang Y, Shen X, Yin W, Choi SH, Lu Y, Wang C, Shao Y, Shi L, Tanzi RE, Zhang C, Cheng Y, Zhang Z, Ran C. Epitope alteration by small molecules and applications in drug discovery. Chem Sci. 2022 Jun 28;13(27):8104-8116. doi: 10.1039/d2sc02819k.PMID: 35919434; PMCID: PMC9278120."
,,"198: Urso D, van Wamelen DJ, Batzu L, Leta V, Staunton J, Pineda-Pardo JA, Logroscino G, Sharma J, Ray Chaudhuri K. Clinical trajectories and biomarkers for weight variability in early Parkinson's disease. NPJ Parkinsons Dis. 2022 Aug 2;8(1):95. doi: 10.1038/s41531-022-00362-3. PMID: 35918350; PMCID:PMC9345874."
,,"199: Akinci M, Peña-Gómez C, Operto G, Fuentes-Julian S, Deulofeu C, Sánchez-Benavides G, Milà-Alomà M, Grau-Rivera O, Gramunt N, Navarro A, Minguillón C,Fauria K, Suridjan I, Kollmorgen G, Bayfield A, Blennow K, Zetterberg H,"
,,"Benavides G, Milà-Alomà M, Grau-Rivera O, Gramunt N, Navarro A, Minguillón C,Fauria K, Suridjan I, Kollmorgen G, Bayfield A, Blennow K, Zetterberg H,Molinuevo JL, Suárez-Calvet M, Gispert JD, Arenaza-Urquijo EM; ALFA Study."
,,"Fauria K, Suridjan I, Kollmorgen G, Bayfield A, Blennow K, Zetterberg H,Molinuevo JL, Suárez-Calvet M, Gispert JD, Arenaza-Urquijo EM; ALFA Study.Prepandemic Alzheimer Disease Biomarkers and Anxious-Depressive Symptoms During"
,,"Molinuevo JL, Suárez-Calvet M, Gispert JD, Arenaza-Urquijo EM; ALFA Study.Prepandemic Alzheimer Disease Biomarkers and Anxious-Depressive Symptoms Duringthe COVID-19 Confinement in Cognitively Unimpaired Adults. Neurology. 2022 Oct"
,,Prepandemic Alzheimer Disease Biomarkers and Anxious-Depressive Symptoms Duringthe COVID-19 Confinement in Cognitively Unimpaired Adults. Neurology. 2022 Oct4;99(14):e1486-e1498. doi: 10.1212/WNL.0000000000200948. Epub 2022 Aug 2. PMID:
,,the COVID-19 Confinement in Cognitively Unimpaired Adults. Neurology. 2022 Oct4;99(14):e1486-e1498. doi: 10.1212/WNL.0000000000200948. Epub 2022 Aug 2. PMID:35918160
,,
,,
,,
,,"200: Bourgeat P, Doré V, Burnham SC, Benzinger T, Tosun D, Li S, Goyal M, LaMontagne P, Jin L, Rowe CC, Weiner MW, Morris JC, Masters CL, Fripp J, Villemagne VL; Alzheimer's Disease Neuroimaging Initiative, OASIS3, and the AIBL research group. β-amyloid PET harmonisation across longitudinal studies: Application to AIBL, ADNI and OASIS3. Neuroimage. 2022 Nov 15;262:119527. doi:10.1016/j.neuroimage.2022.119527. Epub 2022 Jul 30. PMID: 35917917."
,,A specific amyloid-beta protein assembly in the brain impairs memory. Lesne et al. Nature 2006.
