Main,Unnamed: 1,Unnamed: 2,Unnamed: 3,Unnamed: 4,Unnamed: 5,Unnamed: 6,Unnamed: 7,Unnamed: 8,Unnamed: 9,Unnamed: 10,Unnamed: 11,Unnamed: 12,Unnamed: 13,Unnamed: 14,Unnamed: 15,Unnamed: 16,Unnamed: 17,Unnamed: 18,Unnamed: 19,Unnamed: 20,Unnamed: 21,Unnamed: 22,Unnamed: 23,Unnamed: 24,Unnamed: 25,Unnamed: 26,Unnamed: 27,Unnamed: 28,Unnamed: 29,Unnamed: 30,Unnamed: 31,Unnamed: 32,Unnamed: 33,Unnamed: 34,Unnamed: 35,Unnamed: 36,Unnamed: 37,Unnamed: 38,Unnamed: 39,Unnamed: 40,Unnamed: 41,Unnamed: 42,Unnamed: 43,Unnamed: 44,Unnamed: 45,Unnamed: 46,Unnamed: 47,Unnamed: 48,Unnamed: 49,Unnamed: 50,Unnamed: 51,Unnamed: 52,Unnamed: 53,Unnamed: 54,Unnamed: 55,Unnamed: 56,Unnamed: 57,Unnamed: 58,Unnamed: 59,Unnamed: 60,Unnamed: 61,Unnamed: 62,Unnamed: 63,Unnamed: 64,Unnamed: 65,Unnamed: 66,Unnamed: 67,Unnamed: 68,Unnamed: 69,Unnamed: 70,Unnamed: 71,Unnamed: 72,Unnamed: 73,Unnamed: 74,Unnamed: 75,Unnamed: 76,Unnamed: 77,Unnamed: 78,Unnamed: 79,Unnamed: 80,Unnamed: 81,Unnamed: 82,Unnamed: 83,Unnamed: 84,Unnamed: 85,Unnamed: 86,Unnamed: 87,Unnamed: 88,Unnamed: 89,Unnamed: 90,Unnamed: 91,Unnamed: 92,Unnamed: 93,Unnamed: 94,Unnamed: 95,Unnamed: 96,Unnamed: 97,Unnamed: 98,Unnamed: 99,Unnamed: 100,Unnamed: 101,Unnamed: 102,Unnamed: 103,Unnamed: 104,Unnamed: 105,Unnamed: 106,Unnamed: 107,Unnamed: 108,Unnamed: 109,Unnamed: 110,Unnamed: 111,Unnamed: 112,Unnamed: 113,Unnamed: 114,Unnamed: 115,Unnamed: 116,Unnamed: 117,Unnamed: 118,Unnamed: 119,Unnamed: 120,Unnamed: 121,Unnamed: 122,Unnamed: 123,Unnamed: 124,Unnamed: 125,Unnamed: 126,Unnamed: 127,Unnamed: 128,Unnamed: 129,Unnamed: 130,Unnamed: 131,Unnamed: 132,Unnamed: 133,Unnamed: 134,Unnamed: 135,Unnamed: 136,Unnamed: 137,Unnamed: 138,Unnamed: 139,Unnamed: 140,Unnamed: 141,Unnamed: 142,Unnamed: 143,Unnamed: 144,Unnamed: 145,Unnamed: 146,Unnamed: 147,Unnamed: 148,Unnamed: 149,Unnamed: 150,Unnamed: 151,Unnamed: 152,Unnamed: 153,Unnamed: 154,Unnamed: 155,Unnamed: 156,Unnamed: 157,Unnamed: 158,Unnamed: 159,Unnamed: 160,Unnamed: 161,Unnamed: 162,Unnamed: 163,Unnamed: 164,Unnamed: 165,Unnamed: 166,Unnamed: 167,Unnamed: 168,Unnamed: 169,Unnamed: 170,Unnamed: 171,Unnamed: 172,Unnamed: 173,Unnamed: 174,Unnamed: 175,Unnamed: 176,Unnamed: 177,Unnamed: 178,Unnamed: 179,Unnamed: 180,Unnamed: 181,Unnamed: 182,Unnamed: 183,Unnamed: 184,Unnamed: 185,Unnamed: 186,Unnamed: 187,Unnamed: 188,Unnamed: 189,Unnamed: 190,Unnamed: 191,Unnamed: 192,Unnamed: 193,Unnamed: 194,Unnamed: 195,Unnamed: 196,Unnamed: 197,Unnamed: 198,Unnamed: 199,Unnamed: 200,Unnamed: 201,Unnamed: 202,Unnamed: 203,Unnamed: 204,Unnamed: 205,Unnamed: 206,Unnamed: 207,Unnamed: 208,Unnamed: 209
,,Q101,Q201,Q301,Q401,Q102,Q202,Q302,Q402,Q103,Q203,Q303,Q403,Q104,Q204,Q304,Q404,Q105,Q205,Q305,Q405,Q106,Q206,Q306,Q406,Q107,Q207,Q307,Q407,Q108,Q208,Q308,Q408,Q109,Q209,Q309,Q409,Q110,Q210,Q310,Q410,Q111,Q211,Q311,Q411,Q112,Q212,Q312,Q412,Q113,Q213,Q313,Q413,Q114,Q214,Q314,Q414,Q115,Q215,Q315,Q415,Q116,Q216,Q316,Q416,Q117,Q217,Q317,Q417,Q118,Q218,Q318,Q418,Q119,Q219,Q319,Q419,Q120,Q220,Q320,Q420,Q121,Q221,Q321,Q421,Q122,Q222,Q322,Q422,Q123,Q223,Q323,Q423,Q124,Q224,Q324,Q424,Q125,Q225,Q325,Q425,,,FY00,FY01,FY02,FY03,FY04,FY05,FY06,FY07,FY08,FY09,FY10,FY11,FY12,FY13,FY14,FY15,FY16,FY17,2018.0,2019.0,2020.0,2021.0,2022.0,2023.0,2024.0,2025.0,2026.0,2027.0,2028.0,2029.0,2030.0,2031.0,2032.0,2033.0,2034.0,2035.0,,,,,,,,,,,,,,,,,,,,,,,,,,,,,,,,,,,,,,,,,,,,,,,,,,,,,,,,,,,,,,,,,,,,,,
,Epogen,503,518,515,572,512.2,570.3,558.4,619.7,547.1,611.1,625.9,650.6,590,632.6,681,697,583,647,599,626,604,613,633,661,625,624,602,638,554,622,634,646,565,638,663,703,623,657,653,591,535,543,476,486,446,525,491,479,435,502,491,525,462,512,518,539,534,491,489,342,300,331,335,316,270,292,264,270,244,250,252,264,219,223,215,210,155,161,149,133,125,130,138,128,120,136,136,114,60,61,50,55,41,32,33,19,0,0,0,0,,,1962.4,2108.1,2260,2434.7,2600.6,2455,2511,2489,2456,2569,2524,2040,1632,1305.6000000000001,1175.0400000000002,1057.5360000000003,951.7824000000003,1096,1010.0,867.0,598.0,521.0,506.0,226.0,125.0,0.0,0.0,0.0,0.0,0.0,0.0,0.0,0.0,0.0,0.0,0.0,,,,,,,,,,,,,,,,,,,,,,,,,,,,,,,,,,,,,,,,,,,,,,,,,,,,,,,,,,,,,,,,,,,,,,
,Aranesp,,,5,37,39.2,55.7,113.69999999999999,207,254.8,347.7,438.29999999999995,503,543,617,608,705,723,837,840,873,893,1055,1067,1106,1020,949,818,827,761,825,845,706,626,693,685,648,627,603,623,633,580,585,600,538,518,536,497,489,468,524,449,470,460,517,474,479,480,479,493,499,532,504,531,526,511,535,516,491,454,472,477,474,414,436,452,427,422,387,384,375,355,367,396,362,358,357,358,348,355,365,323,319,349,348,337,308,340,359,357,357,,,,42,415.6,1543.8,2473,3273,4121,3614,3137,2652,2486,2303,2187.85,1969.065,1772.1585,1594.94265,1435.448385,2053,1877.0,1729.0,1568.0,1480.0,1421.0,1362.0,1342.0,1413.0,1271.7,1144.53,1030.077,927.0693,834.36237,750.926133,675.8335197,608.25016773,547.425150957,492.6826358613,,,,,,,,,,,,,,,,,,,,,,,,,,,,,,,,,,,,,,,,,,,,,,,,,,,,,,,,,,,,,,,,,,,,,,
,Epo+Nesp,503,518,520,609,551.4000000000001,626,672.0999999999999,826.7,801.9000000000001,958.8,1064.1999999999998,1153.6,1133,1249.6,1289,1402,1306,1484,1439,1499,1497,1668,1700,1767,1645,1573,1420,1465,1315,1447,1479,1352,1191,1331,1348,1351,1250,1260,1276,,,,,,,,,,,,,,,,,,,,,,,,,,,,,,,,,,,,,,,,,,,,,,,,,,,,,,,,,,,,,,,,1962.4,2150.1,2675.6,3978.5,5073.6,5728,6632,6103,5593,5221,5010,4343,3819.85,3274.665,2947.1985000000004,2652.47865,2387.230785,,,,,,,,,,,,,,,,,,,,,,,,,,,,,,,,,,,,,,,,,,,,,,,,,,,,,,,,,,,,,,,,,,,,,,,,,,,,,,,,,,,,,,,,,
,Neupogen,294,340,360,353,355,363,332.2,329,284,330.8,330,322.2,269,295.2,302,309,294,312,305,305,288,304,308,313,299,307,337,334,330,339,340,332,296,327,339,326,316,313,338,319,296,311,332,321,305,332,311,312,299,324,466,309,289,296,300,274,246,256,284,263,213,196,183,173,148,137,138,126,103,102,85,75,73,75,54,62,65,49,65,46,34,51,52,31,38,37,35,34,,,,,,,,,,,,,,,1224,1347,1379,1267,1175.2,1216,1213,1277,1341,1288,1286,1260,1008,806.4000000000001,645.1200000000001,516.0960000000001,412.8768000000001,549,365.0,264.0,225.0,168.0,144.0,,,,,,,,,,,,,,,,,,,,,,,,,,,,,,,,,,,,,,,,,,,,,,,,,,,,,,,,,,,,,,,,,,,,,,,,,,,,,,,,,,,
,Neulasta,,,,,,110,141.7,212,258,303.5,327,366.7,394.7,425.9,450,469,501,587,577,623,608,701,690,711,719,734,763,784,756,862,852,848,777,831,871,876,863,861,916,918,936,1015,1003,998,1039,1015,1044,994,1039,1120,1135,1098,1090,1133,1193,1180,1134,1158,1267,1156,1183,1149,1200,1116,1210,1087,1123,1114,1155,1100,1051,1169,1021,824,711,665,609,593,555,536,482,486,415,351,348,310,247,221,249,236,124,239,118,105,110,98,129,82,92,92,,,,,464,1255,1739.6,2288,2710,3000,3318,3355,3558,3952,3754.3999999999996,3566.6799999999994,3388.345999999999,3218.928699999999,3057.9822649999987,4534,4475.0,3221.0,2293.0,1734.0,1126.0,848.0,431.0,395.0,355.5,319.95,287.955,259.1595,233.24355,209.919195,188.9272755,170.03454795000002,153.031093155,137.7279838395,,,,,,,,,,,,,,,,,,,,,,,,,,,,,,,,,,,,,,,,,,,,,,,,,,,,,,,,,,,,,,,,,,,,,,
,Enbrel,,,,,,,158.1,204,274,304,342,380,397,440.4,496,567,592,639,668,674,658,724,705,792,730,823,821,856,951,841,893,913,758,899,924,912,804,877,914,939,875,956,925,945,938,1058,1079,1161,1039,1157,1155,1200,988,1243,1120,1337,1116,1348,1459,1441,1385,1484,1452,1644,1181,1466,1363,1423,1105,1302,1292,1315,1151,1363,1366,1346,1153,1246,1325,1272,924,1144,1289,1108,862,1051,1106,1098,579,1068,1035,1015,567,909,825,1015,510,604,580,913.5,,,,,362,1300,1900,2573,2879,3230,3598,3493,3534,3701,3330.9,4996.35,4496.715,4047.0435,3642.3391500000002,5433,5014.0,5226.0,4996.0,4465.0,4117.0,3697.0,3316.0,2607.5,2346.75,2112.0750000000003,1900.8675000000003,1710.7807500000004,1539.7026750000005,1385.7324075000004,1247.1591667500004,1122.4432500750004,1010.1989250675003,909.1790325607503,,,,,,,,,,,,,,,,,,,,,,,,,,,,,,,,,,,,,,,,,,,,,,,,,,,,,,,,,,,,,,,,,,,,,,
,Tepezza,,,,,,,,,,,,,,,,,,,,,,,,,,,,,,,,,,,,,,,,,,,,,,,,,,,,,,,,,,,,,,,,,,,,,,,,,,0,,,,166,287,344,2,453,616,590,502,480,491,,,,,448,424,479,488,460,381,505,560,560,,,,,,,,,,,,,,,,,,,,,,,,,,448.0,1851.0,2006.0,2106.3,2211.6150000000002,2322.1957500000003,2438.3055375000004,2413.9224821250004,2389.7832573037504,2365.8854247307127,2342.2265704834053,2318.8043047785713,2295.6162617307855,,,,,,,,,,,,,,,,,,,,,,,,,,,,,,,,,,,,,,,,,,,,,,,,,,,,,,,,,,,,,,,,,,,,,,
,Krystexxa,,,,,,,,,,,,,,,,,,,,,,,,,,,,,,,,,,,,,,,,,,,,,,,,,,,,,,,,,,,,,,,,,,,,,,,,,,80,,,,75,109,129,107,130,158,170,141,168,192,,,,,272,235,294,310,346,236,349,320,325,,,,,,,,,,,,,,,,,,,,,,,,,,272.0,1185.0,1230.0,1242.3,1254.723,1267.2702299999999,1279.9429323,1292.7423616229999,1305.66978523923,1318.7264830916222,1331.9137479225385,1345.232885401764,1358.6852142557816,,,,,,,,,,,,,,,,,,,,,,,,,,,,,,,,,,,,,,,,,,,,,,,,,,,,,,,,,,,,,,,,,,,,,,
,Ravicti,,,,,,,,,,,,,,,,,,,,,,,,,,,,,,,,,,,,,,,,,,,,,,,,,,,,,,,,,,,,,,,,,,,,,,,,,,50,,,,66,65,70,73,68,76,75,78,76,84,,,,,,,,,,,,,,,,,,,,,,,,,,,,,,,,,,,,,,,,,,,,,,,,,,,,,,,,,,,,,,,,,,,,,,,,,,,,,,,,,,,,,,,,,,,,,,,,,,,,,,,,,,,,,,,,,,,,,,,,,
,Procysbi,,,,,,,,,,,,,,,,,,,,,,,,,,,,,,,,,,,,,,,,,,,,,,,,,,,,,,,,,,,,,,,,,,,,,,,,,,41,,,,41,43,47,43,50,49,47,50,48,58,,,,,,,,,,,,,,,,,,,,,,,,,,,,,,,,,,,,,,,,,,,,,,,,,,,,,,,,,,,,,,,,,,,,,,,,,,,,,,,,,,,,,,,,,,,,,,,,,,,,,,,,,,,,,,,,,,,,,,,,,
,Uplinza,,,,,,,,,,,,,,,,,,,,,,,,,,,,,,,,,,,,,,,,,,,,,,,,,,,,,,,,,,,,,,,,,,,,,,,,,,,,,,0,0,0,2,15,19,26,31,39,44,,,,,65,80,92,106,101,91,176,155,160,,,,,,,,,,,,,,,,,,,,,,,,,,65.0,379.0,582.0,640.2,704.2200000000001,774.6420000000002,852.1062000000003,937.3168200000003,1031.0485020000006,1134.1533522000007,1247.5686874200007,1372.325556162001,1509.5581117782012,,,,,,,,,,,,,,,,,,,,,,,,,,,,,,,,,,,,,,,,,,,,,,,,,,,,,,,,,,,,,,,,,,,,,,
,Actimmune,,,,,,,,,,,,,,,,,,,,,,,,,,,,,,,,,,,,,,,,,,,,,,,,,,,,,,,,,,,,,,,,,,,,,,,,,,29,,,,28,28,36,29,28,30,31,31,30,34,,,,,,,,,,,,,,,,,,,,,,,,,,,,,,,,,,,,,,,,,,,,,,,,,,,,,,,,,,,,,,,,,,,,,,,,,,,,,,,,,,,,,,,,,,,,,,,,,,,,,,,,,,,,,,,,,,,,,,,,,
,Kineret,,,23,,2.2,16,41.7,49.9,18.1,19.4,15,15.5,14,16.5,13,12,15,14,16,16,15,15,17,17,16,14,20,18,18,21,18,30,15,23,31,41,,,,,,,,,,,,,,,,,,,,,,,,,,,,,,,,,,,,,,,,,,,,,,,,,,,,,,,,,,,,,,,,,,,,,,,51.854,61,64,68,87,110,,,,,,,,,,,,,,,,,,,,,,,,,,,,,,,,,,,,,,,,,,,,,,,,,,,,,,,,,,,,,,,,,,,,,,,,,,,,,,,,,,,,,,,,,,,,,,,,
,Sensipar,,,,,,,,,,,,,,3.1,10,19,27,36,42,51,61,79,83,98,105,108,122,128,133,150,161,153,148,167,165,171,179,172,175,188,187,199,206,216,219,232,243,256,264,259,259,307,270,298,273,317,334,344,353,384,367,389,415,411,421,427,457,413,497,420,409,448,213,122,109,107,123,81,39,45,23,24,19,18,20,20,17,7,,,,,,,,,,,,,,,,,,67,37,156,321,463,597,651,714,808,824.16,824.16,824.16,824.16,824.16,1718,1774.0,551.0,288.0,84.0,64.0,,,,0.0,0.0,0.0,0.0,0.0,0.0,0.0,0.0,0.0,0.0,,,,,,,,,,,,,,,,,,,,,,,,,,,,,,,,,,,,,,,,,,,,,,,,,,,,,,,,,,,,,,,,,,,,,,
,Parsabiv,,,,,,,,,,,,,,,,,,,,,,,,,,,,,,,,,,,,,,,,,,,,,,,,,,,,,,,,,,,,,,,,,,,2,,41,73,102,120,126,168,157,179,175,186,183,172,79,71,61,69,86,103,100,93,91,87,95,89,105,106,70,75,88,92,84,87,,,,,,,,,,,,,,,,,,,,2,336.0,630.0,716.0,280.0,382.0,362.0,356.0,351.0,315.90000000000003,284.31000000000006,255.87900000000005,230.29110000000006,207.26199000000005,186.53579100000005,167.88221190000004,151.09399071000004,135.98459163900003,122.38613247510003,,,,,,,,,,,,,,,,,,,,,,,,,,,,,,,,,,,,,,,,,,,,,,,,,,,,,,,,,,,,,,,,,,,,,,
,Vectibix,,,,,,,,,,,,,,,,,,,,,,,,39,51,45,41,33,34,32,41,46,53,56,58,66,67,72,70,79,75,81,79,87,90,90,88,91,87,93,107,102,103,132,138,132,122,160,132,135,144,160,164,143,147,168,168,159,169,173,181,168,170,196,196,182,202,195,193,221,191,239,200,243,201,207,247,238,233,248,252,251,247,270,282,246,267,305,284,251,,,,,,,,,39,170,153,233,288,322,338.1,338.1,338.1,,,642,691.0,744.0,811.0,873.0,893.0,984.0,1045.0,1107.0,1118.07,1129.2507,1140.5432070000002,1151.9486390700001,1163.4681254607,1175.102806715307,1186.8538347824601,1198.7223731302847,1210.7095968615877,1222.8166928302035,,,,,,,,,,,,,,,,,,,,,,,,,,,,,,,,,,,,,,,,,,,,,,,,,,,,,,,,,,,,,,,,,,,,,,
,Prolia,,,,,,,,,,,,,,,,,,,,,,,,,,,,,,,,,,,,,,3,10,20,27,44,51,81,88,120,110,154,142,188,178,236,196,264,255,315,272,340,320,380,352,441,379,463,425,505,464,574,494,610,532,655,592,698,630,752,654,659,701,749,758,814,803,873,852,922,862,992,927,1028,986,1107,999,1165,1045,1165,1099,1122,1139,932,,,,,,,,,,,,,33,203,,,,,,1968,2291.0,2672.0,2763.0,3248.0,3628.0,4048.0,4374.0,4292.0,3862.8,3476.5200000000004,3128.8680000000004,2815.9812000000006,1407.9906000000003,703.9953000000002,351.9976500000001,175.99882500000004,87.99941250000002,43.99970625000001,,,,,,,,,,,,,,,,,,,,,,,,,,,,,,,,,,,,,,,,,,,,,,,,,,,,,,,,,,,,,,,,,,,,,,
,Xgeva,,,,,,,,,,,,,,,,,,,,,,,,,,,,,,,,,,,,,,,,8,42,73,102,134,153,179,201,215,223,249,261,286,279,299,318,325,340,331,378,356,378,381,394,376,402,395,387,391,445,452,433,456,471,499,476,489,481,435,481,502,468,488,517,545,502,533,495,484,536,530,519,527,561,562,541,561,566,532,539,448.8,,,,,,,,,,,,,8,351,526.5,789.75,1184.625,1776.9375,2665.40625,1575,1786.0,1935.0,1899.0,2018.0,2014.0,2112.0,2225.0,2085.8,1877.2200000000003,1689.4980000000003,1520.5482000000002,1368.4933800000001,684.2466900000001,342.12334500000003,171.06167250000001,85.53083625000001,42.765418125000004,21.382709062500002,,,,,,,,,,,,,,,,,,,,,,,,,,,,,,,,,,,,,,,,,,,,,,,,,,,,,,,,,,,,,,,,,,,,,,
,Otezla,,,,,,,,,,,,,,,,,,,,,,,,,,,,,,,,,,,,,,,,,,,,,,,,,,,,,,,,,,,,,,,,,,,,,,,,0,0,0,0,178,479,561,538,617,476,534,609,630,451,594,627,616,392,600,567,629,394,544,564,624,437,618,585,624,,,,,,,,,,,,,,,,,,,,,,178.0,2195.0,2249.0,2288.0,2188.0,2126.0,2264.0,2377.2000000000003,2496.0600000000004,1747.2420000000002,349.44840000000005,69.88968000000001,13.977936000000003,2.795587200000001,0.5591174400000002,0.11182348800000004,0.02236469760000001,,,,,,,,,,,,,,,,,,,,,,,,,,,,,,,,,,,,,,,,,,,,,,,,,,,,,,,,,,,,,,,,,,,,,,
,Evenity,,,,,,,,,,,,,,,,,,,,,,,,,,,,,,,,,,,,,,,,,,,,,,,,,,,,,,,,,,,,,,,,,,,,,,,,0,17,28,59,85,100,101,59,90,107,131,149,143,170,191,201,225,254,281,307,318,342,391,399,431,442,518,541,561,,,,,,,,,,,,,,,,,,,,,,189.0,350.0,530.0,787.0,1160.0,1563.0,2062.0,2268.2000000000003,2495.0200000000004,2619.7710000000006,2750.7595500000007,2888.297527500001,3032.7124038750007,3184.348024068751,3343.5654252721883,3510.743696535798,351.0743696535798,,,,,,,,,,,,,,,,,,,,,,,,,,,,,,,,,,,,,,,,,,,,,,,,,,,,,,,,,,,,,,,,,,,,,,
,Repatha,,,,,,,,,,,,,,,,,,,,,,,,,,,,,,,,,,,,,,,,,,,,,,,,,,,,,,,,,,,,7,16,27,40,58,49,83,89,98,123,148,120,159,141,152,168,200,229,200,205,253,286,286,272,273,329,325,309,333,388,424,406,417,517,532,567,606,656,696,794,819,,,,,,,,,,,,,,,,,,,,319,550.0,661.0,887.0,1117.0,1296.0,1635.0,2222.0,2965.0,3261.5000000000005,3587.650000000001,3767.032500000001,3955.3841250000014,4153.153331250001,4360.810997812502,4578.851547703128,4807.794125088284,5048.183831342699,504.8183831342699,,,,,,,,,,,,,,,,,,,,,,,,,,,,,,,,,,,,,,,,,,,,,,,,,,,,,,,,,,,,,,,,,,,,,,
,Aimovig,,,,,,,,,,,,,,,,,,,,,,,,,,,,,,,,,,,,,,,,,,,,,,,,,,,,,,,,,,,,,,,,,,,,,,,22,95,59,83,66,98,71,98,105,104,66,82,79,90,101,92,107,114,,,94,78,,,,,,,,,,,,,,,,,,,,,,,,,,,,,117.0,306.0,378.0,317.0,414.0,172.0,,,,,,,,,,,,,,,,,,,,,,,,,,,,,,,,,,,,,,,,,,,,,,,,,,,,,,,,,,,,,,,,,,,,,,,,,,,,,,,,,,
,Imdelltra,,,,,,,,,,,,,,,,,,,,,,,,,,,,,,,,,,,,,,,,,,,,,,,,,,,,,,,,,,,,,,,,,,,,,,,,,,,,,,,,,,,,,,,,,,,,,,12,36,67,81,134,178,183,,,,,,,,,,,,,,,,,,,,,,,,,,,115.0,576.0,633.6,696.96,766.6560000000001,843.3216000000001,927.6537600000001,1020.4191360000002,1122.4610496000003,1234.7071545600004,1358.1778700160005,1493.9956570176007,,,,,,,,,,,,,,,,,,,,,,,,,,,,,,,,,,,,,,,,,,,,,,,,,,,,,,,,,,,,,,,,,,,,,,
,Tezspire,,,,,,,,,,,,,,,,,,,,,,,,,,,,,,,,,,,,,,,,,,,,,,,,,,,,,,,,,,,,,,,,,,,,,,,,0,0,0,0,0,0,0,0,0,0,0,0,0,7,29,55,79,96,133,161,177,173,234,269,296,285,342,377,397,,,,,,,,,,,,,,,,,,,,,,0.0,0.0,0.0,170.0,567.0,972.0,1401.0,1681.2,1849.3200000000002,2034.2520000000004,2135.9646000000007,2242.762830000001,2354.900971500001,2378.449981215001,2402.234481027151,2426.2568258374226,2450.519394095797,,,,,,,,,,,,,,,,,,,,,,,,,,,,,,,,,,,,,,,,,,,,,,,,,,,,,,,,,,,,,,,,,,,,,,
,Lumakras,,,,,,,,,,,,,,,,,,,,,,,,,,,,,,,,,,,,,,,,,,,,,,,,,,,,,,,,,,,,,,,,,,,,,,,,0,0,0,0,0,0,0,0,0,0,9,36,45,62,77,75,71,74,77,52,77,82,85,98,85,85,90,96,95,,,,,,,,,,,,,,,,,,,,,,0.0,0.0,90.0,285.0,280.0,350.0,366.0,369.66,373.3566,377.090166,380.86106766,384.6696783366,388.51637511996597,392.40153887116566,396.3255542598773,400.2888098024761,404.2916979005009,,,,,,,,,,,,,,,,,,,,,,,,,,,,,,,,,,,,,,,,,,,,,,,,,,,,,,,,,,,,,,,,,,,,,,
,Kyprolis,,,,,,,,,,,,,,,,,,,,,,,,,,,,,,,,,,,,,,,,,,,,,,,,,,,0,73,68,78,94,91,108,119,137,148,154,172,183,183,190,211,207,227,222,263,232,251,245,267,266,266,280,253,260,272,251,280,293,284,287,317,318,325,358,346,349,350,376,377,378,372,324,378,359,372,,,,,,,,,,,,,,,,,,,,835,968.0,1044.0,1065.0,1108.0,1247.0,1403.0,1503.0,1433.0,716.5,358.25,179.125,89.5625,44.78125,22.390625,11.1953125,5.59765625,2.798828125,1.3994140625,,,,,,,,,,,,,,,,,,,,,,,,,,,,,,,,,,,,,,,,,,,,,,,,,,,,,,,,,,,,,,,,,,,,,,
,Nplate,,,,,,,,,,,,,,,,,,,,,,,,,,,,,,,,,,,,,49,55,60,65,65,75,77,80,90,86,91,101,96,105,106,120,113,118,119,119,126,125,137,137,141,142,151,150,154,164,159,165,179,179,177,182,189,201,195,210,218,193,212,227,227,245,273,282,266,284,288,469,362,310,419,386,317,346,456,337,313,369,457,337,,,,,,,,,,,,,229,297,,,,,,642,717.0,795.0,850.0,1027.0,1307.0,1477.0,1456.0,1476.0,1549.8,1627.29,1611.0171,1594.906929,1578.9578597099999,1563.1682811128999,1547.536598301771,1532.0612323187531,1516.7406199955656,1501.57321379561,,,,,,,,,,,,,,,,,,,,,,,,,,,,,,,,,,,,,,,,,,,,,,,,,,,,,,,,,,,,,,,,,,,,,,
,Blincyto,,,,,,,,,,,,,,,,,,,,,,,,,,,,,,,,,,,,,,,,,,,,,,,,,,,,,,,,,15,17,23,22,27,30,29,29,34,43,52,46,49,60,58,63,69,78,85,80,94,93,89,103,107,108,125,132,138,139,142,164,194,206,220,241,244,264,327,381,370,384,392,397,,,,,,,,,,,,,,,,,,,,175,230.0,312.0,379.0,472.0,583.0,861.0,1216.0,1543.0,1620.15,1701.1575000000003,1786.2153750000004,1875.5261437500005,1969.3024509375007,2067.7675734843756,2171.1559521585946,2279.7137497665244,2393.6994372548506,2513.3844091175933,,,,,,,,,,,,,,,,,,,,,,,,,,,,,,,,,,,,,,,,,,,,,,,,,,,,,,,,,,,,,,,,,,,,,,
,Amgevita,,,,,,,,,,,,,,,,,,,,,,,,,,,,,,,,,,,,,,,,,,,,,,,,,,,,,,,,,,,,,,,,,,,,,,,,11,31,52,61,71,86,62,80,103,106,107,111,115,108,116,117,119,164,150,152,160,168,133,166,294,136,133,154,154,,,,,,,,,,,,,,,,,,,,,11.0,215.0,331.0,439.0,460.0,626.0,761.0,577.0,519.3000000000001,467.37000000000006,420.63300000000004,378.56970000000007,340.7127300000001,306.64145700000006,275.97731130000005,248.37958017000005,223.54162215300005,201.18745993770005,,,,,,,,,,,,,,,,,,,,,,,,,,,,,,,,,,,,,,,,,,,,,,,,,,,,,,,,,,,,,,,,,,,,,,
,Wezlana,,,,,,,,,,,,,,,,,,,,,,,,,,,,,,,,,,,,,,,,,,,,,,,,,,,,,,,,,,,,,,,,,,,,,,,,,,,,,,,,,,,,,,,,,,,,,,,,,150,35,44,47,,,,,,,,,,,,,,,,,,,,,,,,,,,,,,,,,,,,,,,,,,,,,,,,,,,,,,,,,,,,,,,,,,,,,,,,,,,,,,,,,,,,,,,,,,,,,,,,,,,,,,,,,,,,
,Pavblu,,,,,,,,,,,,,,,,,,,,,,,,,,,,,,,,,,,,,,,,,,,,,,,,,,,,,,,,,,,,,,,,,,,,,,,,,,,,,,,,,,,,,,,,,,,,,,,,,99,130,213,233,,,,,,,,,,,,,,,,,,,,,,,,,,,,,,,,,,,,,,,,,,,,,,,,,,,,,,,,,,,,,,,,,,,,,,,,,,,,,,,,,,,,,,,,,,,,,,,,,,,,,,,,,,,,
,Mvasi,,,,,,,,,,,,,,,,,,,,,,,,,,,,,,,,,,,,,,,,,,,,,,,,,,,,,,,,,,,,,,,,,,,,,,,,0,0,0,43,84,115,172,231,280,294,294,274,304,244,243,209,205,202,197,213,188,202,157,195,173,179,191,213,213,,,,,,,,,,,,,,,,,,,,,,127.0,798.0,1166.0,901.0,800.0,727.0,796.0,716.4,644.76,580.284,522.2556,470.03004,423.027036,380.72433240000004,342.65189916,308.38670924400003,277.54803831960004,,,,,,,,,,,,,,,,,,,,,,,,,,,,,,,,,,,,,,,,,,,,,,,,,,,,,,,,,,,,,,,,,,,,,,
,Kanjinti,,,,,,,,,,,,,,,,,,,,,,,,,,,,,,,,,,,,,,,,,,,,,,,,,,,,,,,,,,,,,,,,,,,,,,,,23,24,30,69,103,119,123,167,158,161,156,116,139,96,85,72,63,,,20,42,,,,,,,,,,,,,,,,,,,,,,,,,,,,,23.0,226.0,567.0,572.0,316.0,62.0,,,,,,,,,,,,,,,,,,,,,,,,,,,,,,,,,,,,,,,,,,,,,,,,,,,,,,,,,,,,,,,,,,,,,,,,,,,,,,,,,,
,Ultra-Rare,,,,,,,,,,,,,,,,,,,,,,,,,,,,,,,,,,,,,,,,,,,,,,,,,,,,,,,,,,,,,,,,,,,,,,,,,,,,,,,,,,,,,,,,,0,0,,164,169,187,188,214,179,183,200,200,,,,,,,,,,,,,,,,,,,,,,,,,,164.0,758.0,762.0,838.2,922.0200000000001,1014.2220000000002,1115.6442000000004,1227.2086200000006,1349.9294820000007,1484.922430200001,1633.414673220001,1796.7561405420013,1976.4317545962015,,,,,,,,,,,,,,,,,,,,,,,,,,,,,,,,,,,,,,,,,,,,,,,,,,,,,,,,,,,,,,,,,,,,,,
,Other,,,,,,,,,,,,,,,,,,,,,,,,,,,,,,,,,,,,,,,,,,11,26,21,15,27,46,85,59,74,40,73,38,59,46,66,47,57,44,59,47,68,60,75,57,61,64,72,63,75,87,73,61,79,85,87,64,60,83,76,72,68,93,106,85,113,114,119,309,306,167,175,357,346,281,361,340,334,317,317,,,,,,,,,,,,,,,,,,,,254,298.0,312.0,283.0,339.0,431.0,957.0,1345.0,1308.0,1177.2,1059.48,953.532,858.1788,772.3609200000001,695.1248280000001,625.6123452,563.0511106800001,506.7459996120001,456.0713996508001,,,,,,,,,,,,,,,,,,,,,,,,,,,,,,,,,,,,,,,,,,,,,,,,,,,,,,,,,,,,,,,,,,,,,,
,Tavneos,,,,,,,,,,,,,,,,,,,,,,,,,,,,,,,,,,,,,,,,,,,,,,,,,,,,,,,,,,,,,,,,,,,,,,,,,,,,,,,,,,,,,,,0,21,23,30,37,44,51,71,80,81,90,110,107,114,,,,,,,,,,,,,,,,,,,,,,,,,21.0,134.0,283.0,421.0,631.5,637.815,644.1931500000001,650.6350815000001,657.1414323150001,663.71284663815,670.3499751045315,677.0534748555768,683.8240096041326,68.38240096041326,,,,,,,,,,,,,,,,,,,,,,,,,,,,,,,,,,,,,,,,,,,,,,,,,,,,,,,,,,,,,,,,,,,,,,
,maridebart,,,,,,,,,,,,,,,,,,,,,,,,,,,,,,,,,,,,,,,,,,,,,,,,,,,,,,,,,,,,,,,,,,,,,,,,,,,,,,,,,,,,,,,,,,,,,,,,,,,,,,,,,,,,,,,,,,,,,,,,,,,,,,,,,,500.0,1500.0,3000.0,4000.0,5000.0,5500.0,6050.000000000001,6655.000000000002,7320.500000000003,,,,,,,,,,,,,,,,,,,,,,,,,,,,,,,,,,,,,,,,,,,,,,,,,,,,,,,,,,,,,,,,,,,,,,
,ABP234,,,,,,,,,,,,,,,,,,,,,,,,,,,,,,,,,,,,,,,,,,,,,,,,,,,,,,,,,,,,,,,,,,,,,,,,,,,,,,,,,,,,,,,,,,,,,,,,,,,,,,,,,,,,,,,,,,,,,,,,,,,,,,,,,,,,,1000.0,1100.0,1210.0,1331.0,1464.1000000000001,1610.5100000000002,,,,,,,,,,,,,,,,,,,,,,,,,,,,,,,,,,,,,,,,,,,,,,,,,,,,,,,,,,,,,,,,,,,,,,
,Products,797,858,903,962,908.6000000000001,1115,1345.8,1621.6000000000001,1636,1916.5,2078.2,2238,2207.7,2430.7,2560,2778,2735,3072,3047,3168,3127,3491,3503,3737,3565,3604,3524,3618,3537,3692,3784,3674,3238,3634,3736,3743,3528,3613,3759,,,,,,,,,,,,,,,,,,,,,,,,,,,,,,,,,,,,,,,,,,,,,,,,,,,,,,,,,,,,,,,,3186.4,3497.1,4880.6,7867.5,9977.253999999999,12022,13858,14311,14687,14351,14660,15237,13601.91,14596.105,13824.2645,13035.644349999999,12989.995249999998,18217,19084.0,22204.0,24240.0,24297.0,24801.0,26910.0,32026.0,34019.3,33497.15,33743.2008,33630.11117800001,33535.09683578,33441.179774257806,33843.93647230118,34345.262576977744,35281.89223073959,36519.833158200374,29245.74443758389,,,,,,,,,,,,,,,,,,,,,,,,,,,,,,,,,,,,,,,,,,,,,,,,,,,,,,,,,,,,,,,,,,,,,,
,Other,102.9,150,303.7,,99.9,133.9,153.5,144.5,125.3,124.6,130,108.6,135.2,153.9,153,131,98,100,107,103,90,113,109,98,122,124,87,127,76,72,91,77,70,79,76,66,64,191,57,81,88,66,67,66,147,277,118,84,87,84,101,212,165,231,183,157,159,145,207,207,288,214,295,302,265,236,320,233,211,380,394,229,271,297,274,316,267,298,319,300,309,412,386,575,507,313,415,287,259,303,355,363,329,347,352,370,276,408,420,370,,,427,505,532,488,573.1,408,410,460,316,291,393,287,,,,,,1054,1214.0,1158.0,1184.0,1682.0,1522.0,1280.0,1398.0,1474.0,1326.6000000000001,1193.94,1074.546,967.0914,870.3822600000001,783.3440340000001,705.0096306,634.50866754,571.057800786,513.9520207074,,,,,,,,,,,,,,,,,,,,,,,,,,,,,,,,,,,,,,,,,,,,,,,,,,,,,,,,,,,,,,,,,,,,,,
,Revenue,899.9,1008,1206.7,962,1008.5000000000001,1248.9,1499.3,1766.1000000000001,1761.3,2041.1,2208.2,2346.6,2342.8999999999996,2584.6,2713,2909,2833,3172,3154,3271,3217,3604,3612,3835,3687,3728,3611,3745,3613,3764,3875,3751,3308,3713,3812,3809,3592,3804,3816,3841,3706,3959,3944,3973,4048,4477,4319,4421,4238,4679,4748,5011,4521,5180,5031,5331,5033,5370,5723,5536,5527,5688,5811,5965,5464,5810,5773,5802,5554,6059,5904,6230,5557,5871,5737,6197,6161,6206,6423,6634,5901,6526,6706,6846,6238,6594,6652,6839,6105,6986,6903,8196,7447,8388,8503,9086,8149,9179,9557,9559.3,,,3613.4,4002.1,5412.6,8355.5,10550.354,12430,14268,14771,15003,14642,15053,15524,13601.91,14596.105,13824.2645,13035.644349999999,12989.995249999998,19271,20298.0,23362.0,25424.0,25979.0,26323.0,28190.0,33424.0,35493.3,34823.75,34937.1408,34704.65717800001,34502.18823578,34311.562034257804,34627.280506301184,35050.27220757774,35916.40089827959,37090.890958986376,29759.696458291288,,,,,,,,,,,,,,,,,,,,,,,,,,,,,,,,,,,,,,,,,,,,,,,,,,,,,,,,,,,,,,,,,,,,,,
,COGS,103.6,132,200.7,,103.6,131.9,200.7,253.3,278.4,324.2,336,383.5,371.5,435,447,476,489,530,505,511,552,492,485,551,559,546,585,565,542,512,590,549,474,527,542,535,504,549,584,568,540,569,593,643,666,668,674,727,671,714,715,770,684,789,761,825,735,789,745,764,707,1050,1027,753,682,710,735,816,678,745,759,819,779,736,760,790,771,758,874,959,867,1034,997,1096,951,926,1003,1071,1016,1142,1137,1278,1340,1406,1454,1536,1420,1551,1662,1625.0810000000001,,,408,443,736,1322,1729,2035.057,2080,2255,2193,2078,2205,2328.6000000000004,2040.2865000000002,2189.41575,2073.6396750000004,1955.3466525000003,1948.4992875000007,2890.6499999999996,3001.0,3065.0,3362.0,3994.0,3951.0,4573.0,5736.0,6258.081,,,,,,,,,,,,,,,,,,,,,,,,,,,,,,,,,,,,,,,,,,,,,,,,,,,,,,,,,,,,,,,,,,,,,,,,,,,,,,,,
,GM,796.3,876,1006,,904.9000000000001,1117,1298.6,1512.8000000000002,1482.9,1716.8999999999999,1872.1999999999998,1963.1,1971.3999999999996,2149.6,2266,2433,2344,2642,2649,2760,2665,3112,3127,3284,3128,3182,3026,3180,3071,3252,3285,3202,2834,3186,3270,3274,3088,3255,3232,3273,3166,3390,3351,3330,3382,3809,3645,3694,3567,3965,4033,4241,3837,4391,4270,4506,4298,4581,4978,4772,4820,4638,4784,5212,4782,5100,5038,4986,4876,5314,5145,5411,4778,5135,4977,5407,5390,5448,5549,5675,5034,5492,5709,5750,5287,5668,5649,5768,5089,5844,5766,6918,6107,6982,7049,7550,6729,7628,7895,7934.218999999999,,,3205.4,3559.1,4676.6,7033.5,8820,10394.943,12188,12516,12810,12564,12848,13195.4,11561.6235,12406.68925,11750.624824999999,11080.297697499998,11041.495962499997,16380.35,17297.0,20297.0,22062.0,21985.0,22372.0,23617.0,28410.399999999998,30169.305,29600.1875,29696.56968,29498.958601300008,29326.860000413,29164.827729119133,29433.188430356004,29792.73137644108,30528.940763537652,31527.25731513842,25295.741989547594,,,,,,,,,,,,,,,,,,,,,,,,,,,,,,,,,,,,,,,,,,,,,,,,,,,,,,,,,,,,,,,,,,,,,,
,R&D,203.4,234,304,,203.4,233.6,304.1,357.4,341.6,384.6,400,494.8,432.9,460.4,495,608,521,564,559,658,624,729,835,1003,803,777,699,785,661,779,700,770,605,657,613,864,617,642,689,825,703,808,763,842,723,807,849,917,851,944,966,1168,994,979,980,1168,856,918,1086,1057,858,900,990,1056,748,851,858,1025,739,850,906,1162,859,906,977,1285,927,936,1037,1185,944,1036,997,1319,934,1020,1096,1291,1044,1092,1070,1494,1317,1423,1440,1698,1475,1685,1890,1698,,,845,865,1117,1621,1996.3,2302,3191,3064,2910,2739,2773,3116,3296,3929,4121,3917,3804,3482,3657.0,4027.0,4085.0,4296.0,4341.0,4700.0,5878.0,6748.0,,,,,,,,,,,,,,,,,,,,,,,,,,,,,,,,,,,,,,,,,,,,,,,,,,,,,,,,,,,,,,,,,,,,,,,,,,,,,,,,
,SG&A,245.8,321,377,,244.10000000000002,318.8,373.5,490.2,375.7,437.5,468.40000000000003,611.8,513,586.7,635,813,577,646,656,913,652,799,782,1001,748,840,804,990,862,894,890,1062,774,891,913,1159,873,968,942,1142,1011,1111,1113,1199,1057,1199,1110,1351,1144,1237,1218,1306,983,1093,1027,1305,993,1112,1206,1349,1103,1292,1244,1297,1039,1174,1147,1406,1099,1333,1268,1532,1149,1256,1207,1501,1287,1265,1329,1762,1226,1345,1260,1434,1213,1313,1276,1468,1224,1237,1293,1764,1712,1686,1565,1819,1665,1650,1700,1819,,,851,974,1449,1893,2547.7,2792,3234,3382,3708,3737,3925,4434,4717,4905,4408,4660,4936,4766,5232.0,5113.0,5643.0,5265.0,5270.0,5518.0,6782.0,6834.0,6492.299999999999,6167.684999999999,5859.3007499999985,5566.335712499998,5288.018926874998,5023.617980531248,4772.437081504685,4533.815227429451,4307.124466057978,4091.7682427550785,,,,,,,,,,,,,,,,,,,,,,,,,,,,,,,,,,,,,,,,,,,,,,,,,,,,,,,,,,,,,,,,,,,,,,
,Op Expenses,449.20000000000005,555,681,,447.5,552.4,677.6,847.5999999999999,717.3,822.1,868.4000000000001,1106.6,945.9,1047.1,1130,1421,1098,1210,1215,1571,1276,1528,1617,2004,1551,1617,1503,1775,1523,1673,1590,1832,1379,1548,1526,2023,1490,1610,1631,1967,1714,1919,1876,2041,1780,2006,1959,2268,1995,2181,2184,2474,1977,2072,2007,2473,1849,2030,2292,2406,1961,2192,2234,2353,1787,2025,2005,2431,1838,2183,2174,2694,2008,2162,2184,2786,2214,2201,2366,2947,2170,2381,2257,2753,2147,2333,2372,2759,2268,2329,2363,3258,3029,3109,3005,3517,3140,3335,3590,3517,,,1696,1839,2566,3514,4544,5094,6425,6446,6618,6476,6698,7550,8013,8834,8529,8577,8740,8248,8889.0,9140.0,9728.0,9561.0,9611.0,10218.0,12660.0,13582.0,6492.299999999999,6167.684999999999,5859.3007499999985,5566.335712499998,5288.018926874998,5023.617980531248,4772.437081504685,4533.815227429451,4307.124466057978,4091.7682427550785,,,,,,,,,,,,,,,,,,,,,,,,,,,,,,,,,,,,,,,,,,,,,,,,,,,,,,,,,,,,,,,,,,,,,,
,Op Income,347.0999999999999,321,325,,457.4000000000001,564.6,620.9999999999999,665.2000000000003,765.6000000000001,894.7999999999998,1003.7999999999997,856.5,1025.4999999999995,1102.5,1136,1012,1246,1432,1434,1189,1389,1584,1510,1280,1577,1565,1523,1405,1548,1579,1695,1370,1455,1638,1744,1251,1598,1645,1601,1306,1452,1471,1475,1289,1602,1803,1686,1426,1572,1784,1849,1767,1860,2319,2263,2033,2449,2551,2686,2366,2859,2446,2550,2859,2995,3075,3033,2555,3038,3131,2971,2717,2770,2973,2793,2621,3176,3247,3183,2728,2864,3111,3452,2997,3140,3335,3277,3009,2821,3515,3403,3660,3078,3873,4044,4033,3589,4293,4305,4417.218999999999,,,1509.4,1720.1,2110.6000000000004,3519.5,4276,5300.942999999999,5763,6070,6192,6088,6150,5645.4,3548.6234999999997,3572.6892499999994,3221.624824999999,2503.2976974999983,2301.4959624999974,8132.35,8408.0,11157.0,12334.0,12424.0,12761.0,13399.0,15750.399999999998,16587.305,23107.8875,23528.884680000003,23639.65785130001,23760.524287913002,23876.808802244137,24409.570449824758,25020.294294936393,25995.1255361082,27220.132849080444,21203.973746792515,,,,,,,,,,,,,,,,,,,,,,,,,,,,,,,,,,,,,,,,,,,,,,,,,,,,,,,,,,,,,,,,,,,,,,
,Other,36.7,32.8,12.1,,36.7,32.8,12.1,18.4,25.9,31.6,9.4,15,21.1,10.1,15,7,10,-14,14,10,80,21,39,40,45,7,-21,1,22,9,-3,18,-28,-38,-2,16,4,13,22,-1,57,39,-71,-111,-77,-211,-160,-165,-99,-145,-185,-173,-160,-144,-129,-173,-146,-79,-147,-120,-144,-176,-109,-202,-131,-156,-58,-31,-107,-185,-229,-197,-158,-550,-219,-65,-335,-293,-302,-318,-285,-227,-296,-335,-295,-410,-268,-458,-363,-337,-225,-635,-654,-797,-776,-715,-723,-694,-685,-715,,,,,,82,53.2,20,180,150,46,-23.6,38,0,139.73457,168.87259875299998,198.4309373581487,225.44937788077806,247.00647977628617,267.13964907026883,-718.0,-992.0,-1262.0,-1197.0,-1431.0,-1560.0,-2942.0,-2817.0,0.0,184.8631,374.5730822400001,566.6869297083202,761.3046194492907,958.4095268228383,1161.353366636019,1370.8065479285983,1589.7340046008926,1820.2129394303433,,,,,,,,,,,,,,,,,,,,,,,,,,,,,,,,,,,,,,,,,,,,,,,,,,,,,,,,,,,,,,,,,,,,,,
,Pretax,383.7999999999999,353.8,337.1,,495.80000000000007,602.6999999999999,633.0999999999999,683.6000000000003,796.7000000000002,931.6999999999998,1013.1999999999997,871.5,1051.8999999999994,1117.8999999999999,1151,1019,1256,1418,1448,1199,1469,1605,1549,1320,1622,1572,1502,1406,1570,1588,1692,1388,1427,1600,1742,1267,1602,1658,1623,1305,1509,1510,1404,1178,1525,1592,1526,1261,1473,1639,1664,1594,1700,2175,2134,1860,2303,2472,2539,2246,2715,2270,2441,2657,2864,2919,2975,2524,2931,2946,2742,2520,2612,2423,2574,2556,2841,2954,2881,2410,2579,2884,3156,2662,2845,2925,3009,2551,2458,3178,3178,3025,2424,3076,3268,3318,2866,3599,3620,3702.218999999999,,,1509.4,1720.1,2110.6000000000004,3601.5,4329.2,5320.942999999999,5943,6220,6238,6064.4,6188,5645.4,3688.3580699999998,3741.5618487529996,3420.0557623581476,2728.7470753807766,2548.5024422762835,8399.489649070269,7690.0,10165.0,11072.0,11227.0,11330.0,11839.0,12808.399999999998,13770.305,23107.8875,23713.74778,24014.23093354001,24327.211217621323,24638.113421693426,25367.979976647595,26181.647661572413,27365.9320840368,28809.86685368134,23024.18668622286,,,,,,,,,,,,,,,,,,,,,,,,,,,,,,,,,,,,,,,,,,,,,,,,,,,,,,,,,,,,,,,,,,,,,,
,Tax,153.2,185.2,196.3,,153.2,185.2,196.3,211.9,233.5,273.3,298.9,256.7,295,304,312.2,263.8,332,314,381,271,368,370,325,260,352,307,321,318,352,353,384,264,307,289,224,202,320,332,310,202,251,229,0,117,238,191,156,135,0,147,135,0,131,352,93,0,253,344,329,113,358,334,401,348,389,391,360,0,308,351,235,257,382,385,309,280,365,227,185,262,211,362,271,232,199,430,249,340,465,525,511,482,389,472,271,500,243,136,705,370.22189999999995,,,,,,1063,1175,1298,1323,1368.4,1353,1364.49,1164,1100.853,774.5551946999999,785.7279882381299,718.211710095211,573.036885829963,535.1855128780195,1763.8928263047562,1151.0,1356.0,869.0,808.0,1218.0,1983.0,1632.0,1454.2219,4621.5775,4742.749556000001,4802.846186708002,4865.442243524265,4927.622684338686,5073.59599532952,5236.329532314483,5473.18641680736,5761.973370736268,4604.837337244572,,,,,,,,,,,,,,,,,,,,,,,,,,,,,,,,,,,,,,,,,,,,,,,,,,,,,,,,,,,,,,,,,,,,,,
,Net Income,230.5999999999999,168.60000000000002,140.8,,342.6000000000001,417.49999999999994,436.7999999999999,471.7000000000003,563.2000000000002,658.3999999999999,714.2999999999997,614.8,756.8999999999994,813.8999999999999,838.8,755.2,924,1104,1067,928,1101,1235,1224,1060,1270,1265,1181,1088,1218,1235,1308,1124,1120,1311,1518,1065,1282,1326,1313,1103,1258,1281,1404,1061,1287,1401,1370,1126,1473,1492,1529,1594,1569,1823,2041,1860,2050,2128,2210,2133,2357,1936,2040,2309,2475,2528,2615,2524,2623,2595,2507,2263,2230,2038,2265,2276,2476,2727,2696,2148,2368,2522,2885,2430,2646,2495,2760,2211,1993,2653,2667,2543,2035,2604,2997,2818,2623,3463,2915,3331.997099999999,,,1509.4,1720.1,2110.6000000000004,2538.5,3154.2,4022.9429999999993,4620,4851.6,4885,4699.91,5024,4544.547,2913.8028753,2955.8338605148697,2701.8440522629367,2155.7101895508135,2013.3169293982642,6635.596822765512,6539.0,8809.0,10203.0,10419.0,10112.0,9856.0,11176.399999999998,12316.0831,18486.31,18970.998224000003,19211.38474683201,19461.76897409706,19710.49073735474,20294.383981318075,20945.318129257932,21892.74566722944,23047.89348294507,18419.34934897829,18050.96236199872,17689.943114758746,17336.14425246357,16989.4213674143,16649.632940066014,16316.640281264694,15990.3074756394,15670.501326126612,15357.091299604079,15049.949473611998,14748.950484139757,14453.971474456963,14164.892044967823,13881.594204068466,13603.962319987097,13331.883073587354,13065.245412115608,12803.940503873295,12547.861693795829,12296.904459919911,12050.966370721513,11809.947043307082,11573.74810244094,11342.273140392123,11115.427677584279,10893.119124032593,10675.25674155194,10461.751606720902,10252.516574586483,10047.466243094754,9846.51691823286,9649.586579868203,9456.594848270839,9267.462951305422,9082.113692279314,8900.471418433728,8722.461990065054,8548.012750263753,8377.052495258478,8209.511445353308,8045.321216446241,7884.414792117316,7726.72649627497,7572.19196634947,7420.748127022481,7272.333164482031,7126.88650119239,6984.348771168542,6844.661795745171,6707.768559830267,6573.613188633662,6442.140924860988,6313.298106363768,6187.032144236493,6063.291501351763,5942.025671324728,5823.185157898233,5706.721454740268,5592.587025645463,5480.735285132553,5371.120579429902,5263.698167841304,5158.424204484478,5055.255720394788,4954.1506059868925,4855.067593867155,4757.966241989811,4662.806917150015,4569.5507788070145,4478.159763230874
,EPS,0.21241709653647745,0.15344011649071718,0.12981744421906696,,0.3155858511422256,0.379959956315981,0.3353036002149381,0.35008163871159287,0.41721609008074684,0.48878990348923523,0.5298961424332342,0.4588059701492537,0.5680300187617257,0.6176671473021172,0.6354545454545454,0.5764885496183206,0.7162790697674418,0.8832,0.8542834267413931,0.7465808527755431,0.9069192751235585,1.0457239627434378,1.0425894378194207,0.902127659574468,1.083617747440273,1.1174911660777385,1.0844811753902663,0.997250229147571,1.1164069660861595,1.1435185185185186,1.2304797742238947,1.05937794533459,1.0800385728061717,1.2903543307086613,1.4867776689520078,1.0523715415019763,1.2975708502024292,1.3755186721991701,1.364864864864865,1.1659619450317125,1.3382978723404255,1.370053475935829,1.536105032822757,1.2337209302325582,1.6107634543178975,1.7847133757961784,1.7496807151979565,1.4473007712082262,1.9280104712041886,1.9528795811518325,1.9960835509138382,2.0809399477806787,2.04296875,2.3736979166666665,2.6472114137483787,2.4093264248704664,2.6623376623376624,2.7708333333333335,2.892670157068063,2.8028909329829172,3.1013157894736842,2.577896138482024,2.7309236947791167,3.086898395721925,3.340080971659919,3.444141689373297,3.592032967032967,3.4861878453038675,3.689170182841069,3.9318181818181817,3.86286594761171,3.5359375,3.562300319488818,3.3409836065573773,3.762458471760797,3.8060200668896322,4.168350168350169,4.606418918918919,4.577249575551782,3.6717948717948716,4.075731497418245,4.378472222222222,5.06140350877193,4.300884955752212,4.802177858439202,4.646182495344506,5.130111524163569,4.1020408163265305,3.704460966542751,4.940409683426443,4.9572490706319705,4.745120941349295,3.796641791044776,4.813308687615526,5.529520295202952,5.199261992619927,4.848428835489834,6.401109057301294,5.378228782287823,6.147596125461253,,,,,,1.8859583952451708,2.389545454545454,3.1978879173290933,3.8954468802698146,4.327921498661909,4.549476135040745,4.6009887420460105,5.206217616580311,4.981690326116744,3.705949602925278,3.863835111784143,3.510027999042464,2.815161853804523,2.6790644436437314,9.068120017445182,9.833082706766918,14.464696223316913,17.29322033898305,18.18324607329843,18.682678983833718,18.319702602230482,20.687459509486345,22.797007126330403,34.2180657103193,35.11522114576585,35.56017537590377,36.02363530605657,36.48401802379406,37.56480144621578,38.76967724064402,40.523360790799515,42.66153351771415,34.094121886123624,,,,,,,,,,,,,,,,,,,,,,,,,,,,,,,,,,,,,,,,,,,,,,,,,,,,,,,,,,,,,,,,,,,,,,
,Shares,1085.6,1098.8,1084.6,,1085.6,1098.8,1302.7,1347.4,1349.9,1347,1348,1340,1332.5,1317.7,1320,1310,1290,1250,1249,1243,1214,1181,1174,1175,1172,1132,1089,1091,1091,1080,1063,1061,1037,1016,1021,1012,988,964,962,946,940,935,914,860,799,785,783,778,764,764,766,766,768,768,771,772,770,768,764,761,760,751,747,748,741,734,728,724,711,660,649,640,626,610,602,598,594,592,589,585,581,576,570,565,551,537,538,539,538,537,538,535.918901,536,541,542,542,541,541,542,542,,,,,,1346,1320,1258,1186,1121,1073.75,1021.5,965,912.25,786.25,765,769.75,765.75,751.5,731.75,665.0,609.0,590.0,573.0,541.25,538.0,540.25,540.25,540.25,540.25,540.25,540.25,540.25,540.25,540.25,540.25,540.25,540.25,,,,,,,,,,,,,,,,,,,,,,,,,,,,,,,,,,,,,,,,,,,,,,,,,,,,,,,,,,,,,,,,,,,,,,
,,,,,,,,,,,,,,,,,,,,,,,,,,,,,,,,,,,,,,,,,,,,,,,,,,,,,,,,,,,,,,,,,,,,,,,,,,,,,,,,,,,,,,,,,,,,,,,,,,,,,,,,,,,,,,,,,,,,,,,,,,,,,,,,,,,,,,,,,,,,,ROIC,0.01,,,,,,,,,,,,,,,,,,,,,,,,,,,,,,,,,,,,,,,,,,,,,,,,,,,,,,,,,,,,,,,,,,,
,GM%,,,,,,,,,0.8419349344234373,0.8411640781931311,0.8478398695770311,0.8365720617062985,0.8414358273934013,0.8316954267584926,0.8352377441946185,0.836369886558955,0.8273914578185669,0.8329129886506935,0.8398858592263792,0.8437786609599511,0.8284115635685422,0.8634850166481687,0.8657253599114064,0.8563233376792699,0.8483862218605913,0.8535407725321889,0.8379950152312379,0.8491321762349799,0.8499861610849709,0.8639744952178533,0.847741935483871,0.8536390295921088,0.8567110036275696,0.858066253703205,0.8578174186778594,0.8595431871882384,0.8596881959910914,0.8556782334384858,0.8469601677148847,0.8521218432699817,0.8542903399892067,0.8562768375852488,0.85,0.85,0.8354743083003953,0.8507929417020326,0.8439453577216949,0.8355575661615019,0.841670599339311,0.8474032913015601,0.8494102780117945,0.8463380562761924,0.8487060384870604,0.8476833976833977,0.8487378254820115,0.8452447945976365,0.8539638386648123,0.853072625698324,0.8698235191333217,0.8619942196531792,0.8720825040709246,0.8154008438818565,0.8232662192393736,0.8737636211232188,0.8751830161054173,0.8777969018932874,0.8726831803221895,0.859358841778697,0.8779258192293842,0.8770424162403037,0.8714430894308943,0.8685393258426967,0.8598164477235919,0.8746380514392778,0.8675265818371971,0.8725189607874778,0.8748579776010388,0.8778601353528843,0.8639265140899891,0.8554416641543563,0.8530757498729029,0.841556849524977,0.8513271696987772,0.8399065147531405,0.8475472907983328,0.8595693054291781,0.8492182802164763,0.8433981576253838,0.8335790335790336,0.8365302032636702,0.8352890047805303,0.8440702781844802,0.8200617698402041,0.8323795898903195,0.8290015288721627,0.8309487123046445,0.8257454902442017,0.8310273450266914,0.8260960552474625,0.83,,,0.8870869541152377,0.8893081132405487,0.8640209880648857,0.8417808629046736,0.8359909060871323,0.8362786001609009,0.8542192318474909,0.8473359962087875,0.8538292341531694,0.855,0.85,0.85,0.85,0.85,0.85,0.85,0.85,0.85,0.85,,0.8677627438640655,0.8462604411255245,0.8499031265433271,0.8377793543809862,0.85,0.85,0.85,0.85,0.85,0.85,0.85,0.85,0.85,0.85,0.85,0.85,,Mat,-0.02,,,,,,,,,,,,,,,,,,,,,,,,,,,,,,,,,,,,,,,,,,,,,,,,,,,,,,,,,,,,,,,,,,,
,R&D % of sales,,,,,,,,,0.19394765230227676,0.18842780853461372,0.18114301240829636,0.21085826301883578,0.18477101028639722,0.17813201269055173,0.182454847032805,0.20900653145410794,0.1839039887045535,0.17780580075662042,0.17723525681674066,0.20116172424335066,0.1939695368355611,0.20227524972253053,0.23117386489479513,0.26153846153846155,0.21779224301600217,0.2084227467811159,0.19357518692882858,0.2096128170894526,0.18295045668419596,0.20696068012752392,0.18064516129032257,0.20527859237536658,0.18288996372430472,0.17694586587664962,0.16080797481636935,0.22683118928852716,0.1717706013363029,0.16876971608832808,0.18055555555555555,0.21478781567300181,0.18969239071775498,0.2040919424096994,0.1934584178498986,0.21193053108482254,0.17860671936758893,0.18025463480008935,0.1965732808520491,0.20741913594209455,0.20080226521944314,0.20175251122034624,0.2034540859309183,0.23308720814208742,0.21986286219862863,0.18899613899613898,0.19479228781554364,0.21909585443631588,0.17007748857540234,0.17094972067039105,0.1897606150620304,0.1909320809248555,0.1552379229238285,0.15822784810126583,0.17036654620547237,0.17703269069572505,0.13689604685212298,0.14647160068846815,0.14862289970552572,0.17666321957945536,0.1330572560316889,0.14028717610166694,0.15345528455284552,0.18651685393258427,0.1545798092495951,0.1543178334184977,0.1702980651908663,0.20735839922543167,0.1504625872423308,0.15082178536899774,0.16145103534174063,0.17862526379258367,0.15997288595153364,0.15874961691694758,0.14867283030122277,0.19266725094945955,0.14972747675537032,0.15468607825295724,0.16476247745039085,0.18877028805380905,0.171007371007371,0.156312625250501,0.15500507025930754,0.1822840409956076,0.17684973814959043,0.1696471149260849,0.16935199341408916,0.186880915694475,0.1810038041477482,0.18357119511929404,0.1977608035994559,0.17762806900086828,,,0.23385177395251008,0.2161365283226306,0.20637032110261241,0.19400394949434505,0.18921639975303198,0.18519710378117457,0.22364732268012336,0.20743348453049895,0.1939612077584483,0.19,0.18,0.175,0.16999999999999998,0.16499999999999998,0.15999999999999998,0.15499999999999997,0.14999999999999997,0.14499999999999996,0.13999999999999996,,0.16067495280050345,0.16536433273028214,0.16491281388899443,0.1667257892869812,0.17586165629487793,0.1901203889184719,0.0,0.0,0.0,0.0,0.0,0.0,0.0,0.0,0.0,0.0,,Dis,0.08,,,,,,,,,,,,,,,,,,,,,,,,,,,,,,,,,,,,,,,,,,,,,,,,,,,,,,,,,,,,,,,,,,,
,SG&A % of sales,,,,,,,,,0.2133083517856129,0.21434520601636373,0.21211846753011507,0.26071763402369386,0.2189594092790986,0.22699837499032735,0.23405823811279028,0.2794774836713647,0.20367102012001412,0.20365699873896595,0.20798985415345592,0.27911953531030265,0.20267329810382345,0.22169811320754718,0.21650055370985605,0.26101694915254237,0.2028749660970979,0.22532188841201717,0.22265300470783717,0.2643524699599466,0.23858289510102407,0.23751328374070138,0.2296774193548387,0.28312450013329776,0.23397823458282951,0.23996768112038783,0.2395068205666317,0.30427933840903126,0.2430400890868597,0.2544689800210305,0.2468553459119497,0.29731840666493103,0.27280086346465193,0.2806264208133367,0.28220081135902636,0.30178706267304306,0.26111660079051385,0.2678132678132678,0.2570039360963186,0.30558697127346757,0.26993865030674846,0.26437272921564436,0.2565290648694187,0.26062662143284776,0.2174297721742977,0.211003861003861,0.2041343669250646,0.24479459763646597,0.19729783429366182,0.20707635009310987,0.21072863882579068,0.24367774566473988,0.19956576804776552,0.2271448663853727,0.21407675098950266,0.21743503772003353,0.1901537335285505,0.20206540447504304,0.19868352676251516,0.24233023095484316,0.19787540511343177,0.2200033008747318,0.21476964769647697,0.24590690208667737,0.20676624077739789,0.21393289047862374,0.21038870489803033,0.24221397450379215,0.20889465995779904,0.20383499838865615,0.2069126576366184,0.2656014470907446,0.20776139637349603,0.20609868219429972,0.18789144050104384,0.20946538124452235,0.19445335043283105,0.19912041249620868,0.19182200841852073,0.21465126480479602,0.2004914004914005,0.17706842255940453,0.18730986527596696,0.21522693997071743,0.22989123136833625,0.2010014306151645,0.18405268728683993,0.200198106977768,0.20431954841084796,0.1797581435886262,0.17788008789369048,0.19028589959515865,,,0.23551225992140365,0.24337222957947077,0.2677086797472564,0.22655735742923822,0.2414800489158942,0.2246178600160901,0.2266610597140454,0.2289621555751134,0.2471505698860228,0.24,0.195,0.2,0.205,0.21,0.22,0.23,0.23,0.23,0.23,,0.22195563247325362,0.20266368990338351,0.20020514379060136,0.19574317133735367,0.202908089995213,0.19254338142691718,0.18643310958756593,0.1765366271758563,0.16883326983890592,0.16133283125293224,0.15411769716561619,0.14507688467239266,0.13615977226199405,0.12623244852038118,0.11612351050883689,0.1374936148454928,,NPV,180405.08700923913,,,,,,,,,,,,,,,,,,,,,,,,,,,,,,,,,,,,,,,,,,,,,,,,,,,,,,,,,,,,,,,,,,,
,Operating Margin,,,,,,,,,0.4346789303355477,0.4383910636421537,0.45457838963861963,0.3649961646637689,0.43770540782790546,0.42656503907761356,0.41872465904902323,0.3478858714334823,0.4398164489939993,0.4514501891551072,0.45466074825618263,0.36349740140629777,0.4317687286291576,0.43951165371809103,0.41805094130675524,0.33376792698826596,0.4277190127474912,0.4197961373390558,0.4217668235945721,0.3751668891855808,0.4284528092997509,0.41950053134962806,0.4374193548387097,0.36523593708344443,0.4398428053204353,0.4411527067061675,0.45750262329485836,0.32843265949067996,0.4448775055679287,0.4324395373291272,0.4195492662473795,0.34001562093204896,0.3917970858067998,0.3715584743622127,0.37398580121703856,0.32443996979612383,0.3957509881422925,0.40272503908867546,0.39036814077332715,0.32255145894593984,0.3709296838131194,0.38127805086556954,0.38942712721145745,0.35262422670125726,0.411413404114134,0.4476833976833977,0.4498111707414033,0.3813543425248546,0.4865885157957481,0.4750465549348231,0.4693342652455006,0.42738439306358383,0.5172788130993305,0.430028129395218,0.43882292204439854,0.4792958927074602,0.5481332357247438,0.5292598967297762,0.5253767538541486,0.4403653912443985,0.5469931580842636,0.516751939263905,0.5032181571815718,0.43611556982343497,0.4984703976965989,0.5063873275421563,0.4868398117483005,0.422946587058254,0.5155007304009089,0.5232033515952305,0.4955628211116301,0.411214953271028,0.4853414675478732,0.47670855041372967,0.5147628988965106,0.4377738825591586,0.5033664636101315,0.5057628146800122,0.49263379434756466,0.43997660476677874,0.4620802620802621,0.5031491554537647,0.49297406924525566,0.4465592972181552,0.4133208003222774,0.4617310443490701,0.47559684817123365,0.4438696896324015,0.4404221376856056,0.4676980063187711,0.4504551637543162,0.46208603140397303,,,0.41772292024132396,0.4297993553384473,0.3899419872150168,0.4212195559810903,0.4052944574182061,0.4264636363636363,0.4039108494533221,0.41094035610317514,0.41271745650869823,0.4157901925966398,0.4085564339334352,0.3636562741561453,0.26089155861198904,0.24477004310396502,0.2330413184007004,0.19203482622629225,0.1771745037782056,0.42199937730268283,0.4142280027588925,0.4775704134919955,0.4851321585903084,0.4782324184918588,0.48478516886373135,0.4753103937566513,0.471230253709909,0.46733622965461086,0.6635668904124341,0.6734633728241437,0.6811667301610941,0.6886671687470678,0.6958823028343839,0.7049231153276073,0.7138402277380059,0.7237675514796188,0.7338764894911631,0.7125063851545071,,,333.46596489693,,,,,,,,,,,,,,,,,,,,,,,,,,,,,,,,,,,,,,,,,,,,,,,,,,,,,,,,,,,,,,,,,,,
,Net Margin,,,,,,,,,0.31976381082155236,0.32257116260839735,0.3234761344081151,0.2619960794340748,0.32306116351530134,0.31490366014083415,0.3091780316992259,0.2596081127535236,0.3261560183551006,0.3480453972257251,0.3383005707038681,0.2837052889024763,0.3422443270127448,0.34267480577136517,0.3388704318936877,0.27640156453715775,0.3444534852183347,0.33932403433476394,0.32705621711437277,0.290520694259012,0.33711597010794353,0.3281083953241233,0.3375483870967742,0.2996534257531325,0.3385731559854897,0.3530837597629949,0.3982161594963274,0.27960094512995537,0.3569042316258352,0.34858044164037855,0.3440775681341719,0.28716480083311635,0.3394495412844037,0.323566557211417,0.35598377281947263,0.26705260508431916,0.3179347826086957,0.312932767478222,0.31720305626302386,0.2546935082560507,0.34756960830580463,0.31887155375080145,0.32203032855939345,0.3181001796048693,0.3470471134704711,0.3519305019305019,0.40568475452196384,0.3489026449071469,0.4073117424995033,0.3962756052141527,0.3861611043159182,0.3852962427745665,0.42645196309028405,0.340365682137834,0.35105833763551886,0.3870913663034367,0.4529648609077599,0.4351118760757315,0.45297072579248226,0.4350224060668735,0.47227223622614334,0.42828849645155964,0.42462737127371275,0.3632423756019262,0.40129566312758685,0.34712996082439107,0.39480564755098485,0.36727448765531706,0.40188281123194286,0.43941347083467613,0.41974155379106337,0.3237865541151643,0.4012879173021522,0.38645418326693226,0.43021175067104084,0.3549517966695881,0.424174414876563,0.378374279648165,0.4149128081779916,0.3232928790758883,0.32645372645372644,0.37975951903807614,0.38635375923511517,0.3102733040507565,0.27326440177252587,0.3104434907010014,0.35246383629307304,0.3101474796390051,0.32187998527426676,0.37727421287721974,0.30501203306476926,0.3485607837393951,,,0.41772292024132396,0.4297993553384473,0.3899419872150168,0.3038118604511998,0.2989662716530649,0.3236478680611423,0.32380151387720774,0.3284544038995329,0.3256015463573952,0.3209882529709056,0.33375406895635423,0.292743300695697,0.2142201260925855,0.20250839936509568,0.19544215551307897,0.16537043598852202,0.15498981259429362,0.3443306949699295,0.32214996551384373,0.3770653197500214,0.4013137193203272,0.40105469802532817,0.3841507426965012,0.3496275274920184,0.3343824796553374,0.3469974079615026,0.5308535123299473,0.5430037429966221,0.5535679159225494,0.5640734680681648,0.5744562348305545,0.5860807919243058,0.5975793284917664,0.6095473131963539,0.6213895888462347,0.618936062563451,,,,,,,,,,,,,,,,,,,,,,,,,,,,,,,,,,,,,,,,,,,,,,,,,,,,,,,,,,,,,,,,,,,,,,
,Tax Rate,,,0.5823197864135271,,0.3089955627269059,0.30728388916542226,0.3100616016427105,0.3099765944997073,0.29308397138195047,0.29333476440914463,0.29500592183182006,0.2945496270797475,0.2804449092119024,0.27193845603363453,0.27124239791485666,0.2588812561334642,0.2643312101910828,0.22143864598025387,0.26312154696132595,0.22602168473728107,0.25051055139550715,0.23052959501557632,0.20981278244028406,0.19696969696969696,0.21701602959309493,0.19529262086513996,0.2137150466045273,0.22617354196301565,0.22420382165605096,0.22229219143576825,0.22695035460992907,0.19020172910662825,0.21513665031534687,0.180625,0.1285878300803674,0.15943172849250198,0.19975031210986266,0.20024125452352232,0.19100431300061615,0.15478927203065135,0.1663353214049039,0.15165562913907285,0,0.09932088285229201,0.1560655737704918,0.1199748743718593,0.10222804718217562,0.1070578905630452,0,0.0896888346552776,0.0811298076923077,0,0.07705882352941176,0.1618390804597701,0.04358013120899719,0,0.10985670864090318,0.13915857605177995,0.1295785742418275,0.05031166518254675,0.1318600368324125,0.14713656387665197,0.1642769356820975,0.13097478359051562,0.13582402234636873,0.13394998287084617,0.12100840336134454,0,0.10508358921869669,0.11914460285132383,0.08570386579139315,0.10198412698412698,0.14624808575803983,0.15889393314073463,0.12004662004662005,0.10954616588419405,0.1284758887715593,0.07684495599187542,0.06421381464769177,0.1087136929460581,0.08181465684373788,0.12552011095700416,0.08586818757921419,0.08715251690458302,0.06994727592267136,0.147008547008547,0.08275174476570289,0.13328106624852998,0.18917819365337674,0.16519823788546256,0.16079295154185022,0.15933884297520662,0.1604785478547855,0.15344603381014305,0.08292533659730722,0.1506931886678722,0.08478715980460572,0.037788274520700195,0.19475138121546962,0.1,,,0,0,0,0.2951547966125226,0.27141273214450706,0.24394172236011552,0.2226148409893993,0.22,0.225,0.225,0.1881060116354234,0.195,0.21,0.21,0.21,0.21,0.21,0.21,,,0.07848627167630058,0.07196935957958493,0.10750220653133274,0.16749725483571248,0.12741638299865715,0.10560564199558398,0.2,0.2,0.2,0.2,0.2,0.2,0.2,0.2,0.20000000000000004,0.2,,,,,,,,,,,,,,,,,,,,,,,,,,,,,,,,,,,,,,,,,,,,,,,,,,,,,,,,,,,,,,,,,,,,,,
,,,,,,,,,,,,,,,,,,,,,,,,,,,,,,,,,,,,,,,,,,,,,,,,,,,,,,,,,,,,,,,,,,,,,,,,,,,,,,,,,,,,,,,,,,,,,,,,,,,,,,,,,,,,,,,,,,,,,,,,,,,,,,,,,,,,,,,,,,,,,,,,,,,,,,,,,,,,,,,,,,,,,,,,,,,,,,,,,,,,,,,,,,,,,,,,,,,,,,,,,,,,,,,,,
,Revenue y/y,,,,,0.12068007556395166,0.2389880952380954,0.24247948951686404,0.8358627858627861,0.7464551313832422,0.6343182000160139,0.47282064963649706,0.3286903346356378,0.3302106398682789,0.26627798735975694,0.22860248165927,0.23966589959942053,0.20918519783174716,0.22726920993577338,0.16255068190195354,0.12444138879339972,0.1355453582774444,0.1361916771752838,0.14521242866201645,0.17242433506572907,0.14609884986011812,0.03440621531631516,-0.0002768549280177668,-0.023468057366362483,-0.020070518036343965,0.00965665236051505,0.07310994184436437,0.0016021361815754531,-0.08441738167727653,-0.013549415515409113,-0.01625806451612899,0.015462543321780764,0.08585247883917768,0.0245084837058982,0.0010493179433368471,0.008401155158834328,0.031737193763919924,0.04074658254468977,0.03354297693920327,0.03436605050768038,0.09228278467350237,0.13084112149532712,0.09508113590263689,0.1127611376793356,0.04693675889328053,0.04511949966495421,0.09932854827506366,0.13345396969011536,0.06677678150070787,0.10707416114554391,0.05960404380791906,0.06385950908002402,0.11324928113249277,0.03667953667953672,0.1375472073146491,0.038454323766647924,0.0981521955096365,0.05921787709497206,0.015376550760090923,0.07749277456647397,-0.011398588746155291,0.021448663853727234,-0.006539321975563617,-0.027326068734283337,0.016471449487554857,0.04285714285714293,0.022691841330330753,0.07376766632195797,0.0005401512423479637,-0.03102822247895687,-0.028285907859078585,-0.005296950240770482,0.10869174014756156,0.05706012604326349,0.11957469060484582,0.07051799257705338,-0.04220094140561592,0.051563003544956576,0.044060407909076726,0.0319565872776606,0.05710896458227421,0.01041985902543674,-0.008052490307187576,-0.0010224948875255935,-0.021320936197499196,0.05944798301486198,0.03773301262778106,0.19842082175756692,0.2198198198198198,0.2006870884626395,0.23178328263074022,0.10858955588091757,0.09426614744192285,0.0943013829279924,0.12395625073503469,0.05209112920977321,,,,0.10757181601815469,0.3524399690162665,0.5437128182389239,0.2626837412482794,0.17815951957630993,0.14786806114239748,0.0352537146061116,0.015706451831291046,-0.02406185429580754,0.02806993580112005,0.03128944396465827,-0.12381409430559132,0.07309230835963487,-0.05287989501308743,-0.057046083717509966,-0.00350186755440296,0.483526331543501,0.05329251206476049,0.15095083259434428,0.08826299118226189,0.021829767149150303,0.013241464259594382,0.07092656612088288,0.18566867683575738,0.06191060315940655,-0.018864123651506137,0.0032561341038803704,-0.006654340242976953,-0.005834056829362888,-0.005525046707747894,0.009201518477303772,0.012215562270319946,0.024711040347201507,0.03270066129490834,-0.1976548503189538,,,,,,,,,,,,,,,,,,,,,,,,,,,,,,,,,,,,,,,,,,,,,,,,,,,,,,,,,,,,,,,,,,,,,,
,Revenue LC y/y,,,,,,,,,,,,,,,,,,,,,,,,,,,,,,,,,,,,,,,,,,,,,,,,,,,,,,,,,,,,,,,,,,,,,,,,,,,,,,,,,,,,,,,,,,,,,,,,,,,,,,,,,,,,,,,,,,,,,,,,,,,,,,,,,,,,,,,,,,,,,,,,,,,,,,,,,,,,,,,,,,,,,,,,,,,,,,,,,,,,,,,,,,,,,,,,,,,,,,,,,,,,,,,,
,Products y/y,,,,,,,,,0.800572309046885,0.7188340807174889,0.5442116213404666,0.3801184015786876,0.3494498777506112,0.268301591442734,0.23183524203637784,0.24128686327077742,0.2388458576799386,0.26383346361130555,0.19023437499999996,0.14038876889848817,0.1433272394881171,0.13639322916666674,0.1496553987528717,0.17960858585858586,0.1400703549728175,0.03236894872529361,0.005994861547245156,-0.03184372491303189,-0.007854137447405374,0.02441731409544956,0.07377979568671966,0.015478164731896005,-0.08453491659598533,-0.015709642470205898,-0.012684989429175508,0.018780620577027785,0.08956145768993196,-0.005778756191524459,0.006156316916488214,-1,-1,-1,,,,,,,,,,,,,,,,,,,,,,,,,,,,,,,,,,,,,,,,,,,,,,,,,,,,,,,,,,,,,,0.09750815967863424,0.39561350833547815,0.6119944269147235,0.26816066094693336,0.2049407582487126,0.1527200133089337,0.03268869966806176,0.026273495912235267,-0.022877374548920804,0.021531600585324995,0.03935879945429743,-0.10731049419177008,0.07309230835963487,-0.05287989501308743,,,,,,,,,,,,,,,,,,,,,,,,,,AMG151 deal with Array is embarassing.,,,,,,,,,,,,,,,,,,,,,,,,,,,,,,,,,,,,,,,,,,,,,,,,,,,,,,,,,,,,,,,,,
,Royalties y/y,,,,,,,,,,,,,,,,,,,,,,,,,,,,,,,,,,,,,,,,,,,,,,,,,,,,,,,,,,,,,,,,,,,,,,,,,,,,,,,,,,,,,,,,,,,,,,,,,,,,,,,,,,,,,,,,,,,,,,,,,,,,,,,,,,,,,,,,,,,,,,,"DPP4 inlicense is embarassing,",,,,,,,,,,,,,,,,,,,,,,,,,,,,,,,,,,,,,,,,,,,,,,,,,,,,,,,,,,,,,,,,,
,Prolia y/y,,,,,,,,,,,,,,,,,,,,,,,,,,,,,,,,,,,,,,,,,,,4.1,3.05,2.259259259259259,1.727272727272727,1.156862745098039,0.9012345679012346,0.6136363636363635,0.5666666666666667,0.6181818181818182,0.5324675324675325,0.380281690140845,0.4042553191489362,0.4325842696629214,0.3347457627118644,0.3877551020408163,0.28787878787878785,0.2549019607843137,0.20634920634920628,0.2941176470588236,0.2970588235294118,0.18437499999999996,0.21842105263157885,0.20738636363636354,0.14512471655328807,0.22427440633245377,0.23974082073434122,0.1623529411764706,0.20792079207920788,0.14655172413793105,0.14111498257839727,0.19838056680161942,0.1442622950819672,0.18421052631578938,0.14809160305343516,0.10472972972972983,-0.055873925501432664,0.11269841269841274,-0.003989361702127714,0.15902140672782883,0.2352048558421851,0.14550641940085596,0.16555407209612816,0.12401055408970985,0.13267813267813278,0.07347447073474478,0.13631156930125998,0.0880281690140845,0.11496746203904551,0.14385150812064973,0.11592741935483875,0.07766990291262132,0.13326848249027234,0.059837728194726214,0.05239385727190604,0.10010010010010006,,,,,,,,,,,,,,,,,,,,,,,,,,,,,,,,,,,,,,,,,,,,,,Sharer (D),,,,,,,,,,,,,,,,,,,,,,,,,,,,,,,,,,,,,,,,,,,,,,,,,,,,,,,,,,,,,,,,,
,Xgeva y/y,,,,,,,,,,,,,,,,,,,,,,,,,,,,,,,,,,,,,,,,,,,,15.75,2.642857142857143,1.452054794520548,0.9705882352941178,0.6044776119402986,0.457516339869281,0.3910614525139664,0.29850746268656714,0.3302325581395349,0.2511210762331839,0.20080321285140568,0.21839080459770122,0.13636363636363646,0.21863799283154117,0.10702341137123739,0.18867924528301883,0.0953846153846154,0.11176470588235299,0.1510574018126889,0.042328042328042326,0.05617977528089879,0.06349206349206349,0.036745406824147064,-0.017766497461928932,0.039893617021276695,0.10696517412935314,0.14430379746835453,0.1188630490956073,0.1662404092071612,0.05842696629213484,0.10398230088495586,0.09930715935334877,0.07236842105263164,0.02123142250530785,-0.12825651302605212,0.010504201680672232,0.026584867075664542,-0.027027027027026973,0.12183908045977021,0.07484407484407485,0.08565737051792821,0.07264957264957261,0.09221311475409832,-0.04255319148936165,-0.1119266055045871,0.06772908366533859,-0.0056285178236398226,0.048484848484848575,0.08884297520661155,0.04664179104477606,0.060377358490566024,0.042389210019267765,0.06451612903225801,0.00891265597147961,,,,,,,,,,,,,,,,,,,,,,,,,,,,,,,,,,,,,,,,,,,,,,CFO musical chairs (D),,,,,,,,,,,,,,,,,,,,,,,,,,,,,,,,,,,,,,,,,,,,,,,,,,,,,,,,,,,,,,,,,
,R&D y/y,,,,,,,,,,,,,0.2672716627634659,0.19708788351534046,0.23750000000000004,0.22877930476960384,0.20351120351120366,0.22502172024326672,0.12929292929292924,0.08223684210526305,0.1976967370441458,0.29255319148936176,0.4937388193202146,0.5243161094224924,0.28685897435897445,0.06584362139917688,-0.16287425149700596,-0.21734795613160518,-0.17683686176836866,0.002574002574002643,0.0014306151645206988,-0.019108280254777066,-0.08472012102874438,-0.15661103979460844,-0.12428571428571433,0.12207792207792201,0.01983471074380172,-0.022831050228310557,0.12398042414355626,-0.04513888888888884,0.13938411669367912,0.25856697819314634,0.10740203193033371,0.020606060606060517,0.028449502133712556,-0.0012376237623762387,0.11271297509829625,0.0890736342042755,0.1770401106500692,0.16976456009913266,0.13780918727915203,0.2737186477644493,0.16803760282021152,0.037076271186440746,0.01449275362318847,0,-0.1388329979879276,-0.06230847803881512,0.10816326530612241,-0.09503424657534243,0.002336448598130758,-0.019607843137254943,-0.08839779005524862,-0.0009460737937558861,-0.1282051282051282,-0.054444444444444406,-0.1333333333333333,-0.029356060606060552,-0.012032085561497374,-0.001175088131609825,0.05594405594405605,0.13365853658536575,0.16238159675236807,0.0658823529411765,0.07836644591611486,0.10585197934595536,0.07916181606519213,0.0331125827814569,0.06141248720573178,-0.0778210116731517,0.01833872707659112,0.1068376068376069,-0.03857280617164893,0.11308016877637139,-0.010593220338983023,-0.015444015444015413,0.09929789368104314,-0.021228203184230465,0.11777301927194861,0.07058823529411762,-0.02372262773722633,0.15724244771494966,0.2614942528735633,0.30311355311355315,0.3457943925233644,0.13654618473895574,0.11996962794229304,,,,,,,0.023668639053254337,0.2913294797687862,0.4512085944494182,0.23152375077112897,0.15313329659870756,0.3861859252823632,-0.039799435913506764,-0.05026109660574407,-0.05876288659793816,0.01241328952172327,0.12369275153263604,0.05776636713735561,0.1920509708737863,0.0488673962840418,,,,,,,,,,,,,,,,,,,,,,,,,,,,,,,,,,,,,,,,,,,,,,,,,,,,,,,,,,,,,,,,,,,,,,,,,,,,,,,,,,,,,,,,,,,
,SG&A y/y,,,,,,,,,,,,,0.3654511578387012,0.34102857142857146,0.35567890691716464,0.3288656423667866,0.12475633528265107,0.10107380262485077,0.03307086614173227,0.12300123001230023,0.12998266897746968,0.23684210526315796,0.19207317073170738,0.09638554216867479,0.14723926380368102,0.051314142678347885,0.028132992327365658,-0.01098901098901095,0.1524064171122994,0.06428571428571428,0.10696517412935314,0.07272727272727275,-0.10208816705336432,-0.003355704697986628,0.02584269662921357,0.09133709981167604,0.12790697674418605,0.08641975308641969,0.03176341730558607,-0.014667817083692802,0.15807560137457055,0.1477272727272727,0.18152866242038224,0.049912434325744215,0.04549950544015835,0.07920792079207928,-0.0026954177897574594,0.12677231025854874,0.08230842005676453,0.03169307756463713,0.09729729729729719,-0.033308660251665456,-0.14073426573426573,-0.11641067097817304,-0.15681444991789817,-0.0007656967840734552,0.010172939979654183,0.017383348581884617,0.17429406037000983,0.03371647509578546,0.11077542799597184,0.1618705035971224,0.031509121061359835,-0.03854707190511486,-0.05802357207615594,-0.09133126934984526,-0.07797427652733124,0.08404009252120281,0.0577478344562079,0.13543441226575803,0.10549258936355721,0.08961593172119486,0.04549590536851689,-0.057764441110277565,-0.048107255520504766,-0.020234986945169675,0.12010443864229758,0.007165605095541316,0.10107705053852523,0.1738840772818122,-0.04739704739704742,0.06324110671936767,-0.05191873589164786,-0.18615209988649262,-0.010603588907014627,-0.0237918215613383,0.012698412698412653,0.023709902370990132,0.00906842539159114,-0.05788271134805789,0.013322884012539227,0.20163487738419628,0.39869281045751626,0.36297493936944214,0.2103634957463263,0.03117913832199548,-0.027453271028037407,,,,,,,0.14453584018801413,0.4876796714579055,0.3064182194616978,0.34585314315900684,0.09589041095890427,0.1583094555873925,0.045763760049474245,0.09639266706091076,0.007820927723840354,0.05030773347605022,0.12968152866242044,0.06382498872350029,0.0398558405766376,-0.10132517838939858,,,,,,,,,,,,,,,,,,,,,,,,,,,,,,,,,,,,,,,,,,,,,,,,,,,,,,,,,,,,,,,,,,,,,,,,,,,,,,,,,,,,,,,,,,,
,EPS y/y,,,,,,,,,,,,,0.3614767796989582,0.26366592863905236,0.19920583406513725,0.25649748940883166,0.260988057160942,0.42989635090305955,0.3443659076044814,0.2950488839194405,0.2661535334517213,0.18401716796132006,0.22042568681954688,0.20834556126192205,0.19483373786783953,0.06862920416016927,0.04018047378118683,0.1054424709890529,0.03025902697084959,0.023290879812619014,0.1346252956222025,0.06229902422797573,-0.032576286591516235,0.12840702604482113,0.20829102606726635,-0.006613696144486703,0.20141158183921348,0.06600074062117223,-0.08199800591104933,0.10793754776722353,0.03138712782553843,-0.003973189440317437,0.12546309335528738,0.058114233907525126,0.2035911343869823,0.3026596458777726,0.13903716074852723,0.1731184384911164,0.19695444171883958,0.09422588951048416,0.14082731413542726,0.43780753052696975,0.05962533944331283,0.21548606456657726,0.3262027095691682,0.15780680141203107,0.303171016364133,0.16730663741086138,0.09272351352252639,0.16335043024882356,0.16488446726572525,-0.06963146881851767,-0.05591597157862216,0.1013266193832092,0.07698834894422513,0.33602810367734803,0.31531795410471886,0.12934972208198037,0.10451519413544719,0.1415959436133487,0.07539824468884326,0.014270503169572235,-0.03438981046261924,-0.1502700653842508,-0.025993000329973093,0.07638216650877805,0.1701287916534553,0.3787613054664085,0.21655816533429273,-0.03526654950205044,-0.02221950344651169,-0.04948457808743845,0.10577398615232458,0.17133039996044896,0.17823705057144257,0.06114239386139397,0.013574893855540449,-0.04623330813807003,-0.22858730439718233,0.06332665330661325,-0.033695652173913015,0.15677077674684314,0.0248837348630655,-0.025726812947780786,0.11544128939602083,0.09570694970347682,0.27703088738208903,,,,,,,,,,0.2670191773953836,0.3382829404839274,0.21813114811207313,0.11102054056558952,0.051191925834915386,0.011322755736316026,0.13154322004821117,-0.04312675861810156,-0.25608591455461116,0.042603253086398896,-0.09156889528298406,,,,,,,,,,,,,,,,,,,,,,,,,,,,,,,,,,,,,,,,,,,,,,,,,,,,,,,,,,,,,,,,,,,,,,,,,,,,,,,,,,,,,,,,,,,
,,,,,,,,,,,,,,,,,,,,,,,,,,,,,,,,,,,,,,,,,,,,,,,,,,,,,,,,,,,,,,,,,,,,,,,,,,,,,,,,,,,,,,,,,,,,,,,,,,,,,,,,,,,,,,,,,,,,,,,,,,,,,,,,,,,,,,,,,,,,,,,,,,,,,,,,,,,,,,,,,,,,,,,,,,,,,,,,,,,,,,,,,,,,,,,,,,,,,,,,,,,,,,,,,
,NET CASH,,,,2339.2999999999997,,,879.5,1616.1999999999998,1701.3000000000002,1493.3000000000002,1953.1999999999998,2043,1421.5000000000005,1166.1000000000004,734,698,93,493,1599,1298,-1814,-4030,-3225,-2735,-2477,-5906,,,,,-1419,-295,,,,,,,,,,,,,,,,,,,,,,,,,,,,,,,,,,,,,,,,,,,,,,,,,,,,,,,,,-30034,-27296,-25727,-53669,-54312,-53344,-51387,-48126,-48571,,,,,,,,,,,,,,-295,4404.91,9428.91,13973.456999999999,16887.2598753,19843.09373581487,22544.937788077805,24700.647977628618,26713.964907026882,33349.5617297924,39888.5617297924,48697.5617297924,,,,,,0.0,18486.31,37457.30822400001,56668.69297083202,76130.46194492908,95840.95268228382,116135.33666360189,137080.65479285983,158973.40046008927,182021.29394303434,200440.64329201262,,,,,,,,,,,,,,,,,,,,,,,,,,,,,,,,,,,,,,,,,,,,,,,,,,,,,,,,,,,,,,,,,,,,,,
,Cash & Equiv,,,,689.1,,,1158.7,4663.9,4757,1851.7,5025,5123,4509.1,4261.8,986,1526,1183,1621,2151,1840,3847,1947,1291,1283,1067,5306,,,,,,,,,,,2266,,,,,,,,,,,,,,,,,,,,,,,,,,,,38398,39227,,,,,,,,,,,,,,,,,,,,,,,31561,34248,34741,10944,9708,9301,9011,11973,8810,,,,,,,,,,,,,,,,,,,,,,,,,,,,,,,,,,,,,,,,,,,,,,,,,,,,,,,,,,,,,,,,,,,,,,,,,,,,,,,,,,,,,,,,,,,,,,,,,,,,,,,,,,,,,,,
,Marketable,,,,1973.1,,,2883.5,,,2812.2,,,,,2852,4282,2852,2819,3400,3415,3300,3023,4490,4994,3770,,,,,,,,,,,,11851,,,,,,,,,,,,,,,,,,,,,,,,,,,,,,,,,,,,,,,,,,,,,,,,,,,,,,,,,,,,,,,,,,,,,,,,,,,,,,,,,,,,,,,,,,,,,,,,,,,,,,,,,,,,,,,,,,,,,,,,,,,,,,,,,,,,,,,,,,,,,,,,,,,,,,,,,,,,,,,,,,,,,,,,,,,
,A/R,,,,497.2,,,622.2,752.4,845.2,752.4,1001.4,1008,1195.2,1281.2,1413,1461,1584,1707,1664,1769,1794,2018,2124,2124,2157,,,,,,,,,,,,2271,,,,,,,,,,,,,,,,,,,,,,,,,,,,3248,3560,,,,,,,,,,,,,,,,,,,,,,,5736,5830,6145,7268,6776,6934,7317,6782,8132,,,,,,,,,,,,,,,,,,,,,,,,,,,,,,,,,,,,,,,,,,,,,,,,,,,,,,,,,,,,,,,,,,,,,,,,,,,,,,,,,,,,,,,,,,,,,,,,,,,,,,,,,,,,,,,
,DSO,,,,47.16164241164241,,,37.86817181351297,38.87463903516222,43.78839493555897,33.637009455685664,41.38110225523051,39.19713628228075,46.55000213410731,45.23311150661611,47.52534095097678,45.828893090409075,51.020120014119314,49.10584804539723,48.14204185161699,49.34920513604402,50.88669567920422,51.09392341842398,53.65863787375415,50.53846153846154,53.38384865744508,,,,,,,,,,,,57.691745545657014,,,,,,,,,,,,,,,,,,,,,,,,,,,,,,,,,,,,,,,,,,,,,,,,,,,,,,,,,,,,,,,,,,,,,,,,,,,,,,,,,,,,,,,,,,,,,,,,,,,,,,,,,,,,,,,,,,,,,,,,,,,,,,,,,,,,,,,,,,,,,,,,,,,,,,,,,,,,,,,,,,,,,,,,,,,
,Inventories,,,,355.6,,,526.5,544.9,582.7,544.9,684.8,713,736.7,725.1,716,888,932,984,1059,1258,1273,1520,1711,1903,2115,,,,,,,,,,,,2202,,,,,,,,,,,,,,,,,,,,,,,,,,,,2871,2961,,,,,,,,,,,,,,,,,,,,,,,5011,4978,5026,9518,8724,7995,7362,6998,6729,,,,,,,,,,,,,,,,,,,,,,,,,,,,,,,,,,,,,,,,,,,,,,,,,,,,,,,,,,,,,,,,,,,,,,,,,,,,,,,,,,,,,,,,,,,,,,,,,,,,,,,,,,,,,,,
,OCA,,,,343.6,,,633.5,442.3,471,442.3,582.8,558,494.4,568,808,1013,873,894,919,953,943,995,1040,1408,1418,,,,,,,,,,,,1219,,,,,,,,,,,,,,,,,,,,,,,,,,,,1939,2694,,,,,,,,,,,,,,,,,,,,,,,2395,2324,2565,2602,2821,2976,3076,3277,3258,,,,,,,,,,,,,,,,,,,,,,,,,,,,,,,,,,,,,,,,,,,,,,,,,,,,,,,,,,,,,,,,,,,,,,,,,,,,,,,,,,,,,,,,,,,,,,,,,,,,,,,,,,,,,,,
,TCA,,,,3858.5999999999995,,,5824.4,6403.499999999999,6655.9,6403.499999999999,7294,7402,6935.4,6836.1,6775,9170,7424,8025,9193,9235,11157,9503,10656,11712,10527,,,,,,,,,,,,19809,,,,,,,,,,,,,,,,,,,,,,,,,,,,,,,,,,,,,,,,,,,,,,,,,,,,,,,,,,,,,,,,,,,,,,,,,,,,,,,,,,,,,,,,,,,,,,,,,,,,,,,,,,,,,,,,,,,,,,,,,,,,,,,,,,,,,,,,,,,,,,,,,,,,,,,,,,,,,,,,,,,,,,,,,,,
,PP&E,,,,1946.1,,,2666.2,2813.5,2954.2,2813.5,3456.7,3799,4086.3,4351.2,4549,4712,4790,4863,4894,5038,5122,5438,5673,5921,6027,,,,,,,,,,,,5619,,,,,,,,,,,,,,,,,,,,,,,,,,,,4960,4980,,,,,,,,,,,,,,,,,,,,,,,5460,5532,5563,5941,6002,6097,6156,6543,6681,,,,,,,,,,,,,,,,,,,,,,,,,,,,,,,,,,,,,,,,,,,,,,,,,,,,,,,,,,,,,,,,,,,,,,,,,,,,,,,,,,,,,,,,,,,,,,,,,,,,,,,,,,,,,,,
,Intangibles + Goodwill,,,,131.3,,,14721.800000000001,14673,14589,14673,14412.800000000001,14108,14115,14039.2,14715,14558,14484,14391,14275,14237,14138,15175,15025,15049,14912,,,,,,,,,,,,13797,,,,,,,,,,,,,,,,,,,,,,,,,,,,24679,24327,,,,,,,,,,,,,,,,,,,,,,,30924,30164,28659,51270,49942,48788,47578,46336,44369,,,,,,,,,,,,,,,,,,,,,,,,,,,,,,,,,,,,,,,,,,,,,,,,,,,,,,,,,,,,,,,,,,,,,,,,,,,,,,,,,,,,,,,,,,,,,,,,,,,,,,,,,,,,,,,
,OA,,,,507.1,,,528.7,566.3,530.4,566.3,705.3,804,842.7,833.5,772,781,722,759,770,787,898,1172,1232,1106,1104,,,,,,,,,,,,1141,,,,,,,,,,,,,,,,,,,,,,,,,,,,1767,1838,,,,,,,,,,,,,,,,,,,,,,,7633,7193,7835,9611,9007,8816,10383,9930,11388,,,,,,,,,,,,,,,,,,,,,,,,,,,,,,,,,,,,,,,,,,,,,,,,,,,,,,,,,,,,,,,,,,,,,,,,,,,,,,,,,,,,,,,,,,,,,,,,,,,,,,,,,,,,,,,
,Total Assets,,,,6443.099999999999,,,23741.100000000002,24456.3,24729.5,24456.3,25868.8,26113,25979.4,26060,26811,29221,27420,28038,29132,29297,31315,31288,32586,33788,32570,,,,,,,,,,,,40366,,,,,,,,,,,,,,,,,,,,,,,,,,,,77862,79587,,,,,,,,,,,,,,,,,,,,,,,88720,90269,90534,97154,92980,90907,90883,91839,89367,,,,,,,,,,,,,,,,,,,,,,,,,,,,,,,,,,,,,,,,,,,,,,,,,,,,,,,,,,,,,,,,,,,,,,,,,,,,,,,,,,,,,,,,,,,,,,,,,,,,,,,,,,,,,,,
,,,,,,,,,,,,,,,,,,,,,,,,,,,,,,,,,,,,,,,,,,,,,,,,,,,,,,,,,,,,,,,,,,,,,,,,,,,,,,,,,,,,,,,,,,,,,,,,,,,,,,,,,,,,,,,,,,,,,,,,,,,,,,,,,,,,,,,,,,,,,,,,,,,,,,,,,,,,,,,,,,,,,,,,,,,,,,,,,,,,,,,,,,,,,,,,,,,,,,,,,,,,,,,,,
,A/P,,,,136.7,,,197.7,1529,1584.8,254.6,,,,,337,507,549,503,497,596,442,668,569,555,601,,,,,,,,,,,,882,,,,,,,,,,,,,,,,,,,,,,,,,,,,902,883,,,,,,,,,,,,,,,,,,,,,,,1320,1212,1358,1590,1628,2267,2147,1908,0,,,,,,,,,,,,,,,,,,,,,,,,,,,,,,,,,,,,,,,,,,,,,,,,,,,,,,,,,,,,,,,,,,,,,,,,,,,,,,,,,,,,,,,,,,,,,,,,,,,,,,,,,,,,,,,
,Accrued Liabilities,,,,766.3,,,1150.3,1593.4,1585.6,1151.7,1548.3,2456,1888.5,2098.7,1950,2477,2485,2675,2855,2999,3178,3477,3946,4589,3906,,,,,,,,,,,,3302,,,,,,,,,,,,,,,,,,,,,,,,,,,,5822,5473,,,,,,,,,,,,,,,,,,,,,,,12061,13718,14168,15359,14127,13722,14621,17641,19640,,,,,,,,,,,,,,,,,,,,,,,,,,,,,,,,,,,,,,,,,,,,,,,,,,,,,,,,,,,,,,,,,,,,,,,,,,,,,,,,,,,,,,,,,,,,,,,,,,,,,,,,,,,,,,,
,Debt,,,,99.9,,,123,,,122.9,0,0,2887.6,2895.7,2904,1173,1744,1749,1754,0,1763,1768,1773,1798,100,,,,,,,,,,,,2378,,,,,,,,,,,,,,,,,,,,,,,,,,,,34092,35062,,,,,,,,,,,,,,,,,,,,,,,,,,,,,,,,,,,,,,,,,,,,,,,,,,,,,,,,,,,,,,,,,,,,,,,,,,,,,,,,,,,,,,,,,,,,,,,,,,,,,,,,,,,,,,,,,,,,,,,,,,,,,,,,,,,,,,,,,,,,,,
,TCL,,,,1002.9,,,1471,3122.4,3170.3999999999996,1529.2,1548.3,2456,4776.1,4994.4,5191,4157,4778,4927,5106,3595,5383,5913,6288,6942,4607,,,,,,,,,,,,6562,,,,,,,,,,,,,,,,,,,,,,,,,,,,,,,,,,,,,,,,,,,,,,,,,,,,,,,,,,,,,,,,,,,,,,,,,,,,,,,,,,,,,,,,,,,,,,,,,,,,,,,,,,,,,,,,,,,,,,,,,,,,,,,,,,,,,,,,,,,,,,,,,,,,,,,,,,,,,,,,,,,,,,,,,,,
,Deferred Tax,,,,,,,1565.6,,,1593.4,1791.4,1146,1432,1454.8,1484,1294,1280,1209,1180,1163,1160,1064,1079,367,466,,,,,,,,,,,,0,,,,,,,,,,,,,,,,,,,,,,,,,,,,4912,2299,,,,,,,,,,,,,,,,,,,,,,,5864,4478,4579,7034,5826,3985,3991,3965,3929,,,,,,,,,,,,,,,,,,,,,,,,,,,,,,,,,,,,,,,,,,,,,,,,,,,,,,,,,,,,,,,,,,,,,,,,,,,,,,,,,,,,,,,,,,,,,,,,,,,,,,,,,,,,,,,
,Convertible,,,,,,,,,,,,,200,200,,1739,0,0,0,1759,5000,5000,5000,5080,5080,5080,,,,,,,,,,,2201,,,,,,,,,,,,,,,,,,,,,,,,,,,,,,,,,,,,,,,,,,,,,,,,,,,,0,,,,0,0,,,,,,,,,,,,,,,,,,,,,,,,,,,,,,,,,,,,,,,,,,,,,,,,,,,,,,,,,,,,,,,,,,,,,,,,,,,,,,,,,,,,,,,,,,,,,,,,,,,,,,,,,,,,,,,,,,
,Other LT Debt,,,,223,,,3039.7,3047.7,3055.7,3047.7,3071.8,3080,,,200,2198,2198,2198,2198,2198,2198,2232,2233,2134,2134,6132,,,,,,,,,,,7085,,,,,,,,,,,,,,,,,,,,,,,,,,,,,,,,,,,,,,,,,,,,,,,,,,,,61595,61544,60468,64613,64020,62645,60398,60099,57381,,,,,,,,,,,,,,,,,,,,,,,,,,,,,,,,,,,,,,,,,,,,,,,,,,,,,,,,,,,,,,,,,,,,,,,,,,,,,,,,,,,,,,,,,,,,,,,,,,,,,,,,,,,,,,,
,ONCL,,,,,,,,,,,,42,,,128,128,124,123,118,131,183,240,265,301,568,,,,,,,,,,,,2179,,,,,,,,,,,,,,,,,,,,,,,,,,,,1497,4148,,,,,,,,,,,,,,,,,,,,,,,2532,2536,2305,2326,2357,2363,2199,2349,2210,,,,,,,,,,,,,,,,,,,,,,,,,,,,,,,,,,,,,,,,,,,,,,,,,,,,,,,,,,,,,,,,,,,,,,,,,,,,,,,,,,,,,,,,,,,,,,,,,,,,,,,,,,,,,,,
,TL,,,,1225.9,,,6076.299999999999,6170.1,6226.099999999999,6170.3,6411.5,6724,6408.1,6649.2,7003,9516,8380,8457,8602,8846,13924,14449,14865,14824,12855,,,,,,,,,,,,18027,,,,,,,,,,,,,,,,,,,,,,,,,,,,,,,,,,,,,,,,,,,,,,,,,,,,,,,,,,,,,,,,,,,,,,,,,,,,,,,,,,,,,,,,,,,,,,,,,,,,,,,,,,,,,,,,,,,,,,,,,,,,,,,,,,,,,,,,,,,,,,,,,,,,,,,,,,,,,,,,,,,,,,,,,,,
,Stockholders' Equity,,,,5217.2,,,17664.8,18286,18503.4,18286,19457.3,19389,19571.3,19410.8,19808,19705,19040,19581,20530,20451,17391,16839,17721,18964,19715,,,,,,,,,,,,22339,,,,,,,,,,,,,,,,,,,,,,,,,,,,30637,31722,,,,,,,,,,,,,,,,,,,,,,,5348,6781,7656,6232,5022,5925,7527,5877,6207,,,,,,,,,,,,,,,,,,,,,,,,,,,,,,,,,,,,,,,,,,,,,,,,,,,,,,,,,,,,,,,,,,,,,,,,,,,,,,,,,,,,,,,,,,,,,,,,,,,,,,,,,,,,,,,
,L+SE,,,,6443.1,,,23741.1,24456.1,24729.5,24456.3,25868.8,26113,25979.4,26060,26811,29221,27420,28038,29132,29297,31315,31288,32586,33788,32570,,,,,,,,,,,,40366,,,,,,,,,,,,,,,,,,,,,,,,,,,,77862,79587,,,,,,,,,,,,,,,,,,,,,,,88720,90269,90534,97154,92980,90907,90883,91839,89367,,,,,,,,,,,,,,,,,,,,,,,,,,,,,,,,,,,,,,,,,,,,,,,,,,,,,,,,,,,,,,,,,,,,,,,,,,,,,,,,,,,,,,,,,,,,,,,,,,,,,,,,,,,,,,,
,,,,,,,,,,,,,,,,,,,,,,,,,,,,,,,,,,,,,,,,,,,,,,,,,,,,,,,,,,,,,,,,,,,,,,,,,,,,,,,,,,,,,,,,,,,,,,,,,,,,,,,,,,,,,,,,,,,,,,,,,,,,,,,,,,,,,,,,,,,,,,,,,,,,,,,,,,,,,,,,,,,,,,,,,,,,,,,,,,,,,,,,,,,,,,,,,,,,,,,,,,,,,,,,,
,Model NI,,,140.8,0,342.6000000000001,417.49999999999994,436.7999999999999,471.7000000000003,563.2000000000002,658.3999999999999,714.2999999999997,614.8,756.8999999999994,813.8999999999999,838.8,755.2,924,1104,1067,928,1101,1235,1224,1060,1270,,,,,,,,,,,,1282,,,,,,,,,,,,,,,,,,,,,,,,,,,,2475,,,,,,,,,,,,,,,,2368,2522,2885,2430,2646,2495,2760,2211,1993,2653,2667,2543,2035,2604,2997,2818,2623,,,,,,,,,,,,,,,,,,,,,,,,,,,,,,,,,,,,,,,,,,,,,,,,,,,,,,,,,,,,,,,,,,,,,,,,,,,,,,,,,,,,,,,,,,,,,,,,,,,,,,,,,,,,,,,
,Reported NI,,,,,,,,,,,,,,,,,,,,,,,,,,,,,,,,,,,,,,,,,,,,,,,,,,,,,,,,,,,,,,,,,2071,,,,,,,,,,,,,,,,,,,,,,,,2841,1379,1730,767,-113,746,2830,627,,,,,,,,,,,,,,,,,,,,,,,,,,,,,,,,,,,,,,,,,,,,,,,,,,,,,,,,,,,,,,,,,,,,,,,,,,,,,,,,,,,,,,,,,,,,,,,,,,,,,,,,,,,,,,,,
,Depreciation,,,,,,,,,,,,,,,,,,,,,,,,,,,,,,,,,,,,,252,,,,,,,,,,,,,,,,,,,,,,,,,,,,524,,,,,,,,,,,,,,,,,,,,,,,,900,896,895,1380,1399,1400,1396,1397,,,,,,,,,,,,,,,,,,,,,,,,,,,,,,,,,,,,,,,,,,,,,,,,,,,,,,,,,,,,,,,,,,,,,,,,,,,,,,,,,,,,,,,,,,,,,,,,,,,,,,,,,,,,,,,,
,SBC,,,,,,,,,,,,,,,,,,,,,66,53,50,,,,,,,,,,,,,,,,,,,,,,,,,,,,,,,,,,,,,,,,,,60,,,,,,,,,,,,,,,,,,,,,,,,0,0,0,431,103,157,136,134,,,,,,,,,,,,,,,,,,,,,,,,,,,,,,,,,,,,,,,,,,,,,,,,,,,,,,,,,,,,,,,,,,,,,,,,,,,,,,,,,,,,,,,,,,,,,,,,,,,,,,,,,,,,,,,,
,DT,,,,,,,,,,,,,,,,,,,,,,,,,,,,,,,,,,,,,,,,,,,,,,,,,,,,,,,,,,,,,,,,,-77,,,,,,,,,,,,,,,,,,,,,,,,-49,-154,-447,-623,-401,-383,-110,-334,,,,,,,,,,,,,,,,,,,,,,,,,,,,,,,,,,,,,,,,,,,,,,,,,,,,,,,,,,,,,,,,,,,,,,,,,,,,,,,,,,,,,,,,,,,,,,,,,,,,,,,,,,,,,,,,
,Equity Method,,,,,,,,,,,,,,,,,,,,,,,,,,,,,,,,,,,,,,,,,,,,,,,,,,,,,,,,,,,,,,,,,0,,,,,,,,,,,,,,,,,,,,,,,,-1861,689,-149,-233,488,389,-1605,877,,,,,,,,,,,,,,,,,,,,,,,,,,,,,,,,,,,,,,,,,,,,,,,,,,,,,,,,,,,,,,,,,,,,,,,,,,,,,,,,,,,,,,,,,,,,,,,,,,,,,,,,,,,,,,,,
,Other,,,,,,,,,,,,,,,,,,,,,,,,,,,,,,,,,,,,,,,,,,,,,,,,,,,,,,,,,,,,,,,,,15,,,,,,,,,,,,,,,,,,,,,,,,-13,184,678,-286,-95,28,68,-9,,,,,,,,,,,,,,,,,,,,,,,,,,,,,,,,,,,,,,,,,,,,,,,,,,,,,,,,,,,,,,,,,,,,,,,,,,,,,,,,,,,,,,,,,,,,,,,,,,,,,,,,,,,,,,,,
,WC,,,,,,,,,,,,,,,,,,,,,,,,,,,,,,,,,,,,,,,,,,,,,,,,,,,,,,,,,,,,,,,,,-208,,,,,,,,,,,,,,,,,,,,,,,,-754,1115,53,-898,-692,122,856,2079,,,,,,,,,,,,,,,,,,,,,,,,,,,,,,,,,,,,,,,,,,,,,,,,,,,,,,,,,,,,,,,,,,,,,,,,,,,,,,,,,,,,,,,,,,,,,,,,,,,,,,,,,,,,,,,,
,CFFO,,,954.7,525.5,486.9,637.6999999999999,304.10000000000014,820.1,780.8,939.7,648.5,1197.6,399,1115,1073,1110,1123,1217,1442,1129,1183,1391,1573,,893,,,,,,,,,,,,913,,,,,,,,,,,,,,,,,,,,,,,,,,,,2385,,,,,,,,,,,,,,,,0,0,0,0,0,0,0,0,1064,4109,2760,538,689,2459,3571,4771,1391,,,,,,,,,,,,,,,,,,,,,,,,,,,,,,,,,,,,,,,,,,,,,,,,,,,,,,,,,,,,,,,,,,,,,,,,,,,,,,,,,,,,,,,,,,,,,,,,,,,,,,,,,,,,,,,
,,,,,,,,,,,,,,,,,,,,,,,,,,,,,,,,,,,,,,,,,,,,,,,,,,,,,,,,,,,,,,,,,,,,,,,,,,,,,,,,,,,,,,,,,,,,,,,,,,,,,,,,,,,,,,,,,,,,,,,,,,,,,,,,,,,,,,,,,,,,,,,,,,,,,,,,,,,,,,,,,,,,,,,,,,,,,,,,,,,,,,,,,,,,,,,,,,,,,,,,,,,,,,,,,
,Securities,,,,,,,,,,,,,,,,,,,,,,,,,,,,,,,,,,,,,,,,,,,,,,,,,,,,,,,,,,,,,,,,,,,,,,,,,,,,,,,,,,,,,,,,,1674,1,-1,-2,-230,264,47,-31,,,,,,,,,,,,,,,,,,,,,,,,,,,,,,,,,,,,,,,,,,,,,,,,,,,,,,,,,,,,,,,,,,,,,,,,,,,,,,,,,,,,,,,,,,,,,,,,,,,,,,,,,,,,,,,,
,Other,,,,,,,,,,,,,,,,,,,,,,,,,,,,,,,,,,,,,,,,,,,,,,,,,,,,,,,,,,,,,,,,,,,,,,,,,,,,,,,,,,,,,,,,,28,59,-13,151,,,,,,,,,,,,,,,,,,,,,,,,,,,,,,,,,,,,,,,,,,,,,,,,,,,,,,,,,,,,,,,,,,,,,,,,,,,,,,,,,,,,,,,,,,,,,,,,,,,,,,,,,,,,,,,,,,,,
,Acquisitions,,,,,,,,,,,,,,,,,,,,,,,,,,,,,,,,,,,,,,,,,,,,,,,,,,,,,,,,,,,,,,,,,,,,,,,,,,,,,,,,,,,,,,,,,0,0,0,-26989,,,,,,,,,,,,,,,,,,,,,,,,,,,,,,,,,,,,,,,,,,,,,,,,,,,,,,,,,,,,,,,,,,,,,,,,,,,,,,,,,,,,,,,,,,,,,,,,,,,,,,,,,,,,,,,,,,,,
,CapEx,,,,,,,,,,,,,,,,,,,,,,,,,,,,,,,,,,,,,,,,,,,,,,,,,,,,,,,,,,,,,,,,,,,,,,,,,,,,,,,,,,,,,,,,,-344,-271,-248,-249,13,-481,-257,-371,-411,,,,,,,,,,,,,,,,,,,,,,,,,,,,,,,,,,,,,,,,,,,,,,,,,,,,,,,,,,,,,,,,,,,,,,,,,,,,,,,,,,,,,,,,,,,,,,,,,,,,,,,,,,,,,,,
,CFFI,,,,,,,,,,,,,,,,,,,,,,,,,,,,,,,,,,,,,,,,,,,,,,,,,,,,,,,,,,,,,,,,,,,,,,,,,,,,,,,,,0,0,0,0,0,0,0,0,1358,-211,-262,-27089,-217,-217,-210,-402,,,,,,,,,,,,,,,,,,,,,,,,,,,,,,,,,,,,,,,,,,,,,,,,,,,,,,,,,,,,,,,,,,,,,,,,,,,,,,,,,,,,,,,,,,,,,,,,,,,,,,,,,,,,,,,,
,,,,,,,,,,,,,,,,,,,,,,,,,,,,,,,,,,,,,,,,,,,,,,,,,,,,,,,,,,,,,,,,,,,,,,,,,,,,,,,,,,,,,,,,,,,,,,,,,,,,,,,,,,,,,,,,,,,,,,,,,,,,,,,,,,,,,,,,,,,,,,,,,,,,,,,,,,,,,,,,,,,,,,,,,,,,,,,,,,,,,,,,,,,,,,,,,,,,,,,,,,,,,,,,,
,Debt,,,,,,,,,,,,,,,,,,,,,,,,,,,,,,,,,,,,,,,,,,,,,,,,,,,,,,,,,,,,,,,,,,,,,,,,,,,,,,,,,,,,,,,,,22674,-18,-879,3899,-1618,-192,-2449,0,,,,,,,,,,,,,,,,,,,,,,,,,,,,,,,,,,,,,,,,,,,,,,,,,,,,,,,,,,,,,,,,,,,,,,,,,,,,,,,,,,,,,,,,,,,,,,,,,,,,,,,,,,,,,,,,
,Buybacks,,,,,,,,,,,,,,,,,,,,,,,,,,,,,,,,,,,,,,,,,,,,,,,,,,,,,,,,,,,,,,,,,,,,,,,,,,,,,,,,,,,,,,,,,0,0,0,0,0,0,0,-200,,,,,,,,,,,,,,,,,,,,,,,,,,,,,,,,,,,,,,,,,,,,,,,,,,,,,,,,,,,,,,,,,,,,,,,,,,,,,,,,,,,,,,,,,,,,,,,,,,,,,,,,,,,,,,,,
,Dividends,,,,,,,,,,,,,,,,,,,,,,,,,,,,,,,,,,,,,,,,,,,,,,,,,,,,,,,,,,,,,,,,,,,,,,,,,,,,,,,,,,,,,,,,,-1137,-1139,-1140,-1140,-90,-2327,-1210,-1205,,,,,,,,,,,,,,,,,,,,,,,,,,,,,,,,,,,,,,,,,,,,,,,,,,,,,,,,,,,,,,,,,,,,,,,,,,,,,,,,,,,,,,,,,,,,,,,,,,,,,,,,,,,,,,,,
,Other,,,,,,,,,,,,,,,,,,,,,,,,,,,,,,,,,,,,,,,,,,,,,,,,,,,,,,,,,,,,,,,,,,,,,,,,,,,,,,,,,,,,,,,,,-28,-53,14,-5,0,-130,8,-2,,,,,,,,,,,,,,,,,,,,,,,,,,,,,,,,,,,,,,,,,,,,,,,,,,,,,,,,,,,,,,,,,,,,,,,,,,,,,,,,,,,,,,,,,,,,,,,,,,,,,,,,,,,,,,,,
,CFFF,,,,,,,,,,,,,,,,,,,,,,,,,,,,,,,,,,,,,,,,,,,,,,,,,,,,,,,,,,,,,,,,,,,,,,,,,,,,,,,,,0,0,0,0,0,0,0,0,21509,-1210,-2005,2754,-1708,-2649,-3651,-1407,,,,,,,,,,,,,,,,,,,,,,,,,,,,,,,,,,,,,,,,,,,,,,,,,,,,,,,,,,,,,,,,,,,,,,,,,,,,,,,,,,,,,,,,,,,,,,,,,,,,,,,,,,,,,,,,
,CIC,,,,,,,,,,,,,,,,,,,,,,,,,,,,,,,,,,,,,,,,,,,,,,,,,,,,,,,,,,,,,,,,,,,,,,,,,,,,,,,,,0,0,0,0,0,0,0,0,23931,2688,493,-23797,-1236,-407,-290,2962,,,,,,,,,,,,,,,,,,,,,,,,,,,,,,,,,,,,,,,,,,,,,,,,,,,,,,,,,,,,,,,,,,,,,,,,,,,,,,,,,,,,,,,,,,,,,,,,,,,,,,,,,,,,,,,,
,,,,,,,,,,,,,,,,,,,,,,,,,,,,,,,,,,,,,,,,,,,,,,,,,,,,,,,,,,,,,,,,,,,,,,,,,,,,,,,,,,,,,,,,,,,,,,,,,,,,,,,,,,,,,,,,,,,,,,,,,,,,,,,,,,,,,,,,,,,,,,,,,,,,,,,,,,,,,,,,,,,,,,,,,,,,,,,,,,,,,,,,,,,,,,,,,,,,,,,,,,,,,,,,,
,ABC,,,,,,,,,,,,,,,,,,,,,,,,,,,,,,,,,,,,,,,,,,,,,,,,,,,,,,,,,,,,,,,,,,,,,,,,,,,,,,,,,,,,,,,,,,,,,,,,,,,,,,,,,2084,2686,3406,4760,,,,,,,,,,,,,,,,14783.0,15443.0,16625.0,,,,,,,,,,,,,,,,,,,,,,,,,,,,,,,,,,,,,,,,,,,,,,,,,,,,,,,,,,,,,,,,,,,,,,,,,,,,,,,,,,
,CAH,,,,,,,,,,,,,,,,,,,,,,,,,,,,,,,,,,,,,,,,,,,,,,,,,,,,,,,,,,,,,,,,,,,,,,,,,,,,,,,,,,,,,,,,,,,,,,,,,,,,,,,,,989,1596,1683,2370,,,,,,,,,,,,,,,,7681.0,8319.0,9775.0,,,,,,,,,,,,,,,,,,,,,,,,,,,,,,,,,,,,,,,,,,,,,,,,,,,,,,,,,,,,,,,,,,,,,,,,,,,,,,,,,,
,MCK,,,,,,,,,,,,,,,,,,,,,,,,,,,,,,,,,,,,,,,,,,,,,,,,,,,,,,,,,,,,,,,,,,,,,,,,,,,,,,,,,,,,,,,,,,,,,,,,,,,,,,,,,844,1340,1809,2140,,,,,,,,,,,,,,,,15187.0,17305.0,19035.0,,,,,,,,,,,,,,,,,,,,,,,,,,,,,,,,,,,,,,,,,,,,,,,,,,,,,,,,,,,,,,,,,,,,,,,,,,,,,,,,,,
,Incentives,,,,,,,,,,,,,,,,,,,,,,,,,,,,,,,,,,,,,,,,,,,,,,,,,,,,,,,,,,,,,,,,,,,,,,,,,,,,,,,,,,,,,,,,,,,,,,,,,,,,,,,,,,1359,2592,3794,,,,,,,,,,,,,,,,,,,,,,,,,,,,,,,,,,,,,,,,,,,,,,,,,,,,,,,,,,,,,,,,,,,,,,,,,,,,,,,,,,,,,,,,,,,,,,,,,,,,
,,,,,,,,,,,,,,,,,,,,,,,,,,,,,,,,,,,,,,,,,,,,,,,,,,,,,,,,,,,,,,,,,,,,,,,,,,,,,,,,,,,,,,,,,,,,,,,,,,,,,,,,,,,,,,,,,,,,,,,,,,,,,,,,,,,,,,,,,,,,,,,,,,,,,,,,,,,,,,,,,,,,,,,,,,,,,,,,,,,,,,,,,,,,,,,,,,,,,,,,,,,,,,,,,
,,,,,,,,,,,,,,,,,,,,,,,,,,,,,,,,,,,,,,,,,,,,,,,,,,,,,,,,,,,,,,,,,,,,,,,,,,,,,,,,,,,,,,,,,,,,,,,,,,,,,,,,,,,,,,,,,,,,,,,,,,,,,,,,,,,,,,,,,,,,,,,,,,,,,,,,,,,,,,,,,,,,,,,,,,,,,,,,,,,,,,,,,,,,,,,,,,,,,,,,,,,,,,,,,
,Heads,,,,,,,,,,,,,,,,,,,,,,,,,,,,,,,,,,,,,,,,,,,,,,,,,,,,,,,,,,,,,,,,,,,,,,,,,,,,,,,,,,,,,,,,,,,,,,,,,,,,,,,,,10100,12900,14400,16500,,,,,,,,,,,,,,,,,,,,,,,,,,,,,,,,,,,,,,,,,,,,,,,,,,,,,,,,,,,,,,,,,,,,,,,,,,,,,,,,,,,,,,,,,,,,,,,,,,,,
,R&D,,,,,,,,,,,,,,,,,,,,,,,,,,,,,,,,,,,,,,,,,,,,,,,,,,,,,,,,,,,,,,,,,,,,,,,,,,,,,,,,,,,,,,,,,,,,,,,,,,,,,,,,,3400,4700,5600,6500,,,,,,,,,,,,,,,,,,,,,,,,,,,,,,,,,,,,,,,,,,,,,,,,,,,,,,,,,,,,,,,,,,,,,,,,,,,,,,,,,,,,,,,,,,,,,,,,,,,,
,SG&A,,,,,,,,,,,,,,,,,,,,,,,,,,,,,,,,,,,,,,,,,,,,,,,,,,,,,,,,,,,,,,,,,,,,,,,,,,,,,,,,,,,,,,,,,,,,,,,,,,,,,,,,,2200,2600,2700,3000,,,,,,,,,,,,,,,,,,,,,,,,,,,,,,,,,,,,,,,,,,,,,,,,,,,,,,,,,,,,,,,,,,,,,,,,,,,,,,,,,,,,,,,,,,,,,,,,,,,,
,,,,,,,,,,,,,,,,,,,,,,,,,,,,,,,,,,,,,,,,,,,,,,,,,,,,,,,,,,,,,,,,,,,,,,,,,,,,,,,,,,,,,,,,,,,,,,,,,,,,,,,,,,,,,,,,,,,,,,,,,,,,,,,,,,,,,,,,,,,,,,,,,,,,,,,,,,,,,,,,,,,,,,,,,,,,,,,,,,,,,,,,,,,,,,,,,,,,,,,,,,,,,,,,,
,Actual,,,,,,,,,0.8419349344234373,0.8411640781931311,0.8478398695770311,0.8365720617062985,0.8414358273934013,0.8316954267584926,0.8352377441946185,0.836369886558955,0.8273914578185669,0.8329129886506935,0.8398858592263792,0.8437786609599511,0.8284115635685422,0.8634850166481687,0.8657253599114064,0.8563233376792699,0.8483862218605913,,,,,,,,,,,,,,,,,,,,,,,,,,,,,,,,,,,,,,,,,,,,,,,,,,,,,,,,,,,,,,,,,,,,,,,,,,,,,,,,,,,,,,,,,,,,,,,,,,,,,,,,,,,,,,,,,,,,,,,,,,,,,,,,,,,,,,,,,,,,,,,,,,,,,,,,,,,,,,,,,,,,,,,,,,,,,,,,,,,,,,,
,GM BUILDER,,,,,,,,,0.8269704195764493,0.8311846553329085,0.8326890680192012,0.8371247762720532,0.8328972640744378,0.8318211715545925,0.8328179137486178,0.8367198349948435,0.8391471937875044,0.841015762925599,0.83964013950539,0.8408278813818404,0.8421619521293129,0.8605649278579357,0.865765503875969,0.8622425032594525,0.8579197179278547,,,,,,,,,,,,,,,,,,,,,,,,,,,,,,,,,,,,,,,,,,,,,,,,,,,,,,,,,,,,,,,,,,,,,,,,,,,,,,,,,,,,,,,,,,,,,,,,,,,,,,,,,,,,,,,,,,,,,,,,,,,,,,,,,,,,,,,,,,,,,,,,,,,,,,,,,,,,,,,,,,,,,,,,,,,,,,,,,,,,,,,
,EPO % of sales,,,,,,,,,0.45528870720490555,0.46974670520797607,0.4819309845122724,0.4916048751384982,0.48358871484058225,0.48347906832778764,0.4751197935864357,0.4819525610175318,0.46099541122485,0.467843631778058,0.45624603677869374,0.4582696423112198,0.4653403792353124,0.462819089900111,0.4706533776301218,0.4607561929595828,0.446162191483591,,,,,,,,,,,,,,,,,,,,,,,,,,,,,,,,,,,,,,,,,,,,,,,,,,,,,,,,,,,,,,,,,,,,,,,,,,,,,,,,,,,,,,,,,,,,,,,,,,,,,,,,,,,,,,,,,,,,,,,,,,,,,,,,,,,,,,,,,,,,,,,,,,,,,,,,,,,,,,,,,,,,,,,,,,,,,,,,,,,,,,,
,EPO GM%,,,,,,,,,0.87,0.87,0.87,0.87,0.87,0.87,0.871,0.872,0.873,0.874,0.875,0.876,0.877,0.878,0.9,0.9,0.9,,,,,,,,,,,,,,,,,,,,,,,,,,,,,,,,,,,,,,,,,,,,,,,,,,,,,,,,,,,,,,,,,,,,,,,,,,,,,,,,,,,,,,,,,,,,,,,,,,,,,,,,,,,,,,,,,,,,,,,,,,,,,,,,,,,,,,,,,,,,,,,,,,,,,,,,,,,,,,,,,,,,,,,,,,,,,,,,,,,,,,,
,  EPO contribution,,,,,,,,,0.3961011752682678,0.40867963353093917,0.419279956525677,0.42769624137049345,0.42072218191130656,0.42062678944517523,0.4138293402137855,0.42026263320728774,0.40244899399929407,0.4088953341740227,0.39921528218135705,0.40144420666462854,0.408103512589369,0.40635516093229745,0.42358803986710963,0.41468057366362454,0.40154597233523187,,,,,,,,,,,,,,,,,,,,,,,,,,,,,,,,,,,,,,,,,,,,,,,,,,,,,,,,,,,,,,,,,,,,,,,,,,,,,,,,,,,,,,,,,,,,,,,,,,,,,,,,,,,,,,,,,,,,,,,,,,,,,,,,,,,,,,,,,,,,,,,,,,,,,,,,,,,,,,,,,,,,,,,,,,,,,,,,,,,,,,,
,GCSF % of sales,,,,,,,,,0.30772724691988873,0.31076380383126745,0.29752739788062676,0.293573681070485,0.28328140338896246,0.27899868451597926,0.2771839292296351,0.26744585768305257,0.2806212495587716,0.2834174022698613,0.2796448953709575,0.2837052889024763,0.2785203605843954,0.2788568257491676,0.2763012181616833,0.26701434159061277,0.27610523460808245,,,,,,,,,,,,,,,,,,,,,,,,,,,,,,,,,,,,,,,,,,,,,,,,,,,,,,,,,,,,,,,,,,,,,,,,,,,,,,,,,,,,,,,,,,,,,,,,,,,,,,,,,,,,,,,,,,,,,,,,,,,,,,,,,,,,,,,,,,,,,,,,,,,,,,,,,,,,,,,,,,,,,,,,,,,,,,,,,,,,,,,
,GCSF GM%,,,,,,,,,0.85,0.85,0.85,0.85,0.85,0.85,0.85,0.85,0.85,0.85,0.85,0.85,0.85,0.92,0.9,0.9,0.9,,,,,,,,,,,,,,,,,,,,,,,,,,,,,,,,,,,,,,,,,,,,,,,,,,,,,,,,,,,,,,,,,,,,,,,,,,,,,,,,,,,,,,,,,,,,,,,,,,,,,,,,,,,,,,,,,,,,,,,,,,,,,,,,,,,,,,,,,,,,,,,,,,,,,,,,,,,,,,,,,,,,,,,,,,,,,,,,,,,,,,,
,  GCSF contribution,,,,,,,,,0.2615681598819054,0.2641492332565773,0.2528982881985327,0.24953762890991224,0.2407891928806181,0.23714888183858235,0.2356063398451898,0.22732897903059468,0.23852806212495586,0.24090479192938208,0.23769816106531386,0.24114949556710485,0.23674230649673608,0.2565482796892342,0.24867109634551496,0.2403129074315515,0.2484947111472742,,,,,,,,,,,,,,,,,,,,,,,,,,,,,,,,,,,,,,,,,,,,,,,,,,,,,,,,,,,,,,,,,,,,,,,,,,,,,,,,,,,,,,,,,,,,,,,,,,,,,,,,,,,,,,,,,,,,,,,,,,,,,,,,,,,,,,,,,,,,,,,,,,,,,,,,,,,,,,,,,,,,,,,,,,,,,,,,,,,,,,,
,Enbrel % of sales,,,,,,,,,0.1555669108045194,0.14893929743765616,0.1548772756090934,0.16193641864825706,0.16944811985146616,0.1703938713920916,0.18282344268337633,0.19491234101065658,0.2089657606777268,0.20145018915510718,0.21179454660748256,0.20605319474166922,0.20453838980416536,0.2008879023307436,0.1951827242524917,0.20651890482398957,0.19799294819636562,,,,,,,,,,,,,,,,,,,,,,,,,,,,,,,,,,,,,,,,,,,,,,,,,,,,,,,,,,,,,,,,,,,,,,,,,,,,,,,,,,,,,,,,,,,,,,,,,,,,,,,,,,,,,,,,,,,,,,,,,,,,,,,,,,,,,,,,,,,,,,,,,,,,,,,,,,,,,,,,,,,,,,,,,,,,,,,,,,,,,,,
,Enbrel GM%,,,,,,,,,0.82,0.82,0.82,0.82,0.82,0.82,0.821,0.822,0.823,0.824,0.825,0.826,0.827,0.828,0.829,0.825,0.825,,,,,,,,,,,,,,,,,,,,,,,,,,,,,,,,,,,,,,,,,,,,,,,,,,,,,,,,,,,,,,,,,,,,,,,,,,,,,,,,,,,,,,,,,,,,,,,,,,,,,,,,,,,,,,,,,,,,,,,,,,,,,,,,,,,,,,,,,,,,,,,,,,,,,,,,,,,,,,,,,,,,,,,,,,,,,,,,,,,,,,,
,  Enbrel contribution,,,,,,,,,0.1275648668597059,0.12213022389887804,0.12699936599945658,0.13278786329157077,0.13894745827820223,0.1397229745415151,0.15009804644305197,0.1602179443107597,0.17197882103776915,0.1659949558638083,0.1747305009511731,0.17019993885661877,0.16915324836804474,0.1663351831298557,0.16180647840531562,0.17037809647979138,0.16334418226200162,,,,,,,,,,,,,,,,,,,,,,,,,,,,,,,,,,,,,,,,,,,,,,,,,,,,,,,,,,,,,,,,,,,,,,,,,,,,,,,,,,,,,,,,,,,,,,,,,,,,,,,,,,,,,,,,,,,,,,,,,,,,,,,,,,,,,,,,,,,,,,,,,,,,,,,,,,,,,,,,,,,,,,,,,,,,,,,,,,,,,,,
,Minor % of sales,,,,,,,,,0.010276500312269348,0.0095046788496399,0.006792862965311113,0.00660530128696838,0.005975500448162535,0.007583378472490908,0.008477699963140435,0.01065658301821932,0.014825273561595482,0.015762925598991173,0.018389346861128725,0.020483032711708957,0.023624494870997825,0.026082130965593784,0.02768549280177187,0.04015645371577575,0.04665039327366423,,,,,,,,,,,,,,,,,,,,,,,,,,,,,,,,,,,,,,,,,,,,,,,,,,,,,,,,,,,,,,,,,,,,,,,,,,,,,,,,,,,,,,,,,,,,,,,,,,,,,,,,,,,,,,,,,,,,,,,,,,,,,,,,,,,,,,,,,,,,,,,,,,,,,,,,,,,,,,,,,,,,,,,,,,,,,,,,,,,,,,,
,Minor GM%,,,,,,,,,0.6,0.6,0.6,0.6,0.6,0.6,0.6,0.6,0.6,0.6,0.6,0.6,0.6,0.6,0.6,0.6,0.6,,,,,,,,,,,,,,,,,,,,,,,,,,,,,,,,,,,,,,,,,,,,,,,,,,,,,,,,,,,,,,,,,,,,,,,,,,,,,,,,,,,,,,,,,,,,,,,,,,,,,,,,,,,,,,,,,,,,,,,,,,,,,,,,,,,,,,,,,,,,,,,,,,,,,,,,,,,,,,,,,,,,,,,,,,,,,,,,,,,,,,,
,  Minor contribution,,,,,,,,,0.006165900187361609,0.00570280730978394,0.004075717779186668,0.003963180772181028,0.0035853002688975206,0.0045500270834945445,0.005086619977884261,0.006393949810931591,0.008895164136957288,0.009457755359394703,0.011033608116677234,0.012289819627025375,0.014174696922598694,0.01564927857935627,0.01661129568106312,0.024093872229465452,0.027990235964198536,,,,,,,,,,,,,,,,,,,,,,,,,,,,,,,,,,,,,,,,,,,,,,,,,,,,,,,,,,,,,,,,,,,,,,,,,,,,,,,,,,,,,,,,,,,,,,,,,,,,,,,,,,,,,,,,,,,,,,,,,,,,,,,,,,,,,,,,,,,,,,,,,,,,,,,,,,,,,,,,,,,,,,,,,,,,,,,,,,,,,,,
,Other Rev % of Sales,,,,,,,,,0.07114063475841707,0.06104551467346039,0.058871479032696315,0.046279723855791356,0.057706261470826754,0.05954499729165055,0.05639513453741246,0.045032657270539705,0.03459230497705612,0.031525851197982346,0.03392517438173748,0.03148884133292571,0.027976375505129002,0.03135405105438402,0.03017718715393134,0.025554106910039114,0.03308923243829672,,,,,,,,,,,,,,,,,,,,,,,,,,,,,,,,,,,,,,,,,,,,,,,,,,,,,,,,,,,,,,,,,,,,,,,,,,,,,,,,,,,,,,,,,,,,,,,,,,,,,,,,,,,,,,,,,,,,,,,,,,,,,,,,,,,,,,,,,,,,,,,,,,,,,,,,,,,,,,,,,,,,,,,,,,,,,,,,,,,,,,,
,  Other GM%,,,,,,,,,0.5,0.5,0.5,0.5,0.5,0.5,0.5,0.5,0.5,0.5,0.5,0.5,0.5,0.5,0.5,0.5,0.5,,,,,,,,,,,,,,,,,,,,,,,,,,,,,,,,,,,,,,,,,,,,,,,,,,,,,,,,,,,,,,,,,,,,,,,,,,,,,,,,,,,,,,,,,,,,,,,,,,,,,,,,,,,,,,,,,,,,,,,,,,,,,,,,,,,,,,,,,,,,,,,,,,,,,,,,,,,,,,,,,,,,,,,,,,,,,,,,,,,,,,,
,  Other contribution,,,,,,,,,0.03557031737920854,0.030522757336730193,0.029435739516348158,0.023139861927895678,0.028853130735413377,0.029772498645825277,0.02819756726870623,0.022516328635269853,0.01729615248852806,0.015762925598991173,0.01696258719086874,0.015744420666462856,0.013988187752564501,0.01567702552719201,0.01508859357696567,0.012777053455019557,0.01654461621914836,,,,,,,,,,,,,,,,,,,,,,,,,,,,,,,,,,,,,,,,,,,,,,,,,,,,,,,,,,,,,,,,,,,,,,,,,,,,,,,,,,,,,,,,,,,,,,,,,,,,,,,,,,,,,,,,,,,,,,,,,,,,,,,,,,,,,,,,,,,,,,,,,,,,,,,,,,,,,,,,,,,,,,,,,,,,,,,,,,,,,,,
,,,,,,,,,,,,,,,,,,,,,,,,,,,,,,,,,,,,,,,,,,,,,,,,,,,,,,,,,,,,,,,,,,,,,,,,,,,,,,,,,,,,,,,,,,,,,,,,,,,,,,,,,,,,,,,,,,,,,,,,,,,,,,,,,,,,,,,,,,,,,,,,,,,,,,,,,,,,,,,,,,,,,,,,,,,,,,,,,,,,,,,,,,,,,,,,,,,,,,,,,,,,,,,,,
,Consensus Aranesp,,,,,,,,,,,,,,,,,,,,,,965,,,,,,,,,,,,,,,,,,,,,,,,,,,,,,,,,,,,,,,,,,,,,,,,,,,,,,,,,,,,,,,,,,,,,,,,,,,,,,,,,,,,,,,,,,,,,,,,,,,,,,,,,,,,,,,,,,,,,,,,,,,,,,,,,,,,,,,,,,,,,,,,,,,,,,,,,,,,,,,,,,,,,,,,,,,,,,,,,,,,,,,,,,
,Consensus Epogen,,,,,,,,,,,,,,,,,,,,,,634,,,,,,,,,,,,,,,,,,,,,,,,,,,,,,,,,,,,,,,,,,,,,,,,,,,,,,,,,,,,,,,,,,,,,,,,,,,,,,,,,,,,,,,,,,,,,,,,,,,,,,,,,,,,,,,,,,,,,,,,,,,,,,,,,,,,,,,,,,,,,,,,,,,,,,,,,,,,,,,,,,,,,,,,,,,,,,,,,,,,,,,,,,
,Consensus Neulasta,,,,,,,,,,,,,,,,,,,,,,668,,,,,,,,,,,,,,,,,,,,,,,,,,,,,,,,,,,,,,,,,,,,,,,,,,,,,,,,,,,,,,,,,,,,,,,,,,,,,,,,,,,,,,,,,,,,,,,,,,,,,,,,,,,,,,,,,,,,,,,,,,,,,,,,,,,,,,,,,,,,,,,,,,,,,,,,,,,,,,,,,,,,,,,,,,,,,,,,,,,,,,,,,,
,Consensus Neupogen,,,,,,,,,,,,,,,,,,,,,,302,,,,,,,,,,,,,,,,,,,,,,,,,,,,,,,,,,,,,,,,,,,,,,,,,,,,,,,,,,,,,,,,,,,,,,,,,,,,,,,,,,,,,,,,,,,,,,,,,,,,,,,,,,,,,,,,,,,,,,,,,,,,,,,,,,,,,,,,,,,,,,,,,,,,,,,,,,,,,,,,,,,,,,,,,,,,,,,,,,,,,,,,,,
,Consensus Enbrel,,,,,,,,,,,,,,,,,,,,,,694,,,,,,,,,,,,,,,,,,,,,,,,,,,,,,,,,,,,,,,,,,,,,,,,,,,,,,,,,,,,,,,,,,,,,,,,,,,,,,,,,,,,,,,,,,,,,,,,,,,,,,,,,,,,,,,,,,,,,,,,,,,,,,,,,,,,,,,,,,,,,,,,,,,,,,,,,,,,,,,,,,,,,,,,,,,,,,,,,,,,,,,,,,
,Consensus Revenue,,,,,,,,,,,,,,,,,,,,,,3470,,,,,,,,,,,,,,,,3740.5,,,,,,,,,,,,,,,,,,,,,,,,,,,,,,,,,,,,,,,,,,,,,,,,,,,,,,,,,,,,,,,,,,,,,,,,,,,,,,,,,,,,,,,,,,,,,,,,,,,,,,,,,,,,,,,,,,,,,,,,,,,,,,,,,,,,,,,,,,,,,,,,,,,,,,,,,,,,,,,,,,,,,,,,,,
,Consensus GM,,,,,,,,,,,,,,,,,,,,,,0.84,,,,,,,,,,,,,,,,,,,,,,,,,,,,,,,,,,,,,,,,,,,,,,,,,,,,,,,,,,,,,,,,,,,,,,,,,,,,,,,,,,,,,,,,,,,,,,,,,,,,,,,,,,,,,,,,,,,,,,,,,,,,,,,,,,,,,,,,,,,,,,,,,,,,,,,,,,,,,,,,,,,,,,,,,,,,,,,,,,,,,,,,,,
,Consensus R&D,,,,,,,,,,,,,,,,,,,,,,721,,,,,,,,,,,,,,,,,,,,,,,,,,,,,,,,,,,,,,,,,,,,,,,,,,,,,,,,,,,,,,,,,,,,,,,,,,,,,,,,,,,,,,,,,,,,,,,,,,,,,,,,,,,,,,,,,,,,,,,,,,,,,,,,,,,,,,,,,,,,,,,,,,,,,,,,,,,,,,,,,,,,,,,,,,,,,,,,,,,,,,,,,,
,Consensus SG&A,,,,,,,,,,,,,,,,,,,,,,708,,,,,,,,,,,,,,,,,,,,,,,,,,,,,,,,,,,,,,,,,,,,,,,,,,,,,,,,,,,,,,,,,,,,,,,,,,,,,,,,,,,,,,,,,,,,,,,,,,,,,,,,,,,,,,,,,,,,,,,,,,,,,,,,,,,,,,,,,,,,,,,,,,,,,,,,,,,,,,,,,,,,,,,,,,,,,,,,,,,,,,,,,,
,Consensus Tax,,,,,,,,,,,,,,,,,,,,,,0.24,,,,,,,,,,,,,,,,,,,,,,,,,,,,,,,,,,,,,,,,,,,,,,,,,,,,,,,,,,,,,,,,,,,,,,,,,,,,,,,,,,,,,,,,,,,,,,,,,,,,,,,,,,,,,,,,,,,,,,,,,,,,,,,,,,,,,,,,,,,,,,,,,,,,,,,,,,,,,,,,,,,,,,,,,,,,,,,,,,,,,,,,,,
,EPS with options,,,,,,,,,,,,,,,,,,,,,,0.91,,,,,,,,,,,,,,,,,,,,,,,,,,,,,,,,,,,,,,,,,,,,,,,,,,,,,,,,,,,,,,,,,,,,,,,,,,,,,,,,,,,,,,,,,,,,,,,,,,,,,,,,,,,,,,,,,,,,,,,,,,,,,,,,,,,,,,,,,,,,,,,,,,,,,,,,,,,,,,,,,,,,,,,,,,,,,,,,,,,,,,,,,,
,EPS without options,,,,,,,,,,,,,,,,,,,,,,0.94,,,,,,,,,,,,,,,,,,,,,,,,,,,,,,,,,,,,,,,,,,,,,,,,,,,,,,,,,,,,,,,,,,,,,,,,,,,,,,,,,,,,,,,,,,,,,,,,,,,,,,,,,,,,,,,,,,,,,,,,,,,,,,,,,,,,,,,,,,,,,,,,,,,,,,,,,,,,,,,,,,,,,,,,,,,,,,,,,,,,,,,,,,
,,,,,,,,,,,,,,,,,,,,,,,,,,,,,,,,,,,,,,,,,,,,,,,,,,,,,,,,,,,,,,,,,,,,,,,,,,,,,,,,,,,,,,,,,,,,,,,,,,,,,,,,,,,,,,,,,,,,,,,,,,,,,,,,,,,,,,,,,,,,,,,,,,,,,,,,,,,,,,,,,,,,,,,,,,,,,,,,,,,,,,,,,,,,,,,,,,,,,,,,,,,,,,,,,
,United States,,,,,,,,,,,,,,,,,,,,,,,,,,,,,,,,,,,,,,,,,,,,,,,,,,,,,,,,,,,,,,,,,,,,,,,,,,,,,,,,,,,,,,,,,,,,,,,,,,,,,,,,,,,,,,,,,,,,,,,,,,,,17286.0,17743.0,19272.0,,,,,,,,,,,,,,,,,,,,,,,,,,,,,,,,,,,,,,,,,,,,,,,,,,,,,,,,,,,,,,,,,,,,,,,,,,,,,,,,,,
,ROW,,,,,,,,,,,,,,,,,,,,,,,,,,,,,,,,,,,,,,,,,,,,,,,,,,,,,,,,,,,,,,,,,,,,,,,,,,,,,,,,,,,,,,,,,,,,,,,,,,,,,,,,,,,,,,,,,,,,,,,,,,,,7011.0,7058.0,7638.0,,,,,,,,,,,,,,,,,,,,,,,,,,,,,,,,,,,,,,,,,,,,,,,,,,,,,,,,,,,,,,,,,,,,,,,,,,,,,,,,,,
,Revenue,,,,,,,,,,,,,,,,,,,,,,,,,,,,,,,,,,,,,,,,,,,,,,,,,,,,,,,,,,,,,,,,,,,,,,,,,,,,,,,,,,,,,,,,,,,,,,,,,,,,,,,,,,,,,,,,,,,,,,,,,,,,24297.0,24801.0,26910.0,,,,,,,,,,,,,,,,,,,,,,,,,,,,,,,,,,,,,,,,,,,,,,,,,,,,,,,,,,,,,,,,,,,,,,,,,,,,,,,,,,
,,,,,,,,,,,,,,,,,,,,,,,,,,,,,,,,,,,,,,,,,,,,,,,,,,,,,,,,,,,,,,,,,,,,,,,,,,,,,,,,,,,,,,,,,,,,,,,,,,,,,,,,,,,,,,,,,,,,,,,,,,,,,,,,,,,,,,,,,,,,,,,,,,,,,,,,,,,,,,,,,,,,,,,,,,,,,,,,,,,,,,,,,,,,,,,,,,,,,,,,,,,,,,,,,
,,,,,,,,,,,,,,,,,,,,,,,,,,,,,,,,,,,,,,,,,,,,,,,,,,,,,,,,,,,,,,,,,,,,,,,,,,,,,,,,,,,,,,,,,,,,,,,,,,,,,,,,,,,,,,,,,,,,,,,,,,,,,,,,,,,,,,,,,,,,,,,,,,,,,,,,,,,,,,,,,,,,,,,,,,,,,,,,,,,,,,,,,,,,,,,,,,,,,,,,,,,,,,,,,
,,,,,,,,,,,,,,,,,,,,,,,,,,,,,,,,,,,,,,,,,,,,,,,,,,,,,,,,,,,,,,,,,,,,,,,,,,,,,,,,,,,,,,,,,,,,,,,,,,,,,,,,,,,,,,,,,,,,,,,,,,,,,,,,,,,,,,,,,,,,,,,,,,,,,,,,,,,,,,,,,,,,,,,,,,,,,,,,,,,,,,,,,,,,,,,,,,,,,,,,,,,,,,,,,
,,,,,,,,,,,,,,,,,,,,,,,,,,,,,,,,,,,,,,,,,,,,,,,,,,,,,,,,,,,,,,,,,,,,,,,,,,,,,,,,,,,,,,,,,,,,,,,,,,,,,,,,,,,,,,,,,,,,,,,,,,,,,,,,,,,,,,,,,,,,,,,,,,,,,,,,,,,,,,,,,,,,,,,,,,,,,,,,,,,,,,,,,,,,,,,,,,,,,,,,,,,,,,,,,
,,,,,,,,,,,,,,,,,,,,,,,,,,,,,,,,,,,,,,,,,,,,,,,,,,,,,,,,,,,,,,,,,,,,,,,,,,,,,,,,,,,,,,,,,,,,,,,,,,,,,,,,,,,,,,,,,,,,,,,,,,,,,,,,,,,,,,,,,,,,,,,,,,,,,,,,,,,,,,,,,,,,,,,,,,,,,,,,,,,,,,,,,,,,,,,,,,,,,,,,,,,,,,,,,
,Aranesp y/y,,,,,,,21.74,4.594594594594595,5.5,5.242369838420108,2.8548812664907652,1.4299516908212562,1.1310832025117739,0.7745182628702905,0.3871777321469314,0.40159045725646125,0.33149171270718236,0.35656401944894656,0.381578947368421,0.23829787234042543,0.23513139695712315,0.26045400238948635,0.27023809523809517,0.2668957617411225,0.14221724524076151,-0.10047393364928914,-0.23336457357075913,-0.2522603978300181,-0.25392156862745097,-0.1306638566912539,0.033007334963325086,-0.14631197097944382,-0.17739816031537448,-0.16000000000000003,-0.18934911242603547,-0.0821529745042493,0.0015974440894568342,-0.1298701298701299,-0.09051094890510947,-0.02314814814814814,-0.07496012759170656,-0.02985074626865669,-0.036918138041733495,-0.15007898894154814,-0.10689655172413792,-0.0837606837606838,,,,,,,,,,,,,,,,,,,,,,,,,,,,,,,,,,,,,,,,,,,,,,,,,,,,,,,,,,,8.895238095238096,2.7146294513955724,0.6018914367146004,0.3234937323089364,0.25908952031775123,-0.12302839116719244,-0.13198671831765352,-0.15460631176283068,-0.05,-0.05,-0.05,-0.1,-0.1,-0.1,,,,,,,,,,,,,,,,,,,,,,,,,,,,,,,,,,,,,,,,,,,,,,,,,,,,,,,,,,,,,,,,,,,,,,,,,,,,,,,,,,,,,,,,,,
,Epogen y/y,,,,,0.01829025844930432,0.10096525096525077,0.08427184466019422,0.08339160839160842,0.06813744631003504,0.07154129405576026,0.12088108882521498,0.04986283685654347,0.0784134527508682,0.03518245786287033,0.08803323214571024,0.07131878266215796,-0.011864406779661052,0.022763199494151065,-0.1204111600587372,-0.10186513629842175,0.036020583190394584,-0.05255023183925811,0.056761268781302165,0.05591054313099031,0.0347682119205297,0.01794453507340954,-0.048973143759873605,-0.03479576399394857,-0.11360000000000003,-0.0032051282051281937,0.0531561461794019,0.012539184952978122,0.019855595667870096,0.025723472668810254,0.045741324921135584,0.08823529411764697,0.1026548672566372,0.029780564263322873,-0.015082956259426794,-0.1593172119487909,-0.1412520064205457,-0.1735159817351598,-0.27105666156202146,-0.17766497461928932,-0.16635514018691588,-0.03314917127071826,,,,,,,,,,,,,,,,,,,,,,,,,,,,,,,,,,,,,,,,,,,,,,,,,,,,,,,,,,0.07424582144313074,0.07205540534130273,0.07730088495575216,0.06813981188647467,-0.05598707990463736,0.02281059063136448,-0.008761449621664696,-0.013258336681398197,0.02,0,-0.1,-0.1,-0.1,-0.1,-0.1,,,,,,,,,,,,,,,,,,,,,,,,,,,,,,,,,,,,,,,,,,,,,,,,,,,,,,,,,,,,,,,,,,,,,,,,,,,,,,,,,,,,,,,,,,
,Neulasta y/y,,,,,,,,,,1.7590909090909093,1.307692307692308,0.7297169811320754,0.52984496124031,0.4032948929159801,0.37614678899082565,0.278974638669212,0.2693184697238409,0.3782578069969478,0.28222222222222215,0.32835820895522394,0.21357285429141726,0.1942078364565587,0.19584055459272087,0.1412520064205458,0.1825657894736843,0.04707560627674745,0.10579710144927534,0.1026722925457102,0.05146036161335177,0.17438692098092634,0.11664482306684132,0.08163265306122458,0.02777777777777768,-0.03596287703016243,0.02230046948356801,0.03301886792452824,0.11068211068211076,0.036101083032491044,0.051664753157290466,0.047945205479452024,0.08458864426419477,0.17886178861788626,0.09497816593886466,0.08714596949891074,0.1100427350427351,0,,,,,,,,,,,,,,,,,,,,,,,,,,,,,,,,,,,,,,,,,,,,,,,,,,,,,,,,,,,,,,0.3152448838813522,0.18444055944055937,0.10701107011070121,0.1060000000000001,0.08,0.05,0.02,0,0,0,,,,,,,,,,,,,,,,,,,,,,,,,,,,,,,,,,,,,,,,,,,,,,,,,,,,,,,,,,,,,,,,,,,,,,,,,,,,,,,,,,,,,,,,,,,
,EPOs y/y,,,,,0.09622266401590474,0.20849420849420852,0.29249999999999976,0.3574712643678162,0.45429815016322084,0.5316293929712459,0.583395328076179,0.3954276037256561,0.4128943758573387,0.30329578639966615,0.2112384890058261,0.21532593619972262,0.15269196822594888,0.18758002560819476,0.1163692785104733,0.06918687589158345,0.14624808575803971,0.12398921832884091,0.1813759555246699,0.17878585723815887,0.09886439545758186,-0.05695443645083931,-0.16470588235294115,-0.1709111488398415,-0.20060790273556228,-0.0801017164653528,0.04154929577464794,-0.0771331058020478,-0.09429657794676805,-0.08016586040082929,-0.08857336037863417,-0.0007396449704142327,0.04953820319059621,-0.053343350864011985,-0.053412462908011826,-1,-1,-1,-1,,,,,,,,,,,,,,,,,,,,,,,,,,,,,,,,,,,,,,,,,,,,,,,,,,,,,,,,,,,,,0.0956481858948226,0.24440723687270371,0.48695619674091795,0.2752544928993339,0.1289813938820561,0.1578212290502794,-0.07976477683956573,-0.08356545961002781,-0.06651171106740572,-0.040413713847921806,-0.1331337325349301,-0.12045820861155887,-0.14272419074047404,-0.09999999999999987,-0.10000000000000009,,,,,,,,,,,,,,,,,,,,,,,,,,,,,,,,,,,,,,,,,,,,,,,,,,,,,,,,,,,,,,,,,,,,,,,,,,,,,,,,,,,,,,,,,,
,Sensipar y/y,,,,,,,,,,,,,,,,,,10.612903225806452,3.2,1.6842105263157894,1.259259259259259,1.1944444444444446,0.9761904761904763,0.9215686274509804,0.721311475409836,0.36708860759493667,0.4698795180722892,0.30612244897959173,0.2666666666666666,0.38888888888888884,0.319672131147541,0.1953125,0.11278195488721798,0.11333333333333329,0.024844720496894457,0.11764705882352944,0.20945945945945943,0.029940119760478945,0.06060606060606055,0.09941520467836251,0.04469273743016755,0.15697674418604657,0.17714285714285705,0.14893617021276606,0.17112299465240643,0.16582914572864316,,,,,,,,,,,,,,,,,,,,,,,,,,,,,,,,,,,,,,,,,,,,,,,,,,,,,,,,,,,,,,,,0.44236760124610597,0.2,0.15,0.1,0.08,0.02,0,0,,,,,,,,,,,,,,,,,,,,,,,,,,,,,,,,,,,,,,,,,,,,,,,,,,,,,,,,,,,,,,,,,,,,,,,,,,,,,,,,,,,,,,,,,,,
,Vectibix y/y,,,,,,,,,,,,,,,,,,,,,,,,,,,,,,,,,,,,,,,,,,,,,,,,,,,,,,,,,,,,,,,,,,,,,,,,,,,,,,,,,,,,,,,,,,,,,,,,,,,,,,,,,,,,,,3.3589743589743586,0.1,0.05,0.05,0.05,0.05,,,,,,,,,,,,,,,,,,,,,,,,,,,,Perlmutter (D),,,,,,,,,,,,,,,,,,,,,,,,,,,,,,,,,,,,,,,,,,,,,,,,,,,,,,,,,,,,,,,,,
,,,,,,,,,,,,,,,,,,,,,,,,,,,,,,,,,,,,,,,,,,,,,,,,,,,,,,,,,,,,,,,,,,,,,,,,,,,,,,,,,,,,,,,,,,,,,,,,,,,,,,,,,,,,,,,,,,,,,,,,,,,,,,,,,,,,,,,,,,,,,,,,,,,,,,,,,,,,,,,,,,,,,,,,,,,,,,,,,,,,,,,,,,,,,,,,,,,,,,,,,,,,,,,,,
,,,,,,,,,,,,,,,,,,,,,,,,,,,,,,,,,,,,,,,,,,,,,,,,,,,,,,,,,,,,,,,,,,,,,,,,,,,,,,,,,,,,,,,,,,,,,,,,,,,,,,,,,,,,,,,,,,,,,,,,,,,,,,,,,,,,,,,,,,,,,,,,,,,,,,,,,,,,,,,,,,,,,,,,,,,,,,,,,,,,,,,,,,,,,,,,,,,,,,,,,,,,,,,,,
,,,,,,,,,,,,,,,,,,,,,,,,,,,,,,,,,,,,,,,,,,,,,,,,,,,,,,,,,,,,,,,,,,,,,,,,,,,,,,,,,,,,,,,,,,,,,,,,,,,,,,,,,,,,,,,,,,,,,,,,,,,,,,,,,,,,,,,,,,,,,,,,,,,,,,,,,,,,,,,,,,,,,,,,,,,,,,,,,,,,,,,,,,,,,,,,,,,,,,,,,,,,,,,,,
,,,333.46596489693,,,,,,,,,,,,,,,,,,,,,,,,,,,,,,,,,,,,,,,,,,,,,,,,,,,,,,,,,,,,,,,,,,,,,,,,,,,,,,,,,,,,,,,,,,,,,,,,,,,,,,,,,,,,,,,,,,,,,,,,,,,,,,,,,,,,,,,,,,,,,,,,,,,,,,,,,,,,,,,,,,,,,,,,,,,,,,,,,,,,,,,,,,,,,,,,,,,,,,,,,,,,,,
