Main,Unnamed: 1,Unnamed: 2
,Relevance,Title
,1,"1: Kamstrup SL, Schmidt NS, Langkilde HZ, Nilsson AC, Voss A. Anti-ribosomal-P protein antibodies and systemic lupus erythematosus (SLE): in a cross-sectional study of Danish adult patients with SLE, no significant association is found between anti-ribosomal-P and neuropsychiatric SLE. Lupus Sci Med. 2025 Aug 17;12(2):e001550. doi: 10.1136/lupus-2025-001550. PMID: 40819906; PMCID: PMC12359534."
,4,"2: Salman E, Dinç B. Is it necessary to request testing for antibodies against extractable nuclear antigens in case of antinuclear antibody negativity? Scand J Clin Lab Invest. 2025 Aug 11:1-7. doi: 10.1080/00365513.2025.2547049. Epub ahead of print. PMID: 40788770."
,7,"3: Yamaguchi K, Sullivan DI, Khushboo S, Saygin D, Laverde SM, Moghadam-Kia S, Ascherman DP, Oddis CV, Aggarwal R. Long-term clinical prognosis of anti-aminoacyl-tRNA synthetase antibodies and interstitial lung disease. Clin Rheumatol. 2025 Aug;44(8):3341-3352. doi: 10.1007/s10067-025-07521-w. Epub 2025 Jun 27. PMID: 40571884."
,3,"4: Vesole AS, Breen JT. The Incidence and Prognosis of Positive Autoimmune Laboratory Markers in Idiopathic Sudden Sensorineural Hearing Loss: A National Database Study. Otol Neurotol. 2025 Aug 1;46(7):753-758. doi: 10.1097/MAO.0000000000004415. Epub 2025 Jan 22. PMID: 39965237."
,3,"5: Conticini E, Gupta L, Fornaro M, Rizzo C, Agarwal V, Anuja AK, Camarda F, Cameli P, d'Alessandro M, La Barbera L, Rahulan LM, Grazzini S, Stano S, Guggino G, Iannone F, Bargagli E, Cantarini L, Frediani B. Serum ferritin as a specific biomarker of anti-MDA5-interstitial lung disease: a multicenter, case-control study in observational and validation datasets. Rheumatol Int. 2025 Jul 15;45(8):171. doi: 10.1007/s00296-025-05918-z. PMID: 40663209."
,3,"6: Kassal Y, El Hessni A, Mesfioui A, Fritah K, Nakidi N, Boukouaci W, Rkhaila A, Bouassida J, Belbachir S, Laboudi F, Ouanass A, Leboyer M, Tamouza R, Arji N. Antinuclear antibodies profiling in Moroccan patients with schizophrenia: A single center study. Encephale. 2025 Jul 4:S0013-7006(25)00104-6. doi: 10.1016/j.encep.2025.05.001. Epub ahead of print. PMID: 40617751."
,5,"7: Yoshida S, Temmoku J, Saito K, Suzuki E, Kanno T, Sumichika Y, Matsumoto H, Fujita Y, Matsuoka N, Asano T, Sato S, Migita K. Successful treatment of rheumatoid arthritis complicated by anti-Jo-1 antibody-positive myopathy with abatacept: A case report. Fukushima J Med Sci. 2025 Jul 3;71(3):195-201. doi: 10.5387/fms.24-00054. Epub 2025 Mar 28. PMID: 40159152; PMCID: PMC12342225."
,2,"8: Ring A, Sutherland S, Harper-Wynne C, Owen J, Sanglier T, Velikova G. A disease registry study to prospectively observe treatment patterns and outcomes in patients with HER2-positive unresectable LA/MBC: final results of the ESTHER study. Breast Cancer Res Treat. 2025 Jul;212(1):113-121. doi: 10.1007/s10549-025-07708-4. Epub 2025 May 13. PMID: 40358647; PMCID: PMC12086108."
,5,"9: Iba Ba J, Mfoumou A, Nseng-Nseng Ondo I, Kombila UD, Boguikouma JB. Syndrome des antisynthétases : sept observations du service de médecine interne du CHU de Libreville, Gabon [Antisynthetase syndrome: seven observations from the internal medicine department of the Libreville University Hospital, Gabon]. Med Trop Sante Int. 2025 Jun 25;5(2):mtsi.v5i2.2025.711. French. doi: 10.48327/mtsi.v5i2.2025.711. PMID: 40741166; PMCID: PMC12305228."
,4,"10: Kirou RA, Pinal-Fernandez I, Casal-Dominguez M, Pak K, Preusse C, Dari D, Del Orso S, Naz F, Islam S, Gutierrez-Cruz G, Naddaf E, Liewluck T, Stenzel W, Selva-O'Callaghan A, Milisenda JC, Mammen AL. Distinct cytokine and cytokine receptor expression patterns characterize different forms of myositis. Rheumatology (Oxford). 2025 Jun 20:keaf346. doi: 10.1093/rheumatology/keaf346. Epub ahead of print. PMID: 40579223."
,4,"11: Pinal-Fernandez I, Metz C, Casal-Dominguez M, Pak K, Kirou R, Dell'Orso S, Naz F, Islam S, Gutierrez-Cruz G, Stenzel W, Selva-O'Callaghan A, Milisenda JC, Mammen AL. Local immunoglobulin expression in myositis is associated with interferon gamma signaling and correlates with disease activity. medRxiv [Preprint]. 2025 Jun 4:2025.06.03.25328909. doi: 10.1101/2025.06.03.25328909. PMID: 40502568; PMCID: PMC12155027."
,4,"12: Bucy L, Devilliers H, Decker P, Manneville F, Bonnotte B, Baptista BR, Guillaumot A, Bonniaud P, Maillefert JF, Meyer A, Servettaz A, Campagne J, Magy-Bertrand N, Jaussaud R, Moulinet T. Association of Cancer and Anti-Synthetase Syndrome: A Retrospective Multicenter Study. Am J Med. 2025 Jun 1:S0002-9343(25)00347-X. doi: 10.1016/j.amjmed.2025.05.042. Epub ahead of print. PMID: 40460913."
,8,"13: Sun S, Jin J, Chen J, Wang K, Wu W, Wang X, Song Y, Ye S. Effectiveness and safety of anti-CD20 monoclonal antibodies versus csDMARDs in anti-Jo-1 antisynthetase syndrome: A retrospective cohort study. Semin Arthritis Rheum. 2025 Jun;72:152712. doi: 10.1016/j.semarthrit.2025.152712. Epub 2025 Mar 13. PMID: 40122014."
,6,"14: Ogawa-Momohara M, Muro Y. Myositis-specific and myositis-associated autoantibodies: their clinical characteristics and potential pathogenic roles. Immunol Med. 2025 Jun;48(2):104-116. doi: 10.1080/25785826.2024.2413604. Epub 2024 Oct 12. PMID: 39394957."
,6,"15: Nguyen N, Leclair V, Kaedbey R, Hudson M. Failure of daratumumab in the treatment of anti-synthetase syndrome: A case report. SAGE Open Med Case Rep. 2025 Apr 29;13:2050313X251336022. doi: 10.1177/2050313X251336022. PMID: 40308381; PMCID: PMC12041689."
,6,"16: Haase I, Richter J, Holzer MT, Fehse B, Ruffer N, Seibel J, Berger SC, Gagelmann N, Borie D, Ayuk F, Kötter I, Krusche M, Kröger N. A novel approach to refractory idiopathic inflammatory myopathy: CD19 CAR T-cell therapy-case report and literature review. Rheumatology (Oxford). 2025 Apr 23:keaf190. doi: 10.1093/rheumatology/keaf190. Epub ahead of print. PMID: 40268741."
,5,"17: Merino-Vico A, Kocyigit M, Frazzei G, Landman L, Boon L, van Leeuwen EM, Lundberg IE, van der Kooi AJ, Raaphorst J, van Hamburg JP, Tas SW. Modulating IL-21-driven B cell responses in idiopathic inflammatory myopathies via inhibition of the JAK/STAT pathway. Arthritis Res Ther. 2025 Apr 1;27(1):76. doi: 10.1186/s13075-025-03547-2. PMID: 40170058; PMCID: PMC11963324."
,8,"18: Faghihi-Kashani S, Yoshida A, Bozan F, Zanframundo G, Rozza D, Loganathan A, Dourado E, Sambataro G, Bauer-Ventura I, Bae SS, Lim D, Rivero-Gallegos D, Yamano Y, Selva-O'Callaghan A, Mammen AL, Scirè CA, Montecucco C, Oddis CV, Fiorentino D, Bonella F, Miller FW, Lundberg IE, Schmidt J, Rojas-Serrano J, Hudson M, Kuwana M, González-Gay MA, McHugh N, Corte TJ, Doyle TJ, Werth VP, Gupta L, Perez Roman DI, Bianchessi LM, Devarasetti PK, Shinjo SK, Luppi F, Cavazzana I, Moghadam-Kia S, Fornaro M, Volkmann ER, Piga M, Loarce-Martos J, De Luca G, Knitza J, Wolff-Cecchi V, Sebastiani M, Schiffenbauer A, Rider LG, Campanilho-Marques R, Marts L, Bravi E, Gunawardena H, Aggarwal R, Cavagna L; Classification Criteria for Anti‐Synthetase Syndrome Project participating investigators. Clinical Characteristics of Anti-Synthetase Syndrome: Analysis From the Classification Criteria for Anti-Synthetase Syndrome Project. Arthritis Rheumatol. 2025 Apr;77(4):477-489. doi: 10.1002/art.43038. Epub 2024 Dec 17. PMID: 39467037; PMCID: PMC11936500."
,8,"19: Mb I, Deepak D, Bhatta A, Lalwani G, Sharma B, Somayya V, Chhabra M, Duggal N. Prevalence of Anti-Synthetase Syndrome in Patients of Interstitial Lung Disease with Connective Tissue Diseases and Autoimmune Features: A Cross-Sectional Study. Mediterr J Rheumatol. 2025 Mar 31;36(1):107-115. doi: 10.31138/mjr.180324.dtc. PMID: 40557171; PMCID: PMC12183454."
,5,"20: Dempsey B, Epstein D, Joseph C, Amini SS, Bloom AW, Daryanani S, Kesselman MM. A Clinical Picture of Amyopathic Dermatomyositis. Cureus. 2025 Mar 26;17(3):e81246. doi: 10.7759/cureus.81246. PMID: 40291199; PMCID: PMC12030805."
,4,"21: Bae SS, Shahbazian A, Wang J, Markovic D, De Leon T, Lee Y, Reddy ST, Charles-Schoeman C. Plasma levels of adhesion molecules are elevated in dermatomyositis-interstitial lung disease and associated with low paraoxonase-1 activity. Arthritis Res Ther. 2025 Mar 8;27(1):53. doi: 10.1186/s13075-025-03520-z. PMID: 40055821; PMCID: PMC11889823."
,6,"22: Kirou RA, Pinal-Fernandez I, Casal-Dominguez M, Pak K, Preusse C, Dari D, Del Orso S, Naz F, Islam S, Gutierrez-Cruz G, Naddaf E, Liewluck T, Stenzel W, Selva-O'Callaghan A, Milisenda JC, Mammen AL. Distinct Cytokine and Cytokine Receptor Expression Patterns Characterize Different Forms of Myositis. medRxiv [Preprint]. 2025 Feb 21:2025.02.17.25321047. doi: 10.1101/2025.02.17.25321047. Update in: Rheumatology (Oxford). 2025 Jun 20:keaf346. doi: 10.1093/rheumatology/keaf346. PMID: 40034760; PMCID: PMC11875321."
,4,"23: Peña-López Y, Tareen NG, Zhang B, Raman I, Arana CA, Zhu C, Liu Y, Selvakumar P, van Oers NSC, Morris S, Hooper LV, Copley LAB, Raj P. Joint fluid multi-omics improves diagnostic confidence during evaluation of children with presumed septic arthritis. Pediatr Rheumatol Online J. 2025 Jan 24;23(1):9. doi:10.1186/s12969-025-01060-z. PMID: 39849638; PMCID: PMC11759420."
,8,"24: Kouranloo K, Dey M, Elwell H, Yioe V, Spencer LG, Cotton CV. Management and outcomes of interstitial lung disease associated with anti-synthetase syndrome: a systematic literature review. Rheumatology (Oxford). 2025 Jan 1;64(1):45-55. doi: 10.1093/rheumatology/keae403. PMID: 39083028."
,5,"25: Tang HS, Tang IYK, Ho RTC, Young JKY, Lai BTL, Chung JYK, Yung AKM, Cheung CCL, Lee PML, So H. Clinical heterogeneity and prognostic factors of anti-synthetase syndrome: a multi-centred retrospective cohort study. Rheumatology (Oxford). 2025 Jan 1;64(1):212-220. doi: 10.1093/rheumatology/kead671. PMID: 38096583"
,3,"26: Sieiro Santos C, Tandaipan JL, Castillo D, Codes H, Martínez-Martínez L, Magallares B, Moya P, Mariscal A, Park HS, Díaz-Torné C, Fernandez-Sanchez SP, Bernardez J, Corominas H, Diez Alvarez E, Castellví I. Nailfold videocapillaroscopy findings correlate with lung outcomes in idiopathic inflammatory myopathies-related interstitial lung disease. Rheumatology (Oxford). 2024 Dec 10:keae669. doi: 10.1093/rheumatology/keae669. Epub ahead of print. PMID: 39658251."
,9,"27: Notarnicola A, Preger C, Lundström SL, Renard N, Wigren E, Van Gompel E, Galindo-Feria AS, Persson H, Fathi M, Grunewald J, Jakobsson PJ, Gräslund S, Lundberg IE, Fernandes-Cerqueira C. Correction: Longitudinal assessment of reactivity and affinity profile of anti-Jo1 autoantibodies to distinct HisRS domains and a splice variant in a cohort of patients with myositis and anti-synthetase syndrome. Arthritis Res Ther. 2024 Dec 2;26(1):206. doi: 10.1186/s13075-024-03446-y. Erratum for: Arthritis Res Ther. 2022 Mar 2;24(1):62. doi: 10.1186/s13075-022-02745-6. PMID: 39623418; PMCID: PMC11610361."
,7,"28: Stenzel W, Mammen AL, Gallay L, Holzer MT, Kleefeld F, Benveniste O, Allenbach Y; ENMC Antisynthetase Syndrome Study Group. 273rd ENMC International workshop: Clinico-Sero-morphological classification of the Antisynthetase syndrome. Amsterdam, The Netherlands, 27-29 October 2023. Neuromuscul Disord. 2024 Dec;45:104453. doi: 10.1016/j.nmd.2024.104453. Epub 2024 Oct 4. PMID: 39490006"
,2,"29: Lobayan RM, Provasi PF, Pomilio AB. AIM/NBO Analysis of the Geminal Coupling Constants in the Stabilization of A-Type Dimeric Proanthocyanidin: Angular Dependence. Magn Reson Chem. 2024 Dec;62(12):825-840. doi: 10.1002/mrc.5479. Epub 2024 Sep 15. PMID: 39279188."
,6,"30: Eddehbi FE, Salami A, Idam F, Hazime R, Admou B. Associations cliniques des anticorps anti-Jo1 chez une population marocaine [Clinical associations of anti-Jo1 antibodies in a Moroccan population]. Ann Biol Clin (Paris). 2024 Nov 30;82(5):555-562. French. doi: 10.1684/abc.2024.1924. PMID: 39612302."
,7,"31: Wang N, Shang L, Liang Z, Feng M, Wang Y, Gao C, Luo J. Altered metabolic profiles of dermatomyositis with different myositis-specific autoantibodies associated with clinical phenotype. Front Immunol. 2024 Nov 25;15:1429010. doi: 10.3389/fimmu.2024.1429010. PMID: 39654882; PMCID: PMC11625817."
,7,"32: Kleiser B, Hoffmann D, Kowarik MC, Dubois E, Armbruster M, Grimm A, Marquetand J. Myositis-specific and -associated antibodies in neurological disorders - A retrospective study of 727 patients. J Neurol Sci. 2024 Nov 15;466:123213. doi: 10.1016/j.jns.2024.123213. Epub 2024 Sep 3. PMID: 39244894."
,7,"33: McMorrow FK, Anwyll N, Tansley SL. Autoantibody testing in myositis: an update. Curr Opin Rheumatol. 2024 Nov 1;36(6):481-487. doi: 10.1097/BOR.0000000000001039. Epub 2024 Aug 19. PMID: 39155767."
,7,"34: Hannah JR, Lawrence A, Martinovic J, Naqvi M, Chua F, Kouranos V, Ali SS, Stock C, Owens C, Devaraj A, Pollard L, Agarwal S, Atienza-Mateo B, González-Gay MA, Patel A, West A, Tinsley K, Robbie H, Lams B, Wells AU, Norton S, Galloway J, Renzoni EA, Gordon PA. Antibody predictors of mortality and lung function trends in myositis spectrum interstitial lung disease. Rheumatology (Oxford). 2024 Nov 1;63(11):3080-3090. doi: 10.1093/rheumatology/kead638. PMID: 38039151; PMCID: PMC11534121."
,4,"35: Burbelo PD, Huapaya JA, Khavandgar Z, Beach M, Pinal-Fernandez I, Mammen AL, Chiorini JA, Noroozi Farhadi P, Miller FW, Schiffenbauer A, Sarkar K, Warner BM, Rider LG. Quantification of autoantibodies using a luminescent profiling method in autoimmune interstitial lung disease. Front Immunol. 2024 Oct 25;15:1462242. doi: 10.3389/fimmu.2024.1462242. PMID: 39524452; PMCID: PMC11543486."
,5,"36: Hes T, Wong M, Tikly M, Govind N. Pulmonary manifestations of the idiopathic inflammatory myopathies in a South African population. Afr J Thorac Crit Care Med. 2024 Oct 14;30(3):e1663. doi: 10.7196/AJTCCM.2024.v30i3.1663. PMID: 39619654; PMCID: PMC11606638."
,6,"37: Correia BP, Campanilho-Marques R, Dourado E, Silva M, Silva A, Costa F, Bandeira M, Melo AT, Barreira SC, Fonseca JE. Myositis-Associated Interstitial Lung Disease: The Experience of a Tertiary Center. J Clin Med. 2024 Oct 12;13(20):6085. doi: 10.3390/jcm13206085. PMID: 39458035; PMCID: PMC11508529."
,5,"38: Najjar R, Alessi H, Pinal-Fernandez I, Mammen AL, Mustelin T. Distinct Transcript-Level Expression Profiles and Unique Alternative Splicing in Inflammatory Myopathies. ACR Open Rheumatol. 2024 Oct;6(10):690-699. doi: 10.1002/acr2.11724. Epub 2024 Jul 27. PMID: 39073022; PMCID: PMC11471943."
,9,"39: Yamaguchi K, Tang Q, LaConti JJ, Kippelen F, Zhu L, Poland P, Hartoyo M, Aggarwal R, Oddis CV, Ascherman DP. Relationship between Jo-1 B Cell Epitope Profile and Clinical Features of Anti-Synthetase Syndrome. ACR Open Rheumatol. 2024 Oct;6(10):615-624. doi: 10.1002/acr2.11715. Epub 2024 Jul 8. PMID: 38973625; PMCID: PMC11471939."
,5,"40: Angeli F, Pedretti E, Garrafa E, Fredi M, Ceribelli A, Franceschini F, Cavazzana I. Comparison of Lineblot and Immunoprecipitation Methods in the Detection of Myositis-Specific and Myositis-Associated Antibodies in Patients with Idiopathic Inflammatory Myopathies: Consistency with Clinical Diagnoses. Diagnostics (Basel). 2024 Sep 30;14(19):2192. doi: 10.3390/diagnostics14192192. PMID: 39410596; PMCID: PMC11476314."
,5,"41: Bogojevic M, Markovic Vlaisavljevic M, Medjedovic R, Strujic E, Pravilovic Lutovac D, Pavlov-Dolijanovic S. Nailfold Capillaroscopy Changes in Patients with Idiopathic Inflammatory Myopathies. J Clin Med. 2024 Sep 19;13(18):5550. doi: 10.3390/jcm13185550. PMID: 39337037; PMCID: PMC11432190."
,6,"42: Loganathan A, Gupta L, Rudge A, Lu H, Bowler E, McMorrow F, Naveen R, Anuja AK, Agarwal V, McHugh N, Tansley S. Assessing the sensitivity and specificity of myositis-specific and associated autoantibodies: a sub-study from the MyoCite cohort. Rheumatology (Oxford). 2024 Sep 1;63(9):2363-2371. doi: 10.1093/rheumatology/keae167. PMID: 38479813."
,5,"43: Hum RM, Lilleker JB, Lamb JA, Oldroyd AGS, Wang G, Wedderburn LR, Diederichsen LP, Schmidt J, Danieli MG, Oakley P, Griger Z, Nguyen Thi Phuong T, Kodishala C, Vazquez-Del Mercado M, Andersson H, De Paepe B, De Bleecker JL, Maurer B, McCann L, Pipitone N, McHugh N, New RP, Ollier WE, Krogh NS, Vencovsky J, Lundberg IE, Chinoy H; MYONET Registry. Comparison of clinical features between patients with anti-synthetase syndrome and dermatomyositis: results from the MYONET registry. Rheumatology (Oxford). 2024 Aug 1;63(8):2093-2100. doi: 10.1093/rheumatology/kead481. Erratum in: Rheumatology (Oxford). 2024 Aug 1;63(8):2316. doi: 10.1093/rheumatology/keae186. PMID: 37698987; PMCID: PMC11292049."
,5,"44: Okiyama N, Konishi R, Ichimura Y. Murine models of idiopathic inflammatory myopathies. J Dermatol. 2024 Jul;51(7):914-919. doi: 10.1111/1346-8138.17142. Epub 2024 Feb 6. PMID: 38321631."
,6,"45: De Luca G, Campochiaro C, Palmisano A, Bruno E, Vignale D, Peretto G, Sala S, Ferlito A, Cilona MB, Esposito A, Matucci-Cerinic M, Dagna L. Myocarditis in anti-synthetase syndrome: clinical features and diagnostic modalities. Rheumatology (Oxford). 2024 Jul 1;63(7):1902-1910. doi: 10.1093/rheumatology/kead541. PMID: 37796832; PMCID: PMC11215987."
,9,"46: Yamaguchi K, Tang Q, Poland P, Reay DP, Gregory A, Aggarwal R, Oddis CV, Ascherman DP. Clinical features associated with the presence of anti-Ro52 and anti-Ro60 antibodies in Jo-1 antibody-positive anti-synthetase syndrome. Front Immunol. 2024 Jun 4;15:1399451. doi: 10.3389/fimmu.2024.1399451. PMID: 38895121; PMCID: PMC11183270."
,5,"47: Horiuchi Y, Hashimoto K, Yoshida R, Sekizawa A, Kubota A, Maeda M, Toda T, Tanaka Y. Severe finger necrosis in antisynthetase syndrome with positive anti-OJ antibodies. Clin Case Rep. 2024 Jun 2;12(6):e8990. doi: 10.1002/ccr3.8990. PMID: 38831985; PMCID: PMC11144602."
,7,"48: Rivero-Gallegos D, Mejía M, Rocha-González HI, Huerta-Cruz JC, Falfán-Valencia R, Ramos-Martínez E, Mateos-Toledo HN, Castillo-López MF, Rodríguez-Torres YK, Lira-Boussart V, Rojas-Serrano J. Association between anti-PL7 antibodies and increased fibrotic component in patients with antisynthetase syndrome and interstitial lung disease: a cross-sectional study. Clin Rheumatol. 2024 Jun;43(6):1971-1978. doi: 10.1007/s10067-024-06965-w. Epub 2024 Apr 20. PMID: 38642252."
,3,"49: Wu D, Cui Y, Cao Y, Wang Y, Zhang J, Guo Y, Yuan B. Clinical implications and mechanism of complement C1q in polymyositis. Appl Biochem Biotechnol. 2024 Jun;196(6):3088-3101. doi: 10.1007/s12010-023-04692-7. Epub 2023 Aug 25. PMID: 37624510"
,9,"50: Wu S, Xiao X, Zhang Y, Zhang X, Wang G, Peng Q. Novel endotypes of antisynthetase syndrome identified independent of anti-aminoacyl transfer RNA synthetase antibody specificity that improve prognostic stratification. Ann Rheum Dis. 2024 May 15;83(6):775-786. doi: 10.1136/ard-2023-225284. PMID: 38395605"
,3,"51: Su Z, Wang L, Gao X, Huang Z, Hu J, Yang B. Clinical Performance of the Line Immunoassay, Digital Liquid Chip Method, and Chemiluminescent Immunoassay for Detecting Specific Antinuclear Antibodies. Arch Pathol Lab Med. 2024 May 1;148(5):566-572. doi: 10.5858/arpa.2022-0331-OA. PMID: 37594897."
,3,"52: Sun X, Pan H, Lu H, Song S, Jin C, Pu Y. Diagnostic significance of combined anti-extractable nuclear antigens antibody, anti-cardiolipin antibody and anti-β2-glycoprotein 1 in systemic lupus erythematosus patients. Heliyon. 2024 Apr 4;10(7):e29230. doi: 10.1016/j.heliyon.2024.e29230. PMID: 38617903; PMCID: PMC11015451."
,2,"53: Balabanova L, Bakholdina S, Buinovskaya N, Noskova Y, Kolpakova O, Vlasova V, Bondarev G, Seitkalieva A, Son O, Tekutyeva L. LPS-Dephosphorylating <i>Cobetia amphilecti</i> Alkaline Phosphatase of PhoA Family Divergent from the Multiple Homologues of <i>Cobetia</i> spp. Microorganisms. 2024 Mar 21;12(3):631. doi: 10.3390/microorganisms12030631. PMID: 38543682; PMCID: PMC10974088."
,2,"54: Li XY, Wu F, Yang GJ. [5 cases of silicosis complicated with connective tissue diseases]. Zhonghua Lao Dong Wei Sheng Zhi Ye Bing Za Zhi. 2024 Mar 20;42(3):187-190. Chinese. doi: 10.3760/cma.j.cn121094-20221124-00557. PMID: 38538238"
,4,"55: Sánchez-Mendieta GG, Vega-Morales D, Villarreal-Alarcón MÁ, Compean-Villegas JE, Moreno-Arquieta IA, Galarza-Delgado DÁ. External validation of the 2017 ACR/EULAR classification criteria for inflammatory myopathies in a Mexican cohort: Role of autoantibodies in the diagnosis and classification of patients with inflammatory myopathies. Reumatol Clin (Engl Ed). 2024 Mar;20(3):142-146. doi: 10.1016/j.reumae.2023.11.001. PMID: 38494305."
,4,"56: Deepak V, Buragamadagu B, Rida Ul Jannat F, Salyer R, Landis T, Kaur S, Balakrishnan B. Clinical Features and Outcomes of Patients with Idiopathic Inflammatory Myositis-Associated Interstitial Lung Disease in Rural Appalachia: A Cross-Sectional Study. J Clin Med. 2024 Feb 25;13(5):1294. doi:10.3390/jcm13051294. PMID: 38592101; PMCID: PMC10931674."
,4,"57: Loganathan A, Zanframundo G, Yoshida A, Faghihi-Kashani S, Bauer Ventura I, Dourado E, Bozan F, Sambataro G, Yamano Y, Bae SS, Lim D, Ceribelli A, Isailovic N, Selmi C, Fertig N, Bravi E, Kaneko Y, Saraiva AP, Jovani V, Bachiller-Corral J, Cifrian J, Mera-Varela A, Moghadam-Kia S, Wolff V, Campagne J, Meyer A, Giannini M, Triantafyllias K, Knitza J, Gupta L, Molad Y, Iannone F, Cavazzana I, Piga M, De Luca G, Tansley S, Bozzalla-Cassione E, Bonella F, Corte TJ, Doyle TJ, Fiorentino D, Gonzalez-Gay MA, Hudson M, Kuwana M, Lundberg IE, Mammen AL, McHugh NJ, Miller FW, Montecucco C, Oddis CV, Rojas-Serrano J, Schmidt J, Scirè CA, Selva-O'Callaghan A, Werth VP, Alpini C, Bozzini S, Cavagna L, Aggarwal R; CLASS Project. Agreement between local and central anti-synthetase antibodies detection: results from the Classification Criteria of Anti-Synthetase Syndrome project biobank. Clin Exp Rheumatol. 2024 Feb;42(2):277-287. doi: 10.55563/clinexprheumatol/s14zq8. Epub 2024 Mar 14. PMID: 38488094."
,4,"58: Torres-Ruiz J, Pinal-Fernandez I, Selva-O'Callaghan A, Campbell B, Muñoz-Braceras S, Mejía-Domínguez NR, Núñez-Álvarez C, Milisenda J, Casal-Domínguez M, Pak K, Guillén-Del-Castillo A, Trallero-Araguas E, Gil-Vila A, Mammen AL. Nailfold capillaroscopy findings of a multicentric multi-ethnic cohort of patients with idiopathic inflammatory myopathies. Clin Exp Rheumatol. 2024 Feb;42(2):367-376. doi: 10.55563/clinexprheumatol/l9gudh. Epub 2024 Mar 14. PMID: 38488092; PMCID: PMC11669110."
,7,"59: Xia N, Hong SM, Zhang X, Shao C, Yan N, Ding H, Guo Q. Efficacy and safety of abatacept for interstitial lung disease associated with antisynthetase syndrome: a case series. Clin Exp Rheumatol. 2024 Feb;42(2):377-385. doi:10.55563/clinexprheumatol/53puzu. Epub 2023 Dec 5. PMID: 38079347."
,5,"60: Kimura M, Aizawa A, Kudou R, Rikitake Y, Iwao C, Rikitake M, Iwao K, Kariya Y, Kawaguchi T, Matsuda M, Miyauchi S, Takajo I, Umekita K. Differences in muscle magnetic resonance imaging findings between anti-signal recognition particle antibody-positive myopathy and anti-aminoacyl-tRNA synthetase antibody-positive myositis. Clin Exp Rheumatol. 2024 Feb;42(2):321-328. doi: 10.55563/clinexprheumatol/fjfkfs. Epub 2023 Jul 24. PMID: 37497714."
,5,"61: Jiajia J, Jia L, Wanlong W, Shuhui S, Xiaodong W, Shuang Y. Tocilizumab Treatment in a Patient of Refractory Anti-EJ Positive ASyS: A Case Report. J Investig Med High Impact Case Rep. 2024 Jan-Dec;12:23247096241267153. doi: 10.1177/23247096241267153. PMID: 39087612; PMCID: PMC11295210."
,4,"62: Yadav A, Nepali RB, Alam AMJ. A Rare Case of Primary Sjogren's Syndrome with Idiopathic Pulmonary Fibrosis with Variable Presentations: A case report. Mymensingh Med J. 2024 Jan;33(1):298-302. PMID: 38163807."
,4,"63: Honda M, Shimizu F, Sato R, Nakamori M. Contribution of Complement, Microangiopathy and Inflammation in Idiopathic Inflammatory Myopathies. J Neuromuscul Dis. 2024;11(1):5-16. doi: 10.3233/JND-230168. PMID: 38143369; PMCID: PMC10789353."
,3,"64: Li JC, Lai ZH, Shao M, Jin YB, Gao XJ, Zhang K, Hou J, Zhang YY, Li ZG, Li YH. [Significance of anti-Jo-1 antibody's clinical stratification in idiopathic inflammatory myopathy and disease spectrum]. Beijing Da Xue Xue Bao Yi Xue Ban. 2023 Dec 18;55(6):958-965. Chinese. doi: 10.19723/j.issn.1671-167X.2023.06.002. PMID: 38101775; PMCID: PMC10723990."
,8,"65: Quintero-Puerta T, Lira-Lucio JA, Falfán-Valencia R, Vega-Sánchez ÁE, Márquez-García E, Mejía M, Bautista-Becerril B, Rojas-Serrano J, Ramos-Martínez E, Buendía-Roldán I, Pérez-Rubio G. Lung microbiome alterations in patients with anti-Jo1 antisynthetase syndrome and interstitial lung disease. Front Cell Infect Microbiol. 2023 Dec 5;13:1321315. doi: 10.3389/fcimb.2023.1321315. PMID: 38116136; PMCID: PMC10728596."
,3,"66: Vien LT, Hanh TTH, Quang TH, Thao DT, Cuong NT, Cuong NX, Nam NH, Van Minh C. Acylated flavonoid glycosides from Barringtonia pendula and their inhibition on lipopolysaccharide-induced nitric oxide production in RAW264.7 cells. Fitoterapia. 2023 Dec;171:105699. doi: 10.1016/j.fitote.2023.105699. Epub 2023 Oct 10. PMID: 37827220."
,6,"67: Zhang D, Wang H, Zhou X, Yang J, Liu Y, Wang W, Jiang P, Fan B. Clinical characteristics and prognostic analysis of idiopathic inflammatory myopathy with positive anti-aminoacyl-tRNA synthetase antibodies: A single center experience. Immun Inflamm Dis. 2023 Nov;11(11):e1085. doi: 10.1002/iid3.1085. PMID: 38018600; PMCID: PMC10655634."
,3,"68: Machado LSG, Oliveira ACD, Mancuso FJN, Sato EI. First study demonstrating speckle tracking echocardiography has prognostic value in patients with idiopathic inflammatory myopathies. Int J Cardiovasc Imaging. 2023 Nov;39(11):2163-2171. doi: 10.1007/s10554-023-02925-8. Epub 2023 Aug 17. PMID: 37592086"
,6,"69: Garra W, Levy Y. Prevalence of anti-synthetase antibodies among systemic sclerosis patients. Eur J Intern Med. 2023 Nov;117:98-102. doi:10.1016/j.ejim.2023.07.010. Epub 2023 Jul 13. PMID: 37453844."
,7,"70: Zheng Y, Zhao Y, Hao H, Wang Z, Gao F, Zhang W, Yuan Y. What should we expect when two myositis-specific antibodies coexist in a patient. Eur J Med Res. 2023 Oct 12;28(1):429. doi: 10.1186/s40001-023-01363-5. PMID: 37828570; PMCID: PMC10571367."
,4,"71: Xiang HY, Xiang XY, Ten TB, Ding X, Liu YW, Luo CH. Clinical value of chemiluminescence method for detection of antinuclear antibody profiles. World J Clin Cases. 2023 Oct 6;11(28):6688-6697. doi: 10.12998/wjcc.v11.i28.6688. PMID: 37901001; PMCID: PMC10600859."
,6,"72: Leclair V, Galindo-Feria AS, Rothwell S, Kryštůfková O, Zargar SS, Mann H, Diederichsen LP, Andersson H, Klein M, Tansley S, Rönnblom L, Lindblad-Toh K, Syvänen AC, Wahren-Herlenius M, Sandling JK; Dissect Consortium and The Immunoarray Development Consortium; McHugh N, Lamb JA, Vencovský J, Chinoy H, Holmqvist M, Bianchi M, Padyukov L, Lundberg IE, Diaz-Gallo LM. Distinct HLA associations with autoantibody-defined subgroups in idiopathic inflammatory myopathies. EBioMedicine. 2023 Oct;96:104804. doi: 10.1016/j.ebiom.2023.104804. Epub 2023 Sep 26. PMID: 37769433; PMCID: PMC10550566."
,6,"73: Weiss M, Holzer MT, Muehlensiepen F, Ignatyev Y, Fiehn C, Bauhammer J, Schmidt J, Schlüter S, Dihkan A, Scheibner D, Schneider U, Valor-Mendez L, Corte G, Gupta L, Chinoy H, Lundberg I, Cavagna L, Distler JHW, Schett G, Knitza J. Healthcare utilization and unmet needs of patients with antisynthetase syndrome: An international patient survey. Rheumatol Int. 2023 Oct;43(10):1925-1934. doi: 10.1007/s00296-023-05372-9. Epub 2023 Jul 15. PMID: 37452880; PMCID: PMC10435645."
,4,"74: Ghirardello A, Gatto M, Franco C, Zanatta E, Padoan R, Ienna L, Gallo N, Zen M, Lundberg IE, Mahler M, Doria A, Iaccarino L. Detection of Myositis Autoantibodies by Multi-Analytic Immunoassays in a Large Multicenter Cohort of Patients with Definite Idiopathic Inflammatory Myopathies. Diagnostics (Basel). 2023 Sep 28;13(19):3080. doi: 10.3390/diagnostics13193080. PMID: 37835823; PMCID: PMC10572214."
,3,"75: Duan N, Li Z, Fan Y, Jiang Y, Li H. Related factors of renal injury in primary Sjögren's syndrome. Immun Ageing. 2023 Sep 21;20(1):48. doi: 10.1186/s12979-023-00375-3. PMID: 37735697; PMCID: PMC10512495."
,5,"76: Cafaro G, Bartoloni E, Baldini C, Franceschini F, Riccieri V, Fioravanti A, Fornaro M, Ghirardello A, Palterer B, Infantino M, Rigon A, Del Rosso S, Gerli R, Villalta D, Bizzaro N; FIRMA (Interdisciplinary Forum for the Research on Autoimmune Diseases) Collaborators; FIRMA Collaborators. Autoantibody status according to multiparametric assay accurately estimates connective tissue disease classification and identifies clinically relevant disease clusters. RMD Open. 2023 Sep;9(3):e003365. doi: 10.1136/rmdopen-2023-003365. PMID: 37734871; PMCID: PMC10514657."
,4,"77: Nomiya H, Hamano T, Takaku N, Sasaki H, Usui K, Sanada S, Yamaguchi T, Kitazaki Y, Endo Y, Kamisawa T, Enomoto S, Shirafuji N, Matsunaga A, Ueno A, Ikawa M, Yamamura O, Hasegawa M, Kimura H, Nishino I, Nakamoto Y. Magnetic resonance imaging findings of the lower limb muscles in anti-mitochondrial M2 antibody-positive myositis. Neuromuscul Disord. 2023 Sep;33(9):74-80. doi: 10.1016/j.nmd.2023.07.005. Epub 2023 Jul 25. PMID: 37652755."
,7,"78: Vu TTT, Brown KK, Solomon JJ. Myositis-associated interstitial lung disease. Curr Opin Pulm Med. 2023 Sep 1;29(5):427-435. doi: 10.1097/MCP.0000000000001000. Epub 2023 Jul 11. PMID: 37435671."
,6,"79: Lima Corrêa de Araújo B, Victor DR, Farias Fontes HM, Caminha Mendes Gomes RM, Lima Corrêa de Araújo L. Antisynthetase Syndrome With Predominant Pulmonary Involvement: A Case Report. Cureus. 2023 Aug 23;15(8):e43966. doi:10.7759/cureus.43966. PMID: 37746430; PMCID: PMC10515292."
,5,"80: Chung MP, Lovell J, Kelly W, Mecoli CA, Albayda J, Christopher-Stine L, Gilotra NA, Paik JJ. Myocarditis in Patients With Idiopathic Inflammatory Myopathies: Clinical Presentation and Outcomes. J Rheumatol. 2023 Aug;50(8):1039-1046. doi: 10.3899/jrheum.220989. Epub 2023 Apr 1. PMID:37003604; PMCID: PMC10523850."
,6,"81: Betsikos A, Gazouni E, Bika S, Paschou E, Sabanis N. Antisynthetase Syndrome: The Classical Phenotype With a Twist. Cureus. 2023 Jul 24;15(7):e42360. doi: 10.7759/cureus.42360. PMID: 37621814; PMCID: PMC10445298."
,5,"82: Gudipati A, Rifat S, Uppin M, Jabeen A, Mathukumalli NL, Yareeda S, Kayidhi S, Pyal A, Dhamne M, Reddy YM. Comparison of Muscle Biopsy Features with Myositis Autoantibodies in Inflammatory Myopathies: A Pilot Experience. Ann Indian Acad Neurol. 2023 Jul-Aug;26(4):408-418. doi: 10.4103/aian.aian_142_23. Epub 2023 Aug 25. PMID: 37970294; PMCID: PMC10645206."
,5,"83: Dourado E, Melo AT, Campanilho-Marques R, Bandeira M, Martins P, Fraga V, Ferraro JL, Saraiva A, Sousa M, Parente H, Soares C, Correia AM, Esperança Almeida D, Paiva Dinis S, Pinto AS, Oliveira Pinheiro F, Seabra Rato M, Beirão T, Samões B, Santos B, Mazeda C, Chícharo AT, Faria M, Neto A, Lourenço MH, Brites L, Rodrigues M, Silva-Dinis J, Madruga Dias J, C Araújo F, Martins N, Couto M, Valido A, Santos MJ, Barreira S, Fonseca JE. The idiopathic inflammatory myopathies module of the Rheumatic Diseases Portuguese Register. ARP Rheumatol. 2023 Jul-Sep;2(3):188-199. English. Epub 2023 May 30. PMID: 37728117"
,6,"84: Honda M, Shimizu F, Sato R, Mizukami Y, Watanabe K, Takeshita Y, Maeda T, Koga M, Kanda T. Jo-1 Antibodies From Myositis Induce Complement-Dependent Cytotoxicity and TREM-1 Upregulation in Muscle Endothelial Cells. Neurol Neuroimmunol Neuroinflamm. 2023 May 5;10(4):e200116. doi: 10.1212/NXI.0000000000200116. PMID: 37147138; PMCID: PMC10162704."
,5,"85: Bradhurst P, Urriola N. Arthritis Mutilans in Jo1 Antisynthetase Syndrome. J Rheumatol. 2023 Jul;50(7):961-962. doi: 10.3899/jrheum.220885. Epub 2022 Dec 15. PMID: 36521915."
,4,"86: Arya A, Anand S, Kumar S, Britto C. A rare presentation of antisynthetase syndrome requiring intensive care in the midst of a COVID wave. Mod Rheumatol Case Rep. 2023 Jun 19;7(2):394-398. doi: 10.1093/mrcr/rxac088. PMID: 36416564."
,4,"87: Cheng L, Li Y, Wu Y, Luo Y, Zhou Y, Liao Z, Wen J, Liang X, Wu T, Tan C, Liu Y. Risk of Early Infection in Idiopathic Inflammatory Myopathies: Cluster Analysis Based on Clinical Features and Biomarkers. Inflammation. 2023 Jun;46(3):1036-1046. doi: 10.1007/s10753-023-01790-w. Epub 2023 Feb 13. PMID: 36781687"
,3,"88: Penev B, Vasilev G, Todorova EI, Tumangelova-Yuzeir K, Kurteva E, Monov S, Kyurkchiev D. First-degree relatives of patients with systemic lupus erythematosus: Autoreactivity but not autoimmunity? Int J Rheum Dis. 2023 May;26(5):907-916. doi: 10.1111/1756-185X.14669. Epub 2023 Mar 21. PMID: 36942901"
,6,"89: Aslam M, Khan S, Batool W, Ali Z, Hanif IM. Anti-synthetase Syndrome: A Diagnostic Dilemma. Cureus. 2023 Mar 27;15(3):e36760. doi: 10.7759/cureus.36760. PMID: 37123711; PMCID: PMC10132789."
,4,"90: Chol O, Deroux A, Bosseray A, Dumestre-Perard C, Quetant S, Bocquet A, Bouillet L. Profils des myosites auto-immunes avec ou sans atteinte pulmonaire : une étude monocentrique rétrospective de 40 patients [Profiles of autoimmune myositis with or without pulmonary involvement: A retrospective single-center study of 40 patients]. Rev Med Interne. 2023 Mar;44(3):105-111. French. doi: 10.1016/j.revmed.2022.11.010. Epub 2022 Dec 17. PMID: 36535846."
,6,"91: Konishi R, Ichimura Y, Okiyama N. Murine models of idiopathic inflammatory myopathy. Immunol Med. 2023 Mar;46(1):9-14. doi: 10.1080/25785826.2022.2137968. Epub 2022 Oct 25. PMID: 36282924."
,3,"92: Béldi T, Vincze A, Miltényi-Szabó B, Varga Z, Szabó K, Griger Z, Nagy-Vincze M. The effect of COVID-19 pandemic on idiopathic inflammatory myositis patients: a single centre experience. Clin Exp Rheumatol. 2023 Mar;41(2):254-260. doi: 10.55563/clinexprheumatol/eisexh. Epub 2022 Jul 21. PMID: 35894072."
,4,"93: Yang HT, Hong XP, Guo JW, Zhong XL, Liao R, Liu CL, Liu LX, Li K, Chen YL, Liu DZ. Clinical Significance of Different Profiles of anti-Ro Antibodies in Connective Tissue Diseases. J Immunol Res. 2023 Jan 25;2023:9195157. doi: 10.1155/2023/9195157. PMID: 36741231; PMCID: PMC9891828."
,4,"94: Oleshko O, Werwitzke S, Klingberg A, Witte T, Eichler H, Klamroth R, Holstein K, Hart C, Pfrepper C, Knöbl P, Greil R, Neumeister P, Reipert BM, Tiede A. Targets of autoantibodies in acquired hemophilia A are not restricted to factor VIII: data from the GTH-AH 01/2010 study. Blood Adv. 2023 Jan 10;7(1):122-130. doi: 10.1182/bloodadvances.2022008071. PMID: 35947142; PMCID: PMC9830154."
,3,"95: Fritzler MJ, Bentow C, Satoh M, McHugh N, Ghirardello A, Mahler M. Deciphering the Autoantibody Response to the OJ Antigenic Complex. Diagnostics (Basel). 2023 Jan 3;13(1):156. doi: 10.3390/diagnostics13010156. PMID: 36611448; PMCID: PMC9818932."
,4,"96: Tranah E, MacBrayne A, Bhadauria N, Mukerjee D. A case of antisynthetase syndrome presenting solely with life-threatening interstitial lung disease. Clin Med (Lond). 2023 Jan;23(1):85-87. doi: 10.7861/clinmed.2022-0444. PMID: 36697016; PMCID: PMC11046532."
,8,"97: Preger C, Notarnicola A, Hellström C, Wigren E, Fernandes-Cerqueira C, Kvarnström M, Wahren-Herlenius M, Idborg H, Lundberg IE, Persson H, Gräslund S, Jakobsson PJ. Autoantigenic properties of the aminoacyl tRNA synthetase family in idiopathic inflammatory myopathies. J Autoimmun. 2023 Jan;134:102951. doi: 10.1016/j.jaut.2022.102951. Epub 2022 Dec 2. PMID: 36470210."
,3,"98: Teo KF, Chen DY, Hsu JT, Lai YH, Chang CK, Hsueh PR, Lan JL, Hsu JL. Screening and characterization of myositis-related autoantibodies in COVID-19 patients. Clin Transl Sci. 2023 Jan;16(1):140-150. doi: 10.1111/cts.13434. Epub 2022 Oct 27. PMID: 36271647; PMCID: PMC9841303."
,3,"99: Zhao L, Huang W, Wang H, Chen J, Zhang D, Wang X, Sun F, Ye S. Two clusters of systemic lupus erythematosus patients with muscle involvement in a Chinese cohort. Int J Rheum Dis. 2023 Jan;26(1):51-59. doi: 10.1111/1756-185X.14443. Epub 2022 Sep 18. PMID: 36117395."
,8,"100: Hegde A, Marwah V, V S, Choudhary R, Malik V. Anti-Jo1 Syndrome: Understanding a Rare Cause of Interstitial Lung Disease. Mediterr J Rheumatol. 2022 Dec 31;33(4):437-443. doi: 10.31138/mjr.33.4.437. PMID: 37034360; PMCID: PMC10075366."
,2,"101: Zou ZB, Zhang G, Zhou YQ, Xie CL, Xie MM, Xu L, Hao YJ, Luo LZ, Zhang XK,"
,,"Yang XW, Wang JS. Chemical Constituents of the Deep-Sea-Derived <i>Penicillium"
,,citreonigrum</i> MCCC 3A00169 and Their Antiproliferative Effects. Mar Drugs.
,,2022 Nov 24;20(12):736. doi: 10.3390/md20120736. PMID: 36547883; PMCID:
,,PMC9781865.
,,
,3,"102: Gui X, Shenyun S, Ding H, Wang R, Tong J, Yu M, Zhao T, Ma M, Ding J, Xin"
,,"X, Qiu Y, Qiu X, Zhang Y, Cao M, Huang M, Cao M, Dai J, Cai H, Xiao Y. Anti-Ro52"
,,antibodies are associated with the prognosis of adult idiopathic inflammatory
,,myopathy-associated interstitial lung disease. Rheumatology (Oxford). 2022 Nov
,,2;61(11):4570-4578. doi: 10.1093/rheumatology/keac090. PMID: 35148366.
,,
,5,"103: Martins P, Dourado E, Melo AT, Samões B, Sousa M, Freitas R, Lourenço MH,"
,,"Fernandes B, Costa E, Parente H, Martins F, Fonseca JE, Cordeiro I, Romão VC,"
,,"Khmelinskii N, Campanilho-Marques R. Clinical characterisation of a multicentre"
,,nationwide cohort of patients with antisynthetase syndrome. ARP Rheumatol. 2022
,,"Nov 1;1(ARP Rheumatology, nº3 2022):190-196. English. PMID: 35891592."
,,
,4,"104: Aguilar-Vazquez A, Chavarria-Avila E, Salazar-Paramo M, Armendariz-Borunda"
,,"J, Toriz-González G, Rodríguez-Baeza M, Sandoval-Rodriguez A, Villanueva-Pérez"
,,"A, Godínez-Rubí M, Medina-Preciado JD, Lundberg I, Lozano-Torres Y, Gomez-Rios"
,,"CA, Pizano-Martinez O, Martinez-Garcia EA, Martin-Marquez BT, Duran-Barragan S,"
,,"Palacios-Zárate BL, Llamas-Garcia A, Gómez-Limón L, Vazquez-Del Mercado M."
,,Impaired muscle strength is associated with ultrastructure damage in myositis.
,,Sci Rep. 2022 Oct 21;12(1):17671. doi: 10.1038/s41598-022-22754-4. PMID: 36271295; PMCID: PMC9586957.
,,
,,
,3,"105: Liu D, Zhao L, Jiang Y, Li L, Guo M, Mu Y, Zhu H. Integrated analysis of"
,,plasma and urine reveals unique metabolomic profiles in idiopathic inflammatory
,,myopathies subtypes. J Cachexia Sarcopenia Muscle. 2022 Oct;13(5):2456-2472.
,,doi: 10.1002/jcsm.13045. Epub 2022 Jul 21. PMID: 35860906; PMCID: PMC9530549.
,,
,,"106: Loganathan A, McMorrow F, Lu H, Li D, Mulhearn B, McHugh NJ, Tansley SL."
,,The use of ELISA is comparable to immunoprecipitation in the detection of
,,selected myositis-specific autoantibodies in a European population. Front
,,Immunol. 2022 Sep 8;13:975939. doi: 10.3389/fimmu.2022.975939. PMID: 36177007;
,,PMCID: PMC9514093.
,,
,,"107: Al-Allaf AW, Neethu M, Al-Allaf Y. A Case Series and Literature Review of"
,,the Association of COVID-19 Vaccination With Autoimmune Diseases: Causality or
,,Chance? Cureus. 2022 Sep 1;14(9):e28677. doi: 10.7759/cureus.28677. PMID:
,,36199642; PMCID: PMC9526518.
,,
,,"108: Hormaza-Jaramillo A, Bedoya-Joaqui V, Puerta-Sarmiento G, Bautista M, Rios-"
,,"Serna LJ, Delgado-Mora T, Nieto-Aristizábal I, Ruiz-Ordoñez I. Profile of"
,,specific and associated autoantibodies in patients with idiopathic inflammatory
,,myopathies in a Colombian population. Front Med (Lausanne). 2022 Aug
,,15;9:954937. doi: 10.3389/fmed.2022.954937. PMID: 36045923; PMCID: PMC9420838.
,,
,,"109: Zhao N, Jiang W, Wu H, Wang P, Wang X, Bai Y, Li Y, Tang Y, Liu Y. Clinical"
,,"features, prognostic factors, and survival of patients with antisynthetase"
,,syndrome and interstitial lung disease. Front Immunol. 2022 Aug 10;13:872615.
,,doi: 10.3389/fimmu.2022.872615. PMID: 36032132; PMCID: PMC9399497.
,,
,,"110: Ramos-Martínez E, Falfán-Valencia R, Pérez-Rubio G, Mejía M, Mejía-Hurtado"
,,"JG, Buendía-Roldán I, González-Pérez MI, Mateos-Toledo HN, Rojas-Serrano J."
,,Interstitial lung disease progression in patients with anti-aminoacyl transfer-
,,RNA-synthetase autoantibodies is characterized by higher levels of sCD163.
,,Immunol Lett. 2022 Aug;248:56-61. doi: 10.1016/j.imlet.2022.06.007. Epub 2022
,,Jun 18. PMID: 35728747.
,,
,,"111: Infantino M, Carbone T, Brusca I, Alessio MG, Previtali G, Platzgummer S,"
,,"Paura G, Castiglione C, Fabris M, Pesce G, Porcelli B, Terzuoli L, Bacarelli MR,"
,,"Tampoia M, Cinquanta L, Villalta D, Buzzolini F, Palterer B, Pancani S, Benucci"
,,"M, Manfredi M, Bizzaro N; Study Group on Autoimmune Diseases of the Italian"
,,Society of Clinical Pathology and Laboratory Medicine. Current technologies for
,,anti-ENA antibody detection: State-of-the-art of diagnostic immunoassays. J
,,Immunol Methods. 2022 Aug;507:113297. doi: 10.1016/j.jim.2022.113297. Epub 2022
,,Jun 8. PMID: 35690095.
,,
,,"112: Preuße C, Paesler B, Nelke C, Cengiz D, Müntefering T, Roos A, Amelin D,"
,,"Allenbach Y, Uruha A, Dittmayer C, Hentschel A, Pawlitzki M, Hoffmann S, Timm S,"
,,"Louis SL, Dengler NF, Wiendl H, Lünemann JD, Sickmann A, Hervier B, Meuth SG,"
,,"Schneider U, Schänzer A, Krause S, Tomaras S, Feist E, Hasseli R, Goebel HH,"
,,"Gallay L, Streichenberger N, Benveniste O, Stenzel W, Ruck T. Skeletal muscle"
,,provides the immunological micro-milieu for specific plasma cells in anti-
,,synthetase syndrome-associated myositis. Acta Neuropathol. 2022
,,Aug;144(2):353-372. doi: 10.1007/s00401-022-02438-z. Epub 2022 May 25. PMID:
,,35612662; PMCID: PMC9288384.
,,
,,"113: Bories E, Fortenfant F, Pugnet G, Renaudineau Y, Bost C. Myositis-specific"
,,autoantibodies in clinical practice: Improving the performance of the immunodot.
,,Semin Arthritis Rheum. 2022 Aug;55:151998. doi:
,,10.1016/j.semarthrit.2022.151998. Epub 2022 Mar 29. PMID: 35427882.
,,
,,"114: Ghosh Md R, Roy D, León-Ruiz M, Das S, Dubey S, Benito-León J. Seropositive"
,,Neuromyelitis Optica in a Case of Undiagnosed Ankylosing Spondylitis: A Neuro-
,,Rheumatological Conundrum. Qatar Med J. 2022 Jul 7;2022(3):29. doi:
,,10.5339/qmj.2022.29. PMID: 35864917; PMCID: PMC9272764.
,,
,,"115: Qin Y, Fan C, Wang Y, Feng M, Liang Z, Zhao X, Gao C, Luo J. Analytical and"
,,clinical performance of different platforms simultaneously detecting 15
,,antinuclear antibodies. J Clin Lab Anal. 2022 Jul;36(7):e24554. doi:
,,10.1002/jcla.24554. Epub 2022 Jun 16. PMID: 35708068; PMCID: PMC9279956.
,,
,,"116: García-Bravo L, Calle-Rubio M, Fernández-Arquero M, Mohamed Mohamed K,"
,,"Guerra-Galán T, Guzmán-Fulgencio M, Rodríguez de la Peña A, Cañizares C, López"
,,"B, Vadillo C, Matías-Guiu J, Nieto Barbero A, Álvarez-Sala Walther JL, Sánchez-"
,,"Ramón S, Ochoa-Grullón J. Association of anti-SARS-COV-2 vaccine with increased"
,,incidence of myositis-related anti-RNA-synthetases auto-antibodies. J Transl
,,Autoimmun. 2022 Jun 30;5:100160. doi: 10.1016/j.jtauto.2022.100160. PMID:
,,35789569; PMCID: PMC9242685.
,,
,,117: Erratum: Isolation of Endothelial Cells from the Lumen of Mouse Carotid
,,Arteries for Single-cell Multi-omics Experiments. J Vis Exp. 2022 Jun 22;(184).
,,doi: 10.3791/6506. Erratum for: J Vis Exp. 2021 Oct 4;(176). doi: 10.3791/63128.
,,PMID: 35731835.
,,
,,"118: Zhu Q, Laughner JL, Cohen RC. Combining Machine Learning and Satellite"
,,Observations to Predict Spatial and Temporal Variation of near Surface OH in
,,North American Cities. Environ Sci Technol. 2022 Jun 7;56(11):7362-7371. doi:
,,10.1021/acs.est.1c05636. Epub 2022 Mar 18. PMID: 35302754.
,,
,,"119: Maloir Q, Laurence S, Christian VF, Fanny G, Renaud L, Julien G. Clinical"
,,experience in anti-synthetase syndrome: a monocentric retrospective analytical
,,study. Acta Clin Belg. 2022 Jun;77(3):624-630. doi:
,,10.1080/17843286.2021.1925818. Epub 2021 May 18. PMID: 34000974.
,,
,,"120: Alberti ML, Wolff V, Reyes F, Juárez-León E, Fassola L, Carballo G,"
,,"Buendía-Roldán I, Rojas-Serrano J, Caro F, Florenzano M, Paulín F. Myositis-"
,,associated Interstitial Lung Disease: Clinical Characteristics and Factors
,,Related to Pulmonary Function Improvement: A Latin-American Multicenter Cohort
,,Study. Reumatol Clin (Engl Ed). 2022 May;18(5):293-298. doi:
,,10.1016/j.reumae.2020.12.006. PMID: 35568443.
,,
,,"121: Zhou J, Zhao L, Xiao Y, Xie S, Long Y, Wei Y, Meng Q, Li X, Luo H, Zhu H."
,,The Expression of Cytokine Profiles and Related Receptors in Idiopathic
,,Inflammatory Myopathies. Front Pharmacol. 2022 Apr 20;13:852055. doi:
,,10.3389/fphar.2022.852055. PMID: 35517781; PMCID: PMC9065407.
,,
,,"122: Khater ES, Al Sheik MFA. Clinical implications of autoantibodies to"
,,extractable nuclear antigens in rheumatoid arthritis patients in tertiary care
,,"hospital in Riyadh, Saudi Arabia. Egypt J Immunol. 2022 Apr;29(2):87-95. PMID:"
,,35436058
,,
,,"123: Zhao X, Li L, Ge S, Liu J, Li S, Wang H, Cai D. A novel model of"
,,dermatomyositis induced by membrane antigen and calciphylaxis in rats. Biomed
,,Rep. 2022 Apr;16(4):31. doi: 10.3892/br.2022.1514. Epub 2022 Feb 24. PMID:
,,35251618; PMCID: PMC8889541.
,,
,,"124: Chaligne C, Mageau A, Ducrocq G, Ou P, Alexandra JF, Mutuon P, Papo T,"
,,Sacre K. Acute myocarditis revealing autoimmune and inflammatory disorders:
,,Clinical presentation and outcome. Int J Cardiol. 2022 Mar 15;351:84-88. doi:
,,10.1016/j.ijcard.2021.12.058. Epub 2021 Dec 31. PMID: 34979146.
,,
,,"125: Notarnicola A, Preger C, Lundström SL, Renard N, Wigren E, Van Gompel E,"
,,"Galindo-Feria AS, Persson H, Fathi M, Grunewald J, Jakobsson PJ, Gräslund S,"
,,"Lundberg IE, Fernandes-Cerqueira C. Longitudinal assessment of reactivity and"
,,affinity profile of anti-Jo1 autoantibodies to distinct HisRS domains and a
,,splice variant in a cohort of patients with myositis and anti-synthetase
,,syndrome. Arthritis Res Ther. 2022 Mar 2;24(1):62. doi:
,,10.1186/s13075-022-02745-6. Erratum in: Arthritis Res Ther. 2024 Dec
,,2;26(1):206. doi: 10.1186/s13075-024-03446-y. PMID: 35236390; PMCID: PMC8889758.
,,
,,"126: Essouma M, Noubiap JJ, Singwe-Ngandeu M, Hachulla E. Epidemiology of"
,,Idiopathic Inflammatory Myopathies in Africa: A Contemporary Systematic Review.
,,J Clin Rheumatol. 2022 Mar 1;28(2):e552-e562. doi: 10.1097/RHU.0000000000001736.
,,PMID: 33843773.
,,
,,"127: Ebrahimi M, Rostamian A, Rafiei-Latianee R, Najafizadeh SR, Movaseghi S,"
,,"Faezi ST, Ghazanfari T. Myositis autoantibodies in Iranian myositis patients:"
,,assessment the frequency and clinical relevancy. Clin Rheumatol. 2022
,,Feb;41(2):533-539. doi: 10.1007/s10067-021-05879-1. Epub 2021 Sep 13. PMID:
,,34514533
,,
,,"128: Zhang J, Xue Y, Liu X, Kuang W, Tan X, Li C, Li C. Identification of 4"
,,subgroups in juvenile dermatomyositis by principal component analysis-based
,,cluster analysis. Clin Exp Rheumatol. 2022 Feb;40(2):443-449. doi:
,,10.55563/clinexprheumatol/t2hxjd. Epub 2021 Jun 22. PMID: 34251318.
,,
,,"129: Deng K, Luo Q, Liang Z, Long F, Han Q, Wang F, Huang S, Liao L, Lin T, Chen"
,,R. Are sputum autoantibodies more clinically relevant in idiopathic pulmonary
,,fibrosis than serum autoantibodies? J Res Med Sci. 2022 Jan 29;27:3. doi:
,,10.4103/jrms.JRMS_219_19. PMID: 35342449; PMCID: PMC8943581.
,,
,,"130: Duran A, Çetin Duran A, Taşkıran İ. Karaciğer Patolojilerinde"
,,Otoantikorların Klinik Tanıya Katkısının ve Eşlik Eden Otoimmün Hastalıkların
,,Tanımlanmasındaki Rolünün Araştırılması [Investigation of the Contribution of
,,Autoantibodies to Clinical Diagnosis in Liver Pathologies and the Identification
,,of Accompanying Autoimmune Diseases]. Mikrobiyol Bul. 2022 Jan;56(1):81-94.
,,Turkish. doi: 10.5578/mb.20229907. PMID: 35088962.
,,
,,"131: Flashner BM, VanderLaan PA, Nurhussien L, Rice MB, Hallowell RW. Pulmonary"
,,histopathology of interstitial lung disease associated with antisynthetase
,,antibodies. Respir Med. 2022 Jan;191:106697. doi: 10.1016/j.rmed.2021.106697.
,,Epub 2021 Nov 25. PMID: 34864634.
,,
,,"132: Mahler M, Malyavantham K, Seaman A, Bentow C, Anunciacion-Llunell A, Sanz-"
,,"Martínez MT, Viñas-Gimenez L, Selva-O'Callaghan A. Profiling of Myositis"
,,Specific Antibodies and Composite Scores as an Aid in the Differential Diagnosis
,,of Autoimmune Myopathies. Diagnostics (Basel). 2021 Nov 30;11(12):2246. doi:
,,10.3390/diagnostics11122246. PMID: 34943483; PMCID: PMC8699835.
,,
,,"133: Sreevilasan SK, Devarasetti P, Narahari NK, Desai A, Rajasekhar L. Clinical"
,,profile and treatment outcomes in antisynthetase syndrome: a tertiary centre
,,experience. Rheumatol Adv Pract. 2021 Nov 5;5(Suppl 2):ii10-ii18. doi:
,,10.1093/rap/rkab054. PMID: 34755025; PMCID: PMC8570161.
,,
,,"134: Jhajj AS, Shun Yeung JH, To F. Spontaneous Pneumomediastinum due to Anti-"
,,Melanoma Differentiation-Associated Protein 5 Requiring a Bilateral Lung
,,Transplant. Case Rep Rheumatol. 2021 Oct 29;2021:6097183. doi:
,,10.1155/2021/6097183. PMID: 34745682; PMCID: PMC8570881.
,,
,,"135: Pestronk A, Choksi R. Pathology Features of Immune and Inflammatory"
,,"Myopathies, Including a Polymyositis Pattern, Relate Strongly to Serum"
,,Autoantibodies. J Neuropathol Exp Neurol. 2021 Sep 27;80(9):812-820. doi:
,,10.1093/jnen/nlab071. PMID: 34363679.
,,
,,"136: Sun S, Chen Z, Zhang D, Xu W, Wu W, Sun F, Gu L, Chen J, Li J, Li T, Wang"
,,"X, Ye S. Description and Analysis of a Novel Subtype of the Anti-Synthetase"
,,Syndrome Characterized by Frequent Attacks of Fever and Systemic Inflammation in
,,a Single-Center Cohort Study. Front Immunol. 2021 Sep 23;12:729602. doi:
,,10.3389/fimmu.2021.729602. PMID: 34630407; PMCID: PMC8495196.
,,
,,"137: Rosa CT, Thilakarathne AS, Senevirathne LA, Wijeyeratna A, Munidasa D."
,,Mechanic's hand; is it a prodromic sign of disease relapse of anti-synthetase
,,syndrome; a case report. BMC Rheumatol. 2021 Jul 26;5(1):25. doi:
,,10.1186/s41927-021-00195-2. PMID: 34304737; PMCID: PMC8311943.
,,
,,"138: Negalur NV, Ekbote GG, Raval DN, Tanna DV, Kazi WS, Bindroo MA, Yadavalli"
,,"DJ, Gupta R. The Association of Myositis Specific Antibodies in Patients with"
,,Inflammatory Myositis: Preliminary Data in Indian Patients. Ann Indian Acad
,,Neurol. 2021 Jul-Aug;24(4):552-558. doi: 10.4103/aian.AIAN_1151_20. Epub 2021
,,May 21. PMID: 34728950; PMCID: PMC8513958.
,,
,,"139: Nair AM, Mathew J, Goel R, Chebbi P, Mathew AJ, Arvind G, Yadav B, Rebekah"
,,"G, Prakash JAJ, Danda D. Mycophenolate in idiopathic inflammatory myositis:"
,,outcome data of a large South Asian cohort. Clin Rheumatol. 2021
,,Jul;40(7):2805-2819. doi: 10.1007/s10067-021-05590-1. Epub 2021 Jan 27. PMID:
,,33506372
,,
,,"140: Xu A, Ye Y, Fu Q, Lian X, Chen S, Guo Q, Lu LJ, Dai M, Lv X, Bao C."
,,Prognostic values of anti-Ro52 antibodies in anti-MDA5-positive clinically
,,amyopathic dermatomyositis associated with interstitial lung disease.
,,Rheumatology (Oxford). 2021 Jul 1;60(7):3343-3351. doi:
,,10.1093/rheumatology/keaa786. PMID: 33331866.
,,
,,"141: Oldroyd AGS, Allard AB, Callen JP, Chinoy H, Chung L, Fiorentino D, George"
,,"MD, Gordon P, Kolstad K, Kurtzman DJB, Machado PM, McHugh NJ, Postolova A,"
,,"Selva-O'Callaghan A, Schmidt J, Tansley S, Vleugels RA, Werth VP, Aggarwal R. A"
,,systematic review and meta-analysis to inform cancer screening guidelines in
,,idiopathic inflammatory myopathies. Rheumatology (Oxford). 2021 Jun
,,18;60(6):2615-2628. doi: 10.1093/rheumatology/keab166. Erratum in: Rheumatology
,,(Oxford). 2021 Nov 3;60(11):5483. doi: 10.1093/rheumatology/keab616. PMID:
,,33599244; PMCID: PMC8213426.
,,
,,"142: Jang J, Kim S, Kim HS, Lee KA, Park J, Park Y. Comparison of antinuclear"
,,antibody profiles obtained using line immunoassay and fluorescence enzyme
,,immunoassay. J Int Med Res. 2021 Jun;49(6):3000605211014390. doi:
,,10.1177/03000605211014390. PMID: 34154430; PMCID: PMC8236799.
,,
,,"143: Joosse BA, Jackson JH, Cisneros A, Santhin AB, Smith SA, Moore DJ, Crofford"
,,"LJ, Wilfong EM, Bonami RH. High-Throughput Detection of Autoantigen-Specific B"
,,Cells Among Distinct Functional Subsets in Autoimmune Donors. Front Immunol.
,,2021 May 24;12:685718. doi: 10.3389/fimmu.2021.685718. PMID: 34234784; PMCID:
,,PMC8256427.
,,
,,"144: Moussa N, Khemakhem R, Snoussi M, Fekih W, Bahloul Z, Kammoun S."
,,Pneumopathie infiltrante diffuse secondaire à un syndrome des antisynthétases: à
,,propos d´un cas [Diffuse infiltrating lung disease secondary to antisynthetase
,,syndrome: a case report]. Pan Afr Med J. 2021 May 11;39:30. French. doi:
,,10.11604/pamj.2021.39.30.22654. PMID: 34394821; PMCID: PMC8348253.
,,
,,"145: Salvador-Corres I, Quirant-Sanchez B, Teniente-Serra A, Centeno C, Moreno"
,,"A, Rodríguez-Pons L, Serra-Mitjá P, García-Nuñez M, Martinez-Caceres E, Rosell"
,,"A, Olivé A, Portillo K. Detection of Autoantibodies in Bronchoalveolar Lavage in"
,,Patients with Diffuse Interstitial Lung Disease. Arch Bronconeumol (Engl Ed).
,,"2021 May;57(5):351-358. English, Spanish. doi: 10.1016/j.arbres.2020.08.020."
,,Epub 2020 Sep 30. PMID: 33069461.
,,
,,"146: Emad Y, Ragab Y, Hammam N, El-Shaarawy N, Ibrahim O, Gamal RM, Abd-Elsalam"
,,"M, Mohammed RHA, Hawass M, Rasker JJ. Autoantibodies to extractable nuclear"
,,antigens (ENAs) pattern in rheumatoid arthritis patients: Relevance and clinical
,,"implications. Reumatol Clin (Engl Ed). 2021 May;17(5):250-257. English, Spanish."
,,doi: 10.1016/j.reuma.2019.10.001. Epub 2019 Dec 4. PMID: 31812441.
,,
,,"147: Alsaed OS, Alamlih LI, Al-Radideh O, Chandra P, Alemadi S, Al-Allaf AW."
,,Clinical utility of ANA-ELISA vs ANA-immunofluorescence in connective tissue
,,diseases. Sci Rep. 2021 Apr 15;11(1):8229. doi: 10.1038/s41598-021-87366-w.
,,PMID: 33859213; PMCID: PMC8050204.
,,
,,"148: Pratap U, Ravindrachari M, RamyaPriya A, Toi PC, Manju R. Tuberculosis"
,,heralding connective tissue disorder. Trop Doct. 2021 Apr;51(2):261-263. doi:
,,10.1177/0049475520962743. Epub 2020 Oct 13. PMID: 33050840.
,,
,,"149: Giannini M, Fiorella ML, Tampoia M, Girolamo F, Fornaro M, Amati A, Lia A,"
,,"Abbracciavento L, D'Abbicco D, Iannone F. Long-term efficacy of adding"
,,intravenous immunoglobulins as treatment of refractory dysphagia related to
,,myositis: a retrospective analysis. Rheumatology (Oxford). 2021 Mar
,,2;60(3):1234-1242. doi: 10.1093/rheumatology/keaa443. PMID: 32911543.
,,
,,"150: Li S, Sun Y, Shao C, Huang H, Wang Q, Xu K, Zhang X, Liu P, Zeng X, Xu Z."
,,Prognosis of adult idiopathic inflammatory myopathy-associated interstitial lung
,,disease: a retrospective study of 679 adult cases. Rheumatology (Oxford). 2021
,,Mar 2;60(3):1195-1204. doi: 10.1093/rheumatology/keaa372. PMID: 32894294.
,,
,,"151: Ponce-Gallegos MA, González-Pérez MI, Mejía M, Nava-Quiroz KJ, Pérez-Rubio"
,,"G, Buendía-Roldán I, Ramos-Martínez E, Rojas-Serrano J, Falfán-Valencia R."
,,Single Nucleotide Polymorphism in the <i>IL17A</i> Gene Is Associated with
,,Interstitial Lung Disease Positive to Anti-Jo1 Antisynthetase Autoantibodies.
,,Life (Basel). 2021 Feb 23;11(2):174. doi: 10.3390/life11020174. PMID: 33672430;
,,PMCID: PMC7926454.
,,
,,"152: Alberti ML, Wolff V, Reyes F, Juárez-León E, Fassola L, Carballo G,"
,,"Buendía-Roldán I, Rojas-Serrano J, Caro F, Florenzano M, Paulín F. Myositis-"
,,associated Interstitial Lung Disease: Clinical Characteristics and Factors
,,Related to Pulmonary Function Improvement: A Latin-American Multicenter Cohort
,,"Study. Reumatol Clin (Engl Ed). 2021 Feb 15:S1699-258X(21)00010-3. English,"
,,Spanish. doi: 10.1016/j.reuma.2020.12.002. Epub ahead of print. PMID: 33602594.
,,
,,"153: Zhan X, Yan W, Wang Y, Li Q, Shi X, Gao Y, Ye Q. Clinical features of anti-"
,,synthetase syndrome associated interstitial lung disease: a retrospective cohort
,,in China. BMC Pulm Med. 2021 Feb 12;21(1):57. doi: 10.1186/s12890-021-01399-5.
,,PMID: 33579248; PMCID: PMC7881640.
,,
,,"154: Gupta L, Naveen R, Gaur P, Agarwal V, Aggarwal R. Myositis-specific and"
,,myositis-associated autoantibodies in a large Indian cohort of inflammatory
,,myositis. Semin Arthritis Rheum. 2021 Feb;51(1):113-120. doi:
,,10.1016/j.semarthrit.2020.10.014. Epub 2020 Dec 22. PMID: 33360322.
,,
,,"155: Young-Glazer J, Cisneros A 3rd, Wilfong EM, Smith SA, Crofford LJ, Bonami"
,,RH. Jo-1 autoantigen-specific B cells are skewed towards distinct functional B
,,cell subsets in anti-synthetase syndrome patients. Arthritis Res Ther. 2021 Jan
,,19;23(1):33. doi: 10.1186/s13075-020-02412-8. PMID: 33468230; PMCID: PMC7814460.
,,
,,"156: Barratt SL, Adamali HH, Cotton C, Mulhearn B, Iftikhar H, Pauling JD,"
,,"Spencer L, Adamali HI, Gunawardena H. Clinicoserological features of"
,,antisynthetase syndrome (ASyS)-associated interstitial lung disease presenting
,,to respiratory services: comparison with idiopathic pulmonary fibrosis and ASyS
,,diagnosed in rheumatology services. BMJ Open Respir Res. 2021 Jan;8(1):e000829.
,,doi: 10.1136/bmjresp-2020-000829. PMID: 33419741; PMCID: PMC7798409.
,,
,,"157: Aljohani G, Bin Awad EA, Alshahrani K, Alsaqar MM, Albogami B, Almotywee"
,,"SH, Almaimouni H, Dirar AS, Alrashid A, Rajendram R, Masuadi E, Omair MA. The"
,,"prevalence, clinical features, predictive factors and investigations to screen"
,,for cancer in patients with inflammatory myositis. A case series from two
,,"tertiary care centers in Riyadh, Saudi Arabia. Saudi Med J. 2021"
,,Jan;42(1):100-104. doi: 10.15537/smj.2021.1.25590. PMID: 33399178; PMCID:
,,PMC7989309.
,,
,,"158: Kalluri ROR, Gugamsetty B, Tandule CR, Kotalo RG, Thotli LR, Rajuru RR,"
,,Palle SNR. Impact of aerosols on surface ozone during COVID-19 pandemic in
,,southern India: A multi-instrumental approach from ground and satellite
,,"observations, and model simulations. J Atmos Sol Terr Phys. 2021 Jan;212:105491."
,,doi: 10.1016/j.jastp.2020.105491. Epub 2020 Dec 9. PMID: 33318726; PMCID:
,,PMC7724289.
,,
,,"159: Wang Y, Hu R, Xie P, Chen H, Wang F, Liu X, Liu J, Liu W. Measurement of"
,,tropospheric HO<sub>2</sub> radical using fluorescence assay by gas expansion
,,with low interferences. J Environ Sci (China). 2021 Jan;99:40-50. doi:
,,10.1016/j.jes.2020.06.010. Epub 2020 Jun 28. PMID: 33183715.
,,
,,"160: Leurs A, Dubucquoi S, Machuron F, Balden M, Renaud F, Rogeau S, Lopez B,"
,,"Lambert M, Morell-Dubois S, Maillard H, Béhal H, Hachulla E, Launay D, Sobanski"
,,V. Extended myositis-specific and -associated antibodies profile in systemic
,,sclerosis: A cross-sectional study. Joint Bone Spine. 2021 Jan;88(1):105048.
,,doi: 10.1016/j.jbspin.2020.06.021. Epub 2020 Jul 9. PMID: 32653653.
,,
,,"161: Lackner A, Tiefenthaler V, Mirzayeva J, Posch F, Rossmann C, Kastrati K,"
,,"Radner H, Demel U, Gretler J, Stotz M, Graninger WB, Stradner MH. The use and"
,,diagnostic value of testing myositis-specific and myositis-associated
,,autoantibodies by line immuno-assay: a retrospective study. Ther Adv
,,Musculoskelet Dis. 2020 Dec 8;12:1759720X20975907. doi:
,,10.1177/1759720X20975907. PMID: 33343724; PMCID: PMC7727081.
,,
,,"162: Kononets O, Karaiev T, Tkachenko O, Lichman L. RENAL, HEPATIC AND IMMUNE"
,,FUNCTION INDICES IN PATIENTS WITH DUCHENNE MUSCULAR DYSTROPHY. Georgian Med
,,News. 2020 Dec;(309):64-71. PMID: 33526732.
,,
,,"163: Bossuyt X, De Langhe E, Borghi MO, Meroni PL. Understanding and"
,,interpreting antinuclear antibody tests in systemic rheumatic diseases. Nat Rev
,,Rheumatol. 2020 Dec;16(12):715-726. doi: 10.1038/s41584-020-00522-w. Epub 2020
,,Nov 5. PMID: 33154583.
,,
,,"164: Ponce-Gallegos MA, Ramos-Martínez E, García-Carmona A, Mejía M, Nava-Quiroz"
,,"KJ, Pérez-Rubio G, Ambrocio-Ortiz E, González-Pérez MI, Buendía-Roldán I, Rojas-"
,,"Serrano J, Falfán-Valencia R. Genetic Susceptibility to Antisynthetase Syndrome"
,,Associated With Single-Nucleotide Variants in the <i>IL1B</i> Gene That Lead
,,Variation in IL-1β Serum Levels. Front Med (Lausanne). 2020 Nov 24;7:547186.
,,doi: 10.3389/fmed.2020.547186. PMID: 33330522; PMCID: PMC7732678.
,,
,,"165: Huang K, Aggarwal R. Antisynthetase syndrome: A distinct disease spectrum."
,,J Scleroderma Relat Disord. 2020 Oct;5(3):178-191. doi:
,,10.1177/2397198320902667. Epub 2020 Feb 18. PMID: 35382516; PMCID: PMC8922626.
,,
,,"166: Vanikieti K, Janyaprasert P, Lueangram S, Nimworaphan J, Rattanathamsakul"
,,"N, Tiraset N, Chokthaweesak W, Samipak N, Padungkiatsagul T, Preechawat P,"
,,"Poonyathalang A, Pulkes T, Tunlayadechanont S, Siriyotha S, Jindahra P."
,,Etiologies of Acute Optic Neuritis in Thailand: An Observational Study of 171
,,Patients. Clin Ophthalmol. 2020 Sep 30;14:2935-2942. doi: 10.2147/OPTH.S271820.
,,PMID: 33061279; PMCID: PMC7533266.
,,
,,"167: Dei G, Rebora P, Catalano M, Sebastiani M, Faverio P, Pozzi MR, Manfredi A,"
,,"Cameli P, Salton F, Salvarani C, Cavagna L, Confalonieri M, Bargagli E, Luppi F,"
,,Pesci A. Functional Progression in Patients with Interstitial Lung Disease
,,"Resulted Positive to Antisynthetase Antibodies: A Multicenter, Retrospective"
,,Analysis. J Clin Med. 2020 Sep 21;9(9):3033. doi: 10.3390/jcm9093033. PMID:
,,32967131; PMCID: PMC7565737.
,,
,,"168: Emad Y, Ragab Y, Abd-Elsalam M, Rasker JJ. Antisynthetase syndrome"
,,complicating the course of established case with rheumatoid arthritis: A rare
,,and under-recognized overlapping disease. Reumatol Clin (Engl Ed). 2020 Sep-
,,"Oct;16(5 Pt 2):419-422. English, Spanish. doi: 10.1016/j.reuma.2018.06.002. Epub"
,,2018 Aug 14. PMID: 30120021.
,,
,,"169: Liang Z, Long F, Deng K, Wang F, Xiao J, Yang Y, Zhang D, Gu W, Xu J, Jian"
,,"W, Shi W, Zheng J, Chen X, Gao Y, Luo Q, Stampfli MR, Peng T, Chen R."
,,Dissociation between airway and systemic autoantibody responses in chronic
,,obstructive pulmonary disease. Ann Transl Med. 2020 Aug;8(15):918. doi:
,,10.21037/atm-20-944. PMID: 32953718; PMCID: PMC7475442.
,,
,,"170: Pozharashka J, Dourmishev L, Rusinova D, Balabanova M, Miteva L."
,,Paraneoplastic Dermatomyositis in a Patient with Metastatic Gastric Carcinoma.
,,Acta Dermatovenerol Croat. 2020 Aug;28(2):120-122. PMID: 32876041.
,,
,,"171: Marco JL, Collins BF. Clinical manifestations and treatment of"
,,antisynthetase syndrome. Best Pract Res Clin Rheumatol. 2020 Aug;34(4):101503.
,,doi: 10.1016/j.berh.2020.101503. Epub 2020 Apr 11. PMID: 32284267.
,,
,,"172: Li L, Liu C, Wang Q, Wu C, Zhang Y, Cheng L, Wen X, Zeng X, Zhang F, Li Y."
,,Analysis of myositis autoantibodies in Chinese patients with cancer-associated
,,myositis. J Clin Lab Anal. 2020 Aug;34(8):e23307. doi: 10.1002/jcla.23307. Epub
,,2020 Mar 27. PMID: 32222002; PMCID: PMC7439325.
,,
,,"173: Paul N, Avalos C, Estifan E, Swyden S. Interstitial lung disease in"
,,dermatomyositis complicated by right ventricular thrombus secondary to
,,macrophage activation syndrome- a case report. AME Case Rep. 2020 Jul 30;4:18.
,,doi: 10.21037/acr.2020.03.06. PMID: 32793860; PMCID: PMC7392852.
,,
,,"174: Ravindran R, Witczak J, Bahl S, Premawardhana LDKE, Adlan M. Myositis,"
,,rhabdomyolysis and severe hypercalcaemia in a body builder. Endocrinol Diabetes
,,Metab Case Rep. 2020 Jul 5;2020:20-0032. doi: 10.1530/EDM-20-0032. Epub ahead of
,,print. PMID: 32698126; PMCID: PMC7354728.
,,
,,"175: Zampeli E, Mavrommati M, Moutsopoulos HM, Skopouli FN. Anti-Ro52 and/or"
,,anti-Ro60 immune reactivity: autoantibody and disease associations. Clin Exp
,,Rheumatol. 2020 Jul-Aug;38 Suppl 126(4):134-141. Epub 2020 Feb 18. PMID:
,,32083547
,,
,,"176: Parkes JE, Thoma A, Lightfoot AP, Day PJ, Chinoy H, Lamb JA. MicroRNA and"
,,mRNA profiling in the idiopathic inflammatory myopathies. BMC Rheumatol. 2020
,,Jun 10;4:25. doi: 10.1186/s41927-020-00125-8. PMID: 32529172; PMCID: PMC7285612.
,,
,,"177: Ramos-Martinez E, Falfán-Valencia R, Pérez-Rubio G, Mejia M, Buendía-Roldán"
,,"I, González-Pérez MI, Mateos-Toledo HN, Rojas Serrano J. Anti-Aminoacyl"
,,Transfer-RNA-Synthetases (Anti-tRNA) Autoantibodies Associated with Interstitial
,,Lung Disease: Pulmonary Disease Progression has a Persistent Elevation of the
,,Th17 Cytokine Profile. J Clin Med. 2020 May 6;9(5):1356. doi:
,,10.3390/jcm9051356. PMID: 32384594; PMCID: PMC7290669.
,,
,,"178: Huang HL, Lin WC, Yeh CC, Sun YT. Serological risk factors for concomitant"
,,interstitial lung disease in patients with idiopathic inflammatory myopathy. J
,,Clin Neurosci. 2020 Apr;74:32-35. doi: 10.1016/j.jocn.2020.01.060. Epub 2020 Jan
,,22. PMID: 31982271.
,,
,,"179: Li YH, Du Y, Li L, Liu ML, Pu C, Li TH, Bai H, Zhang XW. [Analysis of"
,,immunological characteristics of dermatomyositis patients with myocardial
,,involvement]. Zhonghua Yi Xue Za Zhi. 2020 Mar 17;100(10):753-756. Chinese. doi:
,,10.3760/cma.j.cn112137-20190815-01812. PMID: 32192287.
,,
,,"180: González-Pérez MI, Mejía-Hurtado JG, Pérez-Román DI, Buendía-Roldán I,"
,,"Mejía M, Falfán-Valencia R, Mateos-Toledo HN, Rojas-Serrano J. Evolution of"
,,Pulmonary Function in a Cohort of Patients with Interstitial Lung Disease and
,,Positive for Antisynthetase Antibodies. J Rheumatol. 2020 Mar;47(3):415-423.
,,doi: 10.3899/jrheum.181141. Epub 2019 Jun 15. PMID: 31203227.
,,
,,"181: Katz I, De Luca F, Dzudzor B, Sarpong BK, Osei-Appiah B, Azoulay D, Katz D,"
,,"Dey D, Gilburd B, Amital H, Vento S, Shoenfeld Y, Shovman O. Seroprevalences of"
,,autoantibodies and anti-infectious antibodies among Ghana's healthy population.
,,Sci Rep. 2020 Feb 18;10(1):2814. doi: 10.1038/s41598-020-59693-x. PMID:
,,32071361; PMCID: PMC7028981.
,,
,,"182: Yamasaki R, Yonekawa T, Inamizu S, Shinoda K, Ochi H, Matsushita T, Isobe"
,,"N, Tsuji G, Sadashima S, Kuma Y, Oda Y, Iwaki T, Furue M, Kira JI. A case of"
,,overlapping adult-onset linear scleroderma and Parry-Romberg syndrome presenting
,,with widespread ipsilateral neurogenic involvement. Neuropathology. 2020
,,Feb;40(1):109-115. doi: 10.1111/neup.12614. Epub 2019 Nov 27. PMID: 31775183.
,,
,,"183: López-Mejías R, Remuzgo-Martínez S, Genre F, Pulito-Cueto V, Rozas SMF,"
,,"Llorca J, Fernández DI, Cuesta VMM, Ortego-Centeno N, Gómez NP, Mera-Varela A,"
,,"Martínez-Barrio J, López-Longo FJ, Mijares V, Lera-Gómez L, Usetti MP, Laporta"
,,"R, Pérez V, Gafas AP, González MAA, Calvo-Alén J, Romero-Bueno F, Sanchez-"
,,"Pernaute O, Nuno L, Bonilla G, Balsa A, Hernández-González F, Grafia I, Prieto-"
,,"González S, Narvaez J, Trallero-Araguas E, Selva-O'Callaghan A, Gualillo O,"
,,"Castañeda S, Cavagna L, Cifrian JM, González-Gay MA. Influence of MUC5B gene on"
,,antisynthetase syndrome. Sci Rep. 2020 Jan 29;10(1):1415. doi:
,,10.1038/s41598-020-58400-0. PMID: 31996780; PMCID: PMC6989632.
,,
,,"184: Burman L, Chong YE, Duncan S, Klaus A, Rauch K, Hamel K, Hervé K, Pfaffen"
,,"S, Collins DW, Heyries K, Nangle L, Hansen C, King DJ. Isolation of monoclonal"
,,antibodies from anti-synthetase syndrome patients and affinity maturation by
,,recombination of independent somatic variants. MAbs. 2020 Jan-Dec;12(1):1836718.
,,doi: 10.1080/19420862.2020.1836718. PMID: 33131414; PMCID: PMC7646482.
,,
,,"185: Masiak A, Marzec M, Kulczycka J, Zdrojewski Z. The clinical phenotype"
,,associated with antisynthetase autoantibodies. Reumatologia. 2020;58(1):4-8.
,,doi: 10.5114/reum.2020.93505. Epub 2020 Feb 28. PMID: 32322117; PMCID:
,,PMC7174798.
,,
,,"186: Platteel ACM, Wevers BA, Lim J, Bakker JA, Bontkes HJ, Curvers J,"
,,"Damoiseaux J, Heron M, de Kort G, Limper M, van Lochem EG, Mulder AHL, Saris"
,,"CGJ, van der Valk H, van der Kooi AJ, van Leeuwen EMM, Veltkamp M, Schreurs MWJ,"
,,"Meek B, Hamann D. Frequencies and clinical associations of myositis-related"
,,antibodies in The Netherlands: A one-year survey of all Dutch patients. J Transl
,,Autoimmun. 2019 Aug 23;2:100013. doi: 10.1016/j.jtauto.2019.100013. PMID:
,,32743501; PMCID: PMC7388388.
,,
,,"187: Cavagna L, Trallero-Araguás E, Meloni F, Cavazzana I, Rojas-Serrano J,"
,,"Feist E, Zanframundo G, Morandi V, Meyer A, Pereira da Silva JA, Matos Costa CJ,"
,,"Molberg O, Andersson H, Codullo V, Mosca M, Barsotti S, Neri R, Scirè C, Govoni"
,,"M, Furini F, Lopez-Longo FJ, Martinez-Barrio J, Schneider U, Lorenz HM, Doria A,"
,,"Ghirardello A, Ortego-Centeno N, Confalonieri M, Tomietto P, Pipitone N,"
,,"Rodriguez Cambron AB, Blázquez Cañamero MÁ, Voll RE, Wendel S, Scarpato S,"
,,"Maurier F, Limonta M, Colombelli P, Giannini M, Geny B, Arrigoni E, Bravi E,"
,,"Migliorini P, Mathieu A, Piga M, Drott U, Delbrueck C, Bauhammer J, Cagnotto G,"
,,"Vancheri C, Sambataro G, De Langhe E, Sainaghi PP, Monti C, Gigli Berzolari F,"
,,"Romano M, Bonella F, Specker C, Schwarting A, Villa Blanco I, Selmi C, Ceribelli"
,,"A, Nuno L, Mera-Varela A, Perez Gomez N, Fusaro E, Parisi S, Sinigaglia L, Del"
,,"Papa N, Benucci M, Cimmino MA, Riccieri V, Conti F, Sebastiani GD, Iuliano A,"
,,"Emmi G, Cammelli D, Sebastiani M, Manfredi A, Bachiller-Corral J, Sifuentes"
,,"Giraldo WA, Paolazzi G, Saketkoo LA, Giorgi R, Salaffi F, Cifrian J, Caporali R,"
,,"Locatelli F, Marchioni E, Pesci A, Dei G, Pozzi MR, Claudia L, Distler J, Knitza"
,,"J, Schett G, Iannone F, Fornaro M, Franceschini F, Quartuccio L, Gerli R,"
,,"Bartoloni E, Bellando Randone S, Zampogna G, Gonzalez Perez MI, Mejia M, Vicente"
,,"E, Triantafyllias K, Lopez-Mejias R, Matucci-Cerinic M, Selva-O'Callaghan A,"
,,"Castañeda S, Montecucco C, Gonzalez-Gay MA. Influence of Antisynthetase"
,,Antibodies Specificities on Antisynthetase Syndrome Clinical Spectrum Time
,,Course. J Clin Med. 2019 Nov 18;8(11):2013. doi: 10.3390/jcm8112013. PMID:
,,31752231; PMCID: PMC6912490.
,,
,,"188: Cavazzana I, Richards M, Bentow C, Seaman A, Fredi M, Giudizi MG, Palterer"
,,"B, Pratesi F, Migliorini P, Franceschini F, Satoh M, Ceribelli A, Mahler M."
,,Evaluation of a novel particle-based assay for detection of autoantibodies in
,,idiopathic inflammatory myopathies. J Immunol Methods. 2019 Nov;474:112661. doi:
,,10.1016/j.jim.2019.112661. Epub 2019 Aug 21. PMID: 31442464.
,,
,,"189: Fiorentino DF, Gutierrez-Alamillo L, Hines D, Yang Q, Casciola-Rosen L."
,,Distinct dermatomyositis populations are detected with different autoantibody
,,assay platforms. Clin Exp Rheumatol. 2019 Nov-Dec;37(6):1048-1051. Epub 2019 Jul
,,19. PMID: 31376258; PMCID: PMC7039699.
,,
,,"190: Melguizo Madrid E, Fernández Riejos P, Toyos Sáenz de Miera FJ, Fernández"
,,"Pérez B, González Rodríguez C. Coexistence of anti-Jo1 and anti-signal"
,,recognition particle antibodies in a polymyositis patient. Reumatol Clin (Engl
,,"Ed). 2019 Nov-Dec;15(6):e111-e113. English, Spanish. doi:"
,,10.1016/j.reuma.2017.12.003. Epub 2018 Mar 28. PMID: 29396013.
,,
,,"191: Chen P, Xie J, Xiao R, Zhang G, Qiu X, Zhan Y. [Clinical analysis for 108"
,,cases of dermatomyositis]. Zhong Nan Da Xue Xue Bao Yi Xue Ban. 2019 Oct
,,28;44(10):1157-1162. Chinese. doi: 10.11817/j.issn.1672-7347.2019.180726. PMID:
,,31857510
,,
,,"192: Fukamatsu H, Hirai Y, Miyake T, Kaji T, Morizane S, Yokoyama E, Hamada T,"
,,"Oono T, Koyama Y, Norikane S, Iwatsuki K. Clinical manifestations of skin, lung"
,,and muscle diseases in dermatomyositis positive for anti-aminoacyl tRNA
,,synthetase antibodies. J Dermatol. 2019 Oct;46(10):886-897. doi:
,,10.1111/1346-8138.15049. Epub 2019 Aug 16. PMID: 31418479.
,,
,,"193: Kourkouni E, Mitsogiannis G, Simopoulou T, Liaskos C, Katsiari CG, Daniil"
,,"Z, Gourgoulianis K, Bogdanos DP, Sakkas LI. Interstitial Lung Disease in Anti-"
,,Synthetase Syndrome. Mediterr J Rheumatol. 2019 Sep 30;30(3):186-189. doi:
,,10.31138/mjr.30.3.186. PMID: 32185363; PMCID: PMC7045864.
,,
,,"194: Rüegg CA, Maurer B, Laube I, Scholtze D. Jo1-antisynthetase syndrome and"
,,severe interstitial lung disease with organising pneumonia on histopathology
,,"with favourable outcome on early combined treatment with corticosteroids,"
,,mycophenolate mofetil and rituximab. BMJ Case Rep. 2019 Sep 12;12(9):e231006.
,,doi: 10.1136/bcr-2019-231006. PMID: 31519721; PMCID: PMC6747926.
,,
,,"195: Luu Q, Day J, Hall A, Limaye V, Major G. External Validation and Evaluation"
,,of Adding MRI or Extended Myositis Antibody Panel to the 2017 EULAR/ACR Myositis
,,Classification Criteria. ACR Open Rheumatol. 2019 Aug 8;1(7):462-468. doi:
,,10.1002/acr2.11061. PMID: 31777826; PMCID: PMC6858041.
,,
,,"196: Röber N, Rejzek M, Aringer M, Rudolph S, Unger L, Lüthke K, Gräßler A,"
,,Conrad K. Multiparametric Analysis of Connective Tissue Disease Specific
,,Autoantibodies Using a Spot Immunoassay. Clin Lab. 2019 Sep 1;65(9). doi:
,,10.7754/Clin.Lab.2019.190218. PMID: 31532087.
,,
,,"197: Bauhammer J, Fiehn C. Antisynthetasesyndrome [Antisynthetase syndromes]. Z"
,,Rheumatol. 2019 Sep;78(7):645-655. German. doi: 10.1007/s00393-019-0665-0. PMID:
,,31346706
,,
,,"198: Liu Y, Luo H, Wang L, Li C, Liu L, Huang L, Liu K, Liu M, Gao S, Xiao Y,"
,,"Zhu H, Zuo X, Li QZ, Zhang H. Increased Serum Matrix Metalloproteinase-9 Levels"
,,are Associated with Anti-Jo1 but not Anti-MDA5 in Myositis Patients. Aging Dis.
,,2019 Aug 1;10(4):746-755. doi: 10.14336/AD.2018.1120. PMID: 31440381; PMCID:
,,PMC6675534.
,,
,,"199: Pinal-Fernandez I, Amici DR, Parks CA, Derfoul A, Casal-Dominguez M, Pak K,"
,,"Yeker R, Plotz P, Milisenda JC, Grau-Junyent JM, Selva-O'Callaghan A, Paik JJ,"
,,"Albayda J, Corse AM, Lloyd TE, Christopher-Stine L, Mammen AL. Myositis"
,,Autoantigen Expression Correlates With Muscle Regeneration but Not Autoantibody
,,Specificity. Arthritis Rheumatol. 2019 Aug;71(8):1371-1376. doi:
,,10.1002/art.40883. Epub 2019 Jun 18. PMID: 30861336; PMCID: PMC6663619.
,,
,,"200: Labeit B, Muhle P, Suntrup-Krueger S, Ahring S, Ruck T, Dziewas R, Warnecke"
,,T. Dysphagia as Isolated Manifestation of Jo-1 Associated Myositis? Front
,,Neurol. 2019 Jul 9;10:739. doi: 10.3389/fneur.2019.00739. PMID: 31338062; PMCID:
,,PMC6629889.
,,
,,"1: Montagnese F, Babačić H, Eichhorn P, Schoser B. Evaluating the diagnostic"
,,utility of new line immunoassays for myositis antibodies in clinical practice: a
,,retrospective study. J Neurol. 2019 Jun;266(6):1358-1366. doi:
,,10.1007/s00415-019-09266-4. Epub 2019 Mar 6. PMID: 30840145.
,,
,,"2: Temmoku J, Sato S, Fujita Y, Asano T, Suzuki E, Kanno T, Furuya MY, Matsuoka"
,,"N, Kobayashi H, Watanabe H, Koga T, Shimizu T, Kawakami A, Migita K. Clinical"
,,significance of myositis-specific autoantibody profiles in Japanese patients
,,with polymyositis/dermatomyositis. Medicine (Baltimore). 2019 May;98(20):e15578.
,,doi: 10.1097/MD.0000000000015578. PMID: 31096460; PMCID: PMC6531063.
,,
,,"3: Zhou H, Wang Y, Bi K, Qi H, Song S, Zhou M, Chen L, Wang G, Duan T. Serum-"
,,soluble TRAIL: a potential biomarker for disease activity in myositis patients.
,,Clin Rheumatol. 2019 May;38(5):1425-1431. doi: 10.1007/s10067-018-04418-9. Epub
,,2019 Jan 15. PMID: 30645753.
,,
,,"4: Wang F, Hu R, Chen H, Xie P, Wang Y, Li Z, Jin H, Liu J, Liu W. Development"
,,of a field system for measurement of tropospheric OH radical using laser-induced
,,fluorescence technique. Opt Express. 2019 Apr 15;27(8):A419-A435. doi:
,,10.1364/OE.27.00A419. PMID: 31052893.
,,
,,"5: Amlani A, Choi MY, Tarnopolsky M, Brady L, Clarke AE, Garcia-De La Torre I,"
,,"Mahler M, Schmeling H, Barber CE, Jung M, Fritzler MJ. Anti-NT5c1A"
,,Autoantibodies as Biomarkers in Inclusion Body Myositis. Front Immunol. 2019 Apr
,,9;10:745. doi: 10.3389/fimmu.2019.00745. PMID: 31024569; PMCID: PMC6465553.
,,
,,"6: Barba T, Mainbourg S, Nasser M, Lega JC, Cottin V. Lung Diseases in"
,,Inflammatory Myopathies. Semin Respir Crit Care Med. 2019 Apr;40(2):255-270.
,,doi: 10.1055/s-0039-1685187. Epub 2019 May 28. PMID: 31137064.
,,
,,"7: Dzangué-Tchoupou G, Mariampillai K, Bolko L, Amelin D, Mauhin W, Corneau A,"
,,"Blanc C, Allenbach Y, Benveniste O. CD8+<sub>T-bet+</sub> cells as a predominant"
,,biomarker for inclusion body myositis. Autoimmun Rev. 2019 Apr;18(4):325-333.
,,doi: 10.1016/j.autrev.2019.02.003. Epub 2019 Feb 28. PMID: 30825520.
,,
,,"8: Sebastiani M, Triantafyllias K, Manfredi A, González-Gay MA, Palmou-Fontana"
,,"N, Cassone G, Drott U, Delbrück C, Rojas-Serrano J, Bertolazzi C, Nuño L,"
,,"Giannini M, Iannone F, Vicente EF, Castañeda S, Selva-O'Callaghan A, Trallero"
,,"Araguas E, Emmi G, Iuliano A, Bauhammer J, Miehle N, Parisi S, Cavagna L,"
,,"Codullo V, Montecucco C, Lopez-Longo FJ, Martínez-Barrio J, Nieto-González JC,"
,,"Vichi S, Confalonieri M, Tomietto P, Bergner R, Sulli A, Bonella F, Furini F,"
,,"Scirè CA, Bortoluzzi A, Specker C, Barsotti S, Neri R, Mosca M, Caproni M,"
,,"Weinmann-Menke J, Schwarting A, Smith V, Cutolo M; American and European Network"
,,of Antisynthetase Syndrome Collaborative Group. Nailfold Capillaroscopy
,,Characteristics of Antisynthetase Syndrome and Possible Clinical Associations:
,,Results of a Multicenter International Study. J Rheumatol. 2019
,,Mar;46(3):279-284. doi: 10.3899/jrheum.180355. Epub 2018 Nov 15. PMID: 30442823.
,,
,,"9: Keyßer G, Zierz S, Kornhuber M. Treatment of adult idiopathic inflammatory"
,,myopathies with conventional immunosuppressive drugs : Results of
,,a retrospective study. Z Rheumatol. 2019 Mar;78(2):183-189. English. doi:
,,10.1007/s00393-018-0471-0. PMID: 29713867.
,,
,,"10: Jensen ML, Løkke A, Hilberg O, Hyldgaard C, Bendstrup E, Tran D. Clinical"
,,characteristics and outcome in patients with antisynthetase syndrome associated
,,interstitial lung disease: a retrospective cohort study. Eur Clin Respir J. 2019
,,Feb 27;6(1):1583516. doi: 10.1080/20018525.2019.1583516. PMID: 30834073; PMCID:
,,PMC6394310.
,,
,,"11: Bouardi NE, Alaoui A, Haloua M, Lamrani Y, Boubbou M, Maaroufi M, Alami B."
,,Une pneumopathie interstitielle diffuse révélant un syndrome des
,,antisynthétases: à propos de 2 cas [Diffuse interstitial lung disease revealing
,,anti-synthetase syndrome: about two cases]. Pan Afr Med J. 2019 Jan 22;32:40.
,,French. doi: 10.11604/pamj.2019.32.40.17903. PMID: 31143345; PMCID: PMC6522153.
,,
,,"12: Agrawal S, Gupta N, Kumar R, Sen MK, Chakrabarti S, Suri JC. An unusual case"
,,of idiopathic inflammatory myopathy presenting with organizing pneumonia as
,,cavitary lesions. Adv Respir Med. 2019;87(4):243-246. doi:
,,10.5603/ARM.2019.0041. PMID: 31476013.
,,
,,"13: Gusdorf L, Morruzzi C, Goetz J, Lipsker D, Sibilia J, Cribier B. Mechanics"
,,hands in patients with antisynthetase syndrome: 25 cases. Ann Dermatol Venereol.
,,2019 Jan;146(1):19-25. doi: 10.1016/j.annder.2018.11.010. Epub 2018 Dec 28.
,,PMID: 30595338.
,,
,,"14: Zampeli E, Venetsanopoulou A, Argyropoulou OD, Mavragani CP, Tektonidou MG,"
,,"Vlachoyiannopoulos PG, Tzioufas AG, Skopouli FN, Moutsopoulos HM. Myositis"
,,autoantibody profiles and their clinical associations in Greek patients with
,,inflammatory myopathies. Clin Rheumatol. 2019 Jan;38(1):125-132. doi:
,,10.1007/s10067-018-4267-z. Epub 2018 Aug 25. PMID: 30145635.
,,
,,"15: Fernandes-Cerqueira C, Renard N, Notarnicola A, Wigren E, Gräslund S,"
,,"Zubarev RA, Lundberg IE, Lundström SL. Patients with anti-Jo1 antibodies display"
,,a characteristic IgG Fc-glycan profile which is further enhanced in anti-Jo1
,,autoantibodies. Sci Rep. 2018 Dec 18;8(1):17958. doi:
,,10.1038/s41598-018-36395-z. PMID: 30560888; PMCID: PMC6298993.
,,
,,"16: Vijayasingam A, Alcalde I, Shah S, Singer B, Bastin A, Chikanza I,"
,,"Cordingley J, Thomas G. AIP, Jo-1 and ECMO. Thorax. 2018 Dec;73(12):1190-1192."
,,doi: 10.1136/thoraxjnl-2018-212145. Epub 2018 Oct 16. PMID: 30327340.
,,
,,"17: Mariampillai K, Granger B, Amelin D, Guiguet M, Hachulla E, Maurier F, Meyer"
,,"A, Tohmé A, Charuel JL, Musset L, Allenbach Y, Benveniste O. Development of a"
,,New Classification System for Idiopathic Inflammatory Myopathies Based on
,,Clinical Manifestations and Myositis-Specific Autoantibodies. JAMA Neurol. 2018
,,Dec 1;75(12):1528-1537. doi: 10.1001/jamaneurol.2018.2598. PMID: 30208379;
,,PMCID: PMC6583199.
,,
,,"18: Wolstencroft PW, Casciola-Rosen L, Fiorentino DF. Association Between"
,,Autoantibody Phenotype and Cutaneous Adverse Reactions to Hydroxychloroquine in
,,Dermatomyositis. JAMA Dermatol. 2018 Oct 1;154(10):1199-1203. doi:
,,10.1001/jamadermatol.2018.2549. PMID: 30140893; PMCID: PMC6233745.
,,
,,"19: Pizzorni C, Cutolo M, Sulli A, Ruaro B, Trombetta AC, Ferrari G, Pesce G,"
,,"Smith V, Paolino S. Long-term follow-up of nailfold videocapillaroscopic changes"
,,in dermatomyositis versus systemic sclerosis patients. Clin Rheumatol. 2018
,,Oct;37(10):2723-2729. doi: 10.1007/s10067-018-4211-2. Epub 2018 Jul 13. PMID:
,,30006917
,,
,,"20: Eising K, Peitz J, Unterwalder N, Meisel C, Horneff G. Myositisspezifische"
,,Antikörper bei juveniler Dermatomyositis [Myositis-specific antibodies
,,associated with juvenile dermatomyositis]. Z Rheumatol. 2018 Oct;77(8):735-740.
,,German. doi: 10.1007/s00393-017-0415-0. PMID: 29411095.
,,
,,"21: Couture P, Brillet PY, Varin S, Le Goff B, Meyer A, Sibilia J, Jouneau S,"
,,"Valeyre D, Hervier B, Uzunhan Y. Sarcoidosis in Patients with Antisynthetase"
,,Syndrome: Presentation and Outcome. J Rheumatol. 2018 Aug;45(9):1296-1300. doi:
,,10.3899/jrheum.171098. Epub 2018 Jul 1. PMID: 29961694.
,,
,,"22: Dein EJ, Crespo-Bosque M, Timlin H, Geetha D. Double-positive with positive"
,,anti-glomerular basement membrane antibody and ANCA-positive disease in a
,,patient with dermatomyositis. BMJ Case Rep. 2018 Jul 24;2018:bcr2018224475. doi:
,,10.1136/bcr-2018-224475. PMID: 30042104; PMCID: PMC6059231.
,,
,,"23: Maloir Q, Ghysen K, von Frenckell C, Louis R, Guiot J. Détresse respiratoire"
,,aiguë révélatrice d’un syndrome des antisynthétases [Acute respiratory distress
,,revealing antisynthetase syndrome]. Rev Med Liege. 2018 Jul;73(7-8):370-375.
,,French. PMID: 30113776.
,,
,,"24: Jobanputra P, Malick F, Derrett-Smith E, Plant T, Richter A. What does it"
,,mean if a patient is positive for anti-Jo-1 in routine hospital practice? A
,,retrospective nested case-control study. F1000Res. 2018 Jun 4;7:698. doi:
,,10.12688/f1000research.14834.1. PMID: 30079243; PMCID: PMC6058461.
,,
,,"25: Doyle TJ, Dhillon N, Madan R, Cabral F, Fletcher EA, Koontz DC, Aggarwal R,"
,,"Osorio JC, Rosas IO, Oddis CV, Dellaripa PF. Rituximab in the Treatment of"
,,Interstitial Lung Disease Associated with Antisynthetase Syndrome: A Multicenter
,,Retrospective Case Review. J Rheumatol. 2018 Jun;45(6):841-850. doi:
,,10.3899/jrheum.170541. Epub 2018 Apr 1. PMID: 29606668; PMCID: PMC5984657.
,,
,,"26: Gofrit SG, Yonath H, Lidar M, Shoenfeld Y, Kivity S. The clinical phenotype"
,,of patients positive for antibodies to myositis and myositis-related disorders.
,,Clin Rheumatol. 2018 May;37(5):1257-1263. doi: 10.1007/s10067-018-4032-3. Epub
,,2018 Feb 16. PMID: 29453582.
,,
,,"27: Meyer HJ, Emmer A, Kornhuber M, Surov A. Histogram analysis derived from"
,,apparent diffusion coefficient (ADC) is more sensitive to reflect serological
,,parameters in myositis than conventional ADC analysis. Br J Radiol. 2018
,,May;91(1085):20170900. doi: 10.1259/bjr.20170900. Epub 2018 Feb 20. PMID:
,,29436842; PMCID: PMC6190783.
,,
,,"28: Mecoli CA, Christopher-Stine L. Management of Interstitial Lung Disease in"
,,Patients With Myositis Specific Autoantibodies. Curr Rheumatol Rep. 2018 Apr
,,10;20(5):27. doi: 10.1007/s11926-018-0731-7. PMID: 29637383.
,,
,,"29: Bucelli RC, Pestronk A. Immune myopathies with perimysial pathology:"
,,Clinical and laboratory features. Neurol Neuroimmunol Neuroinflamm. 2018 Jan
,,17;5(2):e434. doi: 10.1212/NXI.0000000000000434. PMID: 29359173; PMCID:
,,PMC5773856.
,,
,,"30: Infantino M, Palterer B, Biagiotti R, Almerigogna F, Benucci M, Damiani A,"
,,"Grossi V, Azzurri A, Casprini P, Bacci G, Giudizi MG, Manfredi M. Reflex testing"
,,of speckled cytoplasmic patterns observed in routine ANA HEp-2 indirect
,,immunofluorescence with a multiplex anti-synthetase dot-blot assay: a
,,multicentric pilot study. Immunol Res. 2018 Feb;66(1):74-78. doi:
,,10.1007/s12026-017-8974-3. PMID: 29159696.
,,
,,"31: Pfau JC, Barbour C, Black B, Serve KM, Fritzler MJ. Analysis of autoantibody"
,,profiles in two asbestiform fiber exposure cohorts. J Toxicol Environ Health A.
,,2018;81(19):1015-1027. doi: 10.1080/15287394.2018.1512432. Epub 2018 Sep 19.
,,PMID: 30230971; PMCID: PMC6336195.
,,
,,"32: Reynolds TD, Mohan V, Roy M, Manghat N, Adamali H, Gunawardena H. An unusual"
,,flare of anti-synthetase syndrome during concurrent trastuzumab therapy given
,,for recurrent breast cancer. Eur J Rheumatol. 2017 Dec;4(4):278-280. doi:
,,10.5152/eurjrheum.2017.17036. Epub 2017 Oct 25. PMID: 29308284; PMCID:
,,PMC5741342.
,,
,,"33: Infantino M, Manfredi M, Grossi V, Benucci M, Morozzi G, Tonutti E, Tampoia"
,,"M, Bizzaro N. An effective algorithm for the serological diagnosis of idiopathic"
,,inflammatory myopathies: The key role of anti-Ro52 antibodies. Clin Chim Acta.
,,2017 Dec;475:15-19. doi: 10.1016/j.cca.2017.10.002. Epub 2017 Oct 3. PMID:
,,28986052
,,
,,"34: Tsai J, Jayaweera S, Bertouch J. A case of adult dermatomyositis associated"
,,with parainfluenza virus infection and Jo-1 antibody. Int J Rheum Dis. 2017
,,Nov;20(11):1827-1830. doi: 10.1111/1756-185X.12252. Epub 2013 Dec 16. PMID:
,,24341326
,,
,,"35: Goto H, Sugita K, Yanagihara S, Yamamoto O. Shiitake Dermatitis-like"
,,Eruption Due to Tegafur/Gimeracil/Oteracil Combination Usage. Yonago Acta Med.
,,2017 Sep 15;60(3):179-181. PMID: 28959129; PMCID: PMC5611473.
,,
,,"36: Hamann PD, Roux BT, Heward JA, Love S, McHugh NJ, Jones SW, Lindsay MA."
,,Transcriptional profiling identifies differential expression of long non-coding
,,RNAs in Jo-1 associated and inclusion body myositis. Sci Rep. 2017 Aug
,,14;7(1):8024. doi: 10.1038/s41598-017-08603-9. PMID: 28808260; PMCID:
,,PMC5556005.
,,
,,"37: Rastin M, Mahmoudi M, Sahebari M, Tabasi N. Clinical & immunological"
,,characteristics in systemic lupus erythematosus patients. Indian J Med Res. 2017
,,Aug;146(2):224-229. doi: 10.4103/ijmr.IJMR_1356_15. PMID: 29265023; PMCID:
,,PMC5761032.
,,
,,"38: Shi J, Li S, Yang H, Zhang Y, Peng Q, Lu X, Wang G. Clinical Profiles and"
,,Prognosis of Patients with Distinct Antisynthetase Autoantibodies. J Rheumatol.
,,2017 Jul;44(7):1051-1057. doi: 10.3899/jrheum.161480. Epub 2017 May 1. PMID:
,,28461650
,,
,,"39: Boleto G, Perotin JM, Eschard JP, Salmon JH. Squamous cell carcinoma of the"
,,lung associated with anti-Jo1 antisynthetase syndrome: a case report and review
,,of the literature. Rheumatol Int. 2017 Jul;37(7):1203-1206. doi:
,,10.1007/s00296-017-3728-z. Epub 2017 Apr 26. PMID: 28447208.
,,
,,"40: Bhansing KJ, Vonk-Noordegraaf A, Oosterveer FP, van Riel PL, Vonk MC."
,,"Pulmonary arterial hypertension, a novelty in idiopathic inflammatory"
,,myopathies: insights and first experiences with vasoactive therapy. RMD Open.
,,2017 Jun 9;3(1):e000331. doi: 10.1136/rmdopen-2016-000331. PMID: 28879041;
,,PMCID: PMC5574416.
,,
,,"41: Pinal-Fernandez I, Casal-Dominguez M, Huapaya JA, Albayda J, Paik JJ,"
,,"Johnson C, Silhan L, Christopher-Stine L, Mammen AL, Danoff SK. A longitudinal"
,,cohort study of the anti-synthetase syndrome: increased severity of interstitial
,,lung disease in black patients and patients with anti-PL7 and anti-PL12
,,autoantibodies. Rheumatology (Oxford). 2017 Jun 1;56(6):999-1007. doi:
,,10.1093/rheumatology/kex021. PMID: 28339994; PMCID: PMC5850781.
,,
,,"42: Hussain A, Rawat A, Jindal AK, Gupta A, Singh S. Autoantibodies in children"
,,with juvenile dermatomyositis: A single centre experience from North-West India.
,,Rheumatol Int. 2017 May;37(5):807-812. doi: 10.1007/s00296-017-3707-4. Epub 2017
,,Mar 22. PMID: 28331982.
,,
,,"43: Noda K, Yoshida K, Ukichi T, Furuya K, Hirai K, Kingetsu I, Kurosaka D."
,,Myalgia in Patients with Dermatomyositis and Polymyositis Is Attributable to
,,Fasciitis Rather Than Myositis: A Retrospective Study of 32 Patients who
,,Underwent Histopathological Examinations. J Rheumatol. 2017 Apr;44(4):482-487.
,,doi: 10.3899/jrheum.160763. Epub 2017 Feb 1. PMID: 28148694.
,,
,,"44: Bartoloni E, Gonzalez-Gay MA, Scirè C, Castaneda S, Gerli R, Lopez-Longo FJ,"
,,"Martinez-Barrio J, Govoni M, Furini F, Pina T, Iannone F, Giannini M, Nuño L,"
,,"Quartuccio L, Ortego-Centeno N, Alunno A, Specker C, Montecucco C,"
,,"Triantafyllias K, Balduzzi S, Sifuentes-Giraldo WA, Paolazzi G, Bravi E,"
,,"Schwarting A, Pellerito R, Russo A, Selmi C, Saketkoo LA, Fusaro E, Parisi S,"
,,"Pipitone N, Franceschini F, Cavazzana I, Neri R, Barsotti S, Codullo V, Cavagna"
,,L. Clinical follow-up predictors of disease pattern change in anti-Jo1 positive
,,"anti-synthetase syndrome: Results from a multicenter, international and"
,,retrospective study. Autoimmun Rev. 2017 Mar;16(3):253-257. doi:
,,10.1016/j.autrev.2017.01.008. Epub 2017 Jan 29. PMID: 28147261.
,,
,,"45: Merlo G, Clapasson A, Cozzani E, Sanna L, Pesce G, Bagnasco M, Burlando M,"
,,Parodi A. Specific autoantibodies in dermatomyositis: a helpful tool to classify
,,different clinical subsets. Arch Dermatol Res. 2017 Mar;309(2):87-95. doi:
,,10.1007/s00403-016-1704-1. Epub 2016 Dec 7. PMID: 27928683.
,,
,,"46: Mejía M, Herrera-Bringas D, Pérez-Román DI, Rivero H, Mateos-Toledo H,"
,,"Castorena-García P, Figueroa JE, Rojas-Serrano J. Interstitial lung disease and"
,,"myositis-specific and associated autoantibodies: Clinical manifestations,"
,,survival and the performance of the new ATS/ERS criteria for interstitial
,,pneumonia with autoimmune features (IPAF). Respir Med. 2017 Feb;123:79-86. doi:
,,10.1016/j.rmed.2016.12.014. Epub 2016 Dec 23. PMID: 28137500.
,,
,,"47: Aggarwal R, Dhillon N, Fertig N, Koontz D, Qi Z, Oddis CV. A Negative"
,,Antinuclear Antibody Does Not Indicate Autoantibody Negativity in Myositis: Role
,,of Anticytoplasmic Antibody as a Screening Test for Antisynthetase Syndrome. J
,,Rheumatol. 2017 Feb;44(2):223-229. doi: 10.3899/jrheum.160618. Epub 2016 Dec 1.
,,PMID: 27909085.
,,
,,"48: Cavagna L, Nuño L, Scirè CA, Govoni M, Longo FJ, Franceschini F, Neri R,"
,,"Castañeda S, Sifuentes Giraldo WA, Caporali R, Iannone F, Fusaro E, Paolazzi G,"
,,"Pellerito R, Schwarting A, Saketkoo LA, Ortego-Centeno N, Quartuccio L,"
,,"Bartoloni E, Specker C, Pina Murcia T, La Corte R, Furini F, Foschi V, Bachiller"
,,"Corral J, Airò P, Cavazzana I, Martínez-Barrio J, Hinojosa M, Giannini M,"
,,"Barsotti S, Menke J, Triantafyllias K, Vitetta R, Russo A, Bogliolo L, Bajocchi"
,,"G, Bravi E, Barausse G, Bortolotti R, Selmi C, Parisi S, Salaffi F, Montecucco"
,,"C, González-Gay MA; AENEAS (American and European NEtwork of Antisynthetase"
,,Syndrome) Collaborative Group. Serum Jo-1 Autoantibody and Isolated Arthritis in
,,the Antisynthetase Syndrome: Review of the Literature and Report of the
,,Experience of AENEAS Collaborative Group. Clin Rev Allergy Immunol. 2017
,,Feb;52(1):71-80. doi: 10.1007/s12016-016-8528-9. PMID: 26782036.
,,
,,"49: Satoh M, Tanaka S, Ceribelli A, Calise SJ, Chan EK. A Comprehensive Overview"
,,on Myositis-Specific Antibodies: New and Old Biomarkers in Idiopathic
,,Inflammatory Myopathy. Clin Rev Allergy Immunol. 2017 Feb;52(1):1-19. doi:
,,10.1007/s12016-015-8510-y. PMID: 26424665; PMCID: PMC5828023.
,,
,,"50: Wendling D, Golden C, Monet M, Verhoeven F, Guillot X, Prati C. Rheumatoid"
,,arthritis and antisynthetase syndrome. A three cases report. Joint Bone Spine.
,,2016 Dec;83(6):739-740. doi: 10.1016/j.jbspin.2015.10.014. Epub 2016 Mar 8.
,,PMID: 26968110.
,,
,,"51: Schäfer VS, Schmidt WA, Meybaum C, Rosenkranz V, Krause A. Spinale epidurale"
,,Lipomatose als seltene Nebenwirkung bei steroidabhängigem Jo-1-Antikörper-
,,Syndrom [Spinal epidural lipomatosis as a rare side effect in steroid-dependent
,,Jo-1 antibody syndrome]. Z Rheumatol. 2016 Nov;75(9):939-942. German. doi:
,,10.1007/s00393-016-0173-4. PMID: 27581001.
,,
,,"52: Minz RW, Kumar Y, Saikia B, Anand S, Varma S, Singh S. Use of panel testing"
,,for detection of antinuclear antibody in a resource-limited setting: an
,,appraisal. Postgrad Med. 2016 Nov;128(8):869-874. doi:
,,10.1080/00325481.2016.1220808. Epub 2016 Aug 18. PMID: 27494797.
,,
,,"53: Tampoia M, Notarnicola A, Abbracciavento L, Fontana A, Giannini M, Louis"
,,"Humbel R, Iannone F. A New Immunodot Assay for Multiplex Detection of"
,,Autoantibodies in a Cohort of Italian Patients With Idiopathic Inflammatory
,,Myopathies. J Clin Lab Anal. 2016 Nov;30(6):859-866. doi: 10.1002/jcla.21948.
,,Epub 2016 Apr 13. PMID: 27074881; PMCID: PMC6807041.
,,
,,"54: Wang CX, Ding R, Jiang ST, Tang JS, Hu D, Chen GD, Lin F, Hong K, Yao XS,"
,,"Gao H. Aldgamycins J-O, 16-Membered Macrolides with a Branched Octose Unit from"
,,Streptomycetes sp. and Their Antibacterial Activities. J Nat Prod. 2016 Oct
,,28;79(10):2446-2454. doi: 10.1021/acs.jnatprod.6b00200. Epub 2016 Sep 30. PMID:
,,27690254
,,
,,"55: Trallero-Araguás E, Grau-Junyent JM, Labirua-Iturburu A, García-Hernández"
,,"FJ, Monteagudo-Jiménez M, Fraile-Rodriguez G, Les-Bujanda I, Rodriguez-"
,,"Carballeira M, Sáez-Comet L, Selva-O'Callaghan A; IIM Study Group and Autoimmune"
,,Diseases Study Group (GEAS) of the Spanish Society of Internal Medicine (SEMI).
,,Clinical manifestations and long-term outcome of anti-Jo1 antisynthetase
,,patients in a large cohort of Spanish patients from the GEAS-IIM group. Semin
,,Arthritis Rheum. 2016 Oct;46(2):225-231. doi: 10.1016/j.semarthrit.2016.03.011.
,,Epub 2016 Mar 30. PMID: 27139168.
,,
,,"56: Lei Y, Hu T, Song X, Nie H, Chen M, Chen W, Zhou Z, Zhang D, Hu H, Hu P, Ren"
,,H. Production of Autoantibodies in Chronic Hepatitis B Virus Infection Is
,,Associated with the Augmented Function of Blood CXCR5+CD4+ T Cells. PLoS One.
,,2016 Sep 9;11(9):e0162241. doi: 10.1371/journal.pone.0162241. PMID: 27612199;
,,PMCID: PMC5017876.
,,
,,"57: Martel C, Vignaud G, Liozon E, Magy L, Gallouedec G, Ly K, Bezanahary H,"
,,"Cypierre A, Lapébie FX, Palat S, Gondran G, Jauberteau MO, Fauchais AL."
,,Contribution of dot-blot assay to the diagnosis and management of myositis: a
,,three-year practice at a university hospital centre. Clin Exp Rheumatol. 2016
,,Sep-Oct;34(5):918-924. Epub 2016 Aug 2. PMID: 27494325.
,,
,,"58: Meng LC, Li Y, Zhang W, Hao HJ, Gao F, Yuan Y. [Clinical and myopathological"
,,features of Jo-1 syndrome]. Zhonghua Yi Xue Za Zhi. 2016 Aug 2;96(29):2352-5.
,,Chinese. doi: 10.3760/cma.j.issn.0376-2491.2016.29.014. PMID: 27524195.
,,
,,"59: Sennekamp J, Seelig HP. Anti-cytoplasmic Autoantibodies in Hodgkin's"
,,Lymphoma. Clin Lab. 2016 Aug 1;62(8):1579-1584. doi:
,,10.7754/Clin.Lab.2016.160116. PMID: 28164609.
,,
,,"60: Waseda Y, Johkoh T, Egashira R, Sumikawa H, Saeki K, Watanabe S, Matsunuma"
,,"R, Takato H, Ichikawa Y, Hamaguchi Y, Shiraki A, Muro Y, Yasui M, Prosch H,"
,,"Herold C, Kasahara K. Antisynthetase syndrome: Pulmonary computed tomography"
,,findings of adult patients with antibodies to aminoacyl-tRNA synthetases. Eur J
,,Radiol. 2016 Aug;85(8):1421-6. doi: 10.1016/j.ejrad.2016.05.012. Epub 2016 May
,,24. PMID: 27423682.
,,
,,"61: Uomori K, Nozawa K, Ikeda K, Doe K, Yamada Y, Yamaguchi A, Fujishiro M,"
,,"Kawasaki M, Morimoto S, Takamori K, Sekigawa I, Chan EK, Takasaki Y. A re-"
,,evaluation of anti-NA-14 antibodies in patients with primary Sjögren's syndrome:
,,Significant role of interferon-γ in the production of autoantibodies against
,,NA-14. Autoimmunity. 2016 Aug;49(5):347-56. doi: 10.1080/08916934.2016.1196676.
,,Epub 2016 Jun 21. PMID: 27328271.
,,
,,"62: Tateyama M, Shibuya S, Sato H, Fujihara K, Aoki M. Pseudo-perifascicular"
,,atrophy in the healing phase of Jo-1 antisynthetase syndrome. Neuromuscul
,,Disord. 2016 Aug;26(8):521-2. doi: 10.1016/j.nmd.2016.06.003. Epub 2016 Jun 7.
,,PMID: 27321928.
,,
,,"63: Bauhammer J, Blank N, Max R, Lorenz HM, Wagner U, Krause D, Fiehn C."
,,Rituximab in the Treatment of Jo1 Antibody-associated Antisynthetase Syndrome:
,,Anti-Ro52 Positivity as a Marker for Severity and Treatment Response. J
,,Rheumatol. 2016 Aug;43(8):1566-74. doi: 10.3899/jrheum.150844. Epub 2016 Jun 1.
,,PMID: 27252419.
,,
,,"64: Robier C, Amouzadeh-Ghadikolai O, Stettin M, Reicht G. Comparison of the"
,,clinical utility of the Elia CTD Screen to indirect immunofluorescence on Hep-2
,,cells. Clin Chem Lab Med. 2016 Aug 1;54(8):1365-70. doi: 10.1515/cclm-2015-1051.
,,PMID: 26677892.
,,
,,"65: Srivastava P, Dwivedi S, Misra R. Myositis-specific and myositis-associated"
,,autoantibodies in Indian patients with inflammatory myositis. Rheumatol Int.
,,2016 Jul;36(7):935-43. doi: 10.1007/s00296-016-3494-3. Epub 2016 May 14. PMID:
,,27193471
,,
,,"66: Silvestri NJ, Wolfe GI, Bromberg M, Lacomis D. What's in the Literature? J"
,,Clin Neuromuscul Dis. 2016 Jun;17(4):227-38. doi: 10.1097/CND.0000000000000134.
,,PMID: 27224441.
,,
,,"67: Bundell C, Rojana-Udomsart A, Mastaglia F, Hollingsworth P, McLean-Tooke A."
,,Diagnostic performance of a commercial immunoblot assay for myositis antibody
,,testing. Pathology. 2016 Jun;48(4):363-6. doi: 10.1016/j.pathol.2016.03.012.
,,Epub 2016 Apr 22. PMID: 27114370.
,,
,,"68: Andersson H, Aaløkken TM, Günther A, Mynarek GK, Garen T, Lund MB, Molberg"
,,Ø. Pulmonary Involvement in the Antisynthetase Syndrome: A Comparative Cross-
,,sectional Study. J Rheumatol. 2016 Jun;43(6):1107-13. doi:
,,10.3899/jrheum.151067. Epub 2016 Apr 1. PMID: 27036381.
,,
,,"69: Cavazzana I, Fredi M, Ceribelli A, Mordenti C, Ferrari F, Carabellese N,"
,,"Tincani A, Satoh M, Franceschini F. Testing for myositis specific"
,,autoantibodies: Comparison between line blot and immunoprecipitation assays in
,,57 myositis sera. J Immunol Methods. 2016 Jun;433:1-5. doi:
,,10.1016/j.jim.2016.02.017. Epub 2016 Feb 18. PMID: 26906088.
,,
,,"70: Jain TK, Basher RK, Bhattacharya A, Mittal BR, Shukla J, Prakash M. 18F-FDG"
,,PET/CT in diagnosis and response evaluation in an unusual case of antisynthetase
,,syndrome presenting as pyrexia of unknown origin. Rev Esp Med Nucl Imagen Mol.
,,"2016 May-Jun;35(3):197-9. English, Spanish. doi: 10.1016/j.remn.2015.08.013."
,,Epub 2015 Dec 10. PMID: 26687469.
,,
,,"71: Nan X, Adike A, Rice L, Bunin V. Primary thyroid lymphoma presenting as"
,,dermatomyositis: a first case and review of the literature. BMJ Case Rep. 2016
,,Apr 28;2016:bcr2016215057. doi: 10.1136/bcr-2016-215057. PMID: 27126096; PMCID:
,,PMC4854137.
,,
,,"72: Szabó K, Nagy-Vincze M, Bodoki L, Hodosi K, Dankó K, Griger Z. Az anti-"
,,Jo-1-pozitív antiszintetáz szindróma jellegzetességei gondozott betegeink
,,alapján [The shades of anti-Jo1 positive antisynthetase syndrome in a Hungarian
,,cohort]. Orv Hetil. 2016 Apr 10;157(15):575-83. Hungarian. doi:
,,10.1556/650.2016.30400. PMID: 27039996.
,,
,,"73: Waku D, Segawa T, Yonezawa T, Akiyoshi A, Ishige T, Ueda M, Ogawa H, Sasaki"
,,"H, Ando M, Kohno N, Sasaki T. Evaluating the Phylogenetic Status of the Extinct"
,,Japanese Otter on the Basis of Mitochondrial Genome Analysis. PLoS One. 2016 Mar
,,3;11(3):e0149341. doi: 10.1371/journal.pone.0149341. PMID: 26938434; PMCID:
,,PMC4777564.
,,
,,"74: Hulejová H, Kryštůfková O, Mann H, Klein M, Pavlíčková K, Zámečník J,"
,,"Vencovský J, Šenolt L. Increased visfatin levels are associated with higher"
,,disease activity in anti-Jo-1-positive myositis patients. Clin Exp Rheumatol.
,,2016 Mar-Apr;34(2):222-9. Epub 2016 Feb 9. PMID: 26886056.
,,
,,"75: Vaz JL, Fernandes V, Nogueira F, Arnóbio A, Levy RA. Infliximab-induced"
,,autoantibodies: a multicenter study. Clin Rheumatol. 2016 Feb;35(2):325-32. doi:
,,10.1007/s10067-015-3140-6. Epub 2015 Dec 17. PMID: 26676808.
,,
,,"76: Kalluru R, Hart H, Corkill M, Ng KP. Long-term follow-up of patients with"
,,idiopathic inflammatory myopathy at Waitemata District Health Board. N Z Med J.
,,2016 Jan 29;129(1429):50-6. PMID: 26914299.
,,
,,"77: Gómez GN, Gargiulo Mde L, Pérez N, Collado MV, Suárez LV, Khoury M, Sarano"
,,JF. Autoantibodies in adult patients with idiopathic inflammatory myopathies in
,,Buenos Aires. Medicina (B Aires). 2016;76(3):129-34. PMID: 27295700.
,,
,,"78: Sharma P, Tiwari S, Tripathi N, Mehta AK. Polymorphism analysis in advanced"
,,mutant population of oat (Avena sativa L.) using ISSR markers. Physiol Mol Biol
,,Plants. 2016 Jan;22(1):115-20. doi: 10.1007/s12298-015-0333-z. Epub 2016 Feb 2.
,,PMID: 27186025; PMCID: PMC4840139.
,,
,,"79: Yamasaki Y, Satoh M, Mizushima M, Okazaki T, Nagafuchi H, Ooka S, Shibata T,"
,,"Nakano H, Ogawa H, Azuma K, Maeda A, Tonooka K, Ito H, Takakuwa Y, Inoue M,"
,,"Mitomi H, Kiyokawa T, Tsuchida K, Matsushita H, Mikage H, Murakami Y, Chan JY,"
,,"Ozaki S, Yamada H. Clinical subsets associated with different anti-aminoacyl"
,,transfer RNA synthetase antibodies and their association with coexisting anti-
,,Ro52. Mod Rheumatol. 2016;26(3):403-9. doi: 10.3109/14397595.2015.1091155. Epub
,,2015 Oct 19. PMID: 26344678.
,,
,,"80: Bremer HD, Lattwein E, Renneker S, Lilliehöök I, Rönnelid J, Hansson-Hamlin"
,,H. Identification of specific antinuclear antibodies in dogs using a line
,,immunoassay and enzyme-linked immunosorbent assay. Vet Immunol Immunopathol.
,,2015 Dec 15;168(3-4):233-41. doi: 10.1016/j.vetimm.2015.10.002. Epub 2015 Oct 9.
,,PMID: 26547884.
,,
,,"81: Mammen AL, Casciola-Rosen L, Christopher-Stine L, Lloyd TE, Wagner KR."
,,Myositis-specific autoantibodies are specific for myositis compared to genetic
,,muscle disease. Neurol Neuroimmunol Neuroinflamm. 2015 Nov 19;2(6):e172. doi:
,,10.1212/NXI.0000000000000172. PMID: 26668818; PMCID: PMC4676353.
,,
,,"82: Lecomte R, Perrin F, Journeau L, Espitia O, Piriou N, Horeau-Langlard D,"
,,"Néel A, Masseau A, Hamidou M, Agard C. Syndrome des antisynthétases compliqué"
,,d'une hypertension pulmonaire : 4 observations originales [Antisynthetase
,,syndrome with pulmonary hypertension: 4 original observations]. Rev Med Interne.
,,2015 Dec;36(12):794-9. French. doi: 10.1016/j.revmed.2015.03.013. Epub 2015 Apr
,,18. PMID: 25895991.
,,
,,"83: Enache A, Bădulescu M, Burlui A, Cardoneanu A, Stamate IG, Mihăescu T, Rezuş"
,,E. A CASE OF POLYMYOSITIS WITH INTERSTITIAL LUNG DISEASE ONSET. Rev Med Chir Soc
,,Med Nat Iasi. 2015 Oct-Dec;119(4):1055-9. PMID: 26793849.
,,
,,"84: Rojas-Serrano J, Herrera-Bringas D, Mejía M, Rivero H, Mateos-Toledo H,"
,,Figueroa JE. Prognostic factors in a cohort of antisynthetase syndrome (ASS):
,,serologic profile is associated with mortality in patients with interstitial
,,lung disease (ILD). Clin Rheumatol. 2015 Sep;34(9):1563-9. doi:
,,10.1007/s10067-015-3023-x. Epub 2015 Jul 30. PMID: 26219488.
,,
,,85: Ascherman DP. Role of Jo-1 in the Immunopathogenesis of the Anti-synthetase
,,Syndrome. Curr Rheumatol Rep. 2015 Sep;17(9):56. doi: 10.1007/s11926-015-0532-1.
,,PMID: 26210509.
,,
,,"86: Pinal-Fernandez I, Casciola-Rosen LA, Christopher-Stine L, Corse AM, Mammen"
,,AL. The Prevalence of Individual Histopathologic Features Varies according to
,,Autoantibody Status in Muscle Biopsies from Patients with Dermatomyositis. J
,,Rheumatol. 2015 Aug;42(8):1448-54. PMID: 26443871; PMCID: PMC6544046.
,,
,,"87: Cavagna L, Nuño L, Scirè CA, Govoni M, Longo FJL, Franceschini F, Neri R,"
,,"Castañeda S, Giraldo WAS, Caporali R, Iannone F, Fusaro E, Paolazzi G, Pellerito"
,,"R, Schwarting A, Saketkoo LA, Ortego-Centeno N, Quartuccio L, Bartoloni E,"
,,"Specker C, Murcia TP, La Corte R, Furini F, Foschi V, Corral JB, Airò P,"
,,"Cavazzana I, Martínez-Barrio J, Hinojosa M, Giannini M, Barsotti S, Menke J,"
,,"Triantafyllias K, Vitetta R, Russo A, Bajocchi G, Bravi E, Barausse G,"
,,"Bortolotti R, Selmi C, Parisi S, Montecucco C, González-Gay MA; AENEAS"
,,"(American, European NEtwork of Antisynthetase Syndrome) collaborative group.."
,,Clinical Spectrum Time Course in Anti Jo-1 Positive Antisynthetase Syndrome:
,,Results From an International Retrospective Multicenter Study. Medicine
,,(Baltimore). 2015 Aug;94(32):e1144. doi: 10.1097/MD.0000000000001144. PMID:
,,26266346; PMCID: PMC4616698.
,,
,,"88: Andersson H, Sem M, Lund MB, Aaløkken TM, Günther A, Walle-Hansen R, Garen"
,,"T, Molberg Ø. Long-term experience with rituximab in anti-synthetase syndrome-"
,,related interstitial lung disease. Rheumatology (Oxford). 2015 Aug;54(8):1420-8.
,,doi: 10.1093/rheumatology/kev004. Epub 2015 Mar 3. PMID: 25740830.
,,
,,"89: Dobloug C, Garen T, Bitter H, Stjärne J, Stenseth G, Grøvle L, Sem M, Gran"
,,"JT, Molberg Ø. Prevalence and clinical characteristics of adult polymyositis and"
,,dermatomyositis; data from a large and unselected Norwegian cohort. Ann Rheum
,,Dis. 2015 Aug;74(8):1551-6. doi: 10.1136/annrheumdis-2013-205127. Epub 2014 Apr
,,2. PMID: 24695011.
,,
,,"90: Dieval C, Deligny C, Meyer A, Cluzel P, Champtiaux N, Lefevre G, Saadoun D,"
,,"Sibilia J, Pellegrin JL, Hachulla E, Benveniste O, Hervier B. Myocarditis in"
,,"Patients With Antisynthetase Syndrome: Prevalence, Presentation, and Outcomes."
,,Medicine (Baltimore). 2015 Jul;94(26):e798. doi: 10.1097/MD.0000000000000798.
,,PMID: 26131832; PMCID: PMC4504539.
,,
,,"91: Jouneau S, Hervier B, Jutant EM, Decaux O, Kambouchner M, Humbert M, Delaval"
,,"P, Montani D. Les manifestations pulmonaires du syndrome des antisynthétases"
,,[Pulmonary manifestations of antisynthetase syndrome]. Rev Mal Respir. 2015
,,Jun;32(6):618-28. French. doi: 10.1016/j.rmr.2014.07.013. Epub 2014 Oct 19.
,,PMID: 26231412.
,,
,,"92: Jearn LH, Kim TY. Anti-Jo1 Antibody in Polymyositis/dermatomyositis Is Still"
,,Closely Associated with Lung rather than Joints. J Rheumatol. 2015
,,Jun;42(6):1060. doi: 10.3899/jrheum.141470. PMID: 26034230.
,,
,,"93: Song JS, Hwang J, Cha HS, Jeong BH, Suh GY, Chung MP, Kang ES. Significance"
,,of myositis autoantibody in patients with idiopathic interstitial lung disease.
,,Yonsei Med J. 2015 May;56(3):676-83. doi: 10.3349/ymj.2015.56.3.676. PMID:
,,25837172; PMCID: PMC4397436.
,,
,,"94: Richter M, Yumul R, Wang H, Saydaminova K, Ho M, May D, Baldessari A, Gough"
,,"M, Drescher C, Urban N, Roffler S, Zubieta C, Carter D, Fender P, Lieber A."
,,Preclinical safety and efficacy studies with an affinity-enhanced epithelial
,,junction opener and PEGylated liposomal doxorubicin. Mol Ther Methods Clin Dev.
,,2015 Mar 11;2:15005. doi: 10.1038/mtm.2015.5. PMID: 26029716; PMCID: PMC4445001.
,,
,,"95: Theilacker LR, Brandão FS, Goulart FV, Vaz JL, D'Almeida LO, da Fonseca"
,,Salgado MC. Antisynthetase Syndrome: two case report and literature review. Rev
,,Bras Reumatol. 2015 Mar-Apr;55(2):177-80. doi: 10.1016/j.rbr.2013.05.007. Epub
,,2014 Oct 5. PMID: 25839958.
,,
,,"96: Lee LH, Srikanth A, Gupta A. Calcinosis and rapidly destructive arthropathy"
,,associated with anti-jo1 antibody. J Rheumatol. 2015 Mar;42(3):547-8. doi:
,,10.3899/jrheum.140738. PMID: 25729042.
,,
,,"97: Debray MP, Borie R, Revel MP, Naccache JM, Khalil A, Toper C, Israel-Biet D,"
,,"Estellat C, Brillet PY. Interstitial lung disease in anti-synthetase syndrome:"
,,initial and follow-up CT findings. Eur J Radiol. 2015 Mar;84(3):516-523. doi:
,,10.1016/j.ejrad.2014.11.026. Epub 2014 Dec 3. PMID: 25541020.
,,
,,"98: Tomonaga M, Sakamoto N, Ishimatsu Y, Kakugawa T, Harada T, Nakashima S, Hara"
,,"A, Hara S, Horai Y, Kawakami A, Mukae H, Kohno S. Comparison of pulmonary"
,,involvement between patients expressing anti-PL-7 and anti-Jo-1 antibodies.
,,Lung. 2015 Feb;193(1):79-83. doi: 10.1007/s00408-014-9665-7. Epub 2014 Nov 14.
,,Erratum in: Lung. 2016 Oct;194(5):869. doi: 10.1007/s00408-016-9924-x. PMID:
,,25394672
,,
,,"99: Acay A, Demir K, Asik G, Tunay H, Acarturk G. Assessment of the Frequency of"
,,Autoantibodies in Chronic Viral Hepatitis. Pak J Med Sci. 2015 Jan-
,,Feb;31(1):150-4. doi: 10.12669/pjms.311.6053. PMID: 25878633; PMCID: PMC4386176.
,,
,,"100: Meher BK, Mishra P, Sivaraj P, Padhan P. Severe calcinosis cutis with"
,,cutaneous ulceration in juvenile dermatomyositis. Indian Pediatr. 2014
,,Nov;51(11):925-7. doi: 10.1007/s13312-014-0531-8. PMID: 25432230.
,,
,,"101: Aouizerate J, De Antonio M, Bassez G, Gherardi RK, Berenbaum F, Guillevin"
,,"L, Berezne A, Valeyre D, Maisonobe T, Dubourg O, Cosnes A, Benveniste O, Authier"
,,FJ. Myofiber HLA-DR expression is a distinctive biomarker for antisynthetase-
,,associated myopathy. Acta Neuropathol Commun. 2014 Oct 23;2:154. doi:
,,10.1186/s40478-014-0154-2. PMID: 25339355; PMCID: PMC4210467.
,,
,,"102: Johnson C, Connors GR, Oaks J, Han S, Truong A, Richardson B, Lechtzin N,"
,,"Mammen AL, Casciola-Rosen L, Christopher-Stine L, Danoff SK. Clinical and"
,,pathologic differences in interstitial lung disease based on antisynthetase
,,antibody type. Respir Med. 2014 Oct;108(10):1542-8. doi:
,,10.1016/j.rmed.2014.09.003. Epub 2014 Sep 18. PMID: 25269710.
,,
,,"103: Gelpí C, Pérez E, Roldan C. Efficiency of a solid-phase chemiluminescence"
,,immunoassay for detection of antinuclear and cytoplasmic autoantibodies compared
,,with gold standard immunoprecipitation. Auto Immun Highlights. 2014 Jul
,,18;5(2):47-54. doi: 10.1007/s13317-014-0059-x. PMID: 26000155; PMCID:
,,PMC4389043.
,,
,,"104: Lega JC, Fabien N, Reynaud Q, Durieu I, Durupt S, Dutertre M, Cordier JF,"
,,Cottin V. The clinical phenotype associated with myositis-specific and
,,associated autoantibodies: a meta-analysis revisiting the so-called
,,antisynthetase syndrome. Autoimmun Rev. 2014 Sep;13(9):883-91. doi:
,,10.1016/j.autrev.2014.03.004. Epub 2014 Apr 3. PMID: 24704867.
,,
,,"105: Wang CH, Wang NC, Lin TY, Chen CH. Anti-Jo-1 myositis and the"
,,antiphospholipid syndrome showing right ventricular thrombus: a novel overlap
,,syndrome with atypical presentation. Mod Rheumatol. 2014 Sep;24(5):865-8. doi:
,,10.3109/14397595.2013.874741. Epub 2014 Feb 11. PMID: 24517557.
,,
,,"106: Hervier B, Benveniste O. Phénotypes cliniques et pronostic du syndrome des"
,,antisynthétases [Clinical phenotypes and prognosis of antisynthetase syndrome].
,,Rev Med Interne. 2014 Jul;35(7):453-60. French. doi:
,,10.1016/j.revmed.2013.09.003. Epub 2013 Oct 14. PMID: 24135060.
,,
,,"107: Klein M, Mann H, Pleštilová L, Betteridge Z, McHugh N, Remáková M, Novota"
,,"P, Vencovský J. Arthritis in idiopathic inflammatory myopathy: clinical features"
,,and autoantibody associations. J Rheumatol. 2014 Jun;41(6):1133-9. doi:
,,10.3899/jrheum.131223. Epub 2014 May 1. PMID: 24786927.
,,
,,"108: Sohara E, Saraya T, Sato S, Tsujimoto N, Watanabe T, Takata S, Tanaka Y,"
,,"Ishii H, Takizawa H, Goto H. Mechanic's hands revisited: is this sign still"
,,useful for diagnosis in patients with lung involvement of collagen vascular
,,diseases? BMC Res Notes. 2014 May 17;7:303. doi: 10.1186/1756-0500-7-303. PMID:
,,24886713; PMCID: PMC4035896.
,,
,,"109: Telles JP, Azevedo Grande M, Jurgensen A, Hecke JC, Skare T, Nisihara RM,"
,,Camargo R. Rheumatic manifestations in brazilian patients with AIDS. Acta
,,Reumatol Port. 2014 Apr-Jun;39(2):143-5. PMID: 24879896.
,,
,,"110: Mahler M, Miller FW, Fritzler MJ. Idiopathic inflammatory myopathies and"
,,the anti-synthetase syndrome: a comprehensive review. Autoimmun Rev. 2014 Apr-
,,May;13(4-5):367-71. doi: 10.1016/j.autrev.2014.01.022. Epub 2014 Jan 11. PMID:
,,24424190; PMCID: PMC3970575.
,,
,,"111: Courties A, Lidove O, Maisonobe T, Rigolet A, Hermet A, Girard P, Ziza JM."
,,Syndrome des antisynthétases et adénocarcinome pulmonaire: une association
,,fortuite? [Antisynthetase syndrome and lung carcinoma: a fortuitous
,,association?]. Rev Med Interne. 2014 Apr;35(4):271-3. French. doi:
,,10.1016/j.revmed.2013.04.012. Epub 2013 May 30. PMID: 23726930.
,,
,,"112: Zhen X, Qiao J, Li R, Wang L, Liu P. Serologic autoimmunologic parameters"
,,in women with primary ovarian insufficiency. BMC Immunol. 2014 Mar 10;15:11.
,,doi: 10.1186/1471-2172-15-11. PMID: 24606591; PMCID: PMC4016123.
,,
,,"113: Toujani S, Mjid M, Louzir B, Ouahchi Y, Ben salah N, Daghfous J, Mehiri N,"
,,"Cherif J, Beji M. A case of anti-Jo1 myositis associated with sarcoidosis. Tunis"
,,Med. 2014 Feb;92(2):176-7. PMID: 24938248.
,,
,,"114: Caro Pérez A, Kumble S, Kumble KD, Alonso Cañizal MC, Jiménez Jiménez LM,"
,,"Alonso Díez L, Durán Parejo P. Evaluation of a multiplex ELISA for autoantibody"
,,profiling in patients with autoimmune connective tissue diseases. Autoimmune
,,Dis. 2014;2014:896787. doi: 10.1155/2014/896787. Epub 2014 Jan 16. PMID:
,,24527209; PMCID: PMC3914292.
,,
,,"115: de Coulgeans CD, Silvy M, Halverson G, Chiaroni J, Bailly P, Chapel-"
,,Fernandes S. Synonymous nucleotide polymorphisms influence Dombrock blood group
,,protein expression in K562 cells. Br J Haematol. 2014 Jan;164(1):131-41. doi:
,,10.1111/bjh.12597. Epub 2013 Oct 11. PMID: 24125118.
,,
,,"116: Aggarwal R, Cassidy E, Fertig N, Koontz DC, Lucas M, Ascherman DP, Oddis"
,,CV. Patients with non-Jo-1 anti-tRNA-synthetase autoantibodies have worse
,,survival than Jo-1 positive patients. Ann Rheum Dis. 2014 Jan;73(1):227-32. doi:
,,10.1136/annrheumdis-2012-201800. Epub 2013 Feb 19. PMID: 23422076; PMCID:
,,PMC4031026.
,,
,,"117: Gono T, Katsumata Y, Kawaguchi Y. [Idiopathic inflammatory myopathies from"
,,the viewpoint of rheumatologists]. Brain Nerve. 2013 Nov;65(11):1275-82.
,,Japanese. PMID: 24200605.
,,
,,"118: Kawano-Dourado L, Costa AN, Carvalho CR, Kairalla RA. Environmental"
,,triggers of autoimmunity in anti-synthetase syndrome: the lungs under the spot
,,light. Clin Exp Rheumatol. 2013 Nov-Dec;31(6):950-3. Epub 2013 Sep 9. PMID:
,,24021193
,,
,,"119: Wang H, Yumul R, Cao H, Ran L, Fan X, Richter M, Epstein F, Gralow J,"
,,"Zubieta C, Fender P, Lieber A. Structural and functional studies on the"
,,interaction of adenovirus fiber knobs and desmoglein 2. J Virol. 2013
,,Nov;87(21):11346-62. doi: 10.1128/JVI.01825-13. Epub 2013 Aug 14. PMID:
,,23946456; PMCID: PMC3807342.
,,
,,"120: Frodlund M, Dahlström O, Kastbom A, Skogh T, Sjöwall C. Associations"
,,between antinuclear antibody staining patterns and clinical features of systemic
,,lupus erythematosus: analysis of a regional Swedish register. BMJ Open. 2013 Oct
,,25;3(10):e003608. doi: 10.1136/bmjopen-2013-003608. PMID: 24163206; PMCID:
,,PMC3808756.
,,
,,"121: Mironova KE, Proshkina GM, Ryabova AV, Stremovskiy OA, Lukyanov SA, Petrov"
,,"RV, Deyev SM. Genetically encoded immunophotosensitizer 4D5scFv-miniSOG is a"
,,highly selective agent for targeted photokilling of tumor cells in vitro.
,,Theranostics. 2013 Oct 12;3(11):831-40. doi: 10.7150/thno.6715. PMID: 24312153;
,,PMCID: PMC3841334.
,,
,,"122: Marie I, Hatron PY, Cherin P, Hachulla E, Diot E, Vittecoq O, Menard JF,"
,,"Jouen F, Dominique S. Functional outcome and prognostic factors in anti-Jo1"
,,patients with antisynthetase syndrome. Arthritis Res Ther. 2013 Oct
,,8;15(5):R149. doi: 10.1186/ar4332. PMID: 24286268; PMCID: PMC3978997.
,,
,,"123: Ebbo M, Chagnaud C, Figarella-Branger D, Legall S, Harle JR, Schleinitz N."
,,Antisynthethase syndrome presenting as peripheral limb fasciitis. Joint Bone
,,Spine. 2013 Oct;80(5):528-30. doi: 10.1016/j.jbspin.2013.02.013. Epub 2013 Apr
,,23. PMID: 23618805.
,,
,,"124: Salazar KD, Copeland CB, Wood CE, Schmid JE, Luebke RW. Evaluation of anti-"
,,nuclear antibodies and kidney pathology in Lewis rats following exposure to
,,Libby amphibole asbestos. J Immunotoxicol. 2013 Oct-Dec;10(4):329-33. doi:
,,10.3109/1547691X.2012.747230. Epub 2012 Dec 21. PMID: 23256773.
,,
,,"125: Bentow C, Swart A, Wu J, Seaman A, Manfredi M, Infantino M, Benucci M,"
,,"Lakos G, Mahler M. Clinical performance evaluation of a novel rapid response"
,,chemiluminescent immunoassay for the detection of autoantibodies to extractable
,,nuclear antigens. Clin Chim Acta. 2013 Sep 23;424:141-7. doi:
,,10.1016/j.cca.2013.05.011. Epub 2013 May 30. PMID: 23727029.
,,
,,"126: Karampatakis V, Konidaris V, Michailidou M, Gerofotis A, Daniilidis M."
,,Peripheral corneal ulceration associated with rheumatoid arthritis. Am J Case
,,Rep. 2013 Aug 12;14:318-21. doi: 10.12659/AJCR.883998. PMID: 23986797; PMCID:
,,PMC3755700.
,,
,,"127: Hervier B, Benveniste O. Clinical heterogeneity and outcomes of"
,,antisynthetase syndrome. Curr Rheumatol Rep. 2013 Aug;15(8):349. doi:
,,10.1007/s11926-013-0349-8. PMID: 23794106.
,,
,,"128: Suresh E, Wimalaratna S. Proximal myopathy: diagnostic approach and initial"
,,management. Postgrad Med J. 2013 Aug;89(1054):470-7. doi:
,,10.1136/postgradmedj-2013-131752. Epub 2013 Apr 17. PMID: 23596213.
,,
,,"129: Hall JC, Casciola-Rosen L, Samedy LA, Werner J, Owoyemi K, Danoff SK,"
,,Christopher-Stine L. Anti-melanoma differentiation-associated protein
,,5-associated dermatomyositis: expanding the clinical spectrum. Arthritis Care
,,Res (Hoboken). 2013 Aug;65(8):1307-15. doi: 10.1002/acr.21992. PMID: 23436757;
,,PMCID: PMC3689861.
,,
,,"130: Hervier B, Devilliers H, Benveniste O. Patients with non-Jo-1 anti-RNA-"
,,synthetase autoantibodies have worse survival than Jo-1 positive patients. Ann
,,Rheum Dis. 2013 Jul;72(7):e18. doi: 10.1136/annrheumdis-2013-203605. Epub 2013
,,May 5. PMID: 23644669.
,,
,,"131: Adelowo OO, Edomwonyi U, Olaosebikan H. Inflammatory myopathies in"
,,Nigerians: case series and literature review. Afr J Med Med Sci. 2013
,,Jun;42(2):143-9. PMID: 24377199.
,,
,,"132: Ghirardello A, Bassi N, Palma L, Borella E, Domeneghetti M, Punzi L, Doria"
,,A. Autoantibodies in polymyositis and dermatomyositis. Curr Rheumatol Rep. 2013
,,Jun;15(6):335. doi: 10.1007/s11926-013-0335-1. PMID: 23591825.
,,
,,"133: Ayhan E, Baykara SN, Ozekinci S, Aytekin S. Vesiculobullous dermatomyositis"
,,with sensory motor neuropathy. Skinmed. 2013 May-Jun;11(3):185-7. PMID:
,,23930362
,,
,,"134: Wu H, Geng D, Xu J. An approach to the development of interstitial lung"
,,disease in dermatomyositis: a study of 230 cases in China. J Int Med Res. 2013
,,Apr;41(2):493-501. doi: 10.1177/0300060513476435. Epub 2013 Feb 21. PMID:
,,23569020
,,
,,"135: Cavagna L, Caporali R, Abdì-Alì L, Dore R, Meloni F, Montecucco C."
,,Cyclosporine in anti-Jo1-positive patients with corticosteroid-refractory
,,interstitial lung disease. J Rheumatol. 2013 Apr;40(4):484-92. doi:
,,10.3899/jrheum.121026. Epub 2013 Feb 15. PMID: 23418387.
,,
,,"136: Papanikolaou N, Perros P. An unusual presenting symptom of graves' disease:"
,,myalgia. Eur Thyroid J. 2013 Jan;1(4):274-6. doi: 10.1159/000343826. Epub 2012
,,Nov 15. PMID: 24783030; PMCID: PMC3821484.
,,
,,"137: Beyer I, van Rensburg R, Lieber A. Overcoming physical barriers in cancer"
,,therapy. Tissue Barriers. 2013 Jan 1;1(1):e23647. doi: 10.4161/tisb.23647. PMID:
,,24665377; PMCID: PMC3875641.
,,
,,"138: Prus V, Bedeković D, Milas-Ahić J, Visević R, Segec B, Jukić Z, Perić L."
,,Antisintetaza sindrom - prikaz bolesnice [Antisynthetase syndrome - a case
,,report]. Reumatizam. 2013;60(1):25-8. Croatian. PMID: 24003680.
,,
,,"139: Stamouli M, Skliris A, Reppa D, Maganaki E, Totos G. Detection of"
,,"antinuclear antibodies (ANA), antibodies to double stranded DNA (anti-dsDNA) and"
,,antibodies to extractable nuclear antigens (anti-ENA) in Greek patients. Clin
,,Lab. 2013;59(3-4):283-91. doi: 10.7754/clin.lab.2012.120327. PMID: 23724616.
,,
,,"140: Frikha F, Saidi N, Snoussi M, Ben Salah R, Ben Ayed M, Daoud E, Hentati Y,"
,,"Makni S, Mnif Z, Boudawara T, Masmoudi H, Bahloul Z. Le syndrome des"
,,antisynthétases : à propos de quatre observations et revue de la littérature
,,[Antisynthetase syndrome: a report of four cases and literature review]. Rev
,,Pneumol Clin. 2012 Dec;68(6):351-60. French. doi: 10.1016/j.pneumo.2012.07.002.
,,Epub 2012 Oct 10. PMID: 23062471.
,,
,,"141: Hervier B, Devilliers H, Stanciu R, Meyer A, Uzunhan Y, Masseau A,"
,,"Dubucquoi S, Hatron PY, Musset L, Wallaert B, Nunes H, Maisonobe T, Olsson NO,"
,,"Adoue D, Arlet P, Sibilia J, Guiguet M, Lauque D, Amoura Z, Hachulla E, Hamidou"
,,"M, Benveniste O. Hierarchical cluster and survival analyses of antisynthetase"
,,syndrome: phenotype and outcome are correlated with anti-tRNA synthetase
,,antibody specificity. Autoimmun Rev. 2012 Dec;12(2):210-7. doi:
,,10.1016/j.autrev.2012.06.006. Epub 2012 Jul 5. PMID: 22771754.
,,
,,"142: Op De Beéck K, Vermeersch P, Verschueren P, Westhovens R, Mariën G,"
,,"Blockmans D, Bossuyt X. Antinuclear antibody detection by automated multiplex"
,,immunoassay in untreated patients at the time of diagnosis. Autoimmun Rev. 2012
,,Dec;12(2):137-43. doi: 10.1016/j.autrev.2012.02.013. Epub 2012 Feb 23. PMID:
,,22387973
,,
,,"143: Stanciu R, Guiguet M, Musset L, Touitou D, Beigelman C, Rigolet A,"
,,"Costedoat-Chalumeau N, Allenbach Y, Hervier B, Dubourg O, Maisonobe T, Charuel"
,,"JL, Behin A, Herson S, Amoura Z, Grenier P, Benveniste O. Antisynthetase"
,,syndrome with anti-Jo1 antibodies in 48 patients: pulmonary involvement predicts
,,disease-modifying antirheumatic drug use. J Rheumatol. 2012 Sep;39(9):1835-9.
,,doi: 10.3899/jrheum.111604. Epub 2012 Aug 1. PMID: 22859355.
,,
,,"144: Feki S, Frikha F, Ben Hadj Hmida Y, Abed S, Ben Ayed M, Turki H, Hachicha"
,,"J, Baklouti S, Bahloul Z, Masmoudi H. Prévalence et valeur diagnostique des"
,,anticorps antinucléaires de spécificité antigénique indéterminée : étude
,,rétrospective à propos d'une série de 90 patients [Prevalence and diagnostic
,,value of antinuclear antibodies without identified antigenic target: a
,,retrospective study of 90 patients]. Rev Med Interne. 2012 Sep;33(9):475-81.
,,French. doi: 10.1016/j.revmed.2012.04.017. Epub 2012 May 30. PMID: 22658165.
,,
,,"145: Marie I, Josse S, Decaux O, Dominique S, Diot E, Landron C, Roblot P,"
,,"Jouneau S, Hatron PY, Tiev KP, Vittecoq O, Noel D, Mouthon L, Menard JF, Jouen"
,,F. Comparison of long-term outcome between anti-Jo1- and anti-PL7/PL12 positive
,,patients with antisynthetase syndrome. Autoimmun Rev. 2012 Aug;11(10):739-45.
,,doi: 10.1016/j.autrev.2012.01.006. Epub 2012 Feb 3. PMID: 22326685.
,,
,,"146: Bilici A, Yapici HS, Ercan S, Seker M, Ustaalioglu BB, Salman T, Orcun A,"
,,Gumus M. The prevalence and significance of autoantibodies in patients with non-
,,Hodgkin's lymphoma: are they correlated with clinicopathological features? J
,,BUON. 2012 Jul-Sep;17(3):502-7. PMID: 23033289.
,,
,,"147: Lee SA, Kahng J, Kim Y, Park YJ, Han K, Kwok SK, Park SH, Oh EJ."
,,Comparative study of immunofluorescent antinuclear antibody test and line
,,immunoassay detecting 15 specific autoantibodies in patients with systemic
,,rheumatic disease. J Clin Lab Anal. 2012 Jul;26(4):307-14. doi:
,,10.1002/jcla.21522. PMID: 22811366; PMCID: PMC6807473.
,,
,,"148: Marie I, Guillevin L, Menard JF, Hatron PY, Cherin P, Amoura Z, Cacoub P,"
,,"Bachelez H, Buzyn A, Le Roux G, Ziza JM, Brice P, Munck JN, Sarrot-Reynauld F,"
,,"Piette JC, Larroche C. Hematological malignancy associated with polymyositis and"
,,dermatomyositis. Autoimmun Rev. 2012 Jul;11(9):615-20. doi:
,,10.1016/j.autrev.2011.10.024. Epub 2011 Oct 30. PMID: 22079677.
,,
,,"149: Beyer I, Cao H, Persson J, Song H, Richter M, Feng Q, Yumul R, van Rensburg"
,,"R, Li Z, Berenson R, Carter D, Roffler S, Drescher C, Lieber A. Coadministration"
,,of epithelial junction opener JO-1 improves the efficacy and safety of
,,chemotherapeutic drugs. Clin Cancer Res. 2012 Jun 15;18(12):3340-51. doi:
,,10.1158/1078-0432.CCR-11-3213. Epub 2012 Apr 24. PMID: 22535153; PMCID:
,,PMC3547677.
,,
,,150: Marie I. Morbidity and mortality in adult polymyositis and dermatomyositis.
,,Curr Rheumatol Rep. 2012 Jun;14(3):275-85. doi: 10.1007/s11926-012-0249-3. PMID:
,,22410829
,,
,,"151: Chinoy H, Adimulam S, Marriage F, New P, Vincze M, Zilahi E, Kapitány A,"
,,"Gyetvai A, Ekholm L, Novota P, Remakova M, Charles P, McHugh NJ, Padyukov L,"
,,"Alfredsson L, Vencovsky J, Lundberg IE, Danko K, Ollier WE, Cooper RG."
,,Interaction of HLA-DRB1*03 and smoking for the development of anti-Jo-1
,,antibodies in adult idiopathic inflammatory myopathies: a European-wide case
,,study. Ann Rheum Dis. 2012 Jun;71(6):961-5. doi:
,,10.1136/annrheumdis-2011-200182. Epub 2011 Dec 20. PMID: 22186711; PMCID:
,,PMC3371226.
,,
,,"152: Marie I, Hatron PY, Dominique S, Cherin P, Mouthon L, Menard JF, Levesque"
,,"H, Jouen F. Short-term and long-term outcome of anti-Jo1-positive patients with"
,,anti-Ro52 antibody. Semin Arthritis Rheum. 2012 Jun;41(6):890-9. doi:
,,10.1016/j.semarthrit.2011.09.008. Epub 2011 Nov 9. PMID: 22078416.
,,
,,"153: Ceribelli A, Fredi M, Taraborelli M, Cavazzana I, Franceschini F,"
,,"Quinzanini M, Tincani A, Ross SJ, Chan JY, Pauley BA, Chan EK, Satoh M. Anti-"
,,MJ/NXP-2 autoantibody specificity in a cohort of adult Italian patients with
,,polymyositis/dermatomyositis. Arthritis Res Ther. 2012 Apr 30;14(2):R97. doi:
,,10.1186/ar3822. PMID: 22546500; PMCID: PMC3446471.
,,
,,"154: Ingegnoli F, Lubatti C, Ingegnoli A, Boracchi P, Zeni S, Meroni PL."
,,Interstitial lung disease outcomes by high-resolution computed tomography (HRCT)
,,in Anti-Jo1 antibody-positive polymyositis patients: a single centre study and
,,review of the literature. Autoimmun Rev. 2012 Mar;11(5):335-40. doi:
,,10.1016/j.autrev.2011.09.007. Epub 2011 Oct 1. PMID: 21985773.
,,
,,"155: Dieval C, Ribeiro E, Mercié P, Blanco P, Duffau P, Longy-Boursier M. Le"
,,syndrome des antisynthétases : étude rétrospective à propos d'une série de
,,14 patients [Antisynthetase syndrome: a retrospective study of 14 patients]. Rev
,,Med Interne. 2012 Feb;33(2):76-9. French. doi: 10.1016/j.revmed.2011.11.017.
,,Epub 2011 Dec 26. PMID: 22204922.
,,
,,"156: Bizien N, Renault A, Boles JM, Delluc A. Pneumopathie interstitielle aiguë"
,,révélatrice d'un syndrome des antisynthétases [Acute interstitial lung disease
,,revealing antisynthetase syndrome]. Rev Pneumol Clin. 2011 Dec;67(6):367-70.
,,French. doi: 10.1016/j.pneumo.2011.01.003. Epub 2011 Apr 29. PMID: 22137282.
,,
,,"157: van Dooren SH, Raijmakers R, Pluk H, Lokate AM, Koemans TS, Spanjers RE,"
,,"Heck AJ, Boelens WC, van Venrooij WJ, Pruijn GJ. Oxidative stress-induced"
,,modifications of histidyl-tRNA synthetase affect its tRNA aminoacylation
,,activity but not its immunoreactivity. Biochem Cell Biol. 2011 Dec;89(6):545-53.
,,doi: 10.1139/o11-055. Epub 2011 Nov 2. PMID: 22047085.
,,
,,"158: Beyer I, van Rensburg R, Strauss R, Li Z, Wang H, Persson J, Yumul R, Feng"
,,"Q, Song H, Bartek J, Fender P, Lieber A. Epithelial junction opener JO-1"
,,improves monoclonal antibody therapy of cancer. Cancer Res. 2011 Nov
,,15;71(22):7080-90. doi: 10.1158/0008-5472.CAN-11-2009. Epub 2011 Oct 11. Erratum
,,in: Cancer Res. 2014 Apr 1;74(7):2131. PMID: 21990319; PMCID: PMC3217128.
,,
,,"159: Salomonsson S, Dzikaite V, Zeffer E, Eliasson H, Ambrosi A, Bergman G,"
,,"Fernlund E, Theander E, Ohman A, Rydberg A, Skogh T, Wållberg-Jonsson S, Elfving"
,,"A, Fored M, Ekbom A, Lundström U, Mellander M, Winqvist O, Sonesson SE, Gadler"
,,"F, Jonzon A, Wahren-Herlenius M. A population-based investigation of the"
,,autoantibody profile in mothers of children with atrioventricular block. Scand J
,,Immunol. 2011 Nov;74(5):511-7. doi: 10.1111/j.1365-3083.2011.02610.x. PMID:
,,21815910
,,
,,"160: Ghirardello A, Zampieri S, Tarricone E, Iaccarino L, Gorza L, Doria A."
,,Cutting edge issues in polymyositis. Clin Rev Allergy Immunol. 2011
,,Oct;41(2):179-89. doi: 10.1007/s12016-010-8238-7. PMID: 21191666.
,,
,,"161: Dugar M, Cox S, Limaye V, Blumbergs P, Roberts-Thomson PJ. Clinical"
,,heterogeneity and prognostic features of South Australian patients with anti-
,,synthetase autoantibodies. Intern Med J. 2011 Sep;41(9):674-9. doi:
,,10.1111/j.1445-5994.2010.02164.x. Epub 2010 Jan 4. PMID: 20059602.
,,
,,"162: Ghillani P, André C, Toly C, Rouquette AM, Bengoufa D, Nicaise P,"
,,"Goulvestre C, Gleizes A, Dragon-Durey MA, Alyanakian MA, Chretien P, Chollet-"
,,"Martin S, Musset L, Weill B, Johanet C. Clinical significance of anti-Ro52"
,,(TRIM21) antibodies non-associated with anti-SSA 60kDa antibodies: results of a
,,multicentric study. Autoimmun Rev. 2011 Jul;10(9):509-13. doi:
,,10.1016/j.autrev.2011.03.004. Epub 2011 Apr 5. PMID: 21447407.
,,
,,"163: Parker JC, Bunn CC. Sensitivity of the Phadia EliA connective tissue"
,,disease screen for less common disease-specific autoantibodies. J Clin Pathol.
,,2011 Jul;64(7):631-3. doi: 10.1136/jcp.2010.084756. Epub 2011 Jan 10. PMID:
,,21220786
,,
,,"164: Yang Z, Liang Y, Xi W, Zhu Y, Li C, Zhong R. Association of serum uric acid"
,,with lupus nephritis in systemic lupus erythematosus. Rheumatol Int. 2011
,,Jun;31(6):743-8. doi: 10.1007/s00296-010-1373-x. Epub 2010 Feb 14. PMID:
,,20155421
,,
,,"165: Park CK, Kim TJ, Cho YN, Kim IS, Lee HJ, Lee KE, Park SC, Kim JS, Park DJ,"
,,"Lee SJ, Seo SR, Kim JC, Song SG, Lee SS, Park YW. Development of antisynthetase"
,,syndrome in a patient with rheumatoid arthritis. Rheumatol Int. 2011
,,Apr;31(4):529-32. doi: 10.1007/s00296-009-1222-y. Epub 2009 Oct 22. PMID:
,,19847427
,,
,,"166: Albon S, Bunn C, Swana G, Karim Y. Performance of a multiplex assay"
,,compared to enzyme and precipitation methods for anti-ENA testing in systemic
,,lupus and systemic sclerosis. J Immunol Methods. 2011 Feb 28;365(1-2):126-31.
,,doi: 10.1016/j.jim.2010.12.010. Epub 2010 Dec 22. PMID: 21184759.
,,
,,"167: Soejima M, Kang EH, Gu X, Katsumata Y, Clemens PR, Ascherman DP. Role of"
,,innate immunity in a murine model of histidyl-transfer RNA synthetase
,,(Jo-1)-mediated myositis. Arthritis Rheum. 2011 Feb;63(2):479-87. doi:
,,10.1002/art.30113. PMID: 21280002; PMCID: PMC3035731.
,,
,,"168: Nagatomo R, Watanabe N, Okubo S, Yokota H, Ikeda H, Yatomi Y. [The"
,,comparison study between UniCAP EliA and former kit for measuring the
,,autoantibodies]. Rinsho Byori. 2011 Jan;59(1):31-6. Japanese. PMID: 21404577.
,,
,,"169: Ghirardello A, Rampudda M, Ekholm L, Bassi N, Tarricone E, Zampieri S, Zen"
,,"M, Vattemi GA, Lundberg IE, Doria A. Diagnostic performance and validation of"
,,autoantibody testing in myositis by a commercial line blot assay. Rheumatology
,,(Oxford). 2010 Dec;49(12):2370-4. doi: 10.1093/rheumatology/keq281. Epub 2010
,,Aug 19. PMID: 20724434.
,,
,,"170: Seitz CS, Trautmann A. Differential diagnosis of mechanic's hands: think of"
,,Jo-1 syndrome. Contact Dermatitis. 2010 Sep;63(3):168-9. doi:
,,10.1111/j.1600-0536.2010.01758.x. PMID: 20690941.
,,
,,"171: Okano Y, Maejima K, Shiraishi T, Hashimoto M, Senshu H, Ozeki J, Takahashi"
,,"S, Komatsu K, Yamaji Y, Namba S. Genetic heterogeneity found in the replicase"
,,gene of poinsettia mosaic virus isolates. Arch Virol. 2010 Aug;155(8):1367-70.
,,doi: 10.1007/s00705-010-0708-y. Epub 2010 May 30. PMID: 20512653.
,,
,,"172: Sebastian W, Roy A, Kini U, Mullick S. Correlation of antinuclear antibody"
,,immunofluorescence patterns with immune profile using line immunoassay in the
,,Indian scenario. Indian J Pathol Microbiol. 2010 Jul-Sep;53(3):427-32. doi:
,,10.4103/0377-4929.68262. PMID: 20699497.
,,
,,"173: Fauchais AL, Martel C, Gondran G, Lambert M, Launay D, Jauberteau MO,"
,,"Hachulla E, Vidal E, Hatron PY. Immunological profile in primary Sjögren"
,,"syndrome: clinical significance, prognosis and long-term evolution to other"
,,auto-immune disease. Autoimmun Rev. 2010 Jul;9(9):595-9. doi:
,,10.1016/j.autrev.2010.05.004. Epub 2010 May 10. PMID: 20457283.
,,
,,"174: Vincze M, Molnár PA, Tumpek J, Szollosi L, Gyetvai A, Kapitány A, Dankó K."
,,An unusual association: anti-Jo1 and anti-SRP antibodies in the serum of a
,,patient with polymyositis. Clin Rheumatol. 2010 Jul;29(7):811-4. doi:
,,10.1007/s10067-010-1394-6. Epub 2010 Mar 12. PMID: 20221841.
,,
,,"175: Hanly JG, Su L, Farewell V, Fritzler MJ. Comparison between multiplex"
,,assays for autoantibody detection in systemic lupus erythematosus. J Immunol
,,Methods. 2010 Jun 30;358(1-2):75-80. doi: 10.1016/j.jim.2010.04.005. Epub 2010
,,May 9. PMID: 20438730.
,,
,,"176: Tzang BS, Chen DY, Tsai CC, Chiang SY, Lin TM, Hsu TC. Human parvovirus B19"
,,nonstructural protein NS1 enhanced the expression of cleavage of 70 kDa U1-snRNP
,,autoantigen. J Biomed Sci. 2010 May 25;17(1):40. doi: 10.1186/1423-0127-17-40.
,,PMID: 20500824; PMCID: PMC2882912.
,,
,,"177: Váncsa A, Gergely L, Ponyi A, Lakos G, Németh J, Szodoray P, Dankó K."
,,Myositis-specific and myositis-associated antibodies in overlap myositis in
,,comparison to primary dermatopolymyositis: Relevance for clinical
,,classification: retrospective study of 169 patients. Joint Bone Spine. 2010
,,Mar;77(2):125-30. doi: 10.1016/j.jbspin.2009.08.008. Epub 2010 Feb 25. PMID:
,,20188618
,,
,,"178: Kim MS, Roh SW, Bae JW. Cobetia crustatorum sp. nov., a novel slightly"
,,halophilic bacterium isolated from traditional fermented seafood in Korea. Int J
,,Syst Evol Microbiol. 2010 Mar;60(Pt 3):620-626. doi: 10.1099/ijs.0.008847-0.
,,Epub 2009 Aug 4. PMID: 19654339.
,,
,,"179: Dugar M, Cox S, Limaye V, Gordon TP, Roberts-Thomson PJ. Diagnostic utility"
,,of anti-Ro52 detection in systemic autoimmunity. Postgrad Med J. 2010
,,Feb;86(1012):79-82. doi: 10.1136/pgmj.2009.089656. PMID: 20145055.
,,
,,"180: Behmanesh F, Amin R, Khajedaluee M, Fritzler MJ. Autoantibody profile in"
,,systemic sclerosis. Acta Med Iran. 2010 Jan-Feb;48(1):12-20. PMID: 21137663.
,,
,,"181: Tarabishy AB, Khan M, Bunyard M, Lowder CY. Retinal vasculitis associated"
,,with the anti-synthetase syndrome. Ocul Immunol Inflamm. 2010 Jan;18(1):16-8.
,,doi: 10.3109/09273940903312005. PMID: 20128644.
,,
,,"182: Wang GH, Huang HC, Su JH, Wu YC, Sheu JH. Paralemnolins J-P, new"
,,sesquiterpenoids from the soft coral Paralemnalia thyrsoide. Chem Pharm Bull
,,(Tokyo). 2010 Jan;58(1):30-3. doi: 10.1248/cpb.58.30. PMID: 20045962.
,,
,,"183: Blétry O, Sene T, Kahn JE, Ackermann F, Charles P, Leport J, Piette AM."
,,Quoi de neuf en médecine interne? [What's new in internal medicine?]. Ann
,,Dermatol Venereol. 2009 Dec;136 Suppl 7:S417-25. French. doi:
,,10.1016/S0151-9638(09)73383-6. PMID: 20110057.
,,
,,"184: Tahiri L, Guignard S, Pinto P, Duclos M, Dougados M. Antisynthetases"
,,syndrome associated with right heart failure. Joint Bone Spine. 2009
,,Dec;76(6):715-7. doi: 10.1016/j.jbspin.2009.10.007. PMID: 19945897.
,,
,,"185: Vázquez Del Mercado Espinosa M, Arana Argaez V, Petri MH, Aguilar Arreola"
,,J. Alteraciones histológicas y moleculares en miopatías inflamatorias
,,[Histological and molecular alterations in inflammatory myopathies]. Reumatol
,,Clin. 2009 Nov;5 Suppl 3:20-2. Spanish. doi: 10.1016/j.reuma.2009.07.007. Epub
,,2009 Oct 30. PMID: 21794664.
,,
,,"186: Carrillo-Eespera R, Janka-Zires M. Dermatomiositis [Dermatomyositis]. Gac"
,,Med Mex. 2009 Nov-Dec;145(6):533-5. Spanish. PMID: 20077873.
,,
,,"187: Uto K, Hayashi N, Kinoshita S, Kawano S, Kumagai S. [Evaluation of"
,,simultaneous detection of specific antinuclear antibodies using multiplexed
,,technology]. Rinsho Byori. 2009 Oct;57(10):941-53. Japanese. PMID: 19928490.
,,
,,"188: Frikha F, Rigolet A, Behin A, Fautrel B, Herson S, Benveniste O. Efficacy"
,,of rituximab in refractory and relapsing myositis with anti-JO1 antibodies: a
,,report of two cases. Rheumatology (Oxford). 2009 Sep;48(9):1166-8. doi:
,,10.1093/rheumatology/kep147. Epub 2009 Jun 23. PMID: 19549788.
,,
,,"189: Rönnelid J, Barbasso Helmers S, Storfors H, Grip K, Rönnblom L, Franck-"
,,"Larsson K, Nordmark G, Lundberg IE. Use of a commercial line blot assay as a"
,,screening test for autoantibodies in inflammatory myopathies. Autoimmun Rev.
,,2009 Sep;9(1):58-61. doi: 10.1016/j.autrev.2009.03.005. Epub 2009 Mar 11. PMID:
,,19285154
,,
,,"190: Nozaki K, Pestronk A. High aldolase with normal creatine kinase in serum"
,,predicts a myopathy with perimysial pathology. J Neurol Neurosurg Psychiatry.
,,2009 Aug;80(8):904-8. doi: 10.1136/jnnp.2008.161448. Epub 2009 Feb 23. PMID:
,,19240048
,,
,,"191: Váncsa A, Csípo I, Németh J, Dévényi K, Gergely L, Dankó K. Characteristics"
,,of interstitial lung disease in SS-A positive/Jo-1 positive inflammatory
,,myopathy patients. Rheumatol Int. 2009 Jul;29(9):989-94. doi:
,,10.1007/s00296-009-0884-9. Epub 2009 Mar 6. PMID: 19266202.
,,
,,"192: Fagedet D, Bernard S, Colombe B, Bosseray A, Baudet A, Bouillet L, Massot"
,,C. Pneumopathie aiguë sévère révélatrice d'un syndrome des anticorps
,,antisynthétases [Acute respiratory distress syndrome as the presenting
,,manifestation of an antisynthetase syndrome]. Rev Med Interne. 2009
,,Jul;30(7):634-6. French. doi: 10.1016/j.revmed.2008.09.011. Epub 2008 Oct 30.
,,PMID: 18976836.
,,
,,"193: Blondin DA, Zhang Z, Shideler KK, Hou H, Fritzler MJ, Mydlarski PR."
,,Prevalence of non-organ-specific autoantibodies in patients with pemphigus
,,vulgaris. J Cutan Med Surg. 2009 Mar-Apr;13(2):82-7. doi:
,,10.2310/7750.2008.08001. PMID: 19298776.
,,
,,"194: Subasic D, Karamehic J, Gavrankapetanovic F, Hodzic H, Kasumovic M, Delic-"
,,"Sarac M, Prljaca-Zecevic L. ELISA subtypization of anti-ENA autoantibodies in"
,,clinical management of autoimmune diseases in Bosnia and Herzegovina. Med Arh.
,,2009;63(6):312-6. PMID: 20380108.
,,
,,"195: Gulez N, Karaca NE, Aksu G, Kutukculer N. Increased percentages of"
,,autoantibodies in immunoglobulin A-deficient children do not correlate with
,,clinical manifestations. Autoimmunity. 2009 Jan;42(1):74-9. doi:
,,10.1080/08916930802375711. PMID: 19127458.
,,
,,"196: Numata T, Kawabata A, Fujita Y, Bono K, Tamura K, Mikami J, Wakui H, Ito S,"
,,"Yumino Y, Kawaishi M, Kuwano K. [A case of small cell lung cancer with"
,,dermatomyositis that deteriorated with leukocytopenia due to chemotherapy].
,,Nihon Kokyuki Gakkai Zasshi. 2008 Dec;46(12):1059-64. Japanese. PMID: 19195212.
,,
,,"197: Zhao XY, Bi ZL, Wu YH, Xin HT. [Cloning and prokaryotic expression of"
,,recombinant Jo-1 antigen and identification of its antigen specificity]. Xi Bao
,,Yu Fen Zi Mian Yi Xue Za Zhi. 2008 Dec;24(12):1170-3. Chinese. PMID: 19068203.
,,
,,"198: Gutiérrez-Ramos R, Gonz Lez-Díaz V, Pacheco-Tovar MG, López-Luna A, Avalos-"
,,"Díaz E, Herrera-Esparza R. A dermatomyositis and scleroderma overlap syndrome"
,,with a remarkable high titer of anti-exosome antibodies. Reumatismo. 2008 Oct-
,,Dec;60(4):296-300. doi: 10.4081/reumatismo.2008.296. PMID: 19132155.
,,
,,"199: Szabo N, Lukacs S, Gunasekera W, Danko K. Rare association of"
,,antisynthetase syndrome and Kennedy's disease. Clin Rheumatol. 2008
,,Oct;27(10):1329-31. doi: 10.1007/s10067-008-0946-5. Epub 2008 Jul 1. PMID:
,,18592136
,,
,,"200: Sultan SM, Ng KP, Edwards JC, Isenberg DA, Cambridge G. Clinical outcome"
,,following B cell depletion therapy in eight patients with refractory idiopathic
,,inflammatory myopathy. Clin Exp Rheumatol. 2008 Sep-Oct;26(5):887-93. PMID:
,,19032824
,,
,,"1: Wang G, Gao X, Han J, Pan J, Huang H. [Protein-chip for autoantibodies"
,,profile detection]. Sheng Wu Gong Cheng Xue Bao. 2008 Aug;24(8):1496-504.
,,Chinese. PMID: 18998558.
,,
,,"2: McBride JD, Gabriel FG, Fordham J, Kolind T, Barcenas-Morales G, Isenberg DA,"
,,"Swana M, Delves PJ, Lund T, Cree IA, Roitt IM. Screening autoantibody profiles"
,,in systemic rheumatic disease with a diagnostic protein microarray that uses a
,,filtration-assisted nanodot array luminometric immunoassay (NALIA). Clin Chem.
,,2008 May;54(5):883-90. doi: 10.1373/clinchem.2007.098418. Epub 2008 Mar 20.
,,PMID: 18356243.
,,
,,"3: Karadimitrakis S, Plastiras SC, Zormpala A, Chatzikonstantinou K, Boki KA,"
,,"Tzelepis GE, Moutsopoulos HM. Chest CT findings in patients with inflammatory"
,,myopathy and Jo1 antibodies. Eur J Radiol. 2008 Apr;66(1):27-30. doi:
,,10.1016/j.ejrad.2007.05.017. Epub 2007 Jul 2. PMID: 17604929.
,,
,,"4: Ambade GR, Dhurat RS, Lade N, Jerajani HR. Childhood sclerodermatomyositis"
,,with generalized morphea. Indian J Dermatol Venereol Leprol. 2008 Mar-
,,Apr;74(2):148-50. doi: 10.4103/0378-6323.39702. PMID: 18388377.
,,
,,"5: Altintas A, Cil T, Pasa S, Danis R, Kilinc I, Ayyildiz O, Muftuoglu E."
,,Clinical significance of elevated antinuclear antibody test in patients with
,,Hodgkin's and Non-Hodgkin's lymphoma: a single center experience. Minerva Med.
,,2008 Feb;99(1):7-14. PMID: 18299692.
,,
,,"6: Krebs M, Evrard B, Espinouze T, Bonnafoux C, Fabien N, Tridon A. Fluorescence"
,,cytoplasmique dense sur cellule Hep-2: ne pas passer à côté des anti-PL [Dense
,,cytoplasmic fluorescence on Hep-2 cells: do not overlook anti-PL]. Pathol Biol
,,(Paris). 2008 Feb;56(1):15-20. French. doi: 10.1016/j.patbio.2007.08.010. PMID:
,,18178329
,,
,,"7: Zabek J, Palacz A, Pyka J, Krzewska I. Przeciwciała przeciwjaderkowe w"
,,serodiagnostyce zespołu antyfosfolipidowego [Antinucleolar antibodies in
,,diagnostics of antiphospholipid syndrome]. Pol Arch Med Wewn. 2008;118
,,Suppl:25-30. Polish. PMID: 19562966.
,,
,,"8: Zold E, Szodoray P, Gaal J, Kappelmayer J, Csathy L, Gyimesi E, Zeher M,"
,,"Szegedi G, Bodolay E. Vitamin D deficiency in undifferentiated connective tissue"
,,disease. Arthritis Res Ther. 2008;10(5):R123. doi: 10.1186/ar2533. Epub 2008 Oct
,,18. PMID: 18928561; PMCID: PMC2592813.
,,
,,"9: Matsuse D, Ikezoe K, Shigeto H, Murai H, Ohyagi Y, Kira J. [Case of"
,,eosinophilic myositis in continuum from localized nodular myositis]. Rinsho
,,Shinkeigaku. 2008 Jan;48(1):36-42. Japanese. doi: 10.5692/clinicalneurol.48.36.
,,PMID: 18386630.
,,
,,"10: Sallum AM, Pivato FC, Doria-Filho U, Aikawa NE, Liphaus BL, Marie SK, Silva"
,,CA. Risk factors associated with calcinosis of juvenile dermatomyositis. J
,,Pediatr (Rio J). 2008 Jan-Feb;84(1):68-74. doi: 10.2223/JPED.1746. Epub 2008 Jan
,,9. PMID: 18185899.
,,
,,"11: Legault D, McDermott J, Crous-Tsanaclis AM, Boire G. Cancer-associated"
,,myositis in the presence of anti-Jo1 autoantibodies and the antisynthetase
,,syndrome. J Rheumatol. 2008 Jan;35(1):169-71. PMID: 18176990.
,,
,,"12: Jordan Greco AS, Métrailler JC, Dayer E. Syndrome des antisynthétases: une"
,,cause de pneumopathie interstitielle rapidement progressive [The antisynthetase
,,syndrome: a cause of rapidly progressive interstitial lung disease]. Rev Med
,,"Suisse. 2007 Nov 21;3(134):2675-6, 2679-81. French. PMID: 18159702."
,,
,,"13: Júdez Navarro E, Martínez Carretero M, Martínez Jiménez GF. Síndrome"
,,antisintetasa sin afectación muscular [Antisynthetase syndrome without muscle
,,involvement]. Reumatol Clin. 2007 Nov;3(6):276-7. Spanish. doi:
,,10.1016/S1699-258X(07)73704-X. Epub 2008 Nov 13. PMID: 21794447.
,,
,,"14: Crinquette C, De Seze J, Maurage CA, Launay D, Ferriby D, Delalande S,"
,,"Hachulla E, Stojkovic T, Vermersch P. Polymyosite et atteinte de nerfs crâniens"
,,[Polymyositis and cranial neuropathy]. Rev Neurol (Paris). 2007
,,Nov;163(11):1075-81. French. doi: 10.1016/s0035-3787(07)74180-2. PMID: 18033046.
,,
,,"15: Katsumata Y, Ridgway WM, Oriss T, Gu X, Chin D, Wu Y, Fertig N, Oury T,"
,,"Vandersteen D, Clemens P, Camacho CJ, Weinberg A, Ascherman DP. Species-specific"
,,immune responses generated by histidyl-tRNA synthetase immunization are
,,associated with muscle and lung inflammation. J Autoimmun. 2007 Sep-
,,Nov;29(2-3):174-86. doi: 10.1016/j.jaut.2007.07.005. PMID: 17826948; PMCID:
,,PMC2639656.
,,
,,"16: Stone KB, Oddis CV, Fertig N, Katsumata Y, Lucas M, Vogt M, Domsic R,"
,,Ascherman DP. Anti-Jo-1 antibody levels correlate with disease activity in
,,idiopathic inflammatory myopathy. Arthritis Rheum. 2007 Sep;56(9):3125-31. doi:
,,10.1002/art.22865. PMID: 17763431.
,,
,,"17: Gomard-Mennesson E, Fabien N, Cordier JF, Ninet J, Tebib J, Rousset H."
,,Clinical significance of anti-histidyl-tRNA synthetase (Jo1) autoantibodies. Ann
,,N Y Acad Sci. 2007 Aug;1109:414-20. doi: 10.1196/annals.1398.047. PMID:
,,17785330
,,
,,"18: Desplat-Jego S, Bardin N, Larida B, Sanmarco M. Evaluation of the BioPlex"
,,2200 ANA screen for the detection of antinuclear antibodies and comparison with
,,conventional methods. Ann N Y Acad Sci. 2007 Aug;1109:245-55. doi:
,,10.1196/annals.1398.030. PMID: 17785313.
,,
,,"19: Levine SM, Raben N, Xie D, Askin FB, Tuder R, Mullins M, Rosen A, Casciola-"
,,Rosen LA. Novel conformation of histidyl-transfer RNA synthetase in the lung:
,,the target tissue in Jo-1 autoantibody-associated myositis. Arthritis Rheum.
,,2007 Aug;56(8):2729-39. doi: 10.1002/art.22790. PMID: 17665459.
,,
,,"20: Shoumali L, Masoud H, Khlaif H, Migdadi H, Masoud S. Serologic and molecular"
,,characterization of Pseudomonas aeruginosa Jordanian clinical isolates compared
,,with the strains of International Antigenic Typing Scheme. Diagn Microbiol
,,Infect Dis. 2007 Aug;58(4):393-8. doi: 10.1016/j.diagmicrobio.2007.03.005. Epub
,,2007 May 16. PMID: 17509795.
,,
,,"21: Franzolini N, Quartuccio L, De Marchi G, De Vita S. Terapia"
,,immunosoppressiva ab initio e risparmio nell'uso dello steroide nel trattamento
,,dell'interstiziopatia polmonare in corso di sindrome da anticorpi antisintetasi
,,[Efficacy of ab initio immunosuppressive therapy and steroid-sparing effect in
,,interstitial lung disease associated with antisynthetase antibody syndrome].
,,Reumatismo. 2007 Jul-Sep;59(3):202-8. Italian. PMID: 17898879.
,,
,,"22: Adam AC, Grohé C, Stier S, Gattenlöhner S, Balta Z, Büttner R, Gütgemann I."
,,Hodgkin's lymphoma in a patient with Jo-1 syndrome. Virchows Arch. 2007
,,Jul;451(1):101-4. doi: 10.1007/s00428-007-0429-0. Epub 2007 May 24. PMID:
,,17522890
,,
,,"23: Dourmishev LA, Dourmishev AL, Schwartz RA. Dermatomyositis: an association"
,,of gingival telangiectases and anti Jo-1 antibody in the adult. Acta
,,Dermatovenerol Alp Pannonica Adriat. 2007 Jun;16(2):67-72. PMID: 17992461.
,,
,,"24: Jankowska M, Butto B, Debska-Slizień A, Rutkowski B. Beneficial effect of"
,,treatment with cyclosporin A in a case of refractory antisynthetase syndrome.
,,Rheumatol Int. 2007 Jun;27(8):775-80. doi: 10.1007/s00296-006-0289-y. Epub 2007
,,Jan 13. PMID: 17221173.
,,
,,"25: Moder KG, Wener MH, Weisman MH, Ishimori ML, Wallace DJ, Buckeridge DL,"
,,Homburger HA. Measurement of antinuclear antibodies by multiplex immunoassay: a
,,"prospective, multicenter clinical evaluation. J Rheumatol. 2007"
,,May;34(5):978-86. Epub 2007 Apr 1. PMID: 17407218.
,,
,,"26: Caramaschi P, Ruzzenente O, Pieropan S, Volpe A, Carletto A, Bambara LM,"
,,Biasi D. Determination of ANA specificity using multiplexed fluorescent
,,microsphere immunoassay in patients with ANA positivity at high titres after
,,infliximab treatment: preliminary results. Rheumatol Int. 2007 May;27(7):649-54.
,,doi: 10.1007/s00296-006-0271-8. Epub 2006 Nov 29. PMID: 17136355.
,,
,,"27: Risinger JI, Chandramouli GV, Maxwell GL, Custer M, Pack S, Loukinov D,"
,,"Aprelikova O, Litzi T, Schrump DS, Murphy SK, Berchuck A, Lobanenkov V, Barrett"
,,JC. Global expression analysis of cancer/testis genes in uterine cancers reveals
,,a high incidence of BORIS expression. Clin Cancer Res. 2007 Mar 15;13(6):1713-9.
,,doi: 10.1158/1078-0432.CCR-05-2569. PMID: 17363524.
,,
,,"28: Viallard JF, Lazaro E, Ellie E, Eimer S, Camou F, Caubet O, Lafon ME, Fleury"
,,"H, Pellegrin JL. Improvement of progressive multifocal leukoencephalopathy after"
,,cidofovir therapy in a patient with a destructive polyarthritis. Infection. 2007
,,Feb;35(1):33-6. doi: 10.1007/s15010-006-5103-y. PMID: 17297588.
,,
,,"29: Vercammen M, Meirlaen P, Sennesael J, Velkeniers B, T'Kint S, Verbruggen L,"
,,"Haentjens P, Broodtaerts L, Demanet C, De Waele M. Diagnostic accuracy of the"
,,FIDIS multiplex fluorescent microsphere immunodetection system for anti-
,,extractable nuclear antigen (ENA) antibodies in connective tissue diseases. Clin
,,Chem Lab Med. 2007;45(4):505-12. doi: 10.1515/CCLM.2007.096. PMID: 17439329.
,,
,,"30: Chen YJ, Wu CY, Shen JL. Predicting factors of interstitial lung disease in"
,,dermatomyositis and polymyositis. Acta Derm Venereol. 2007;87(1):33-8. doi:
,,10.2340/00015555-0177. Erratum in: Acta Derm Venereol. 2007;87(3):286. PMID:
,,17225013
,,
,,"31: Plastiras SC, Soliotis FC, Vlachoyiannopoulos P, Tzelepis GE. Interstitial"
,,lung disease in a patient with antisynthetase syndrome and no myositis. Clin
,,Rheumatol. 2007 Jan;26(1):108-11. doi: 10.1007/s10067-005-0111-3. Epub 2005 Nov
,,23. PMID: 16328094.
,,
,,"32: Al-Shukaili A, Al-Jabri AA, Al-Moundhri MS. Prognostic value of auto-"
,,antibodies in the serum of Omani patients with gastric cancer. Saudi Med J. 2006
,,Dec;27(12):1873-7. PMID: 17143367.
,,
,,"33: Sordet C, Goetz J, Sibilia J. Contribution of autoantibodies to the"
,,diagnosis and nosology of inflammatory muscle disease. Joint Bone Spine. 2006
,,Dec;73(6):646-54. doi: 10.1016/j.jbspin.2006.04.005. Epub 2006 Oct 10. PMID:
,,17110150
,,
,,"34: Bronner IM, van der Meulen MF, de Visser M, Kalmijn S, van Venrooij WJ,"
,,"Voskuyl AE, Dinant HJ, Linssen WH, Wokke JH, Hoogendijk JE. Long-term outcome in"
,,polymyositis and dermatomyositis. Ann Rheum Dis. 2006 Nov;65(11):1456-61. doi:
,,10.1136/ard.2005.045690. Epub 2006 Apr 10. PMID: 16606652; PMCID: PMC1798355.
,,
,,"35: Fritzler MJ, Behmanesh F, Fritzler ML. Analysis of human sera that are"
,,polyreactive in an addressable laser bead immunoassay. Clin Immunol. 2006
,,Sep;120(3):349-56. doi: 10.1016/j.clim.2006.03.007. Epub 2006 Apr 27. PMID:
,,16644287
,,
,,"36: Thoelke A, Schmid HP, Figl R, Schadendorf D, Ugurel S. Jo-1 positive"
,,paraneoplastic systemic sclerosis in a patient with metastatic melanoma. Eur J
,,Dermatol. 2006 Jul-Aug;16(4):428-30. PMID: 16935804.
,,
,,"37: Laisk A, Eichelmann H, Oja V, Rasulov B, Rämma H. Photosystem II cycle and"
,,alternative electron flow in leaves. Plant Cell Physiol. 2006 Jul;47(7):972-83.
,,doi: 10.1093/pcp/pcj070. Epub 2006 Jun 13. PMID: 16774929.
,,
,,"38: Yamasaki Y, Yamada H, Nozaki T, Akaogi J, Nichols C, Lyons R, Loy AC, Chan"
,,"EK, Reeves WH, Satoh M. Unusually high frequency of autoantibodies to PL-7"
,,associated with milder muscle disease in Japanese patients with
,,polymyositis/dermatomyositis. Arthritis Rheum. 2006 Jun;54(6):2004-9. doi:
,,10.1002/art.21883. PMID: 16732549.
,,
,,"39: Mielnik P, Wiesik-Szewczyk E, Olesinska M, Chwalinska-Sadowska H, Zabek J."
,,Clinical features and prognosis of patients with idiopathic inflammatory
,,myopathies and anti-Jo-1 antibodies. Autoimmunity. 2006 May;39(3):243-7. doi:
,,10.1080/08916930600623767. PMID: 16769658.
,,
,,"40: Green TJ, Reeves CE, Fleming ZL, Brough N, Rickard AR, Bandy BJ, Monks PS,"
,,Penkett SA. An improved dual channel PERCA instrument for atmospheric
,,measurements of peroxy radicals. J Environ Monit. 2006 May;8(5):530-6. doi:
,,10.1039/b514630e. Epub 2006 Apr 21. PMID: 16688354.
,,
,,"41: Nakanishi S, Hatayama T. [Adenocarcinoma of the prostate associated with"
,,anti Jo-1 antibody positive polymyositis]. Hinyokika Kiyo. 2006
,,Apr;52(4):289-91. Japanese. PMID: 16686358.
,,
,,"42: Ramos-Casals M, Nardi N, Brito-Zerón P, Aguiló S, Gil V, Delgado G, Bové A,"
,,Font J. Atypical autoantibodies in patients with primary Sjögren syndrome:
,,clinical characteristics and follow-up of 82 cases. Semin Arthritis Rheum. 2006
,,Apr;35(5):312-21. doi: 10.1016/j.semarthrit.2005.12.004. PMID: 16616154.
,,
,,"43: Marie I, Dominique S. Atteinte pulmonaire au cours des polymyosites et des"
,,dermatomyosites: la pneumopathie interstitielle [Pulmonary damage during
,,polymyositis and dermatomyositis: interstitial lung disease]. Presse Med. 2006
,,Apr;35(4 Pt 2):683-95. French. doi: 10.1016/s0755-4982(06)74663-2. PMID:
,,16614615
,,
,,"44: Gerami P, Schope JM, McDonald L, Walling HW, Sontheimer RD. A systematic"
,,review of adult-onset clinically amyopathic dermatomyositis (dermatomyositis
,,siné myositis): a missing link within the spectrum of the idiopathic
,,inflammatory myopathies. J Am Acad Dermatol. 2006 Apr;54(4):597-613. doi:
,,10.1016/j.jaad.2005.10.041. Epub 2006 Jan 23. PMID: 16546580.
,,
,,45: Goulvestre C. Anticorps antinucléaires [Antinuclear antibodies]. Presse Med.
,,2006 Feb;35(2 Pt 2):287-95. French. doi: 10.1016/s0755-4982(06)74572-9. PMID:
,,16493331
,,
,,"46: Manes MT, Guzzo D, Rizzo M, Balsano M, Serafini O, Russo F, Venneri N."
,,Alterazioni cardiovascolari nelle fasi precoci delle malattie del connettivo
,,[Cardiovascular disease in early collagen diseases]. Minerva Cardioangiol. 2006
,,Feb;54(1):151-8. Italian. PMID: 16467750.
,,
,,"47: Craig WY, Ledue TB, Collins MF, Meggison WE, Leavitt LF, Ritchie RF."
,,Serologic associations of anti-cytoplasmic antibodies identified during anti-
,,nuclear antibody testing. Clin Chem Lab Med. 2006;44(10):1283-6. doi:
,,10.1515/CCLM.2006.232. PMID: 17032143.
,,
,,"48: Rostić G, Paunić Z, Vojvodić D, Petronijević M, Glisić B, Stefanović D."
,,[Systemic lupus erythematosus and dermatomyositis--case report]. Srp Arh Celok
,,Lek. 2005 Dec;133 Suppl 2:137-40. Serbian. doi: 10.2298/sarh05s2137r. PMID:
,,16535999
,,
,,"49: Hara H, Inoue Y, Sato T. [Clinical and pathological findings of patients"
,,with interstitial lung disease associated with antisynthetase]. Nihon Kokyuki
,,Gakkai Zasshi. 2005 Nov;43(11):652-63. Japanese. PMID: 16366363.
,,
,,"50: González C, García-Berrocal B, Pérez M, Navajo JA, Herraez O, González-"
,,Buitrago JM. Laboratory screening of connective tissue diseases by a new
,,automated ENA screening assay (EliA Symphony) in clinically defined patients.
,,Clin Chim Acta. 2005 Sep;359(1-2):109-14. doi: 10.1016/j.cccn.2005.03.042. PMID:
,,15894301
,,
,,"51: Miyawaki S, Asanuma H, Nishiyama S, Yoshinaga Y. Clinical and serological"
,,heterogeneity in patients with anticentromere antibodies. J Rheumatol. 2005
,,Aug;32(8):1488-94. PMID: 16078324.
,,
,,"52: Zandman-Goddard G, Gilburd B, Shovman O, Blank M, Berdichevski S, Langevitz"
,,"P, Shoenfeld Y. The homogeneous multiplexed system--a new method for"
,,autoantibody profile in systemic lupus erythematosus. Clin Dev Immunol. 2005
,,Jun;12(2):107-11. doi: 10.1080/17402520500116723. PMID: 16050141; PMCID:
,,PMC2270732.
,,
,,"53: Shovman O, Gilburd B, Barzilai O, Shinar E, Larida B, Zandman-Goddard G,"
,,"Binder SR, Shoenfeld Y. Evaluation of the BioPlex 2200 ANA screen: analysis of"
,,510 healthy subjects: incidence of natural/predictive autoantibodies. Ann N Y
,,Acad Sci. 2005 Jun;1050:380-8. doi: 10.1196/annals.1313.120. PMID: 16014555.
,,
,,"54: Damoiseaux J, Boesten K, Giesen J, Austen J, Tervaert JW. Evaluation of a"
,,novel line-blot immunoassay for the detection of antibodies to extractable
,,nuclear antigens. Ann N Y Acad Sci. 2005 Jun;1050:340-7. doi:
,,10.1196/annals.1313.036. PMID: 16014550.
,,
,,"55: Smith J, Onley D, Garey C, Crowther S, Cahir N, Johanson A, Painter S,"
,,"Harradence G, Davis R, Swarbrick P. Determination of ANA specificity using the"
,,UltraPlex platform. Ann N Y Acad Sci. 2005 Jun;1050:286-94. doi:
,,10.1196/annals.1313.030. PMID: 16014544.
,,
,,"56: Seiberlich B, Hunzelmann N, Roers A, Weber M, Schulze-Lohoff E. Das"
,,Jo-1-Syndrom und seine klinischen Manifestationen [The Jo-1 Syndrome--
,,immunological findings and clinical manifestations]. Med Klin (Munich). 2005 Mar
,,15;100(3):137-42. German. doi: 10.1007/s00063-005-1010-8. PMID: 15966441.
,,
,,"57: Tsai CY, Tsai YY, Kuo HL, Chou CT. A woman with anti-histidyl-aminoacyl-tRNA"
,,"synthetase (Jo-1 antibodies), myositis, hyperglycemia, interstitial lung"
,,"disease, and morbilliform rashes. Rheumatol Int. 2005 Mar;25(2):156-7. doi:"
,,10.1007/s00296-004-0448-y. Epub 2004 Feb 10. PMID: 14770267.
,,
,,"58: Shovman O, Gilburd B, Zandman-Goddard G, Yehiely A, Langevitz P, Shoenfeld"
,,Y. Multiplexed AtheNA multi-lyte immunoassay for ANA screening in autoimmune
,,diseases. Autoimmunity. 2005 Feb;38(1):105-9. doi: 10.1080/08916930400022707.
,,PMID: 15804711.
,,
,,"59: Harada M, Kumemura H, Fujita A, Yanagimoto C, Harada R, Hashimoto O,"
,,"Sakamoto M, Yoshida H, Okamura T, Sata M. A human T-cell lymphotropic virus"
,,type-1 (HTLV-1) carrier complicated with various autoimmune diseases including
,,primary biliary cirrhosis. Hepatol Res. 2005 Feb;31(2):116-9. doi:
,,10.1016/j.hepres.2004.12.003. PMID: 15715972.
,,
,,"60: Buliard A, Fortenfant F, Ghillani-Dalbin P, Musset L, Oksman F, Olsson NO."
,,Apport de la technologie Luminex pour la recherche simultanée de neuf
,,autoanticorps associés aux connectivites. Résultats d'une étude multicentrique
,,[Analysis of nine autoantibodies associated with systemic autoimmune diseases
,,using the Luminex technology. Results of a multicenter study]. Ann Biol Clin
,,(Paris). 2005 Jan-Feb;63(1):51-8. French. PMID: 15689312.
,,
,,"61: Gobert A, Billiras R, Cistarelli L, Millan MJ. Quantification and"
,,pharmacological characterization of dialysate levels of noradrenaline in the
,,striatum of freely-moving rats: release from adrenergic terminals and modulation
,,by alpha2-autoreceptors. J Neurosci Methods. 2004 Dec 30;140(1-2):141-52. doi:
,,10.1016/j.jneumeth.2004.04.040. PMID: 15589344.
,,
,,"62: Hengstman GJ, van Engelen BG, van Venrooij WJ. Myositis specific"
,,autoantibodies: changing insights in pathophysiology and clinical associations.
,,Curr Opin Rheumatol. 2004 Nov;16(6):692-9. PMID: 15577606.
,,
,,"63: Pottel H, Wiik A, Locht H, Gordon T, Roberts-Thomson P, Abraham D, Goossens"
,,"K, Dobbels C, De Bosschere K, Hulstaert F, Meheus L. Clinical optimization and"
,,multicenter validation of antigen-specific cut-off values on the INNO-LIA ANA
,,update for the detection of autoantibodies in connective tissue disorders. Clin
,,Exp Rheumatol. 2004 Sep-Oct;22(5):579-88. PMID: 15485011.
,,
,,"64: Derk CT, Sandorfi N, Curtis MT. A case of anti-Jo1 myositis with pleural"
,,effusions and pericardial tamponade developing after exposure to a fermented
,,Kombucha beverage. Clin Rheumatol. 2004 Aug;23(4):355-7. doi:
,,10.1007/s10067-004-0890-y. Epub 2004 Apr 16. PMID: 15293100.
,,
,,"65: Liu YM, Yan HP, Wang JT. [The positive rate of auto antibodies and"
,,autoimmune liver diseases in patients with abnormal liver function]. Zhonghua
,,Gan Zang Bing Za Zhi. 2004 Jun;12(6):360-2. Chinese. PMID: 15225434.
,,
,,"66: Fauchais AL, Iba Ba J, Maurage P, Kyndt X, Bataille D, Hachulla E, Parent D,"
,,"Queyrel V, Lambert M, Michon Pasturel U, Hatron PY, Vanhille P, Devulder B."
,,Polymyosites induites ou associées aux traitements hypolipémiants? A propos de
,,cinq cas [Polymyositis induced or associated with lipid-lowering drugs: five
,,cases]. Rev Med Interne. 2004 Apr;25(4):294-8. French. doi:
,,10.1016/j.revmed.2003.10.013. PMID: 15050796.
,,
,,"67: Gilburd B, Abu-Shakra M, Shoenfeld Y, Giordano A, Bocci EB, delle Monache F,"
,,Gerli R. Autoantibodies profile in the sera of patients with Sjogren's syndrome:
,,"the ANA evaluation--a homogeneous, multiplexed system. Clin Dev Immunol. 2004"
,,Mar;11(1):53-6. doi: 10.1080/10446670410001670490. PMID: 15154612; PMCID:
,,PMC2275408.
,,
,,"68: Watkins J, Farzaneh-Far R, Tahir H, Wykes F, Studdy PR, Beynon HL. Jo-1"
,,syndrome with associated poorly differentiated adenocarcinoma. Rheumatology
,,(Oxford). 2004 Mar;43(3):389-90. doi: 10.1093/rheumatology/keg473. PMID:
,,14963208
,,
,,"69: Kroeger K, Kreuzfelder E. Humorale Vaskulitisdiagnostik bei peripherer"
,,arterieller Verschlusskrankheit [Autoantibodies and peripheral arterial
,,occlusive disease]. Herz. 2004 Feb;29(1):26-31. German. doi:
,,10.1007/s00059-004-2548-6. PMID: 14968339.
,,
,,"70: Chemli J, Yacoubi T, Guedira I, Jeddi M, Korbi S, Harbi A. Connectivite"
,,mixte révélée par une méningite lymphocytaire chronique chez un nourrisson
,,[Mixed connective tissue disease revealed by chronic lymphocytic meningitis in
,,an infant]. Arch Pediatr. 2004 Feb;11(2):126-9. French. doi:
,,10.1016/j.arcped.2003.11.024. PMID: 14761735.
,,
,,"71: Routsias JG, Tzioufas AG, Moutsopoulos HM. The clinical value of"
,,intracellular autoantigens B-cell epitopes in systemic rheumatic diseases. Clin
,,Chim Acta. 2004 Feb;340(1-2):1-25. doi: 10.1016/j.cccn.2003.10.011. PMID:
,,14734193
,,
,,"72: Feng Y, Ke X, Ma R, Chen Y, Hu G, Liu F. Parallel detection of"
,,autoantibodies with microarrays in rheumatoid diseases. Clin Chem. 2004
,,Feb;50(2):416-22. doi: 10.1373/clinchem.2003.023994. Epub 2003 Dec 11. PMID:
,,14670825
,,
,,"73: Takagi A, Shiio Y. [Pravastatin-associated polymyositis, a case report]."
,,Rinsho Shinkeigaku. 2004 Jan;44(1):25-7. Japanese. PMID: 15199734.
,,
,,74: Ascherman DP. The role of Jo-1 in the immunopathogenesis of polymyositis:
,,current hypotheses. Curr Rheumatol Rep. 2003 Dec;5(6):425-30. doi:
,,10.1007/s11926-003-0052-2. PMID: 14609486.
,,
,,"75: Imbert-Masseau A, Hamidou M, Agard C, Halloun A, Delangle MH, Audrain M,"
,,"Grolleau JY, Mussini JM. Syndrome des anti-synthétases. A propos de 3"
,,observations et revue de la littérature [Antisynthetase syndrome. Three cases
,,and a review of the literature]. Ann Med Interne (Paris). 2003 Nov;154(7):483-8.
,,French. PMID: 14732841.
,,
,,"76: Rouquette AM, Desgruelles C, Laroche P. Evaluation of the new multiplexed"
,,"immunoassay, FIDIS, for simultaneous quantitative determination of antinuclear"
,,antibodies and comparison with conventional methods. Am J Clin Pathol. 2003
,,Nov;120(5):676-81. doi: 10.1309/GJHK-0D24-YDDX-W0NF. PMID: 14608892.
,,
,,"77: Xie C, Liang Z, Chang S, Mohan C. Use of a novel elution regimen reveals the"
,,dominance of polyreactive antinuclear autoantibodies in lupus kidneys. Arthritis
,,Rheum. 2003 Aug;48(8):2343-52. doi: 10.1002/art.11092. PMID: 12905490.
,,
,,"78: Nanke Y, Kotake S, Akama H, Kamatani N. A new syndrome: multiple"
,,dislocations of distal interphalangeal joints associated with interstitial
,,"pneumonia, Sjögren's syndrome, and positive autoantibodies. Mod Rheumatol. 2003"
,,Jun;13(2):103-6. doi: 10.3109/s10165-003-0207-z. PMID: 24387167.
,,
,,"79: Ramírez-Sandoval R, Sánchez-Rodríguez SH, Herrera-van Oostdam D, Avalos-Díaz"
,,"E, Herrera-Esparza R. Antinuclear antibodies recognize cellular autoantigens"
,,driven by apoptosis. Joint Bone Spine. 2003 Jun;70(3):187-94. doi:
,,10.1016/s1297-319x(03)00019-8. PMID: 12814761.
,,
,,"80: Imbert-Masseau A, Hamidou M, Agard C, Grolleau JY, Chérin P. Antisynthetase"
,,syndrome. Joint Bone Spine. 2003 Jun;70(3):161-8. doi:
,,10.1016/s1297-319x(03)00012-5. PMID: 12814758.
,,
,,"81: Fujiwara-Nagata E, Kogure K, Kita-Tsukamoto K, Wada M, Eguchi M."
,,"Characteristics of Na-dependent respiratory chain in Vibrio anguillarum, a fish"
,,"pathogen, in comparison with other marine Vibrios. FEMS Microbiol Ecol. 2003 May"
,,1;44(2):225-30. doi: 10.1016/S0168-6496(03)00031-X. PMID: 19719639.
,,
,,"82: Bodolay E, Csiki Z, Szekanecz Z, Ben T, Kiss E, Zeher M, Szücs G, Dankó K,"
,,Szegedi G. Five-year follow-up of 665 Hungarian patients with undifferentiated
,,connective tissue disease (UCTD). Clin Exp Rheumatol. 2003 May-Jun;21(3):313-20.
,,PMID: 12846049.
,,
,,"83: Schnabel A, Reuter M, Biederer J, Richter C, Gross WL. Interstitial lung"
,,disease in polymyositis and dermatomyositis: clinical course and response to
,,treatment. Semin Arthritis Rheum. 2003 Apr;32(5):273-84. doi:
,,10.1053/sarh.2002.50012. PMID: 12701038.
,,
,,"84: Aoki A, Ono S, Ueda A, Hagiwara E, Tsuji T, Misumi M, Ideguchi H, Takeda Y,"
,,Ishigatsubo Y. Myositis in primary Sjögren's syndrome: clinical and pathological
,,report. Mod Rheumatol. 2003 Mar;13(1):57-61. doi: 10.3109/s101650300008. PMID:
,,24387117
,,
,,"85: Spiewak R, Stojek N. Antinuclear antibodies among eastern-Polish rural"
,,inhabitants. Ann Agric Environ Med. 2003;10(2):207-9. PMID: 14677913.
,,
,,"86: Ascherman DP, Oriss TB, Oddis CV, Wright TM. Critical requirement for"
,,professional APCs in eliciting T cell responses to novel fragments of histidyl-
,,tRNA synthetase (Jo-1) in Jo-1 antibody-positive polymyositis. J Immunol. 2002
,,Dec 15;169(12):7127-34. doi: 10.4049/jimmunol.169.12.7127. PMID: 12471150.
,,
,,"87: Pellissier JF, Civatte M, Fernandez C, Bartoli C, Chetaille B, Schleinitz N,"
,,Figarella-Branger D. La dermatomyosite et la polymyosite [Dermatomyositis and
,,polymyositis]. Rev Neurol (Paris). 2002 Oct;158(10 Pt 1):934-47. French. PMID:
,,12407302
,,
,,"88: Maclachlan D, Vogt P, Wu X, Rose L, Tyndall A, Hasler P. Der Nachweis von"
,,Autoantikörpern gegen extrahierbare nukleäre Antigene (ENA) mittels Line
,,Immunoassay (LIA) im Vergleich mit dem Enzyme-linked Immunosorbent Assay (ELISA)
,,in Relation zu anderen Laborparametern und zur Klinik [Comparison between line
,,immunoassay (LIA) and enzyme-linked immunosorbent assay (ELISA) for the
,,determination of antibodies to extractable nuclear antigenes (ENA) with
,,reference to other laboratory results and clinical features]. Z Rheumatol. 2002
,,Oct;61(5):534-44. German. doi: 10.1007/s00393-002-0412-8. PMID: 12399881.
,,
,,"89: González C, Guevara P, Alarcón I, Hernando M, Navajo JA, González-Buitrago"
,,JM. Antinuclear antibodies (ANA) screening by enzyme immunoassay with nuclear
,,HEp-2 cell extract and recombinant antigens: analytical and clinical evaluation.
,,Clin Biochem. 2002 Sep;35(6):463-9. doi: 10.1016/s0009-9120(02)00342-9. PMID:
,,12413607
,,
,,"90: Salliot C, Escaut L, Minoui P, Minozzi C, Coumbaras J, Vittecoq D. Syndrome"
,,des anticorps anti-Jo1 chez un patient infecté par le VIH [Anti-Jo1 antibodies
,,syndrome in an HIV-infected patient]. Ann Med Interne (Paris). 2002
,,May;153(3):209-10. French. PMID: 12218906.
,,
,,"91: Taggart AJ, Finch MB, Courtney PA, Gormley GJ. Anti Jo-1 myositis."
,,'Mechanic's hands' and interstitial lung disease. Ulster Med J. 2002
,,May;71(1):68-71. PMID: 12137171; PMCID: PMC2475351.
,,
,,"92: Legout L, Fauchais AL, Hachulla E, Queyrel V, Michon-Pasturel U, Lambert M,"
,,"Hatron PY, Devulder B. Le syndrome des anti-synthétases: un sous-groupe des"
,,myopathies inflammatoires à ne pas méconnaître [The antisynthetase syndrome: a
,,subgroup of inflammatory myopathies not to be unrecognized]. Rev Med Interne.
,,2002 Mar;23(3):273-82. French. doi: 10.1016/s0248-8663(01)00552-5. PMID:
,,11928375
,,
,,"93: Agha B, Rasheed M, Kenyon L, Jimenez SA. Hepatitis C virus infection,"
,,"inflammatory myopathy, and pulmonary fibrosis: are they related? J Clin"
,,Rheumatol. 2002 Feb;8(1):44-9. doi: 10.1097/00124743-200202000-00010. PMID:
,,17039200
,,
,,"94: Horiki T, Ichikawa Y, Moriuchi J, Hoshina Y, Yamada C, Wakabayashi T,"
,,"Jackson K, Inoko H. HLA class II haplotypes associated with pulmonary"
,,interstitial lesions of polymyositis/dermatomyositis in Japanese patients.
,,Tissue Antigens. 2002 Jan;59(1):25-30. doi: 10.1034/j.1399-0039.2002.590105.x.
,,PMID: 11972875.
,,
,,"95: Marie I, Dominique S, Rémy-Jardin M, Hatron PY, Hachulla E. Pneumopathie"
,,interstitielle au cours des polymyosites et des dermatomyosites [Interstitial
,,lung diseases in polymyositis and dermatomyositis]. Rev Med Interne. 2001
,,Nov;22(11):1083-96. French. doi: 10.1016/s0248-8663(01)00473-8. PMID: 11817120.
,,
,,"96: Gupta S, Blaivas M, Ike RW, Crofford LJ. Polymyositis evolving after"
,,rhabdomyolysis associated with HMG-CoA reductase inhibitors: a report of two
,,cases. J Clin Rheumatol. 2001 Oct;7(5):332-5. doi:
,,10.1097/00124743-200110000-00015. PMID: 17039165.
,,
,,"97: Douglas WW, Tazelaar HD, Hartman TE, Hartman RP, Decker PA, Schroeder DR,"
,,Ryu JH. Polymyositis-dermatomyositis-associated interstitial lung disease. Am J
,,Respir Crit Care Med. 2001 Oct 1;164(7):1182-5. doi:
,,10.1164/ajrccm.164.7.2103110. PMID: 11673206.
,,
,,"98: Hayashi N, Kawamoto T, Mukai M, Morinobu A, Koshiba M, Kondo S, Maekawa S,"
,,Kumagai S. Detection of antinuclear antibodies by use of an enzyme immunoassay
,,with nuclear HEp-2 cell extract and recombinant antigens: comparison with
,,immunofluorescence assay in 307 patients. Clin Chem. 2001 Sep;47(9):1649-59.
,,PMID: 11514399.
,,
,,"99: Gilbert DT, Morgan O, Smikle MF, Simeon D, Barton EN. HTLV-1 associated"
,,polymyositis in Jamaica. Acta Neurol Scand. 2001 Aug;104(2):101-4. doi:
,,10.1034/j.1600-0404.2001.104002101.x. PMID: 11493227.
,,
,,"100: Todea D, Godard P. Atteinte pulmonaire de la polymyosite, à propos d'un cas"
,,"[Pulmonary involvement in polymyositis, case report]. Pneumologia. 2001 Jul-"
,,Sep;50(3):182-7. French. PMID: 11977491.
,,
,,"101: Hirai H, To M, To Y, Ogawa C, Otomo M, Suzuki N, Sano Y, Ito K. [Successful"
,,therapy of cyclosporin A in a case with idiopathic interstitial pneumonia].
,,Arerugi. 2001 Apr;50(4):399-406. Japanese. PMID: 11398337.
,,
,,"102: Serratrice J, Granel B, Pache X, Disdier P, De Roux-Serratrice C,"
,,"Pellissier JF, Weiller PJ. A case of polymyositis with anti-histidyl-t-RNA"
,,synthetase (Jo-1) antibody syndrome following extensive vinyl chloride exposure.
,,Clin Rheumatol. 2001;20(5):379-82. doi: 10.1007/s100670170032. PMID: 11642524.
,,
,,"103: La Civita L, Battiloro R, Celano M. Nocardia pleural empyema complicating"
,,anti-Jo1 positive polymyositis during immunoglobulin and steroid therapy. J
,,Rheumatol. 2001 Jan;28(1):215-7. PMID: 11196531.
,,
,,"104: Bär H, Pöhlmann G, Figulla HR. Akute akrale Ischämie aller Finger als"
,,mögliche Folge einer Borrelieninfektion [Acute acral ischemia in all fingers
,,possibly due to a Borrelia infection]. Vasa. 2000 Nov;29(4):279-81. German. doi:
,,10.1024/0301-1526.29.4.279. PMID: 11141652.
,,
,,"105: Córdoba-Guijarro S, Feal C, Daudén E, Fraga J, García-Díez A. Lupus"
,,erythematosus-like lesions in a carrier of X-linked chronic granulomatous
,,disease. J Eur Acad Dermatol Venereol. 2000 Sep;14(5):409-11. doi:
,,10.1046/j.1468-3083.2000.00113.x. PMID: 11305387.
,,
,,"106: Rozman B, Bozic B, Kos-Golja M, Plesivcnik-Novljan M, Kveder T."
,,Immunoserological aspects of idiopathic inflammatory muscle disease. Wien Klin
,,Wochenschr. 2000 Aug 25;112(15-16):722-7. PMID: 11020964.
,,
,,"107: Nanke Y, Tateisi M, Yamagata H, Hara M, Kamatani N. [A case of amyopathic"
,,dermatomyositis with rapidly progressive interstitial pneumonia]. Ryumachi. 2000
,,Aug;40(4):705-10. Japanese. PMID: 11021175.
,,
,,"108: Baron F, Ribbens C, Kaye O, Fillet G, Malaise M, Beguin Y. Effective"
,,treatment of Jo-1-associated polymyositis with T-cell-depleted autologous
,,peripheral blood stem cell transplantation. Br J Haematol. 2000
,,Aug;110(2):339-42. doi: 10.1046/j.1365-2141.2000.02191.x. PMID: 10971390.
,,
,,"109: Zampieri S, Ghirardello A, Doria A, Tonello M, Bendo R, Rossini K, Gambari"
,,PF. The use of Tween 20 in immunoblotting assays for the detection of
,,autoantibodies in connective tissue diseases. J Immunol Methods. 2000 May
,,26;239(1-2):1-11. doi: 10.1016/s0022-1759(00)00168-x. PMID: 10821942.
,,
,,"110: James K, Carpenter AB, Cook L, Marchand R, Nakamura RM. Development of the"
,,antinuclear and anticytoplasmic antibody consensus panel by the Association of
,,Medical Laboratory Immunologists. Clin Diagn Lab Immunol. 2000 May;7(3):436-43.
,,doi: 10.1128/CDLI.7.3.436-443.2000. PMID: 10799458; PMCID: PMC95891.
,,
,,"111: Mozaffar T, Pestronk A. Myopathy with anti-Jo-1 antibodies: pathology in"
,,perimysium and neighbouring muscle fibres. J Neurol Neurosurg Psychiatry. 2000
,,Apr;68(4):472-8. doi: 10.1136/jnnp.68.4.472. PMID: 10727483; PMCID: PMC1736872.
,,
,,"112: Schmidt WA, Wetzel W, Friedländer R, Lange R, Sörensen HF, Lichey HJ, Genth"
,,"E, Mierau R, Gromnica-Ihle E. Clinical and serological aspects of patients with"
,,anti-Jo-1 antibodies--an evolving spectrum of disease manifestations. Clin
,,Rheumatol. 2000;19(5):371-7. doi: 10.1007/s100670070030. PMID: 11055826.
,,
,,"113: Takeda N, Teramoto S, Ihn H, Arao T, Matsuse T, Toba K, Tamaki K, Ouchi Y."
,,[A case of very late onset overlap syndrome of systemic sclerosis and systemic
,,lupus erythematosus]. Nihon Ronen Igakkai Zasshi. 2000 Jan;37(1):74-9. Japanese.
,,doi: 10.3143/geriatrics.37.74. PMID: 10737026.
,,
,,"114: Villalta D, Bizzaro N, Tonutti E, Visentin D, Manoni F, Piazza A, Toffolo"
,,"L, Rizzotti P, Clemen P, Pradella M, Bassetti D, Tozzoli R. La determinazione"
,,degli autoanticorpi anti-ENA in pazienti con connettivite sistemica. Variabilità
,,analitica e sensibilità diagnostica di quattro metodi [Detection of anti-ENA
,,autoantibodies in patients with systemic connective tissue diseases. Analytical
,,variability and diagnostic sensitivity of 4 methods]. Recenti Prog Med. 1999
,,Nov;90(11):579-84. Italian. PMID: 10608146.
,,
,,"115: Ioannou Y, Sultan S, Isenberg DA. Myositis overlap syndromes. Curr Opin"
,,Rheumatol. 1999 Nov;11(6):468-74. PMID: 10551670.
,,
,,"116: Bayer PM, Bauerfeind S, Bienvenu J, Fabien N, Frei PC, Gilburd B, Heide KG,"
,,"Hoier-Madsen M, Meroni PL, Monier JC, Monneret G, Panzeri P, Shoenfeld Y,"
,,"Spertini F, Wiik A. Multicenter evaluation study on a new HEp2 ANA screening"
,,enzyme immune assay. J Autoimmun. 1999 Aug;13(1):89-93. doi:
,,10.1006/jaut.1999.0298. PMID: 10441172.
,,
,,"117: Hofzumahaus A, Kraus A, Müller M. Solar actinic flux spectroradiometry: a"
,,technique for measuring photolysis frequencies in the atmosphere. Appl Opt. 1999
,,Jul 20;38(21):4443-60. doi: 10.1364/ao.38.004443. PMID: 18323929.
,,
,,"118: Quaranta S, Shulman H, Ahmed A, Shoenfeld Y, Peter J, McDonald GB, Van de"
,,"Water J, Coppel R, Ostlund C, Worman HJ, Rizzetto M, Tsuneyama K, Nakanuma Y,"
,,"Ansari A, Locatelli F, Paganin S, Rosina F, Manns M, Gershwin ME. Autoantibodies"
,,in human chronic graft-versus-host disease after hematopoietic cell
,,transplantation. Clin Immunol. 1999 Apr;91(1):106-16. doi:
,,10.1006/clim.1998.4666. PMID: 10219261.
,,
,,"119: Verbaan H, Carlson J, Eriksson S, Larsson A, Liedholm R, Manthorpe R,"
,,"Tabery H, Widell A, Lindgren S. Extrahepatic manifestations of chronic hepatitis"
,,C infection and the interrelationship between primary Sjögren's syndrome and
,,hepatitis C in Swedish patients. J Intern Med. 1999 Feb;245(2):127-32. doi:
,,10.1046/j.1365-2796.1999.00414.x. PMID: 10081515.
,,
,,"120: Goldaracena Tanco M, Hernández Dettoma JL, Obaldía Alaãna C, Ortega"
,,"Martínez J, Siles Gutiérrez M. Utilización de antiinfecciosos en atención"
,,primaria en La Rioja [The utilization of anti-infective agents in primary care
,,in La Rioja]. Aten Primaria. 1998 Nov 30;22(9):574-9. Spanish. PMID: 9887579.
,,
,,"121: Gries C, Höffken G, Golder W, Wolf KJ. HR-CT der Lungen bei Jo-1-Syndrom:"
,,Rasch progrediente Fibrose als Folge eines Histidyl-tRNA-Synthetase-
,,Mangelsyndroms [High resolution CT of the lung in Jo-1 syndrome: rapidly
,,progressive fibrosis as a sequela of histidyl-tRNA synthetase deficiency
,,syndrome]. Rofo. 1998 Oct;169(4):450-2. German. doi: 10.1055/s-2007-1015318.
,,PMID: 9819665.
,,
,,"122: Kiely JL, Donohoe P, Bresnihan B, McNicholas WT. Pulmonary fibrosis in"
,,polymyositis with the Jo-1 syndrome: an unusual mode of presentation. Respir
,,Med. 1998 Sep;92(9):1167-9. doi: 10.1016/s0954-6111(98)90413-9. PMID: 9926174.
,,
,,"123: Saku N, Ohno S, Sugiyama Y, Kitamura S. [Relationship between the onset and"
,,outcome of interstitial pneumonia associated with polymyositis and
,,dermatomyositis]. Nihon Kokyuki Gakkai Zasshi. 1998 Jul;36(7):585-9. Japanese.
,,PMID: 9805908.
,,
,,"124: Nishikai M, Ohya K, Kosaka M, Akiya K, Tojo T. Anti-Jo-1 antibodies in"
,,polymyositis or dermatomyositis: evaluation by ELISA using recombinant fusion
,,protein Jo-1 as antigen. Br J Rheumatol. 1998 Apr;37(4):357-61. doi:
,,10.1093/rheumatology/37.4.357. PMID: 9619882.
,,
,,"125: Prince HE, Hogrefe WR. Evaluation of a line immunoblot assay for detection"
,,of antibodies recognizing extractable nuclear antigens. J Clin Lab Anal.
,,1998;12(5):320-4. doi: 10.1002/(sici)1098-2825(1998)12:5<320::aid-
,,jcla13>3.0.co;2-x. PMID: 9773966; PMCID: PMC6807698.
,,
,,"126: Asanuma H, Miyake J, Miyawaki S. [Newer approach of screening test for"
,,antinuclear antibodies: an enzyme-linked immunosorbent assay detecting
,,antinuclear antibodies characteristic of connective tissue diseases]. Nihon
,,Rinsho Meneki Gakkai Kaishi. 1997 Oct;20(5):417-27. Japanese. doi:
,,10.2177/jsci.20.417. PMID: 9391305.
,,
,,"127: Bridges AJ, Lorden TE, Havighurst TC. Autoantibody testing for connective"
,,"tissue diseases. Comparison of immunodiffusion, immunoblot, and enzyme"
,,immunoassay. Am J Clin Pathol. 1997 Oct;108(4):406-10. doi:
,,10.1093/ajcp/108.4.406. PMID: 9322593.
,,
,,"128: Alem M, Moghadam S, Malki J, Zaidi A, Nayak N, Li TM. Detection of"
,,autoantibodies to nuclear antigens by EIA and IF techniques. Allerg Immunol
,,"(Paris). 1997 Sep;29(7):188, 191-4. PMID: 9373708."
,,
,,129: Venables PJ. Antibodies to Jo-1 and Ro-52: why do they go together? Clin
,,Exp Immunol. 1997 Sep;109(3):403-5. doi: 10.1046/j.1365-2249.1997.4761369.x.
,,PMID: 9328112; PMCID: PMC1904762.
,,
,,"130: Iwata H, Aotsuka S, Okawa M, Kinoshita M, Sumiya M. [Antinuclear antibody"
,,screening by an enzyme-linked immunosorbent assay using multiple nuclear
,,antigens]. Ryumachi. 1997 Aug;37(4):548-55. Japanese. PMID: 9311280.
,,
,,"131: Rutjes SA, Vree Egberts WT, Jongen P, Van Den Hoogen F, Pruijn GJ, Van"
,,Venrooij WJ. Anti-Ro52 antibodies frequently co-occur with anti-Jo-1 antibodies
,,in sera from patients with idiopathic inflammatory myopathy. Clin Exp Immunol.
,,1997 Jul;109(1):32-40. doi: 10.1046/j.1365-2249.1997.4081308.x. PMID: 9218821;
,,PMCID: PMC1904727.
,,
,,"132: Hausmanowa-Petrusewicz I, Kowalska-Oledzka E, Miller FW, Jarzabek-"
,,"Chorzelska M, Targoff IN, Blaszczyk-Kostanecka M, Jablonska S. Clinical,"
,,"serologic, and immunogenetic features in Polish patients with idiopathic"
,,inflammatory myopathies. Arthritis Rheum. 1997 Jul;40(7):1257-66. doi:
,,10.1002/1529-0131(199707)40:7<1257::AID-ART10>3.0.CO;2-R. PMID: 9214426.
,,
,,"133: García Lirola MA, Cabeza Barrera J, Ignacio García JM, Rabadán Asensio A."
,,La calidad de la prescripción de antibacterianos en un distrito de atención
,,primaria. Evolución 1994-1995 [The quality of antibacterial prescription in a
,,primary care district. Its evolution in 1994-1995]. Aten Primaria. 1997 May
,,31;19(9):487-92. Spanish. PMID: 9264685.
,,
,,"134: Kalenian M, Zweiman B. Inflammatory myopathy, bronchiolitis"
,,"obliterans/organizing pneumonia, and anti-Jo-1 antibodies--an interesting"
,,association. Clin Diagn Lab Immunol. 1997 Mar;4(2):236-40. doi:
,,10.1128/cdli.4.2.236-240.1997. PMID: 9067664; PMCID: PMC170510.
,,
,,"135: Walravens MJ, Vanherrewegen H, Lacquet F, Godefridis G, Korevits G, Stevens"
,,"E, Marien G, Molenberghs G. Counterimmunoelectrophoresis with serum"
,,prediffusion: an improved method for the detection and identification of
,,antibodies against extractable nuclear and cytoplasmic antigens. J Immunol
,,Methods. 1997 Feb 14;201(1):89-98. doi: 10.1016/s0022-1759(96)00200-1. PMID:
,,9032412
,,
,,"136: Tubéry M, Lauque D, Murris M, Didier A, Adoue D, Estivals M, Duffaut M,"
,,Carles P. Evolution des pneumopathies interstitielles associées aux myopathies
,,inflammatoires [Course of interstitial lung diseases associated with
,,inflammatory myopathies. Apropos of 5 cases]. Ann Med Interne (Paris).
,,1997;148(1):2-10. French. PMID: 9137692.
,,
,,"137: Dawson JK, Abernethy VE, Lynch MP. Effective treatment of anti Jo-1"
,,antibody-positive polymyositis with cyclosporin. Br J Rheumatol. 1997
,,Jan;36(1):144-5. doi: 10.1093/rheumatology/36.1.144. PMID: 9117161.
,,
,,"138: Satoh S, Hirakata M, Suwa A, Mimori T, Inada S, Akizuki M. [Two cases of"
,,interstitial pneumonia with anti-PL-12 (alanyl tRNA synthetase) antibodies].
,,Ryumachi. 1996 Dec;36(6):862-8. Japanese. PMID: 9122826.
,,
,,"139: Vázquez-Abad D, Carson JH, Rothfield N. Localization of histidyl-tRNA"
,,synthetase (Jo-1) in human laryngeal epithelial carcinoma cell line (HEp-2
,,cells). Cell Tissue Res. 1996 Dec;286(3):487-91. doi: 10.1007/s004410050718.
,,PMID: 8929351.
,,
,,"140: Suzuki S, Kuroe K, Yasue K, Kusuda R. Antigenicity and N-terminal amino"
,,acid sequence of a 35 kDa porin-like protein of Listonella (Vibrio) anguillarum:
,,comparison among different serotypes and other bacterial species. Lett Appl
,,Microbiol. 1996 Nov;23(5):303-6. doi: 10.1111/j.1472-765x.1996.tb00195.x. PMID:
,,8987710
,,
,,"141: Grau JM, Miró O, Pedrol E, Casademont J, Masanés F, Herrero C, Haussman G,"
,,Urbano-Márquez A. Interstitial lung disease related to dermatomyositis.
,,Comparative study with patients without lung involvement. J Rheumatol. 1996
,,Nov;23(11):1921-6. PMID: 8923367.
,,
,,142: Moder KG. Use and interpretation of rheumatologic tests: a guide for
,,clinicians. Mayo Clin Proc. 1996 Apr;71(4):391-6. doi: 10.4065/71.4.391. PMID:
,,8637264
,,
,,"143: Citera G, Lazaro MA, Maldonado Cocco JA, de Benyacar MA, Scheines EJ,"
,,Ciaffi M. Apatite deposition in polymyositis subluxing arthropathy. J Rheumatol.
,,1996 Mar;23(3):551-3. PMID: 8833002.
,,
,,"144: Perrenoud FG, Van Lindhoudt D, Ochsner F, Janzer RC, Ott H. Myosite,"
,,"polysynovite et fibrose pulmonaire: le syndrome anti-Jo-1 [Myositis,"
,,polysynovitis and pulmonary fibrosis: anti-Jo-1 syndrome]. Schweiz Med
,,Wochenschr. 1996 Jan 27;126(4):120-3. French. PMID: 8578293.
,,
,,"145: Tellus MM, Buchanan RR. Effective treatment of anti Jo-1 antibody-positive"
,,polymyositis with cyclosporine. Br J Rheumatol. 1995 Dec;34(12):1187-8. doi:
,,10.1093/rheumatology/34.12.1187. PMID: 8608369.
,,
,,146: Matsubara S. [Clinical investigation for polymyositis and related
,,disorders]. Rinsho Byori. 1995 Sep;43(9):877-85. Japanese. PMID: 7474450.
,,
,,"147: Tishler M, Alosachie I, Barka N, Lin HC, Gershwin ME, Peter JB, Shoenfeld"
,,Y. Primary Sjögren's syndrome and primary biliary cirrhosis: differences and
,,similarities in the autoantibody profile. Clin Exp Rheumatol. 1995 Jul-
,,Aug;13(4):497-500. PMID: 7586784.
,,
,,"148: Barka N, Shen GQ, Shoenfeld Y, Alosachie IJ, Gershwin ME, Reyes H, Peter"
,,JB. Multireactive pattern of serum autoantibodies in asymptomatic individuals
,,with immunoglobulin A deficiency. Clin Diagn Lab Immunol. 1995 Jul;2(4):469-72.
,,doi: 10.1128/cdli.2.4.469-472.1995. PMID: 7583926; PMCID: PMC170181.
,,
,,"149: Kämmerer R, Bürgisser P, Frei PC. Anti-human immunodeficiency virus type 1"
,,antibodies of noninfected subjects are not related to autoantibodies occurring
,,in systemic diseases. Clin Diagn Lab Immunol. 1995 Jul;2(4):458-61. doi:
,,10.1128/cdli.2.4.458-461.1995. PMID: 7583924; PMCID: PMC170179.
,,
,,"150: Buskila D, Berezin M, Gur H, Lin HC, Alosachie I, Terryberry JW, Barka N,"
,,"Shen B, Peter JB, Shoenfeld Y. Autoantibody profile in the sera of women with"
,,hyperprolactinemia. J Autoimmun. 1995 Jun;8(3):415-24. doi:
,,10.1006/jaut.1995.0033. PMID: 7576002.
,,
,,"151: Chmiel JF, Wessel HU, Targoff IN, Pachman LM. Pulmonary fibrosis and"
,,myositis in a child with anti-Jo-1 antibody. J Rheumatol. 1995 Apr;22(4):762-5.
,,PMID: 7791178.
,,
,,"152: Tanimoto K, Nakano K, Kano S, Mori S, Ueki H, Nishitani H, Sato T, Kiuchi"
,,"T, Ohashi Y. Classification criteria for polymyositis and dermatomyositis. J"
,,Rheumatol. 1995 Apr;22(4):668-74. Erratum in: J Rheumatol 1995 Sep;22(9):1807.
,,PMID: 7791161.
,,
,,"153: Bar-Meir E, Teuber SS, Lin HC, Alosacie I, Goddard G, Terybery J, Barka N,"
,,"Shen B, Peter JB, Blank M, et al. Multiple autoantibodies in patients with"
,,silicone breast implants. J Autoimmun. 1995 Apr;8(2):267-77. doi:
,,10.1006/jaut.1995.0020. PMID: 7612152.
,,
,,"154: Ahmed TA, Malik IA, Saleem M, Khan AA, Hameed A, Shah ST, Amin SJ, Farooqi"
,,A. Antibodies to the extractable nuclear antigens (ENA) in Pakistani patients
,,with systemic rheumatic disease. J Pak Med Assoc. 1995 Jan;45(1):12-4. PMID:
,,7731078
,,
,,"155: Genth E, Mierau R. Diagnostische Bedeutung Sklerodermie- und Myositis-"
,,assoziierter Autoantikörper [Diagnostic significance of scleroderma and
,,myositis-associated autoantibodies]. Z Rheumatol. 1995 Jan-Feb;54(1):39-49.
,,German. PMID: 7725809.
,,
,,"156: Jaskowski TD, Schroder C, Martins TB, Mouritsen L, Hill HR. Comparison of"
,,three commercially available enzyme immunoassays for the screening of
,,autoantibodies to extractable nuclear antigens. J Clin Lab Anal.
,,1995;9(3):166-72. doi: 10.1002/jcla.1860090304. PMID: 7602423.
,,
,,157: Zuber M. Antinucleäre Antikörper in der Rheumatologie [Antinuclear
,,antibodies in rheumatology]. Z Rheumatol. 1994 Nov-Dec;53(6):327-34. German.
,,PMID: 7871904.
,,
,,"158: Mitra D, Lovell CL, Macleod TI, Tan RS, Maddison PJ. Clinical and"
,,histological features of 'mechanic's hands' in a patient with antibodies to Jo-1
,,--a case report. Clin Exp Dermatol. 1994 Mar;19(2):146-8. doi:
,,10.1111/j.1365-2230.1994.tb01144.x. PMID: 8050145.
,,
,,"159: Suzuki S, Kuroe K, Kusuda R. Characteristics of porin-like major outer"
,,"membrane proteins of Listonella anguillara serotypes J-O-1, -2 and -3. Biochem"
,,Mol Biol Int. 1994 Mar;32(4):605-13. PMID: 8038711.
,,
,,"160: Rowińska-Marcińska K, Szmidt-Sałkowska E, Kowalska E, Błaszczyk M, Drac H,"
,,"Zakrzewska-Pniewska B, Karwańska A, Jabłońska S, Hausmanowa-Petrusewicz I."
,,Zastosowanie badań elektrofizjologicznych i immunologicznych do diagnostyki
,,miopatii w chorobach tkanki łacznej [Diagnostic yield of electrophysiological
,,and immunological studies in inflammatory myopathies]. Neurol Neurochir Pol.
,,1994;28(1 Suppl 1):103-13. Polish. PMID: 8065537.
,,
,,"161: Abuaf N, Barthet C. Contribution des auto-anticorps au diagnostic des"
,,maladies vasculaires [Autoantibodies in the diagnosis of vascular diseases]. J
,,Mal Vasc. 1994;19(1):1-6. French. PMID: 8027675.
,,
,,"162: Ray DW, Bridger J, Hawnaur J, Waldek S, Bernstein RM, Dornan TL. Transverse"
,,myelitis as the presentation of Jo-1 antibody syndrome (myositis and fibrosing
,,alveolitis) in long-standing ulcerative colitis. Br J Rheumatol. 1993
,,Dec;32(12):1105-8. doi: 10.1093/rheumatology/32.12.1105. PMID: 8252324.
,,
,,"163: Moder KG, Gaffey TA, Matteson EL. Idiopathic inflammatory myopathy of the"
,,antisynthetase (Jo-1) type associated with noncaseating granulomas. Arthritis
,,Rheum. 1993 Dec;36(12):1743-7. doi: 10.1002/art.1780361215. PMID: 8250995.
,,
,,164: Garlepp MJ. Immunogenetics of inflammatory myopathies. Baillieres Clin
,,Neurol. 1993 Nov;2(3):579-97. PMID: 8156144.
,,
,,"165: Frost NA, Morand EF, Hall CL, Maddison PJ, Bhalla AK. Idiopathic"
,,polymyositis complicated by arthritis and mesangial proliferative
,,glomerulonephritis: case report and review of the literature. Br J Rheumatol.
,,1993 Oct;32(10):929-31. doi: 10.1093/rheumatology/32.10.929. PMID: 8402004.
,,
,,"166: Treher E, Niederhoff A, Gellissen U, Schmidt P, Dornberg M, Peter HH."
,,Polymyositis und Jo-1-Syndrom [Polymyositis and Jo-1 syndrome]. Z Rheumatol.
,,1993 Sep-Oct;52(5):301-6. German. PMID: 8259722.
,,
,,"167: Zaharhari D, Shoenfold Y. [Polymyositis and anti Jo-1 antibodies]."
,,Harefuah. 1993 Feb 15;124(4):206-10. Hebrew. PMID: 8495901.
,,
,,"168: Tang FL, Gan XD, Dong Y. [The purification of SS-B antigen and detection of"
,,anti-SS-B antibodies]. Zhonghua Nei Ke Za Zhi. 1993 Feb;32(2):107-10. Chinese.
,,PMID: 8404325.
,,
,,"169: Poveda Gómez F, Merino JL, Maté I, Sobrino JA, Camacho J, Gamallo C."
,,Polymyositis associated with anti-Jo1 antibodies: severe cardiac involvement as
,,initial manifestation. Am J Med. 1993 Jan;94(1):110-1. doi:
,,10.1016/0002-9343(93)90130-h. PMID: 8420288.
,,
,,"170: Koeger AC, Oberlin F, Rozenberg S, Bourgeois P. Dermatopolymyosites et"
,,D-pénicillamine: intérêt de la recherche des anticorps anti-JO1
,,[Dermatopolymyositis and D-penicillamine: value of the search for anti-JO1
,,antibodies]. Rev Rhum Mal Osteoartic. 1992 Nov 30;59(11):774. French. PMID:
,,1306601
,,
,,"171: Lifermann F, Schaeverbeke T, Lafage MH, Paty MC, Dehais J. Arthropathie"
,,déformante associée à la présence de l'anticorps anti Jo-1 au cours de la
,,polymyosite. Une nouvelle observation [Deforming arthropathy associated with the
,,presence of anti Jo-1 antibody in polymyositis. A new case]. Presse Med. 1992
,,Sep 19;21(30):1423-5. French. PMID: 1454779.
,,
,,"172: Isern RA, Yaneva M, Weiner E, Parke A, Rothfield N, Dantzker D, Rich S,"
,,Arnett FC. Autoantibodies in patients with primary pulmonary hypertension:
,,association with anti-Ku. Am J Med. 1992 Sep;93(3):307-12. doi:
,,10.1016/0002-9343(92)90238-7. PMID: 1524083.
,,
,,"173: Pruijn GJ, Bozic B, Schoute F, Rokeach LA, van Venrooij WJ. Refined"
,,definition of the 56K and other autoantigens in the 50-60 kDa region. Mol Biol
,,Rep. 1992 Sep;16(4):267-76. doi: 10.1007/BF00419667. PMID: 1454060.
,,
,,174: Xu YH. [Antibodies to extractable nuclear antigen polypeptides: detection
,,"and its clinical significance]. Zhonghua Yi Xue Za Zhi. 1992 Sep;72(9):541-3,"
,,573. Chinese. PMID: 1338517.
,,
,,"175: Hara I, Miyake H. [A case of progressive systemic sclerosis complicated by"
,,crescentic glomerulonephritis and diffuse pulmonary hemorrhage]. Nihon Jinzo
,,Gakkai Shi. 1992 Jul;34(7):827-33. Japanese. PMID: 1479723.
,,
,,"176: Imokawa S, Sato A, Iwata M, Suda T, Shichi I, Yasuda K, Genma H, Okano A,"
,,"Hayakawa H, Chida K. [A case of bronchiolitis obliterans organizing pneumonia"
,,with positive anti Jo-1 antibody preceding polymyositis]. Nihon Kyobu Shikkan
,,Gakkai Zasshi. 1992 May;30(5):914-9. Japanese. PMID: 1630059.
,,
,,"177: Chatté G, Boyer J. Pneumopathie interstitielle fibrosante et"
,,dermatomyosite. Histologie pulmonaire et pronostic [Interstitial fibrosing
,,pneumopathy and dermatomyositis. Pulmonary histology and prognosis]. Rev Mal
,,Respir. 1992;9(6):634-5. French. PMID: 1470758.
,,
,,"178: Clegg DO, Williams HJ, Singer JZ, Steen VD, Schlegel S, Ziminski C, Alarcón"
,,"GS, Luggen ME, Polisson RP, Willkens RF, et al. Early undifferentiated"
,,connective tissue disease. II. The frequency of circulating antinuclear
,,antibodies in patients with early rheumatic diseases. J Rheumatol. 1991
,,Sep;18(9):1340-3. PMID: 1757935.
,,
,,"179: López Lancis A, Manero Ruiz F, Bello Dronda S, Vila Justribo M, Povar Marco"
,,"J, Gil Pérez D. Fibrosis pulmonar como forma de presentación del síndrome Jo-1"
,,[Pulmonary fibrosis as a presentation form of the Jo-1 syndrome]. An Med
,,Interna. 1991 Aug;8(8):393-4. Spanish. PMID: 1768750.
,,
,,"180: van Venrooij WJ, Charles P, Maini RN. The consensus workshops for the"
,,detection of autoantibodies to intracellular antigens in rheumatic diseases. J
,,Immunol Methods. 1991 Jul 5;140(2):181-9. doi: 10.1016/0022-1759(91)90369-q.
,,PMID: 1906075.
,,
,,"181: Nagano Y, Yoshinoya S, Ohkubo A. [Cytoplasmic staining pattern"
,,characteristic for anti Jo-1 antibody in HEp-2 cells]. Rinsho Byori. 1991
,,Mar;39(3):269-72. Japanese. PMID: 1711130.
,,
,,"182: Shi MH, Tsui FW, Rubin LA. Cellular localization of the target structures"
,,recognized by the anti-Jo-1 antibody: immunofluorescence studies on cultured
,,human myoblasts. J Rheumatol. 1991 Feb;18(2):252-8. PMID: 2023220.
,,
,,"183: Miyagawa S, Inagaki Y, Okada N, Yoshioka A, Ueki H, Yoshikawa K, Shirai T."
,,A novel anti-ENA antibody in sera of patients with childhood idiopathic
,,thrombocytopenic purpura. J Dermatol. 1991 Feb;18(2):69-73. doi:
,,10.1111/j.1346-8138.1991.tb03045.x. PMID: 1906488.
,,
,,"184: Flammang d'Ortho MP, Cadranel J, Milleron B, Zalcman G, Arvin-Berod C,"
,,"Terrioux P, Akoun G. Atteintes pulmonaires interstitielles des polymyosites (PM)"
,,et dermatopolymyosites (DP). A propos de 3 observations. Revue de la littérature
,,[Interstitial pulmonary involvement of polymyositis and dermatomyositis. Apropos
,,of 3 cases. Review of the literature]. Rev Pneumol Clin. 1991;47(1):29-36.
,,French. PMID: 1882159.
,,
,,"185: Marguerie C, Bunn CC, Beynon HL, Bernstein RM, Hughes JM, So AK, Walport"
,,"MJ. Polymyositis, pulmonary fibrosis and autoantibodies to aminoacyl-tRNA"
,,synthetase enzymes. Q J Med. 1990 Oct;77(282):1019-38. doi:
,,10.1093/qjmed/77.1.1019. PMID: 2267280.
,,
,,"186: Miller FW, Love LA, Barbieri SA, Balow JE, Plotz PH. Lymphocyte activation"
,,markers in idiopathic myositis: changes with disease activity and differences
,,among clinical and autoantibody subgroups. Clin Exp Immunol. 1990
,,Sep;81(3):373-9. doi: 10.1111/j.1365-2249.1990.tb05341.x. PMID: 2168821; PMCID:
,,PMC1534997.
,,
,,"187: Goldstein R, Duvic M, Targoff IN, Reichlin M, McMenemy AM, Reveille JD,"
,,"Warner NB, Pollack MS, Arnett FC. HLA-D region genes associated with"
,,autoantibody responses to histidyl-transfer RNA synthetase (Jo-1) and other
,,translation-related factors in myositis. Arthritis Rheum. 1990 Aug;33(8):1240-8.
,,doi: 10.1002/art.1780330826. PMID: 1975177.
,,
,,"188: Turner-Stokes L, Haslam P, Jones M, Dudeney C, Le Page S, Isenberg D."
,,Autoantibody and idiotype profile of lung involvement in autoimmune rheumatic
,,disease. Ann Rheum Dis. 1990 Mar;49(3):160-2. doi: 10.1136/ard.49.3.160. PMID:
,,2322027; PMCID: PMC1004012.
,,
,,"189: Targoff IN, Arnett FC. Clinical manifestations in patients with antibody to"
,,PL-12 antigen (alanyl-tRNA synthetase). Am J Med. 1990 Mar;88(3):241-51. doi:
,,10.1016/0002-9343(90)90149-8. PMID: 2178410.
,,
,,190: Bernstein RM. Humoral autoimmunity in systemic rheumatic disease. A review.
,,J R Coll Physicians Lond. 1990 Jan;24(1):18-25. PMID: 2407838; PMCID:
,,PMC5387448.
,,
,,"191: Arad-Dann H, Isenberg D, Ovadia E, Shoenfeld Y, Sperling J, Sperling R."
,,Autoantibodies against a nuclear 56 kDa protein: a marker for inflammatory
,,muscle disease. J Autoimmun. 1989 Dec;2(6):877-88. doi:
,,10.1016/0896-8411(89)90014-0. PMID: 2619871.
,,
,,"192: Yamane K, Kato S, Sakauchi M. [Progress in laboratory tests of connective"
,,tissue diseases]. Rinsho Byori. 1989 Dec;37(12):1311-6. Japanese. PMID: 2614963.
,,
,,"193: Meurer M, Hausmann-Martinez-Pardo G, Braun-Falco O. Das Spektrum"
,,antinukleärer und antizytoplasmatischer Antikörper bei Dermatomyositis und
,,Polymyositis-Overlap-Syndromen [Spectrum of antinuclear and anti-cytoplasmic
,,antibodies in dermatomyositis and polymyositis overlap syndromes]. Hautarzt.
,,1989 Oct;40(10):623-9. German. PMID: 2482267.
,,
,,"194: Dong Y, Cheng PC, Zhang NC. [Preliminary report on the clinical application"
,,"of anti-Jo-1 antibody]. Zhonghua Nei Ke Za Zhi. 1989 Jun;28(6):368-9, 383."
,,Chinese. PMID: 2582917.
,,
,,"195: Clarke CR, Dyall-Smith DJ, Mackay IR, Emery P, Jennens ID, Becker G. Plasma"
,,exchange in dermatomyositis/polymyositis: beneficial effects in three cases. J
,,Clin Lab Immunol. 1988 Nov;27(3):149-52. PMID: 3246687.
,,
,,"196: Rozman B, Kveder T, Lestan B. The significance of some immunoserologic"
,,diagnostic tests in systemic diseases. Acta Med Austriaca. 1988;15(5):148-9.
,,PMID: 3265251.
,,
,,"197: Thiry M, Humbel R, Dicato M, Goessens G, Meyers R, Ries F. Electron"
,,microscopy proves Jo-1 antigen to be predominantly cytoplasmic but also nuclear.
,,Biomed Pharmacother. 1988;42(7):469-71. PMID: 3066408.
,,
,,"198: de Rooij DJ, van de Putte LB, Habets WJ, Verbeek AL, van Venrooij WJ. The"
,,use of immunoblotting to detect antibodies to nuclear and cytoplasmic antigens.
,,Clinical and serological associations in rheumatic diseases. Scand J Rheumatol.
,,1988;17(5):353-64. doi: 10.3109/03009748809105271. PMID: 3062767.
,,
,,"199: Walker EJ, Jeffrey PD. Purification of bovine liver histidyl-tRNA"
,,"synthetase, the Jo-1 antigen of polymyositis: size of the whole enzyme and its"
,,characteristic proteolytic fragments. Biol Chem Hoppe Seyler. 1987
,,May;368(5):531-7. doi: 10.1515/bchm3.1987.368.1.531. PMID: 3620106.
,,
,,"200: Targoff IN, Reichlin M. Measurement of antibody to Jo-1 by ELISA and"
,,comparison to enzyme inhibitory activity. J Immunol. 1987 May 1;138(9):2874-82.
,,PMID: 3553328.
,,
,,"1: Biswas T, Miller FW, Takagaki Y, Plotz PH. An enzyme-linked immunosorbent"
,,assay for the detection and quantitation of anti-Jo-1 antibody in human serum. J
,,Immunol Methods. 1987 Apr 16;98(2):243-8. doi: 10.1016/0022-1759(87)90011-1.
,,PMID: 3494784.
,,
,,"2: Biswas T, Miller FW, Twitty SA, Plotz PH. An efficient method for enrichment"
,,of histidyl-tRNA synthetase (Jo-1 antigen) from HeLa cells. J Immunol Methods.
,,1987 Apr 16;98(2):235-41. doi: 10.1016/0022-1759(87)90010-x. PMID: 3494783.
,,
,,"3: Meyer O, Cremer-Legmann F, Haim T, Ryckewaert A. Principaux anticorps"
,,antinucléaires et anticytoplasme au cours des polymyosites et des
,,dermatomyosites. Etude de 42 observations [The principle antinuclear and anti-
,,cytoplasmic antibodies in polymyositis and dermatomyositis. Study of 42 cases].
,,Presse Med. 1987 Feb 7;16(4):155-8. French. PMID: 2950445.
,,
,,"4: Barranquero-Beltrán A, Meyer O, Haim T, Kaplan G, Kahn MF. Profil comparatif"
,,des anticorps antinucléaires au cours des syndromes de Gougerot-Sjögren avec et
,,sans fibrose pulmonaire interstitielle diffuse [Comparative profile of
,,antinuclear antibodies in Gougerot-Sjögren syndrome with and without diffuse
,,interstitial pulmonary fibrosis]. Rev Rhum Mal Osteoartic. 1986
,,Nov;53(11):615-9. French. PMID: 3497426.
,,
,,5: Pachman LM. Juvenile dermatomyositis. Pediatr Clin North Am. 1986
,,Oct;33(5):1097-117. doi: 10.1016/s0031-3955(16)36110-7. PMID: 3532004.
,,
,,"6: Williams DG, Stocks MR, Charles PJ, Maini RN. Antibodies to La, Jo-1, nRNP"
,,and Sm detected by multi-track immunoblotting using a novel filter holder: a
,,comparative study with counterimmunoelectrophoresis and immunodiffusion using
,,sera from patients with systemic lupus erythematosus and Sjögren's syndrome. J
,,Immunol Methods. 1986 Jul 11;91(1):65-73. doi: 10.1016/0022-1759(86)90103-1.
,,PMID: 3088125.
,,
,,"7: Dang CV, LaDuca FM, Bell WR. Histidyl-tRNA synthetase, the myositis Jo-1"
,,"antigen, is cytoplasmic and unassociated with the cytoskeletal framework. Exp"
,,Cell Res. 1986 May;164(1):261-6. doi: 10.1016/0014-4827(86)90474-x. PMID:
,,3956597
,,
,,8: Dang CV. Intranuclear location of the myositis-specific Jo-1 antigen: hopping
,,histidyl-tRNA synthetase? Arthritis Rheum. 1985 Jul;28(7):839-40. doi:
,,10.1002/art.1780280724. PMID: 2409986.
,,
,,"9: Bahrt KM, McCarty GA. A negative fluorescent antinuclear antibody test in a"
,,patient with Jo-1 antibody. J Rheumatol. 1985 Jun;12(3):624-5. PMID: 3876439.
,,
,,"10: Elkon KB, Jankowski PW. Fine specificities of autoantibodies directed"
,,"against the Ro, La, Sm, RNP, and Jo-1 proteins defined by two-dimensional gel"
,,electrophoresis and immunoblotting. J Immunol. 1985 Jun;134(6):3819-24. PMID:
,,2985698
,,
,,"11: Holden DJ, Brownell AK, Fritzler MJ. Clinical and serologic features of"
,,patients with polymyositis or dermatomyositis. Can Med Assoc J. 1985 Mar
,,15;132(6):649-53. PMID: 3872156; PMCID: PMC1345785.
,,
,,"12: Owens J, Lewis RM, Cantor A, Furie BC, Furie B. Monoclonal antibodies"
,,against human abnormal (des-gamma-carboxy)prothrombin specific for the calcium-
,,free conformer of prothrombin. J Biol Chem. 1984 Nov 25;259(22):13800-5. PMID:
,,6209271
,,
,,"13: Hochberg MC, Feldman D, Stevens MB, Arnett FC, Reichlin M. Antibody to Jo-1"
,,in polymyositis/dermatomyositis: association with interstitial pulmonary
,,disease. J Rheumatol. 1984 Oct;11(5):663-5. PMID: 6334746.
,,
,,"14: Yang DC, Dang CV, Arnett FC. Rat liver histidyl-tRNA synthetase."
,,Purification and inhibition by the myositis-specific anti-Jo-1 autoantibody.
,,Biochem Biophys Res Commun. 1984 Apr 16;120(1):15-21. doi:
,,10.1016/0006-291x(84)91407-4. PMID: 6712685.
,,
,,"15: Pachman LM, Maryjowski MC. Juvenile dermatomyositis and polymyositis. Clin"
,,Rheum Dis. 1984 Apr;10(1):95-115. PMID: 6734123.
,,
,,"16: Wasicek CA, Reichlin M, Montes M, Raghu G. Polymyositis and interstitial"
,,lung disease in a patient with anti-Jo1 prototype. Am J Med. 1984
,,Mar;76(3):538-44. doi: 10.1016/0002-9343(84)90677-6. PMID: 6702878.
,,
,,"17: Reichlin M, Maddison PJ, Targoff I, Bunch T, Arnett F, Sharp G, Treadwell E,"
,,Tan EM. Antibodies to a nuclear/nucleolar antigen in patients with polymyositis
,,overlap syndromes. J Clin Immunol. 1984 Jan;4(1):40-4. doi: 10.1007/BF00915286.
,,PMID: 6699138.
,,
,,"18: Mathews MB, Bernstein RM. Myositis autoantibody inhibits histidyl-tRNA"
,,synthetase: a model for autoimmunity. Nature. 1983 Jul 14-20;304(5922):177-9.
,,doi: 10.1038/304177a0. PMID: 6866113.
,,
,,"19: Yoshida S, Akizuki M, Mimori T, Yamagata H, Inada S, Homma M. The"
,,"precipitating antibody to an acidic nuclear protein antigen, the Jo-1, in"
,,connective tissue diseases. A marker for a subset of polymyositis with
,,interstitial pulmonary fibrosis. Arthritis Rheum. 1983 May;26(5):604-11. doi:
,,10.1002/art.1780260505. PMID: 6405755.
,,
,,"20: Rosa MD, Hendrick JP Jr, Lerner MR, Steitz JA, Reichlin M. A mammalian"
,,tRNAHis-containing antigen is recognized by the polymyositis-specific antibody
,,anti-Jo-1. Nucleic Acids Res. 1983 Feb 11;11(3):853-70. doi:
,,10.1093/nar/11.3.853. PMID: 6188108; PMCID: PMC325757.
,,
,,"21: Arnett FC, Hirsch TJ, Bias WB, Nishikai M, Reichlin M. The Jo-1 antibody"
,,system in myositis: relationships to clinical features and HLA. J Rheumatol.
,,1981 Nov-Dec;8(6):925-30. PMID: 6977032.
,,
,,"22: Nishikai M, Reichlin M. Heterogeneity of precipitating antibodies in"
,,polymyositis and dermatomyositis. Characterization of the Jo-1 antibody system.
,,Arthritis Rheum. 1980 Aug;23(8):881-8. doi: 10.1002/art.1780230802. PMID:
,,7406938
