Main,Unnamed: 1,Unnamed: 2,Unnamed: 3,Unnamed: 4,Unnamed: 5,Unnamed: 6,Unnamed: 7,Unnamed: 8,Unnamed: 9,Unnamed: 10,Unnamed: 11,Unnamed: 12,Unnamed: 13,Unnamed: 14,Unnamed: 15,Unnamed: 16,Unnamed: 17,Unnamed: 18,Unnamed: 19,Unnamed: 20,Unnamed: 21,Unnamed: 22,Unnamed: 23,Unnamed: 24,Unnamed: 25,Unnamed: 26,Unnamed: 27,Unnamed: 28,Unnamed: 29,Unnamed: 30,Unnamed: 31,Unnamed: 32,Unnamed: 33,Unnamed: 34,Unnamed: 35,Unnamed: 36,Unnamed: 37,Unnamed: 38,Unnamed: 39,Unnamed: 40,Unnamed: 41,Unnamed: 42,Unnamed: 43,Unnamed: 44,Unnamed: 45,Unnamed: 46,Unnamed: 47,Unnamed: 48,Unnamed: 49,Unnamed: 50,Unnamed: 51,Unnamed: 52,Unnamed: 53,Unnamed: 54,Unnamed: 55,Unnamed: 56,Unnamed: 57,Unnamed: 58,Unnamed: 59,Unnamed: 60,Unnamed: 61,Unnamed: 62,Unnamed: 63,Unnamed: 64,Unnamed: 65,Unnamed: 66,Unnamed: 67,Unnamed: 68,Unnamed: 69,Unnamed: 70,Unnamed: 71,Unnamed: 72,Unnamed: 73,Unnamed: 74,Unnamed: 75,Unnamed: 76,Unnamed: 77,Unnamed: 78,Unnamed: 79,Unnamed: 80,Unnamed: 81,Unnamed: 82,Unnamed: 83,Unnamed: 84,Unnamed: 85,Unnamed: 86,Unnamed: 87,Unnamed: 88,Unnamed: 89,Unnamed: 90,Unnamed: 91,Unnamed: 92,Unnamed: 93,Unnamed: 94,Unnamed: 95,Unnamed: 96,Unnamed: 97,Unnamed: 98,Unnamed: 99,Unnamed: 100,Unnamed: 101,Unnamed: 102,Unnamed: 103,Unnamed: 104,Unnamed: 105,Unnamed: 106,Unnamed: 107,Unnamed: 108,Unnamed: 109,Unnamed: 110,Unnamed: 111,Unnamed: 112,Unnamed: 113,Unnamed: 114,Unnamed: 115,Unnamed: 116,Unnamed: 117,Unnamed: 118,Unnamed: 119,Unnamed: 120,Unnamed: 121,Unnamed: 122,Unnamed: 123,Unnamed: 124,Unnamed: 125,Unnamed: 126,Unnamed: 127,Unnamed: 128,Unnamed: 129,Unnamed: 130,Unnamed: 131,Unnamed: 132,Unnamed: 133,Unnamed: 134,Unnamed: 135,Unnamed: 136,Unnamed: 137,Unnamed: 138,Unnamed: 139,Unnamed: 140,Unnamed: 141,Unnamed: 142,Unnamed: 143,Unnamed: 144,Unnamed: 145,Unnamed: 146,Unnamed: 147,Unnamed: 148,Unnamed: 149,Unnamed: 150,Unnamed: 151,Unnamed: 152,Unnamed: 153,Unnamed: 154,Unnamed: 155,Unnamed: 156,Unnamed: 157,Unnamed: 158,Unnamed: 159,Unnamed: 160,Unnamed: 161,Unnamed: 162,Unnamed: 163,Unnamed: 164,Unnamed: 165,Unnamed: 166,Unnamed: 167,Unnamed: 168,Unnamed: 169,Unnamed: 170,Unnamed: 171,Unnamed: 172,Unnamed: 173,Unnamed: 174,Unnamed: 175,Unnamed: 176,Unnamed: 177,Unnamed: 178,Unnamed: 179,Unnamed: 180,Unnamed: 181,Unnamed: 182,Unnamed: 183,Unnamed: 184,Unnamed: 185,Unnamed: 186,Unnamed: 187,Unnamed: 188,Unnamed: 189,Unnamed: 190,Unnamed: 191,Unnamed: 192,Unnamed: 193,Unnamed: 194,Unnamed: 195,Unnamed: 196,Unnamed: 197,Unnamed: 198,Unnamed: 199,Unnamed: 200,Unnamed: 201,Unnamed: 202,Unnamed: 203,Unnamed: 204,Unnamed: 205,Unnamed: 206,Unnamed: 207,Unnamed: 208,Unnamed: 209,Unnamed: 210,Unnamed: 211,Unnamed: 212,Unnamed: 213,Unnamed: 214,Unnamed: 215,Unnamed: 216,Unnamed: 217,Unnamed: 218,Unnamed: 219,Unnamed: 220,Unnamed: 221,Unnamed: 222,Unnamed: 223,Unnamed: 224,Unnamed: 225,Unnamed: 226,Unnamed: 227,Unnamed: 228,Unnamed: 229,Unnamed: 230,Unnamed: 231,Unnamed: 232,Unnamed: 233,Unnamed: 234,Unnamed: 235,Unnamed: 236,Unnamed: 237,Unnamed: 238,Unnamed: 239,Unnamed: 240,Unnamed: 241,Unnamed: 242,Unnamed: 243,Unnamed: 244,Unnamed: 245,Unnamed: 246,Unnamed: 247,Unnamed: 248,Unnamed: 249,Unnamed: 250,Unnamed: 251,Unnamed: 252,Unnamed: 253,Unnamed: 254,Unnamed: 255,Unnamed: 256,Unnamed: 257,Unnamed: 258,Unnamed: 259,Unnamed: 260,Unnamed: 261,Unnamed: 262,Unnamed: 263,Unnamed: 264,Unnamed: 265,Unnamed: 266,Unnamed: 267,Unnamed: 268,Unnamed: 269,Unnamed: 270,Unnamed: 271,Unnamed: 272,Unnamed: 273
,,Q197,Q297,Q397,Q497,Q198,Q298,Q398,Q498,Q199,Q299,Q399,Q499,Q100,Q200,Q300,Q400,Q101,Q201,Q301,Q401,Q102,Q202,Q302,Q402,Q103,Q203,Q303,Q403,Q104,Q204,Q304,Q404,Q105,Q205,Q305,Q405,Q106,Q206,Q306,Q406,Q107,Q207,Q307,Q407,Q108,Q208,Q308,Q408,Q109,Q209,Q309,Q409,Q110,Q210,Q310,Q410,Q111,Q211,Q311,Q411,Q112,Q212,Q312,Q412,Q113,Q213,Q313,Q413,Q114,Q214,Q314,Q414,Q115,Q215,Q315,Q415,Q116,Q216,Q316,Q416,Q117,Q217,Q317,Q417,Q118,Q218,Q318,Q418,Q119,Q219,Q319,Q419,Q120,Q220,Q320,Q420,Q121,Q221,Q321,Q421,Q122,Q222,Q322,Q422,Q123,Q223,Q323,Q423,Q124,Q224,Q324,Q424,Q125,Q225,Q325,Q425,Q126,Q226,Q326,Q426,,1989.0,1990.0,1991.0,1992.0,1993.0,1994.0,1995.0,1996.0,1997.0,1998.0,1999.0,2000.0,2001.0,2002.0,2003,2004,2005,2006,2007,2008,2009,2010,2011,2012.0,2013.0,2014.0,2015.0,2016,2017.0,2018.0,2019.0,2020.0,2021.0,2022.0,2023.0,2024.0,2025.0,2026.0,2027.0,2028.0,2029.0,2030.0,2031.0,2032.0,2033.0,2034.0,2035.0,,,,,,,,,,,,,,,,,,,,,,,,,,,,,,,,,,,,,,,,,,,,,,,,,,,,,,,,,,,,,,,,,,,,,,,,,,,,,,,,,,,,,,,,,,,,,,,,,,,,,,,,
,Remicade (infliximab),,,,,,,,,21,26,27,41,49,91.2,90.8,139,131,171,209,210,245,332,341,379,409,421,444,456,464,539,545,598,577,642,624,692,681,777,776,780,731,869,819,908,998,886,978,886,1028,1102,1036,1138,1186,1130,1229,1065,1285,1371,1408,1428,1521,1523,1591,1504,1600,1672,1689,1712,1610,1804,1782,1672,1600,1668,1613,1680,1779,1780,1783,1624,1672,1530,1647,1466,1389,1320,1379,1238,1102,1107,1136,1035,990,935,921,901,777,888,761,764,663,647,558,475,487,462,461.4,429,434,393,419.4,359,467,455,476,287.2,373.6,364,380.8,229.76,,,,,,,,,,,28.0,116.0,370.0,721.0,1297.0,1730,2145,2535,3014,3327,3748,4304,4610,5492,6139.0,6673.0,6868.0,7074.04,7074.04,6315.0,5326.0,4380.0,3747.0,3190.0,2343.0,1839.4,1605.4,1685.2,1600.94,1520.893,1444.84835,1372.6059324999999,1303.9756358749999,1238.77685408125,1176.8380113771873,1117.9961108083278,1062.0963052679112,1008.9914900045156,,,,,,,,,,,,,,,,,,,,,,,,,,,,,,,,,,,,,,,,,,,,,,,,,,,,,,,,,,,,,,,,,,,,,,,,,,,,,,,,,,,,,,,,,,,,,,,,,,,,,,,,
,Simponi (golimumab),,,,,,,,,,,,,,,,,,,,,,,,,,,,,,,,,,,,,,,,,,,,,,,,,,,,,,59,,65,95,67,129,119,116,125,185,181,237,175,266,254,259,282,300,346,300,308,380,340,390,448,481,426,428,439,476,490,518,548,536,482,524,563,586,515,529,546,592,576,562,584,571,559,571,566,545,501,537,529,629.4,502,554,537,516.3,583,659,690,687,490.48499999999996,553.85,626.05,655.5,652.65,,,,,,,,,,,,,,,,,,,,,,,,410,607.0,932.0,1187.0,1305.7,1370.9850000000001,1833.0,2084.0,2188.0,2243.0,2276.0,2183.0,2197.4,2190.3,2526.485,2551.74985,2577.2673485,2603.040021985,2629.07042220485,2655.3611264268984,2681.9147376911674,2708.733885068079,2735.8212239187596,2763.1794361579473,2790.811230519527,,,,,,,,,,,,,,,,,,,,,,,,,,,,,,,,,,,,,,,,,,,,,,,,,,,,,,,,,,,,,,,,,,,,,,,,,,,,,,,,,,,,,,,,,,,,,,,,,,,,,,,,
,Tremfya (guselkumab),,,,,,,,,,,,,,,,,,,,,,,,,,,,,,,,,,,,,,,,,,,,,,,,,,,,,,,,,,,,,,,,,,,,,,,,,,,,,,,,,,,,47,72,126,171,175,217,235,290,270,296,342,327,382,418,479,537,693,590,597,729,752,640,706,891.3,910,808,906,1007.3,949,956,1186,1424,1233.7,1242.8,1541.8,1851.2,1603.8100000000002,,,,,,,,,,,,,,,,,,,,,,,,,,,,,,47.0,544.0,1012.0,1347.0,2127.0,2668.0,3147.3,3670.3,4799.7,6239.61,8111.4929999999995,10544.9409,11072.187945,11625.79734225,12207.0872093625,12817.441569830626,13458.313648322157,14131.229330738266,141.31229330738267,,,,,,,,,,,,,,,,,,,,,,,,,,,,,,,,,,,,,,,,,,,,,,,,,,,,,,,,,,,,,,,,,,,,,,,,,,,,,,,,,,,,,,,,,,,,,,,,,,,,,,,,
,Stelara (ustekinumab),,,,,,,,,,,,,,,,,,,,,,,,,,,,,,,,,,,,,,,,,,,,,,,,,,,,,,,,,166,176,189,207,221,248,287,269,346,371,370,417,456,528,543,545,549,570,613,742,735,804,814,879,823,983,1124,1081,1061,1341,1310,1444,1405,1558,1698,1700,1819,1697,1947,2244,2148,2274,2378,2334,2288,2599,2449,2386,2444,2797,2864.4,2753,2451,2885,2676.4,2349,1625,1653,1570,1174.5,812.5,826.5,785,587.25,,,,,,,,,,,,,,,,,,,,,,,,738,1025.0,1504.0,2072.0,2382.7999999999997,,4011.0,5156.0,6361.0,7707.0,9134.0,9722.0,10858.4,10361.4,6022.5,3011.25,1505.625,752.8125,602.25,481.8,385.44000000000005,308.3520000000001,246.6816000000001,197.3452800000001,157.8762240000001,,,,,,,,,,,,,,,,,,,,,,,,,,,,,,,,,,,,,,,,,,,,,,,,,,,,,,,,,,,,,,,,,,,,,,,,,,,,,,,,,,,,,,,,,,,,,,,,,,,,,,,,
,Other Immunology,,,,,,,,,,,,,,,,,,,,,,,,,,,,,,,,,,,,,,,,,,,,,,,,,,,,,,,,,,,,,,,,,,,,,18,17,16,15,14,8,8,9,6,6,6,7,7,7,22,2,2,3,2,3,3,3,2,2,3,3,3,2,9,7,3,6,6,3,5,3,3,4,2,2,0,2,1.3,0,1,8,12,12,12,12,12,12,,,,,,,,,,,,,,,,,,,,,,,,,,,,,,38.0,10.0,10.0,11.0,25.0,17.0,11.0,3.3,33.0,33.0,33.0,33.0,33.0,33.0,33.0,33.0,33.0,33.0,33.0,,,,,,,,,,,,,,,,,,,,,,,,,,,,,,,,,,,,,,,,,,,,,,,,,,,,,,,,,,,,,,,,,,,,,,,,,,,,,,,,,,,,,,,,,,,,,,,,,,,,,,,,
,Risperdal/Consta/Invega,214,202,223,217,228,260,269,257,320,355,324,329,394,483,397,330,452,517,415,461,547,507,524,568,601,655,599,658,731,727,746,846,844,894,916,897,1018,1036,1068,1061,"1,178","1,137","1,162","1,220",,,,,,,,,,,,,,,,,,,,,,,,,,,,,,,,,,,,,,,,,,,,,,,,,,,,,,,,,,,,,,,,,,,,,,,,,,,,,,,,,,,175.0,445.0,690.0,856.0,1014.0,1328.0,1604.0,1845.0,2146.0,2513,3050,3551,4183,"4,697","3,761","2,717","2,434","2,528",,,,,,0.0,,,,,,0.0,0.0,,,,,,,,,,,,,,,,,,,,,,,,,,,,,,,,,,,,,,,,,,,,,,,,,,,,,,,,,,,,,,,,,,,,,,,,,,,,,,,,,,,,,,,,,,,,,,,,,,,,,,,,,,,,,,,,,,,
,  Risperdal,,,,,,,,,,,,,,,,,,,,,,,,,590,640,581,620,677,660,660,740,725,750,755,719,,,,,867,848,831,874,809,712,320,285,275,239,192,193,138,117,121,151,127,139,128,148,,,,,,,,,,,,,,,,,,,,,,,,,,,,,,,,,,,,,,,,,,,,,,,,,,,,,,,,,,,,,,,,,,,,,,,,,,,,"2,431","2,737","2,949",,3420,2126,899,527,542,,,,,,0.0,,,,,,0.0,0.0,,,,,,,,,,,,,,,,,,,,,,,,,,,,,,,,,,,,,,,,,,,,,,,,,,,,,,,,,,,,,,,,,,,,,,,,,,,,,,,,,,,,,,,,,,,,,,,,,,,,,,,,,,,,,,,,,,,
,  Consta,,,,,,,,,,,,,,,,,,,,,,,16,30,11,15,18,38,54,67,86,106,119,144,161,178,185,205,,,261,278,294,295,309,343,338,319,325,348,353,399,379,355,378,388,404,404,390,385,361,355,351,358,335,336,326,321,310,302,284,294,224,247,235,234,231,230,222,210,207,207,194,197,196,188,175,178,179,182,167,160,170,153,152,167,157,155,140,140,157,125,119,112,,,,,,,,,,,,,,,,,,,,,,,,,,,,,,,46.0,82,313,602,,1128,1309,1425,1500,1583,1425.0,1318.0,1190.0,1130.5,1073.975,805.0,737.0,688.0,642.0,592.0,513.0,,,,,,,,,,,,,,,,,,,,,,,,,,,,,,,,,,,,,,,,,,,,,,,,,,,,,,,,,,,,,,,,,,,,,,,,,,,,,,,,,,,,,,,,,,,,,,,,,,,,,,,,,,,,,,,,,,,,,
,  Invega/Sustenna,,,,,,,,,,,,,,,,,,,,,,,,,,,,,,,,,,,,,,,,,50,11,37,51,66,76,89,95,91,99,97,106,108,102,98,116,120,128,227,125,282,337,352,375,416,440,471,504,538,552,559,579,566,602,598,637,599,642,643,641,604,629,643,693,696,720,749,763,790,818,851,871,883,879,926,965,965,1024,1004,1029,1048,1054,1031,1008,1044,1031,1029,1011,1056,1054,1049.4,1063,903,992,929,1009.8499999999999,857.8499999999999,942.4,882.55,959.3574999999998,,,,,,,,,,,,,,,,,,,~5,149,326,393,424,600,1346.0,1831.0,2228.0,2272.56,2318.0112,2569.0,2928.0,3330.0,3653.0,4022.0,4141.0,4115.0,4222.4,3833.85,3067.08,2453.664,1962.9312000000002,1570.3449600000004,1256.2759680000004,1005.0207744000004,804.0166195200004,643.2132956160003,514.5706364928003,411.65650919424024,,,,,,,,,,,,,,,,,,,,,,,,,,,,,,,,,,,,,,,,,,,,,,,,,,,,,,,,,,,,,,,,,,,,,,,,,,,,,,,,,,,,,,,,,,,,,,,,,,,,,,,,
,Concerta (methylphenidate),,,,,,,,,,,,,,,,,51,55,64,80,91,88,91,108,120,110,107,136,160,164,164,207,198,198,169,208,235,217,220,257,252,255,231,289,290,279,398,280,344,317,284,381,329,323,299,368,362,349,283,274,308,268,254,243,256,215,142,169,150,145,135,169,254,206,178,213,231,238,190,204,209,181,198,203,173,183,157,150,214,137,193,152,171,149,149,153,171,161,157,178,157,161,158,168,206,208,189,180,177,163,142.3,159,148,164,140,159,148,164,140,159,,,,,,,,,,,,,68.0,299.0,341.0,504.4,695,774,929,1027,1247,1326,1319,1268,1073.0,782.0,599.0,119.80000000000001,59.900000000000006,791.0,663.0,696.0,622.0,667.0,644.0,783.0,641.3,611.0,305.5,152.75,76.375,38.1875,19.09375,9.546875,4.7734375,2.38671875,1.193359375,0.5966796875,,,,,,,,,,,,,,,,,,,,,,,,,,,,,,,,,,,,,,,,,,,,,,,,,,,,,,,,,,,,,,,,,,,,,,,,,,,,,,,,,,,,,,,,,,,,,,,,,,,,,,,,
,Spravato (ketamine),,,,,,,,,,,,,,,,,,,,,,,,,,,,,,,,,,,,,,,,,,,,,,,,,,,,,,,,,,,,,,,,,,,,,,,,,,,,,,,,,,,,,,,,,,,,,,,,,,,,,70,85,100,119,131,169,183,206,225,271,284.4,297,320,414,459,474,489,504,519,534,,,,,,,,,,,,,,,,,,,,,,,,,,,,,,0.0,0.0,0.0,0.0,224.0,374.0,689.0,1077.4,1667.0,,,,,,,,,,,,,,,,,,,,,,,,,,,,,,,,,,,,,,,,,,,,,,,,,,,,,,,,,,,,,,,,,,,,,,,,,,,,,,,,,,,,,,,,,,,,,,,,,,,,,,,,,,,,,,,,,,
,Other CNS,,,,,,,,,,,,,,,,,,,,,,,,,,,,,,,,,,,,,,,,,,,,,,,,,,,,,,,,,,,,,,,,,,,,,,628,593,609,574,509,465,517,488,492,409,415,477,450,463,431,494,437,409,409,446,401,384,383,435,406,377,414,422,464,388,445,408,393,374,449,423,386,340,404,345,294,281.3,255,277,270,256,255,277,270,256,255,,,,,,,,,,,,,,,,,,,,,,,,,,,,,,1821.0,1749.0,1614.0,1632.0,1719.0,1624.0,1553.0,1175.3,1058.0,952.2,856.98,771.282,694.1538,624.73842,562.264578,506.03812020000004,455.43430818,409.890877362,368.9017896258,,,,,,,,,,,,,,,,,,,,,,,,,,,,,,,,,,,,,,,,,,,,,,,,,,,,,,,,,,,,,,,,,,,,,,,,,,,,,,,,,,,,,,,,,,,,,,,,,,,,,,,,
,Duragesic,62,59,67,71,76,85,100,102,118,131,137,130,155,183,157,161,198,241,210,226,281,303,299,320,395,381,423,432,455,557,537,535,450,382,394,359,325,336,342,292,303,289,309,264,233,272,259,272,231,218,206,233,184,184,184,196,127,167,155,140,,,,,,,,,,,,,,,,,,,,,,,,,,,,,,,,,,,,,,,,,,,,,,,,,,,,,,,,,,,,,,,,,,,,132.0,170.0,259.0,363.0,516.0,656.0,875.0,1203.0,1631,2084,1585,1295,1165,1036,888,748,589,,,,,,0.0,,,0.0,0.0,0.0,0.0,0.0,,,,,,,,,,,,,,"Sandoz, Actavis, Watson, Mylan and Teva are in the US market. Ex-US patents?",,,,,,,,,,,,,,,,,,,,,,,,,,,,,,,,,,,,,,,,,,,,,,,,,,,,,,,,,,,,,,,,,,,,,,,,,,,,,,,,,,,,,,,,,,,,,,,,,,,,,
,Aciphex/Pariet 2013,,,,,,,,,,,,,,,77,,123,119,169,145,160,167,187,183,223,224,250,270,248,263,277,330,278,281,300,309,306,308,307,318,336,336,338,347,277,325,282,274,263,260,261,312,260,254,240,252,239,247,235,254,222,232,195,186,152,156,133,29,,,,,,,,,,,,,,,,,,,,,,,,,,,,,,,,,,,,,,,,,,,,,,,,,,,,,,,,,,,,,,,,65.0,297.0,556.0,697.0,967,1118,1169,1239,1357,1158,1096,1006,975,835.0,470.0,,,,0.0,,,0.0,0.0,0.0,0.0,0.0,,,,,,,,,,,,,,Generic Protonix hurting sales.,,,,,,,,,,,,,,,,,,,,,,,,,,,,,,,,,,,,,,,,,,,,,,,,,,,,,,,,,,,,,,,,,,,,,,,,,,,,,,,,,,,,,,,,,,,,,,,,,,,,,
,Topamax (9/08),,,,,,,,,29,39,43,42,72,89,75,73,107,129,98,143,149,148,184,206,231,263,252,296,329,335,366,381,406,431,429,413,471,495,533,529,610,578,613,652,646,677,728,680,602,182,175,192,148,142,127,121,129,121,117,121,,,,,,,,,,,,,,,,,,,,,,,,,,,,,,,,,,,,,,,,,,,,,,,,,,,,,,,,,,,,,,,,,,,,,,35.0,87.0,153.0,309.0,477.0,687.0,1042,1411,1680,2028,2453,2731,1151,538,488,,,,,,0.0,,,0.0,0.0,0.0,0.0,0.0,,,,,,,,,,,,,,,,,,,,,,,,,,,,,,,,,,,,,,,,,,,,,,,,,,,,,,,,,,,,,,,,,,,,,,,,,,,,,,,,,,,,,,,,,,,,,,,,,,,,,,,,,,,,,,,,,,,
,"Prezista (2012, 2015)",,,,,,,,,,,,,,,,,,,,,,,,,,,,,,,,,,,,,,,,,,,,,74,88,79,93,122,140,151,179,187,204,230,236,266,313,316,316,324,373,364,353,367,435,410,461,445,492,446,448,427,448,468,467,452,459,493,447,430,454,467,470,478,492,490,495,523,535,508,544,579,510,526,569,546,505,517,515,501,464,485,493,477,491,447,439,418,438,449,407,403,396,397,366.3,362.7,356.40000000000003,357.3,329.67,,,,,,,,,,,,,,,,,,,,,334,592,857,1211,1414.0,1673.0,1831.0,1831.0,915.5,1821.0,1955.0,2110.0,2184.0,2083.0,1943.0,1854.0,1712.0,1562.3,,,,,,,,,,,,,,,,,,,,,,,,,,,,,,,,,,,,,,,,,,,,,,,,,,,,,,,,,,,,,,,,,,,,,,,,,,,,,,,,,,,,,,,,,,,,,,,,,,,,,,,,,,,,,,,,,,
,Edurant (rilpivirine),,,,,,,,,,,,,,,,,,,,,,,,,,,,,,,,,,,,,,,,,,,,,,,,,,,,,,,,,,,,,,,,,43,56,64,73,81,92,102,90,91,101,111,107,119,140,149,165,149,179,194,192,210,211,202,193,211,210,218,222,224,256,236,248,243,262,259,230,248,225,245,290,280,266,297,307,323,297,330,322,358,360,385,354.20000000000005,393.8,396.00000000000006,423.50000000000006,389.62000000000006,,,,,,,,,,,,,,,,,,,,,,,,,,,365.0,383.25,402.4125,714.0,816.0,861.0,964.0,994.0,1008.0,1150.0,1272.0,1457.2,728.6,364.3,182.15,91.075,45.5375,22.76875,11.384375,5.6921875,2.84609375,1.423046875,,,,,,,,,,,,,,,,,,,,,,,,,,,,,,,,,,,,,,,,,,,,,,,,,,,,,,,,,,,,,,,,,,,,,,,,,,,,,,,,,,,,,,,,,,,,,,,,,,,,,,,,
,COVID-19 Vaccine,,,,,,,,,,,,,,,,,,,,,,,,,,,,,,,,,,,,,,,,,,,,,,,,,,,,,,,,,,,,,,,,,,,,,,,,,,,,,,,,,,,,,,,,,,,,,,,0,0,100,164,502,1619,457,544,489,689,747,285,41,44,25,172,1,0,0,0,0,0,0,0,0,0,,,,,,,,,,,,,,,,,,,,,,,,,,,,,,0.0,0.0,0.0,0.0,2385.0,2179.0,1117.0,198.0,,,,,,,,,,,,,,,,,,,,,,,,,,,,,,,,,,,,,,,,,,,,,,,,,,,,,,,,,,,,,,,,,,,,,,,,,,,,,,,,,,,,,,,,,,,,,,,,,,,,,,,,,,,,,,,,,,,
,Caplyta,,,,,,,,,,,,,,,,,,,,,,,,,,,,,,,,,,,,,,,,,,,,,,,,,,,,,,,,,,,,,,,,,,,,,,,,,,,,,,,,,,,,,,,,,,,,,,,,,,,,,,,,,,,,,,,175,200,225,211,240,300,305,310,315,320,,,,,,,,,,,,,,,,,,,,,,,,,,,,,,0.0,,,,,,,,751.0,1600.0,2500.0,3500.0,4550.0,5460.0,546.0,54.6,5.460000000000001,0.5460000000000002,0.05460000000000002,,,Small molecule.,,,,,,,,,,,,,,,,,,,,,,,,,,,,,,,,,,,,,,,,,,,,,,,,,,,,,,,,,,,,,,,,,,,,,,,,,,,,,,,,,,,,,,,,,,,,,,,,,,,,,
,"Levaquin (12/10, 6/11)",98,70,91,85,131,121,82,138,207,165,177,213,333,260,249,247,256,244,235,317,279,216,244,293,298,273,253,326,383,269,270,374,440,320,332,401,401,343,347,439,480,363,371,432,496,351,333,411,425,362,311,452,371,300,286,400,434,159,25,5,29,16,20,10,,,,,,,,,,,,,,,,,,,,,,,,,,,,,,,,,,,,,,,,,,,,,,,,,,,,,,,,,,,,,,,,199.0,190.0,344.0,472.0,762.0,1089.0,1052.0,1032.0,1150,1296,1493,1530,1646,1591,1550,1357,623,75.0,,,,,0.0,,,0.0,0.0,0.0,0.0,,,,,,,,,,,,,,,,,,,,,,,,,,,,,,,,,,,,,,,,,,,,,,,,,,,,,,,,,,,,,,,,,,,,,,,,,,,,,,,,,,,,,,,,,,,,,,,,,,,,,,,,,,,,,,,,,,,,
,Intelence (etravirine),,,,,,,,,,,,,,,,,,,,,,,,,,,,,,,,,,,,,,,,,,,,,,,,,,,,,,,,,69,79,83,83,80,91,94,84,89,103,92,95,,,,,,,,,,,,,,,,,,,,,,,,,,,,,,,,,,,,,,,,,,,,,,,,,,,,,,,,,,,,,,,,,,,,,,,,,,,,314,349.0,379.0,0.0,0.0,0,0.0,0.0,0.0,0.0,0.0,0.0,0.0,,,,,,,,,,,,,,,Small molecule.,,,,,,,,,,,,,,,,,,,,,,,,,,,,,,,,,,,,,,,,,,,,,,,,,,,,,,,,,,,,,,,,,,,,,,,,,,,,,,,,,,,,,,,,,,,,,,,,,,,,,
,Olysio (simeprevir),,,,,,,,,,,,,,,,,,,,,,,,,,,,,,,,,,,,,,,,,,,,,,,,,,,,,,,,,,,,,,,,,,,,23,354,831,796,321,234,264,79,44,32,43,21,10,,,,,,,,,,,,,,,,,,,,,,,,,,,,,,,,,,,,,,,,,,,,,,,,,,,,,,,,,,,,,,,,,,,2302.0,2302.0,,0.0,,,0.0,0.0,0.0,0.0,,,,,,,,,,,,,,,,,,,,,,,,,,,,,,,,,,,,,,,,,,,,,,,,,,,,,,,,,,,,,,,,,,,,,,,,,,,,,,,,,,,,,,,,,,,,,,,,,,,,,,,,,,,,,,,,,,,,
,Incivo (telaprevir),,,,,,,,,,,,,,,,,,,,,,,,,,,,,,,,,,,,,,,,,,,,,,,,,,,,,,,,,,,,,132,102,71,138,162,172,76,107,86,97,,,,,,,,,,,,,,,,,,,,,,,,,,,,,,,,,,,,,,,,,,,,,,,,,,,,,,,,,,,,,,,,,,,,Phase I,Phase II,Phase III,Phase III,Phase III,,0,443.0,517.0,183.0,18.3,1.83,0.0,0.0,0.0,0.0,0.0,0.0,0.0,,,,,,,,,,,,,,,,,,,,,,,,,,,,,,,,,,,,,,,,,,,,,,,,,,,,,,,,,,,,,,,,,,,,,,,,,,,,,,,,,,,,,,,,,,,,,,,,,,,,,,,,,,,,,,,,,,,,
,Other Infectious,,,,,,,,,,,,,,,,,,,,,,,,,,,,,,,,,,,,,,,,,,,,,,,,,,,,,,,,,,,,,,,,,,,,,,250,217,217,223,219,190,183,173,187,179,139,170,159,152,138,142,146,131,114,112,117,113,99,116,113,102,96,108,88,110,74,91,83,77,67,82,79,74,62,53,61,55,45,41,47,47,47,47,47,47,47,,,,,,,,,,,,,,,,,,,,,,,,,,,,,,619.0,533.0,441.0,427.0,380.0,318.0,297.0,268.0,182.0,182.0,182.0,182.0,182.0,182.0,182.0,182.0,182.0,182.0,182.0,,,,,,,,,,,,,,,,,,,,,,,,,,,,,,,,,,,,,,,,,,,,,,,,,,,,,,,,,,,,,,,,,,,,,,,,,,,,,,,,,,,,,,,,,,,,,,,,,,,,,,,,
,Imbruvica (ibrutinib),,,,,,,,,,,,,,,,,,,,,,,,,,,,,,,,,,,,,,,,,,,,,,,,,,,,,,,,,,,,,,,,,,,,,10,42,56,92,116,154,184,235,261,295,349,346,409,450,512,522,587,620,705,703,784,831,921,875,1031,949,1031,1117,1125,1116,1066,1062,1038,970,911,866,827,841,808,788,784,770,753,731,709,735,695,690,685,680,675,670,,,,,,,,,,,,,,,,,,,,,,,,,,,,,,1893.0,2615.0,3411.0,4128.0,4369.0,3785.0,3264.0,3038.0,2829.0,2687.5499999999997,2553.1724999999997,2425.5138749999996,2304.2381812499993,2189.026272187499,2079.574958578124,1975.5962106492177,1876.8164001167568,1782.9755801109188,1693.8268011053729,,,,,,,,,,,,,,,,,,,,,,,,,,,,,,,,,,,,,,,,,,,,,,,,,,,,,,,,,,,,,,,,,,,,,,,,,,,,,,,,,,,,,,,,,,,,,,,,,,,,,,,,
,Darzalex (daratumumab),,,,,,,,,,,,,,,,,,,,,,,,,,,,,,,,,,,,,,,,,,,,,,,,,,,,,,,,,,,,,,,,,,,,,,,,,,,,20,101,108,,200,255,299,317,371,432,511,498,584,629,774,765,830,937,901,1099,1253,1365,1433,1580,1645,1856,1986,2052,2083,2264,2431,2499,2550,2692,2878,3016.4,3084,3237,3539,3672,3546.6,3722.5499999999997,4069.85,4222.799999999999,4078.5899999999997,,,,,,,,,,,,,,,,,,,,,,,,,,,,,,1242.0,2025.0,2998.0,4190.0,6023.0,7977.0,9744.0,11670.4,13994.6,14274.492,14559.98184,14851.1814768,15148.205106336001,15451.169208462721,15760.192592631976,16075.396444484617,16396.90437337431,16724.842460841795,1672.4842460841796,,,,,,,,,,,,,,,,,,,,,,,,,,,,,,,,,,,,,,,,,,,,,,,,,,,,,,,,,,,,,,,,,,,,,,,,,,,,,,,,,,,,,,,,,,,,,,,,,,,,,,,,
,Carvykti,,,,,,,,,,,,,,,,,,,,,,,,,,,,,,,,,,,,,,,,,,,,,,,,,,,,,,,,,,,,,,,,,,,,,,,,,,,,,,,,,,,,,,,,,,,,,,,,,,,,,,24,55,54,72,117,152,159,157,186,286.4,334,369,439,524,567.8,590.4,658.5,681.2,738.14,,,,,,,,,,,,,,,,,,,,,,,,,,,,,,0.0,0.0,0.0,0.0,0.0,133.0,500.0,963.4,1899.8,2184.77,2512.4855,2638.109775,2770.01526375,2908.5160269375,3053.9418282843753,3206.6389196985942,3366.970865683524,3535.3194089677004,3712.0853794160857,,,,,,,,,,,,,,,,,,,,,,,,,,,,,,,,,,,,,,,,,,,,,,,,,,,,,,,,,,,,,,,,,,,,,,,,,,,,,,,,,,,,,,,,,,,,,,,,,,,,,,,,
,Zytiga (abiraterone),,,,,,,,,,,,,,,,,,,,,,,,,,,,,,,,,,,,,,,,,,,,,,,,,,,,,,,,,5,,95,,200,232,265,264,344,395,464,495,512,562,568,595,556,546,548,581,558,601,582,519,523,558,669,755,845,909,958,786,679,698,741,677,690,568,590,622,638,563,548,548,539,505,456,270,245,227,214,201,181,165,150.3,135,125,145,113,101.7,91.53,82.37700000000001,74.1393,66.72537000000001,,,,,,,,,,,,,,,,,,,,,,,,100,961.0,1698.0,2037.6,2139.48,2246.454,2505.0,3498.0,2795.0,2470.0,2297.0,1770.0,887.0,631.3,484.7,242.35,121.175,60.5875,30.29375,15.146875,7.5734375,3.78671875,1.893359375,0.9466796875,0.47333984375,,,,,,,,,,,,,,,,,,,,,,,,,,,,,,,,,,,,,,,,,,,,,,,,,,,,,,,,,,,,,,,,,,,,,,,,,,,,,,,,,,,,,,,,,,,,,,,,,,,,,,,,
,Rybrevant,,,,,,,,,,,,,,,,,,,,,,,,,,,,,,,,,,,,,,,,,,,,,,,,,,,,,,,,,,,,,,,,,,,,,,,,,,,,,,,,,,,,,,,,,,,,,,,,,,,,,,,,,,,,,47,69,,,141,179,198,218,238,258,278,298,,,,,,,,,,,,,,,,,,,,,,,,,,,,,,0.0,,,,,,,,400.0,600.0,800.0,1000.0,1050.0,1102.5,1157.625,1215.5062500000001,1276.2815625000003,1340.0956406250004,1407.1004226562504,,,,,,,,,,,,,,,,,,,,,,,,,,,,,,,,,,,,,,,,,,,,,,,,,,,,,,,,,,,,,,,,,,,,,,,,,,,,,,,,,,,,,,,,,,,,,,,,,,,,,,,,
,Other Oncology,,,,,,,,,,,,,,,,,,,,,,,,,,,,,,,,,,,,,,,,,,,,,,,,,,,,,,,,,,,,,,,,,,,,,,104,99,107,97,100,109,116,130,128,282,123,127,130,127,120,134,136,156,164,163,170,186,220,212,204,203,202,182,120,126,140,118,130,155,168,162,214,117,148,178,221,250.4,282,89,93,94,94,94,94,94,94,,,,,,,,,,,,,,,,,,,,,,,,,,,,,,504.0,590.0,739.0,821.0,568.0,571.0,641.0,931.4,370.0,333.0,299.7,269.73,242.75700000000003,218.48130000000003,196.63317000000004,176.96985300000003,159.27286770000003,143.34558093000004,129.01102283700004,,,,,,,,,,,,,,,,,,,,,,,,,,,,,,,,,,,,,,,,,,,,,,,,,,,,,,,,,,,,,,,,,,,,,,,,,,,,,,,,,,,,,,,,,,,,,,,,,,,,,,,,
,Erleada,,,,,,,,,,,,,,,,,,,,,,,,,,,,,,,,,,,,,,,,,,,,,,,,,,,,,,,,,,,,,,,,,,,,,,,,,,,,,,,,,,,,,,,,,,,,,143,170,206,241,261,302,344,384,400,450,490,541,542,567,631,647,689,736,790,784,771,908,936,941,946,951,956,961,,,,,,,,,,,,,,,,,,,,,,,,,,,,,,0.0,0.0,0.0,760.0,1291.0,1881.0,2387.0,2999.0,3556.0,3733.8,3920.4900000000002,4116.5145,4322.340225000001,4538.457236250001,4765.380098062501,5003.649102965626,5253.831558113908,5516.523136019603,5792.349292820583,,,,,,,,,,,,,,,,,,,,,,,,,,,,,,,,,,,,,,,,,,,,,,,,,,,,,,,,,,,,,,,,,,,,,,,,,,,,,,,,,,,,,,,,,,,,,,,,,,,,,,,,
,Tecvayli,,,,,,,,,,,,,,,,,,,,,,,,,,,,,,,,,,,,,,,,,,,,,,,,,,,,,,,,,,,,,,,,,,,,,,,,,,,,,,,,,,,,,,,,,,,,,,,,,,,,,,,,,63,94,112,126,133,135,135,146,151,166,177,202,227,252,277,302,,,,,,,,,,,,,,,,,,,,,,,,,,,,,,0.0,,,,,,,549.0,696.0,765.6,842.1600000000001,926.3760000000002,1019.0136000000003,1069.9642800000004,1123.4624940000003,1179.6356187000004,1238.6173996350003,1300.5482696167503,1365.575683097588,,,,,,,,,,,,,,,,,,,,,,,,,,,,,,,,,,,,,,,,,,,,,,,,,,,,,,,,,,,,,,,,,,,,,,,,,,,,,,,,,,,,,,,,,,,,,,,,,,,,,,,,
,Talvey,,,,,,,,,,,,,,,,,,,,,,,,,,,,,,,,,,,,,,,,,,,,,,,,,,,,,,,,,,,,,,,,,,,,,,,,,,,,,,,,,,,,,,,,,,,,,,,,,,,,,,,,,,,,,58,69,,,86,106,122,127,132,137,142,147,,,,,,,,,,,,,,,,,,,,,,,,,,,,,,,,,,,,,0.0,441.0,485.1,533.61,586.9710000000001,645.6681000000002,677.9515050000002,711.8490802500003,747.4415342625003,784.8136109756254,824.0542915244066,865.257006100627,,,,,,,,,,,,,,,,,,,,,,,,,,,,,,,,,,,,,,,,,,,,,,,,,,,,,,,,,,,,,,,,,,,,,,,,,,,,,,,,,,,,,,,,,,,,,,,,,,,,,,,,
,Procrit/Eprex,271,300,286,303,319,347,393,440,462,532,529,571,602,641,691,775,768,830,1028,803,991,1086,1096,1096,997,1015,1005,967,977,874,887,850,836,846,844,798,786,808,798,788,817,758,682,628,629,652,619,560,550,577,542,576,523,526,406,479,397,475,383,368,376,401,359,326,378,335,344,307,310,319,307,302,269,276,263,260,274,322,250,259,247,255,238,232,276,236,255,221,226,183,198,183,155,136,132,129,127,127,112,113,,,,,,,,,,,,,,,,,,,,,,,,,,,,846.0,1016.0,1160.0,1499.0,2094.0,2709.0,3429.0,4269.0,3984,3588,3324,3180,2885,2460,2245,1934,1623,1462.0,1364.0,1238.0,1114.2,1002.7800000000001,972.0,988.0,790.0,552.0,479.0,0.0,,0.0,,,,,,,,,,,,,,,,,,,,,,,,,,,,,,,,,,,,,,,,,,,,,,,,,,,,,,,,,,,,,,,,,,,,,,,,,,,,,,,,,,,,,,,,,,,,,,,,,,,,,,,,,,,,,,,,,,,
,Velcade,,,,,,,,,,,,,,,,,,,,,,,,,,,,,,,,,,,,,,,,,113,126,130,165,184,205,190,208,192,229,231,281,261,286,246,287,280,347,295,352,353,318,327,502,353,379,404,524,408,403,389,418,339,344,329,321,304,342,304,274,280,290,273,271,313,280,271,252,263,224,149,115,,,,,,,,,,,,,,,,,,,,,,,,,,,,,,,,,,,,,,,,,,,,,28,177,,534,787,933,1080,1274,1500.0,1660.0,1618.0,1618.0,809,1114.0,1116.0,751.0,0.0,0.0,0.0,,0.0,,,,,,,,,,,,,,,,,,,,,,,,,,,,,,,,,,,,,,,,,,,,,,,,,,,,,,,,,,,,,,,,,,,,,,,,,,,,,,,,,,,,,,,,,,,,,,,,,,,,,,,,,,,,,,,,,,,
,Opsumit,,,,,,,,,,,,,,,,,,,,,,,,,,,,,,,,,,,,,,,,,,,,,,,,,,,,,,,,,,,,,,,,,,,,,,,,,,,,,,,,,,45,259,269,271,311,310,323,306,348,347,326,389,406,392,452,450,463,458,448,443,438,441,461,440,507,490,536,524,548,571,545,522,582,578,572.25,548.1,611.1,606.9,600.8625000000001,,,,,,,,,,,,,,,,,,,,,,,,,,,,,,573.0,1215.0,1327.0,1639.0,1819.0,1783.0,1973.0,2188.0,2254.25,2231.7075,2209.390425,2187.29652075,2165.4235555425003,2143.769319987075,2122.331626787204,2101.108310519332,2080.0972274141386,2059.2962551399974,2038.7032925885974,,,,,,,,,,,,,,,,,,,,,,,,,,,,,,,,,,,,,,,,,,,,,,,,,,,,,,,,,,,,,,,,,,,,,,,,,,,,,,,,,,,,,,,,,,,,,,,,,,,,,,,,
,Uptravi,,,,,,,,,,,,,,,,,,,,,,,,,,,,,,,,,,,,,,,,,,,,,,,,,,,,,,,,,,,,,,,,,,,,,,,,,,,,,,,,,,9,124,130,140,171,171,181,198,203,210,208,250,282,260,301,305,313,309,310,325,328,333,336,362,399,402,419,468,426,458,465,451,476,484,488.25,473.55,499.8,508.20000000000005,512.6625,,,,,,,,,,,,,,,,,,,,,,,,,,,,,,263.0,663.0,819.0,1093.0,1237.0,1322.0,1582.0,1817.0,1899.25,1937.2350000000001,1975.9797,1877.180715,1783.32167925,1694.1555952874999,1609.4478155231247,1528.9754247469684,1452.52665350962,1379.900320834139,1310.905304792432,,,,,,,,,,,,,,,,,,,,,,,,,,,,,,,,,,,,,,,,,,,,,,,,,,,,,,,,,,,,,,,,,,,,,,,,,,,,,,,,,,,,,,,,,,,,,,,,,,,,,,,,
,Doxil,,,,,,,,,,,,,,,,,,,,,,,,,,,,,,,,,,,,,,,,,,,,,,,,,,,,,,,,67,139,138,86,39,24,13,16,30,,,,,,,,,,,,,,,,,,,,,,,,,,,,,,,,,,,,,,,,,,,,,,,,,,,,,,,,,,,,,,,,,,,,,,,,,,,,,,,,402,83.0,,,,,0.0,0.0,0.0,0.0,0.0,0.0,0.0,0.0,,,,,,,,,,,,,,,,,,,,,,,,,,,,,,,,,,,,,,,,,,,,,,,,,,,,,,,,,,,,,,,,,,,,,,,,,,,,,,,,,,,,,,,,,,,,,,,,,,,,,,,,,,,,,,,,,,,
,Ultram/Ultracet,71,80,93,84,91,104,82,99,113,144,122,75,147,160,127,88,140,172,115,181,162,156,62,62,59,78,70,87,79,91,91,95,70,34,22,19,24,69,,,,,,,,,,,,,,,,,,,,,,,,,,,,,,,,,,,,,,,,,,,,,,,,,,,,,,,,,,,,,,,,,,,,,,,,,,,,,,,,,,,,,,,,,,120.0,250.0,328.0,376.0,454.0,522.0,608.0,442.0,294,328,181.4,,,,,,,,,,,,0.0,0.0,0.0,0.0,0.0,0.0,0.0,0.0,,,,,,,,,,,,,,,,,,,,,,,,,,,,,,,,,,,,,,,,,,,,,,,,,,,,,,,,,,,,,,,,,,,,,,,,,,,,,,,,,,,,,,,,,,,,,,,,,,,,,,,,,,,,,,,,,,,
,Sporanox,128,156,158,127,108,152,160,129,131,174,163,126,137,182,160,126,153,160,157,133,141,159,145,123,115,160,151,141,129,170,217,138,138,167,104,98,105,115,,,,,,,,,,,,,,,,,,,,,,,,,,,,,,,,,,,,,,,,,,,,,,,,,,,,,,,,,,,,,,,,,,,,,,,,,,,,,,,,,,,,,,,,,,450.0,625.0,569.0,549.0,594.0,605.0,603.0,568.0,567,654,507,,,,,,,,,,,,0.0,0.0,0.0,0.0,0.0,0.0,0.0,0.0,,,,,,,,,,,,,,,,,,,,,,,,,,,,,,,,,,,,,,,,,,,,,,,,,,,,,,,,,,,,,,,,,,,,,,,,,,,,,,,,,,,,,,,,,,,,,,,,,,,,,,,,,,,,,,,,,,,
,Hormonal Contraceptives,175,194,148,153,208,164,204,184,233,228,250,203,251,278,242,186,257,287,197,262,248,249,267,239,268,287,292,328,305,366,305,303,302,302,281,257,254,247,270,244,237,240,233,215,201.45,,,,,,,,,,,,,,,,,,,,,,,,,,,,,,,,,,,,,,,,,,,,,,,,,,,,,,,,,,,,,,,,,,,,,,,,,,,,,,,,,,,570.0,545.0,670.0,760.0,914.0,957.0,1003.0,1003.0,1175,1279,1136,1015,925,201.45,,,,,,,,,0.0,0.0,0.0,0.0,0.0,0.0,0.0,0.0,,,,,,,,,,,,,,,,,,,,,,,,,,,,,,,,,,,,,,,,,,,,,,,,,,,,,,,,,,,,,,,,,,,,,,,,,,,,,,,,,,,,,,,,,,,,,,,,,,,,,,,,,,,,,,,,,,,
,"Alza (Ditropan XL, Concerta, Doxil/Caelyx)",,,,,,,,,,,,,,,,,,,,,,,,,340,338,350,336,425,408,420,424,,,,,,,,,,,,,,,,,,,,,,,,,,,,,,,,,,,,,,,,,,,,,,,,,,,,,,,,,,,,,,,,,,,,,,,,,,,,,,,,,,,,,,,,,,,,,,,,,,,,,679.0,1042.0,1114.0,1364,1674,,,,,,,,,,,,,0.0,0.0,0.0,0.0,0.0,0.0,0.0,0.0,,,,,,,,,,,,,,,,,,,,,,,,,,,,,,,,,,,,,,,,,,,,,,,,,,,,,,,,,,,,,,,,,,,,,,,,,,,,,,,,,,,,,,,,,,,,,,,,,,,,,,,,,,,,,,,,,,,
,Razadyne/Reminyl,,,,,,,,,,,,,,,,,2,10,14,12,16,20,22,25,29,31,35,38,39,42,44,47,37,37,37,42,30,30,,,128,132,130,141,149,152,138,102,101,107,97,110,,,,,,,,,,,,,,,,,,,,,,,,,,,,,,,,,,,,,,,,,,,,,,,,,,,,,,,,,,,,,,,,,,,,,,,,,,,,,,,,,,25.0,83.0,133,171,154,,531,541,415,,,,,,,,0.0,0.0,0.0,0.0,0.0,0.0,0.0,0.0,,,,,,,,,,,,,,,,,,,,,,,,,,,,,,,,,,,,,,,,,,,,,,,,,,,,,,,,,,,,,,,,,,,,,,,,,,,,,,,,,,,,,,,,,,,,,,,,,,,,,,,,,,,,,,,,,,,
,Tracleer,,,,,,,,,,,,,,,,,,,,,,,,,,,,,,,,,,,,,,,,,,,,,,,,,,,,,,,,,,,,,,,,,,,,,,,,,,,,,,,,,,26,210,167,140,143,139,124,117,103,65,56,0,0,0,0,0,0,0,0,,,,,,,,,,,,,,,,,,,,,,,,,,,,,,,,,,,,,,,,,,,,,,,,,,403.0,546.0,341.0,0.0,0.0,0.0,,,,,,,,,,,,,,,,,,,,,,,,,,,,,,,,,,,,,,,,,,,,,,,,,,,,,,,,,,,,,,,,,,,,,,,,,,,,,,,,,,,,,,,,,,,,,,,,,,,,,,,,,,,,,,,,,,,,,
,Other PAH,,,,,,,,,,,,,,,,,,,,,,,,,,,,,,,,,,,,,,,,,,,,,,,,,,,,,,,,,,,,,,,,,,,,,,,,,,,,,,,,,,11,39,44,34,40,36,39,35,37,31,32,106,101,97,112,105,95,101,94,83,78,78,73,70,66,63,61,56,67,72,82,52,55,53,52,51,50,49,48,,,,,,,,,,,,,,,,,,,,,,,,,,,,,,94.0,149.0,135.0,416.0,395.0,312.0,260.0,277.0,,,,,,,,,,,,,,,,,,,,,,,,,,,,,,,,,,,,,,,,,,,,,,,,,,,,,,,,,,,,,,,,,,,,,,,,,,,,,,,,,,,,,,,,,,,,,,,,,,,,,,,,,,,,,,,,,,,
,Xarelto (rivaroxaban),,,,,,,,,,,,,,,,,,,,,,,,,,,,,,,,,,,,,,,,,,,,,,,,,,,,,,,,,,,,,27,49,68,95,158,189,246,271,319,361,414,428,441,472,461,494,567,594,529,598,513,642,635,710,578,679,612,608,542,549,613,609,527,559,630,629,589,569,636,644,508,609,689,667,578,637,625,525,518,587,592,676,690,621,635,676,690,621,635,676,,,,,,,,,,,,,,,,,,,,,,0,,,239.0,864.0,1522.0,1674.2,1757.91,2500.0,2477.0,2313.0,2345.0,2438.0,2473.0,2365.0,2373.0,2622.0,2753.1,2890.755,3035.29275,1517.646375,758.8231875,379.41159375,189.705796875,94.8528984375,47.42644921875,23.713224609375,,,,,,,,,,,,,,,,,,,,,,,,,,,,,,,,,,,,,,,,,,,,,,,,,,,,,,,,,,,,,,,,,,,,,,,,,,,,,,,,,,,,,,,,,,,,,,,,,,,,,,,,
,Invokana,,,,,,,,,,,,,,,,,,,,,,,,,,,,,,,,,,,,,,,,,,,,,,,,,,,,,,,,,,,,,,,,,,,,,94,117,174,201,278,318,340,372,325,383,328,371,284,295,265,267,248,215,190,228,202,177,179,177,175,179,224,217,150,160,133,120,128,120,109,91,,,,,,,,,,,,,,,,,,,,,,,,,,,,,,,,,,,,,,,,,,,,,,1111.0,881.0,735.0,795.0,563.0,448.0,,,,,,,,,,,,,,,,,,,,,,,,,,,,,,,,,,,,,,,,,,,,,,,,,,,,,,,,,,,,,,,,,,,,,,,,,,,,,,,,,,,,,,,,,,,,,,,,,,,,,,,,,,,,,,,,,,,,,
,"Other Pharma (Doxil: 400m, Natrecor, Regranex (may be Ethicon), Ultram ER, Ultracet, Doribax: 200m, Hormonal Contraceptives: 800m, Livostin, Motilium, Nizoral: 300m, Terazol, Sporanox (China), Regranex: 50m, Renova, ReoPro (abciximab): 200m?, Retavase: 100m, Retin-A: 200m, Ditropan: 300m, Axert, Arestin, Orthoclone, Leustatin, Pepcid, Decapinol).",,,,,,,,,700,748,723,633,742,749,698,651,781,847,769,651,669,632,615,699,731,789,745,836,1116,1072,660,759,1286,1165,1064,1050,1149,1243,1220,1242,1086,1077,1118,1187,1067.5500000000002,1322,1362,1220,1231,1318,1313,1441,1564,1630,1651,1519,1415,1553,1438,1730,1557,1759,1742,1840,1575,1652,1603,1630,1642,581,527,551,574,586,522,492,423,412,386,375,431,407,447,413,415,388,334,333,374,368,325,286,302,312,294,278,178,293,251,198,274,243,236,213,349,313,332,312,311,305,292,281,323,309,264,281,323,309,264,281,,,,,,,,1857.0,2307.0,2025.0,1976.0,1656.0,2677.0,2834.0,2964.0,3101,6625,6921.6,4854,4468,4971.55,5303,6364,6136,6898.0,6460.0,6137.0,6137.0,6137,1698.0,1470.0,1353.0,1186.0,920.0,966.0,1306.0,1189.0,1177.0,1059.3,953.37,858.033,772.2297,695.00673,625.5060569999999,562.9554512999999,506.65990616999994,455.99391555299997,410.3945239977,,,,,,,,,,,,,,,,,,,,,,,,,,,,,,,,,,,,,,,,,,,,,,,,,,,,,,,,,,,,,,,,,,,,,,,,,,,,,,,,,,,,,,,,,,,,,,,,,,,,,,,,
,Electrophysiology/Interventional,362.6865671641791,380.327868852459,316.9230769230769,268,243,232,206,226,223,242,229,241,248,248,270.8,289,310,341,326,366,369,409,415,449,420,599,791,896,877,664,756,915,969,1014,994,1005,1075,1068,983,961,928,852,777,868,835,852,726,722,668,674,640,697,672,655,596,629,635,587,526,540,482,504,493,506,513,529,501,534,541,567,542,558,529,544,524,439,443,470,451,485,499,523,553,568,640,667,653,686,732,750,741,774,727,590,836,893,949,1046,957,1019,1092,1049,1060,994,1092,1620,1161,1239,1344,1323,1279,1321,1323,1468,1418,1360.63,1362.69,1512.04,1460.54,1401.4489,,,,,,,,,1362.2448979591836,1335.0,907.0,942.0,1055.8,1343.0,1642.0,2706,3212,3982,4087,3425,3135,2679,2552,2288,1985.0,2077.0,2118.54,2160.9108,2204.1290160000003,2143.0,2646.0,2997.0,3046.0,3971.0,4195.0,4278.9,4364.478,5569.63,5681.0226,5794.643052,5910.53591304,6028.7466313008,6149.3215639268155,6272.307995205352,6397.754155109459,6525.709238211649,6656.223422975882,6789.3478914354,,,,,,,,,,,,,,,,,,,,,,,,,,,,,,,,,,,,,,,,,,,,,,,,,,,,,,,,,,,,,,,,,,,,,,,,,,,,,,,,,,,,,,,,,,,,,,,,,,,,,,,,
,Abiomed,,,,,,,,,,,,,,,,,,,,,,,,,,,,,,,,,,,,,,,,,,,,,,,,,,,,,,,,,,,,,,,,,,,,,,,,,,,,,,,,,,,,,,,,,,,,,,,,,,,,,,,,31,324,,311,340,371,379,362,384,420,448,423,395.52,432.6,461.44,435.69,407.3856,,,,,,,,,,,,,,,,,,,,,,,,,,,,,,0.0,,,,,,,,,,,,,,,,,,,,,,,,,,,,,,,,,,,,,,,,,,,,,,,,,,,,,,,,,,,,,,,,,,,,,,,,,,,,,,,,,,,,,,,,,,,,,,,,,,,,,,,,,,,,,,,,,,,,,,,,,,
,Shockwave,,,,,,,,,,,,,,,,,,,,,,,,,,,,,,,,,,,,,,,,,,,,,,,,,,,,,,,,,,,,,,,,,,,,,,,,,,,,,,,,,,,,,,,,,,,,,,,,,,,,,,,,,,,,,,77,229,258,258,292,278,265.74,265.74,300.76,286.34000000000003,273.7122,,,,,,,,,,,,,,,,,,,,,,,,,,,,,,0.0,,,,,,,,,,,,,,,,,,,,,,,,,,,,,,,,,,,,,,,,,,,,,,,,,,,,,,,,,,,,,,,,,,,,,,,,,,,,,,,,,,,,,,,,,,,,,,,,,,,,,,,,,,,,,,,,,,,,,,,,,,
,Other CV,,,,,,,,,,,,,,,,,,,,,,,,,,,,,,,,,,,,,,,,,,,,,,,,,,,,,,,,,,,,,,,,,,,,,,,,,,,,,,,,,,,,,,,,,,,,,,,,,,,,,,,,73,87,,87,89,92,170,96,99,103,104,95,101.97,106.09,107.12,97.85000000000001,105.0291,,,,,,,,,,,,,,,,,,,,,,,,,,,,,,0.0,,,,,,,,,,,,,,,,,,,,,,,,,,,,,,,,,,,,,,,,,,,,,,,,,,,,,,,,,,,,,,,,,,,,,,,,,,,,,,,,,,,,,,,,,,,,,,,,,,,,,,,,,,,,,,,,,,,,,,,,,,
,Orthopedics (DePuy),,,,,,,,,428,420,420,434,471,456,429,460,511,508,495,540,617,633,615,672,739,748,718,802,839,839,790,952,993,980,897,977,1039,1035,971,1060,1157,1135,1086,1209,1253,1289,1195,1252,1292,1323,1284,1473,1454,1375,1309,1447,1503,1469,1384,1453,1493,1628,2290,2388,2385,2385,2283,2456,2421,2469,2344,2441,2328,2330,2181,2423,2341,2355,2251,2387,2325,2343,2204,2339,2250,2262,2111,2262,2204,2224,2138,2273,2038,1451,2083,2191,2113,2227,2093,2155,2188,2157,2095,2148,2245,2265,2164,2268,2340,2312,2191,2315,2241,2305,2274,2338.15,2263.41,2328.05,2296.7400000000002,2361.5315,,,,,,,,,,,795.0,1751.0,1816.0,2054.0,2537.0,3007,3420,3847,4105,4587,4989,5372,5585,5809,7799.0,9509.0,9794.27,10088.098100000001,10390.741043000002,9211.0,8885.0,8839.0,7763.0,8588.0,8588.0,8845.64,9111.0092,9384.339476000001,9665.869660280001,9955.845750088401,10254.521122591053,10562.156756268785,10879.02145895685,11205.392102725555,11541.553865807322,11887.800481781542,12244.434496234988,12611.767531122037,,,,,,,,,,,,,,,,,,,,,,,,,,,,,,,,,,,,,,,,,,,,,,,,,,,,,,,,,,,,,,,,,,,,,,,,,,,,,,,,,,,,,,,,,,,,,,,,,,,,,,,,
,Ethicon,381.7307692307692,383.49514563106794,374.03846153846155,378,397,395,389,426,480,475,467,495,482,509,482,503,519,530,532,618,564,606,596,620,629,673,640,697,681,716,687,753,787,798,745,769,774,816,796,827,870,901,877,944,945,1020,957,918,953,1041,1019,1109,1147,1132,1072,1152,1193,1257,1187,1233,,,,,,,,,,,,,,,,,,,,,,,,,,,,,,,,,,,,,,,,,,,,,,,,,,,,,,,,,,,,,,,,,,,,,1525.0,1525.0,1607.0,1936.0,1976.0,2199.0,2386.0,2639,2837,3099,3213,3592,3840,4122,4503,4870,,,,,,0.0,,,,,,,,,,,,,,,,,,,,,,,,,,,,,,,,,,,,,,,,,,,,,,,,,,,,,,,,,,,,,,,,,,,,,,,,,,,,,,,,,,,,,,,,,,,,,,,,,,,,,,,,,,,,,,,,,,,,,,,,,,
,Ethicon Endo-Surgery,244.82758620689657,247.8632478632479,252.13675213675216,264,284,290,295,323,427,431,431,450,448,463,447,482,475,499,503,523,521,575,571,625,623,649,622,693,665,710,672,802,767,785,723,823,794,857,826,900,891,957,922,1064,1003,1124,1042,1117,1015,1115,1106,1256,1168,1196,1137,1257,1221,1295,1231,1333,,,,,,,,,,,,,,,,,,,,,,,,,,,,,,,,,,,,,,,,,,,,,,,,,,,,,,,,,,,,,,,,,,,,,869.6789536266351,1008.8275862068966,1192.0,1739.0,1840.0,2000.0,2292.0,2587,2849,3098,3377,3834,4286,4492,4758,5080,,,,,,0.0,,,,,,,,,,,,,,,,,,,,,,,,,,,,,,,,,,,,,,,,,,,,,,,,,,,,,,,,,,,,,,,,,,,,,,,,,,,,,,,,,,,,,,,,,,,,,,,,,,,,,,,,,,,,,,,,,,,,,,,,,,
,Specialty Surgery/Other,,,,,,,,,,,,,,,,,,,,,,,,,,,,,,,,,,,,,,,,,,,,,,,,,,,,,,,,,793,,796,872,872,876,829,901,839,890,846,929,874,905,858,1223,1123,879,1137,1266,1158,1270,1221,1285,1197,1270,1241,1388,1296,1346,1296,1406,1305,1235,1210,1271,948,775,1000,1116,1118,1168,1144,1192,1146,1156,1158,1109,1118,1222,1164,1167,1087,1141,1109,1151,1073,1164,1165,1162.51,1083.73,1175.64,1176.65,1174.1351,,,,,,,,,,,,,,,,,,,,,,,,,3478.0,3504.0,3539.04,3574.4304,3610.174704,5096.0,5344.0,5021.0,3839.0,4622.0,4569.0,4614.69,4660.836899999999,4707.445268999999,4754.519721689999,4802.064918906899,4850.0855680959685,4898.586423776928,4947.572288014698,4997.048010894845,5047.018491003793,5097.488675913832,5148.46356267297,5199.9481982996995,,,,,,,,,,,,,,,,,,,,,,,,,,,,,,,,,,,,,,,,,,,,,,,,,,,,,,,,,,,,,,,,,,,,,,,,,,,,,,,,,,,,,,,,,,,,,,,,,,,,,,,,
,General Surgery/Surgical Care,,,,,,,,,,,,,,,,,,,,,,,,,,,,,,,,,,,,,,,,,,,,,,,,,,,,,,,,,"1,621",,1622,1694,1625,1640,1551,1667,1508,1588,1534,1639,1508,1575,1521,1253,1133,1449,1083,1147,1070,1127,1063,1102,1074,1114,1105,1170,1127,1169,1080,1181,1089,1119,1101,1171,1153,775,1152,1312,1254,1354,1261,1321,1288,1294,1264,1275,1316,1372,1314,1364,1330,1346,1325,1357,1323,1391,1378,1370.57,1336.23,1404.91,1391.78,1384.2757,,,,,,,,,,,,,,,,,,,,,,,,,6483.0,6269.0,6331.6900000000005,6395.0069,6458.956969000001,4463.0,4557.0,4480.0,4392.0,5190.0,5121.0,5172.21,5223.9321,5276.171421,5328.93313521,5382.2224665621,5436.044691227721,5490.405138139999,5545.309189521398,5600.7622814166125,5656.769904230779,5713.337603273087,5770.470979305817,5828.175689098875,,,,,,,,,,,,,,,,,,,,,,,,,,,,,,,,,,,,,,,,,,,,,,,,,,,,,,,,,,,,,,,,,,,,,,,,,,,,,,,,,,,,,,,,,,,,,,,,,,,,,,,,
,Diabetes Care (LifeScan),210.90909090909088,229.47368421052633,241.66666666666666,251,232,218,261,287,260,246,263,274,233,252,254,249,263,266,293,285,318,353,324,347,348,330,362,387,400,420,420,461,501,474,462,473,504,522,505,542,549,596,585,643,615,674,667,579,541,610,634,655,597,616,613,644,637,681,664,670,670,673,629,644,600,589,557,563,512,558,558,514,484,494,470,480,429,471,427,462,399,421,405,390,339,355,315,,,,,,,,,,,,,,,,,,,,,,,,,,,,,,,,,,,,,,,,,,811.3473406837252,933.0494417862839,998.0,1043.0,988.0,1107.0,1342.0,1427,1701,1910,2073,2373,2535,2440,2470,2652,2616.0,2309.0,2297.455,2285.967725,2274.5378863749997,1615.0,1009.0,,,,,,,,,,,,,,,,,,,,,,,,,,,,,,,,,,,,,,,,,,,,,,,,,,,,,,,,,,,,,,,,,,,,,,,,,,,,,,,,,,,,,,,,,,,,,,,,,,,,,,,,,,,,,,,,,,,,,,,,,
,Ortho Clinical Diagnostics,255.31914893617022,259.7826086956522,238.29787234042556,282,240,239,224,285,234,239,226,241,249,250,238,241,263,254,254,252,269,269,274,282,286,294,287,309,303,317,309,344,355,366,343,344,370,368,360,390,393,406,404,456,443,476,470,452,467,494,501,501,525,494,498,536,521,550,539,554,512,514,513,530,477,483,459,466,443,461,44,14,30,16,16,24,28,31,7,,1,,,,,,,,,,,,,,,,,,,,,,,,,,,,,,,,,,,,,,,,,,,,,,,,1083.3333333333335,1040.0,988.0,940.0,978.0,1023.0,1094.0,1176,1273,1408,1488,1659,1841,1963,2053,2164,2069.0,1885.0,1875.575,1866.1971250000001,1856.866139375,1.0,0.0,,,,,,,,,,,,,,,,,,,,,,,,,,,,,,,,,,,,,,,,,,,,,,,,,,,,,,,,,,,,,,,,,,,,,,,,,,,,,,,,,,,,,,,,,,,,,,,,,,,,,,,,,,,,,,,,,,,,,,,,,
,Vision Care,200.97087378640776,210,221.05263157894737,206,207,210,217,220,221,234,249,233,242,255,274,260,264,265,282,252,270,288,312,298,300,317,342,339,354,377,392,407,407,426,443,418,441,474,493,471,513,553,577,566,607,639,652,602,599,630,659,618,664,662,695,659,722,732,752,710,757,730,764,745,740,730,748,719,761,707,704,646,631,646,683,648,640,685,739,721,798,1055,1091,1119,1115,1173,1132,1133,1129,1161,1193,1141,1067,695,1081,1076,1145,1183,1189,1171,1257,1241,1206,1145,1300,1308,1256,1208,1258,1285,1300,1303,1279,1369,1400,1316.03,1291.79,1382.69,1414,1329.1903,,,,,,,,,723.0769230769231,846.0,854.0,953.0,1031.0,1063.0,1168.0,1298,1530,1694,1879,2209,2500,2506,2680,2916,2996.0,2937.0,2922.315,2907.703425,2893.164907875,4063.0,4553.0,4624.0,3919.0,4688.0,4849.0,4824.755,4800.631225,4776.628068875,4752.744928530626,4728.981203887973,4705.336297868533,4681.80961637919,4658.400568297294,4635.108565455807,4611.933022628528,4588.873357515386,4565.928990727809,4543.09934577417,,,,,,,,,,,,,,,,,,,,,,,,,,,,,,,,,,,,,,,,,,,,,,,,,,,,,,,,,,,,,,,,,,,,,,,,,,,,,,,,,,,,,,,,,,,,,,,,,,,,,,,,
,Other Devices,,,,,,,,,161,168,161,214,153,146,154,144,141,131,99,18,30,33,35,26,19,19,17,18,17,14,18,16,18,13,15,12,14,15,16,16,19,18,20,,,,,,,,,,,,,,,,,,,,,,,,,,,,,,,,,,,,,,,,,,,,,,,,,,,,,,,,,,,,,,,,,,,,,,,,,,,,,,,,,,,,,,,,1088.0,1071.0,597.0,389.0,124.0,73,65,58,61,57,,,,,,,,,,0.0,,,,,,,,,,,,,,,,,,,,,,,,,,,,,,,,,,,,,,,,,,,,,,,,,,,,,,,,,,,,,,,,,,,,,,,,,,,,,,,,,,,,,,,,,,,,,,,,,,,,,,,,,,,,,,,,,,,,,,,,,,
,Consumer,,,,,,,,,1728,1687,1704,1744,1752,1707,1722,1723,1785,1684,1777,1551,1604,1648,1661,1652,1791,1819,1841,1979,2047,2000,2024,2262,2280,2278,2231,2307,2355,2398,2456,2565,3496,3564,3623,3810,4064,4036,4099,3855,3711,3854,3989,4249,3766,3647,3567,3610,3682,3793,3740,3668,3595,3619,3581,3652,3675,3658,3611,3753,3557,3744,3589,3606,3390,3483,3314,3320,3195,3419,3261,3432,3228,3478,3356,3540,3398,3504,3415,3536,3318,3544,3469,3567,3625,3296,3514,3618,3641,3854,3700,3728,3586,3805,3795,3767,"3,852",4011,,,,,,,,,,,,,,,,,,,4780.0,4824.0,5251.0,5831.0,6364.0,6498.0,6526.0,6864.0,6904.0,6962.0,6563.9,7430,8333,9096,9774,14493,16054,15803,14590,14883,14447.0,14697.0,14990.94,15290.758800000001,15596.573976000001,13602.0,13853.0,13898.0,14053.0,14923.0,14953.0,15252.06,15557.1012,,,,,,,,,,,,,,,,,,,,,,,,,,,,,,,,,,,,,,,,,,,,,,,,,,,,,,,,,,,,,,,,,,,,,,,,,,,,,,,,,,,,,,,,,,,,,,,,,,,,,,,,,,,,,,,,,,,
,Sales,5715,5698,5586,5630,5783,5783,5724,6367,6638,6854,6749,6877,7319,7508,7204,7108,7791,8342,8238,8403,8743,9073,9079,9403,9822,10332,10454,11389,11984,11892,11553,12752,12832,12762,12310,12610,12992,13363,13287,13682,15087,15142,15007,15957,16194,16450,15921,15182,15026,15239,15081,16551,15631,15389,14982,15644,16966,16597,16005,18821,16139,16626,17191,17791,17548,17933,17639,18451,18219,19495,18467,18254,17374,17787,17102,17811,17482,18482,17820,18106,17766,18839,19650,20195,20009,20830,20348,20394,20021,20564,20728,20744,20690,18338,21082,22476,22321,23441,23335,24878,23524,24129,23947,23879,20894,25624,21350.5,21396,21382,22453,22470.6,22521,21894,23740,23998,23031.955,22829.510000000002,24306.426999999992,24647.6793,23989.80627,,9757.0,11232.0,12447.0,13753.0,14138.0,15734.0,18842.0,21620.0,22629.0,23657.0,27471.0,29139.0,33004.0,36911.9,42365.4,48117,49498,53324,61095,63747,61897,61455,65030,67747.0,71312.0,75247.425,76071.903275,70454.942341625,76450.0,81581.0,82057.0,82586.0,94199.0,95373.0,97508.75500000002,100741.58862500002,88527.049234875,83743.02439571061,85093.99970494538,88042.69067735829,88267.73266169905,89330.17234788125,85177.3684866004,85829.57309322762,87188.74713279612,88794.68676013096,60490.84205889369,,,,,,,,,,,,,,,,,,,,,,,,,,,,,,,,,,,,,,,,,,,,,,,,,,,,,,,,,,,,,,,,,,,,,,,,,,,,,,,,,,,,,,,,,,,,,,,,,,,,,,,,
,Cost of Sales,1772,1749,1750,1881,1777,1803,1758,2098,2038,2086,2030,2181,2241,2256,2179,2185,2279,2362,2385,2489,2457,2582,2611,2797,2722,2966,2980,3508,3367,3162,3187,3706,3496,3522,3354,3638,3612,3788,3650,4007,4385,4358,4274,4734,4614,4751,4774,4372,4251,4450,4434,5199,4528,4630,4594,5040,4778,5172,5072,5338,4915,5143,5597,6003,5554,5489,5344,5955,5455,6039,5399,5853,5282,5357,5224,5673,5329,5336,5486,5534,5386,5823,6902,5959,6614,6927,6589,6961,6615,6940,6867,7134,7062,6579,6972,7814,7063,6345,7250,7955,7598,6600,7807,6472,6687,8212,5205,5530,5404,6869,5612,5775,6177,6334,6231,5757.98875,5707.3775000000005,6076.606749999998,6161.919825,5997.4515675,,3480.0,3937.0,4204.0,4678.0,4791.0,5299.0,6235.0,7018.0,7152.0,7436.0,8442.0,8861.0,9536.0,10447.0,12176,13422,13954,15057,17751,18511,18334,18792,17001,21658.0,22342.0,23326.701750000007,23582.290015250008,21841.03212590376,23699.500000000007,27091.0,27556.0,28427.0,28613.0,28477.0,30227.71405000001,31229.892473750006,27443.38526281125,25960.3375626703,26379.13990853307,27293.234109981073,27362.997125126712,27692.35342784319,26404.98423084613,26607.167658900566,27028.511611166803,27526.3528956406,18752.16103825705,,,,,,,,,,,,,,,,,,,,,,,,,,,,,,,,,,,,,,,,,,,,,,,,,,,,,,,,,,,,,,,,,,,,,,,,,,,,,,,,,,,,,,,,,,,,,,,,,,,,,,,,
,Gross Profit,3943,3949,3836,3749,4006,3980,3966,4269,4600,4768,4719,4696,5078,5252,5025,4923,5512,5980,5853,5914,6286,6491,6468,6606,7100,7366,7474,7881,8617,8730,8366,9046,9336,9240,8956,8972,9380,9575,9637,9675,10702,10784,10733,11223,11580,11699,11147,10810,10775,10789,10647,11352,11103,10759,10388,10604,12188,11425,10933,13483,11224,11483,11594,11788,11994,12444,12295,12496,12764,13456,13068,12401,12092,12430,11878,12138,12153,13146,12334,12572,12380,13016,12748,14236,13395,13903,13759,13433,13406,13624,13861,13610,13628,11759,14110,14662,15258,17096,16085,16923,15926,17529,16140,17407,14207,17412,16145.5,15866,15978,15584,16858.6,16746,15717,17406,17767,17273.96625,17122.1325,18229.820249999993,18485.759475,17992.3547025,,6277.0,7295.0,8243.0,9075.0,9347.0,10435.0,12607.0,14602.0,15477.0,16221.0,19029.0,20278.0,23468.0,26464.9,30189.4,34695,35544,38267,43344,45236,43563,42663,48029,46089.0,48970.0,51920.723249999995,52489.613259749996,48613.91021572125,52750.49999999999,54490.0,54501.0,54159.0,65586.0,66896.0,67281.04095000001,69511.69615125001,61083.66397206375,57782.686833040316,58714.85979641231,60749.456567377216,60904.735536572334,61637.81892003806,58772.384255754274,59222.405434327055,60160.23552162932,61268.33386449036,41738.68102063664,,,,,,,,,,,,,,,,,,,,,,,,,,,,,,,,,,,,,,,,,,,,,,,,,,,,,,,,,,,,,,,,,,,,,,,,,,,,,,,,,,,,,,,,,,,,,,,,,,,,,,,,
,SG&A,2138,2142,2149,2286,2100,2114,2151,2542,2403,2549,2564,2861,2609,2745,2675,2846,2721,2975,2894,3280,2843,3017,3006,3350,3253,3396,3428,4054,3640,3711,3854,4655,4127,4194,4161,4645,4095,4351,4291,4696,4802,5029,4899,5721,5123,5507,5195,5665,4608,4797,4767,5629,4779,4756,4709,5180,5056,5215,5240,5458,5015,4965,5228,5661,5223,5001,5314,5917,5183,5481,5468,5822,4847,5384,5081,5891,4688,5176,4772,5309,4737,5262,5396,6025,5263,5743,4458,4918,5219,5546,4236,4897,5203,4993,5431,6457,5432,6067,6000,7154,5938,6220,6089,6460,4906,6665,5394,5802,5253,5681,5475,6449,5112,5889,5922,6513.49,5163.12,5947.89,5981.22,6578.6249,,3897.0,4469.0,5099.0,5671.0,5771.0,6350.0,7462.0,8394.0,8715.0,8907.0,10503.0,10875.0,11992.0,12216.0,14131,15860,16877,17433,20451,21490,19801,19424,20969,20869.0,21455.0,24831.650250000002,,,0.0,20382.0,19898.0,22084.0,24653.0,24707.0,25352.276300000005,26192.813042500005,23017.0328010675,21773.18634288476,22124.4399232858,22891.099576113156,22949.610492041753,23225.844810449125,22146.115806516107,22315.689004239182,22669.074254526993,23086.61855763405,15727.618935312361,,,,,,,,,,,,,,,,,,,,,,,,,,,,,,,,,,,,,,,,,,,,,,,,,,,,,,,,,,,,,,,,,,,,,,,,,,,,,,,,,,,,,,,,,,,,,,,,,,,,,,,,
,R&D,478,520,516,626,494,532,511,732,536,574,613,812,637,667,692,930,701,829,899,1104,831,932,952,1242,936,1082,1177,1489,1095,1182,1198,1727,1384,1487,1539,2014,1532,1663,1719,2046,1652,1866,1834,2328,1712,1896,1861,2108,1518,1638,1617,2213,1557,1648,1657,1982,1738,1882,1773,2155,1645,1766,1923,2331,1784,1946,2042,2411,1831,2005,2023,2635,1899,2129,2154,2864,2013,2264,2178,2640,2060,2285,2574,3635,2404,2639,2508,3224,2858,2666,2599,3232,2580,2707,2840,4032,3178,3364,3422,4720,3462,3554,3597,3681,3455,3829,3378,4425,3490,3440,4895,5267,3219,3559,3672,5319.67,3251.19,3594.59,3708.7200000000003,5372.8667000000005,,719.0,834.0,980.0,1127.0,1182.0,1278.0,1634.0,1905.0,2140.0,2269.0,2600.0,2926.0,3591.0,3957.0,4684,5203,6312,6960,7680,7577,6986,6844,7548,7665.0,8183.0,3000.0,3000.0,3000,,10775.0,11355.0,12159.0,14684.0,14294.0,3000.0,3000.0,3000.0,3000.0,3000.0,3000.0,3000.0,3000.0,3000.0,3000.0,3000.0,3000.0,3000.0,,,,,,,,,,,,,,,,,,,,,,,,,,,,,,,,,,,,,,,,,,,,,,,,,,,,,,,,,,,,,,,,,,,,,,,,,,,,,,,,,,,,,,,,,,,,,,,,,,,,,,,,
,Operating Expenses,,,,,,,,,,,,,,,,,,,,,,,,,,,,,,,,,,,,,,,,,,,,,,,,,,,,,,,,,,,,,,,,,,,,,7014,7486,7491,8457,6746,7513,7235,8755,6701,7440,6950,7949,6797,7547,7970,9660,7667,8382,6966,8142,8077,8212,6835,8129,7783,7700,8271,10489,8610,9431,9422,11874,9400,9774,9686,10141,8361,10494,8772,10227,8743,9121,10370,11716,8331,9448,9594,11833.16,8414.31,9542.48,9689.94,11951.491600000001,,,,,,,,,,,,,,,,,,,,,,,,,,,,,,,31157.0,31253.0,34243.0,39337.0,39001.0,28352.276300000005,29192.813042500005,26017.0328010675,24773.18634288476,25124.4399232858,25891.099576113156,25949.610492041753,26225.844810449125,25146.115806516107,25315.689004239182,25669.074254526993,26086.61855763405,18727.618935312363,,,,,,,,,,,,,,,,,,,,,,,,,,,,,,,,,,,,,,,,,,,,,,,,,,,,,,,,,,,,,,,,,,,,,,,,,,,,,,,,,,,,,,,,,,,,,,,,,,,,,,,,
,Operating Income,1327,1287,1171,837,1412,1334,1304,995,1661,1645,1542,1023,1832,1840,1658,1147,2090,2176,2060,1530,2612,2542,2510,2014,2911,2888,2869,2338,3882,3837,3314,2664,3825,3559,3256,2313,3753,3561,3627,2933,4248,3889,4000,3174,4745,4296,4091,3037,4649,4354,4263,3510,4767,4355,4022,3442,5394,4328,3920,5870,4564,4752,4443,3796,4987,5497,4939,4168,5750,5970,5577,3944,5346,4917,4643,3383,5452,5706,5384,4623,5583,5469,4778,4576,5728,5521,6793,5291,5329,5412,7026,5481,5845,4059,5839,4173,6648,7665,6663,5049,6526,7755,6454,7266,5846,6918,7373.5,5639,7235,6463,6488.5999999999985,5030,7386,7958,8173,5440.8062500000015,8707.8225,8687.340249999994,8795.819474999998,6040.8631024999995,,1661.0,1992.0,2164.0,2277.0,2394.0,2807.0,3511.0,4303.0,4622.0,5045.0,5926.0,6477.0,7885.0,10291.900000000001,11374.400000000001,13632,12355,13874,15213,16169,16776,16395,19512,17555.0,19332.0,24089.072999999993,49489.613259749996,45613.91021572125,52750.49999999999,23333.0,23248.0,19916.0,26249.0,27895.0,38928.764650000005,40318.88310875001,35066.63117099625,33009.50049015555,33590.419873126506,34858.35699126406,34955.12504453058,35411.97410958893,33626.26844923817,33906.71643008787,34491.16126710233,35181.71530685631,23011.06208532428,,,,,,,,,,,,,,,,,,,,,,,,,,,,,,,,,,,,,,,,,,,,,,,,,,,,,,,,,,,,,,,,,,,,,,,,,,,,,,,,,,,,,,,,,,,,,,,,,,,,,,,,
,Interest Income,36,57,58,36,61,64,67,40,52,51,61,32,77,81,106,84,105,120,106,74,76,189,51,12,38,43,63,-11,-6,-17,19,12,69,94,101,169,181,196,194,195,33,153,54,35,-16,135,224,-17,-81,-85,-114,-81,-81,-58,-95,-114,-91,-317,191,353,481,-129,-30,,,,,,-32,-80,-112,-122,-119,-107,-91,-107,-38,-102,-41,-104,77,-122,81,198,-205,-127,-255,256,19,5,-173,-20,-42,-50,-32,-74,834,240,-7,-56,114,525,99,325,-14,83,659,808,641,-528,788,248,626,227,286,,,,,,,147.0,265.0,126.0,70.0,62.0,126.0,115.0,139.0,203.0,262.0,246.0,379.0,456.0,256.0,177,195,487,766,275,326,2.5,-348,136,,,0.0,0.0,0,0.0,-331.0,-169.0,-198.0,1011.0,1063.0,0.0,0.0,238.34162331562504,503.1289192729641,754.4736398436779,1012.0603411909543,1281.0884711843669,1552.8600725522292,1830.0963289182878,2096.0190647544614,2366.039580965779,2642.4685873262897,2926.1499665326596,,,,,,,,,,,,,,,,,,,,,,,,,,,,,,,,,,,,,,,,,,,,,,,,,,,,,,,,,,,,,,,,,,,,,,,,,,,,,,,,,,,,,,,,,,,,,,,,,,,,,,,,
,Other Expense,61,50,32,90,39,27,54,111,108,82,92,84,17,55,18,59,55,167,58,55,67,-1,168,177,1,-25,-16,-182,-53,-23,41,51,-33,-88,-63,-30,-718,-98,45,100,-228,0,0,0,-18,16,25,-259,-75,6,-96,-361,-97,18,-292,-123,0,0,0,0,0,0,0,408,619,69,44,163,,,,,,,,,,,,,,,,,,,0,0,0,0,0,0,0,0,0,0,0,0,0,0,0,0,0,0,0,0,0,0,,,,,,,,,,,,,,,,,,,,309.0,409.0,249.0,261.0,419.0,213.0,338.0,454.0,-178,202,-160,-671,-228,-236,,-494,,408.0,895.0,,,,,,,,,,,,,,,,,,,,,,,,,,,,,,,,,,,,,,,,,,,,,,,,,,,,,,,,,,,,,,,,,,,,,,,,,,,,,,,,,,,,,,,,,,,,,,,,,,,,,,,,,,,,,,,,,,,,,,,,,,,,,,
,Pretax income,1302,1294,1197,783,1434,1371,1317,924,1605,1614,1511,971,1892,1866,1746,1172,2140,2129,2108,1549,2621,2732,2393,1849,2948,2956,2948,2509,3929,3843,3292,2625,3927,3741,3420,2512,4652,3855,3776,3028,4509,4042,4054,3209,4747,4415,4290,3279,4643,4263,4245,3790,4783,4279,4219,3451,5303,4011,4111,6223,5045,4623,4413,3388,4368,5428,4895,4005,5718,5890,5465,3822,5227,4810,4552,3276,5414,5604,5343,4519,5660,5347,4859,4774,5523,5394,6538,5547,5348,5417,6853,5461,5803,4009,5807,4099,7482,7905,6656,4993,6640,8280,6553,7591,5832,7001,8032.5,6447,7876,5935,7276.5999999999985,5278,8012,8185,8459,5440.8062500000015,8707.8225,8687.340249999994,8795.819474999998,6040.8631024999995,,1514.0,1727.0,2038.0,2207.0,2332.0,2681.0,3317.0,4033.0,4576.0,5046.0,5753.0,6643.0,8003.0,10093.900000000001,11729.400000000001,13625,13002,15311,15716,16731,16778.5,16541,19648,17147.0,18437.0,24089.072999999993,49489.613259749996,45613.91021572125,52750.49999999999,23002.0,23079.0,19718.0,27260.0,28958.0,38928.764650000005,40318.88310875001,35304.97279431187,33512.62940942852,34344.893512970186,35870.417332455014,36236.213515714946,36964.83418214116,35456.36477815646,36002.73549484233,36857.20084806811,37824.1838941826,25937.21205185694,,,,,,,,,,,,,,,,,,,,,,,,,,,,,,,,,,,,,,,,,,,,,,,,,,,,,,,,,,,,,,,,,,,,,,,,,,,,,,,,,,,,,,,,,,,,,,,,,,,,,,,,
,Tax Expense,393,385,342,153,424,366,356,231,477,459,412,217,578,535,482,227,640,647,579,339,787,774,668,465,859,846,877,529,1011,977,933,619,1088,726,882,411,1310,783,901,643,1079,950,944.5820000000001,490.977,1149,1048,980,653,1136,1055,900,906,1167,838,802,587,1034,646,909,528,1135,1002,966,533,764,1083,912,356.445,697,1300,2061,182,1255,1225,764,543,837,907,1009,510,1153,921,1026,0,1114,1019,754,200,673,1434,1205,400,713,314,847,0,1232,1151,182,100,713,1259,1364,1200,796,1618,1256,675,1297,1062,1401,475,1305,1489,1635,1088.1612500000003,1741.5645000000002,1737.4680499999988,1759.1638949999997,1208.1726205,,432.0,480.0,577.0,582.0,545.0,675.0,914.0,1146.0,1273.0,1210.0,1586.0,1822.0,2230.0,2523.4750000000004,3111,4329,3245,4178,3464.559,3830,,3394,3117,3636.0,3115.445,4544.21334131311,,,,3087.0,3712.0,1874.0,2665.0,4536.0,9732.191162500001,10079.720777187502,8826.243198577968,8378.15735235713,8586.223378242546,8967.604333113753,9059.053378928736,9241.20854553529,8864.091194539114,9000.683873710583,9214.300212017028,9456.04597354565,6484.303012964235,,,,,,,,,,,,,,,,,,,,,,,,,,,,,,,,,,,,,,,,,,,,,,,,,,,,,,,,,,,,,,,,,,,,,,,,,,,,,,,,,,,,,,,,,,,,,,,,,,,,,,,,
,Net Income,909,909,855,630,1010,1005,961,693,1128,1155,1099,754,1314,1331,1264,945,1500,1482,1529,1210,1834,1958,1725,1384,2089,2110,2071,1980,2918,2866,2359,2006,2839,3015,2538,2101,3342,3072,2875,2385,3430,3092,3109.4179999999997,2892.023,3598,3367,3310,2626,3507,3208,3345,2884,3616,3441,3417,2864,4269,3365,3202,5695,3910,3621,3447,2855,3604,4345,3983,3648.555,5021,4590,3404,3640,3972,3585,3788,2733,4577,4697,4334,4009,4507,4426,3833,4774,4409,4375,5784,5347,4675,3983,5648,5061,5090,3695,4960,4099,6250,6754,6474,4893,5927,7021,5189,6391,5036,5383,6776.5,5772,6579,4873,5875.5999999999985,4803,6707,6696,6824,4352.645000000001,6966.258,6949.872199999995,7036.655579999999,4832.690482,,1082.0,1247.0,1461.0,1625.0,1787.0,2006.0,2403.0,2887.0,3303.0,3836.0,4167.0,4821.0,5773.0,7570.425000000001,8618.400000000001,9296,9757,11133,12251.440999999999,12901,16778.5,13147,16531,13511.0,15321.555,19544.859658686884,49489.613259749996,45613.91021572125,52750.49999999999,19915.0,19367.0,17844.0,24595.0,24422.0,29196.573487500005,30239.162331562504,26478.7295957339,25134.47205707139,25758.67013472764,26902.81299934126,27177.16013678621,27723.62563660587,26592.273583617345,27002.051621131748,27642.900636051083,28368.13792063695,19452.909038892703,19550.173584087166,19647.9244520076,19746.164074267635,19844.894894638972,19944.119369112166,20043.839965957726,20144.059165787512,20244.779461616446,20346.003358924525,20447.733375719145,20549.97204259774,20652.721902810725,20755.985512324776,20859.7654398864,20964.06426708583,21068.884588421257,21174.22901136336,21280.100156420176,21386.500657202276,21493.433160488286,21600.900326290724,21708.904827922175,21817.449352061783,21926.53659882209,22036.1692818162,22146.35012822528,22257.081878866404,22368.36728826073,22480.209124702033,22592.61017032554,22705.573221177165,22819.10108728305,22933.19659271946,23047.862575683055,23163.10188856147,23278.917398004272,23395.311984994292,23512.28854491926,23629.849987643855,23747.999237582073,23866.739233769982,23986.07292993883,24106.00329458852,24226.533311061463,24347.66597761677,24469.40430750485,24591.75132904237,24714.71008568758,24838.283636116015,24962.475054296592,25087.287429568074,25212.72386671591,25338.78748604949,25465.481423479734,25592.80883059713,25720.772874750113,25849.37673912386,25978.62362281948,26108.516740933574,26239.059324638238,26370.254621261425,26502.10589436773,26634.616423839565,26767.78950595876,26901.628453488553,27036.136595755994,27171.317278734772,27307.173865128443,27443.70973445408,27580.928283126348,27718.832924541977,27857.427089164685,27996.714224610507,28136.697795733555,28277.38128471222,28418.76819113578,28560.862032091456,28703.66634225191,28847.184673963166,28991.420597332977,29136.377700319637,29282.059588821234,29428.469886765335,29575.61223619916,29723.49029738015,29872.10774886705,30021.46828761138,30171.575629049436,30322.43350719468,30474.045674730653,30626.415903104302,30779.54798261982,30933.445722532917,31088.112951145577,31243.5535159013,31399.771283480804,31556.770139898206,31714.553990597695,31873.12676055068,32032.49239435343,32192.654856325193,32353.618130606814,32515.386221259843,32677.963152366137
,EPS,0.3409346635661241,0.34108818011257036,0.3202007340274137,0.23470680277177558,0.36735287699134356,0.3669490287717248,0.34996358339402767,0.2526246719160105,0.41065967671472253,0.42006109979633405,0.40004368083867214,0.2655864741106023,0.46562721474131824,0.47078381437464634,0.4466115468871458,0.3328636843959141,0.5301477345020146,0.4764507313936666,0.4914976373396766,0.38767140843265413,0.58868845092123,0.6379304727462287,0.5699276439686788,0.45771736614082087,0.6920655954944509,0.699022693390757,0.688428680650201,0.6588141345577959,0.971177527790721,0.9536485542208764,0.7839813891658358,0.6656711465073835,0.9389158977411781,0.9967930703871459,0.8442552059077906,0.6971959515513523,1.1167173455408161,1.032813340505648,0.9752043689155727,0.813798751151602,1.1729302739117053,1.0579982891360138,1.0674647258745578,1.0009770870829295,1.2552768377350592,1.1835629921259843,1.169074276833963,0.9373215305539692,1.2570793605276362,1.1531272465851905,1.1976369495166488,1.0312891113892366,1.2926750795409858,1.23068669527897,1.2263135228251507,1.0296232384239288,1.539654488404804,1.2098658900514148,1.1525448131883955,2.0597489963470648,1.409059785938232,1.2940461725394898,1.2231645434867464,1.0076233500388225,1.2606688120889884,1.5019011406844107,1.3824101068999028,1.2703882311977714,1.7466170382996489,1.5969661123095122,1.188423000384038,1.2793027097318384,1.40552016985138,1.2748933143669985,1.3493872898261614,0.9749224128705454,1.6373327609644415,1.6809820342137285,1.555970417175271,1.4501718213058419,1.6362316209838446,1.6144446470910085,1.4000803594257956,1.778092293940184,1.6138950913283794,1.6076875022966963,2.120545534535856,1.9629221732745963,1.7322513709796945,1.4797339971022032,2.115435035020038,1.896144767899292,1.9056533133657807,1.3862314762708685,1.8583739228175347,1.5357811914574746,2.3384592359785987,2.5280730648300644,2.420277393547422,1.8325842696629213,2.2227639227451714,2.6316578582405636,1.9497989704279861,2.411607109165692,1.932834388792938,2.050119968008531,2.6577636584696243,2.3746245937384294,2.7072959960495453,2.0119735755573904,2.4200337740434112,1.9789048658893331,2.7725187053036255,2.767971559670952,2.8098492958906367,1.7922445030058476,2.8684254302890553,2.8616784155480506,2.8974123280902573,1.989907964259244,,0.4060342239567697,0.471562547269702,0.4759850708145893,0.5294083918234584,0.5821817840630099,0.6535138586637824,0.7828259135900923,0.9404987151621294,1.0760191396537975,1.2496546835337472,1.3574032715796827,1.5704391300920373,1.8504142196944589,2.5504287815058815,2.903800000876019,3.128888601670199,3.2802394235223793,3.7598784194528876,4.206900565718651,4.549012693935119,6.013098832573267,4.7116375332622535,5.9586738877724805,4.814781818505781,5.326920469361148,6.795257595371363,17.206297526205997,15.858812765135593,,7.305039982393074,7.22009413299781,6.68658953580964,9.203682221307488,9.167761552610834,11.436630297896514,11.845024220127113,10.372019897267384,9.845458912245444,10.08996440703813,10.538138195519316,10.64560309326108,10.859659852170424,10.416496370252398,10.577011093709801,10.828038950233495,11.112122652919014,7.619925981782563,,,,,,,,,,,,,,,,,,,,,,,,,,,,,,,,,,,,,,,,,,,,,,,,,,,,,,,,,,,,,,,,,,,,,,,,,,,,,,,,,,,,,,,,,,,,,,,,,,,,,,,,
,Diluted Shares (MM),2666.2,2665,2670.2,2684.2,2749.4,2738.8,2746,2743.2,2746.8,2749.6,2747.2,2839,2822,2827.2,2830.2,2839,2829.4,3110.5,3110.9,3121.2,3115.4,3069.3,3026.7,3023.7,3018.5,3018.5,3008.3,3005.4,3004.6,3005.3,3009,3013.5,3023.7,3024.7,3006.2,3013.5,2992.7,2974.4,2948.1,2930.7,2924.3,2922.5,2912.9,2889.2,2866.3,2844.8,2831.3,2801.6,2789.8,2782,2793,2796.5,2797.3,2796,2786.4,2781.6,2772.7,2781.3,2778.2,2764.9,2774.9,2798.2,2818.1,2833.4,2858.8,2893,2881.2,2872,2874.7,2874.2,2864.3,2845.3,2826,2812,2807.2,2803.3,2795.4,2794.2,2785.4,2764.5,2754.5,2741.5,2737.7,2684.9,2731.9,2721.3,2727.6,2724,2698.8,2691.7,2669.9,2669.1,2671,2665.5,2669,2669,2672.7,2671.6,2674.9,2670,2666.5,2667.9,2661.3,2650.1,2605.5,2625.7,2549.7,2430.7,2430.1,2422,2427.9,2427.1,2419.1,2419.1,2428.6,2428.6,2428.6,2428.6,2428.6,2428.6,,2664.8,2644.4,3069.424,3069.464,3069.488,3069.56,3069.648,3069.648,3069.648,3069.648,3069.832,3069.842,3119.842,2968.295,2967.973,2971.023,2974.478,2961,2912.2250000000004,2836.0000000000005,2790.325,2790.3250000000003,2774.275,2806.15,2876.25,2876.25,2876.25,2876.25,,2726.2000000000003,2682.375,2668.625,2672.2999999999997,2663.9,2552.8999999999996,2552.8999999999996,2552.8999999999996,2552.8999999999996,2552.8999999999996,2552.8999999999996,2552.8999999999996,2552.8999999999996,2552.8999999999996,2552.8999999999996,2552.8999999999996,2552.8999999999996,2552.8999999999996,,,ROIC,0.01,,,,,,,,,,,,,,,,,,,,,,,,,,,,,,,,,,,,,,,,,,,,,,,,,,,,,,,,,,,,,,,,,,,,,,,,,,,,,,,,,,,,,,,,,,,,,,,,,,,,
,Consensus,,,,,,,,,,,,,,,,,,,,,,,,,,,,,,,,,,,,,,,,,,,,,,,,,,1.12,1.11,0.92,,1.23,,1.03,,,,,,,,,,,,,,,,,,,,,,,,,,,,,,,,,,,,,,,,,,,,,,,,,,,,,,,,,,,,,,,,,,,,,,,,,,,,,,,2.22,2.65,3.1,3.32428076455768,3.68,4.05,4.51,4.49,4.75,5.36,5.81,6.25,6.68,7.28,-,,,,,,,,,,,,,,,,,,,,,,Maturity,0.005,,,,,,,,,,,,,,,,,,,,,,,,,,,,,,,,,,,,,,,,,,,,,,,,,,,,,,,,,,,,,,,,,,,,,,,,,,,,,,,,,,,,,,,,,,,,,,,,,,,,
,,,,,,,,,,,,,,,,,,,,,,,,,,,,,,,,,,,,,,,,,,,,,,,,,,,,,,,,,,,,,,,,,,,,,,,,,,,,,,,,,,,,,,,,,,,,,,,,,,,,,,,,,,,,,,,,,,,,,,,,,,,,,,,,,,,,,,,,,,,,,,,,,,,,,,,,,,,,,,,,,,,,,,,,,,,,Discount,0.0655,,,,,,,,,,,,,,,,,,,,,,,,,,,,,,,,,,,,,,,,,,,,,,,,,,,,,,,,,,,,,,,,,,,,,,,,,,,,,,,,,,,,,,,,,,,,,,,,,,,,
,Sales y/y,62.667453175112655,,,,,0.014917514917514918,0.02470461868958118,0.13090586145648309,0.14784713816358286,0.1851979941206987,0.17907058001397624,0.08010051829747145,0.1025911419102139,0.0954187335862271,0.06741739516965484,0.03359022829722269,0.06448968438311242,0.11108151305274383,0.14353137146029993,0.1821890827236916,0.12219227313566927,0.08762886597938135,0.10208788540907987,0.11900511722004037,0.12341301612718736,0.1387633638267387,0.15144839740059468,0.21120918855684345,0.22011810221950734,0.15098722415795596,0.1051272240290797,0.11967688120115905,0.07076101468624829,0.07315842583249244,0.06552410629273786,-0.011135508155583396,0.012468827930174564,0.04709293214229748,0.0793663688058488,0.08501189532117359,0.16125307881773399,0.1331287884457082,0.12944983818770228,0.16627686010817122,0.07337442831576846,0.08638224805177641,0.060904911041513854,-0.04856802657141068,-0.07212547857231077,-0.07361702127659575,-0.0527605049934049,0.09017257278355939,0.04026354319180081,0.009843165562044787,-0.006564551422319487,-0.05480031418041209,0.08540720363380472,0.07849762817596995,0.06828193832599116,0.20308105343901817,-0.04874454791936811,0.0017473037295896443,0.07410184317400814,-0.05472610382020082,0.08730404609951048,0.07861181282328888,0.0260601477517306,0.03709740880220336,0.038237975837702276,0.08710199074332237,0.046941436589375884,-0.010676928079778825,-0.04638015258795758,-0.08761220825852778,-0.07391563329181783,-0.024268653445820076,0.006216185104178651,0.039073480631922175,0.041983393755116394,0.016562798270731482,0.016245280860313516,0.019316091332106877,0.10269360269360273,0.11537611841378559,0.12625239220983908,0.10568501512819162,0.03552162849872764,0.00985392423867304,0.0005997301214453188,-0.012770043206913106,0.01867505405936698,0.017161910365793842,0.03341491433994315,-0.10824742268041232,0.0170783481281358,0.0834940223679137,0.07883035282745277,0.2782746210055622,0.10686841855611418,0.10686954974194696,0.05389543479234793,0.029350283690968926,0.026226698092993272,-0.04015596109011976,-0.11180071416425774,0.061958638982137604,-0.10842694283208754,-0.10398257883495954,0.023355987364793718,-0.12375117077739617,0.05246247160488049,0.052579921480650604,0.023945374614161352,0.05731973455662942,0.06797326284122374,0.0226879357044536,0.04272905818945838,0.023859604043807492,0.027072226852237646,0.04158792729492555,,,0.15117351644972832,0.10817307692307687,0.10492488149754964,0.027993892241692686,0.11288725420851597,0.19753400279649158,0.14743657785797692,0.046669750231267404,0.04542843254231288,0.16122078031872178,0.06071857595282304,0.1326401043275336,0.11840685977457288,0.14774368157694395,0.13576173009106474,0.02870087495064122,0.07729605236575221,0.14573175305678499,0.04340780751288986,-0.02902097353600952,-0.007140895358417998,0.05817264665202182,0.04178071659234206,0.05262225633607387,0.05518601357415309,0.010956896863912657,-0.07383752333722582,0.08509066162180501,0.06711576193590574,0.005834691901300593,0.00644673824292874,0.14061705373792166,0.012462977313984158,0.022393706814297643,0.033154290863420366,0.03923909048367413,-0.05404026092038461,0.016132392148282104,0.03465216093540313,0.002556055279653524,0.012036558027996191,-0.04648825533559309,0.007657017564822066,0.015835731095763306,0.018419115770626382,-0.31875606225963704,,,RFR,0.02,,,,,,,,,,,,,,,,,,,,,,,,,,,,,,,,,,,,,,,,,,,,,,,,,,,,,,,,,,,,,,,,,,,,,,,,,,,,,,,,,,,,,,,,,,,,,,,,,,,,
,CC y/y,,,,,,,,,,,,,,,,,,,,,,,,,,,,,,,,,,,,,,,,,,,,,,,,,,,,,,,,,,,,,,,,,,,,,,,,,,,,,,,,,,,,,,,,,,,,,,,,,,,,,,,,,,,,,,,0.054,0.057,0.042,0.046,0.054,,,,,,,,,,,,,,,,,,,,,,,,,,,,,,,,,,,,,,,,,,,,,,,,,,,,,,,,,,,,,,,,,,,,,,,,,,,,,,,,,,,,,,,,,,,,,,,,,,,,,,,,,,,,,,,,,,,,,,,,,,,,,,,,,,,,,,,,,,,,,,,,,,,,,,,,,,,,,
,R&D y/y,,,,,,,,,,,,,,,,,,,,,,,,,,,,,,,,,,,,,,,,,,,,,,,,,,,,,,0.006105006105006083,0.02473716759431044,-0.10438319023949394,0.11624919717405269,0.14199029126213603,0.07000603500301761,0.08728557013118055,-0.053509781357882646,-0.06163655685441016,0.08460236886632821,0.0816705336426915,0.0844984802431612,0.10192525481313708,0.06188247529901192,0.034320034320034276,0.026345291479820565,0.03031860226104821,-0.00930460333006855,0.09290750725839891,0.03713817586018564,0.06184538653366589,0.0647553138902619,0.08690702087286528,0.0600315955766193,0.0634100516674494,0.011142061281337101,-0.07821229050279332,0.023348236462990668,0.00927561837455837,0.18181818181818188,0.37689393939393945,0.16699029126213594,0.15492341356673967,-0.02564102564102566,-0.1130674002751032,0.1888519134775375,0.010231148162182624,0.03628389154704936,0.002481389578163684,-0.09727081875437371,0.015378844711177786,0.09272797229703733,0.24752475247524752,0.2317829457364342,0.24270410048023638,0.2049295774647888,0.1706349206349207,0.08936438011327885,0.0564803804994054,0.051139684395090645,-0.22012711864406775,-0.002021952628538437,0.07737760270118166,-0.060884070058382034,0.20211898940505302,0.01013024602026058,-0.10159310524941234,0.4490822972172883,0.19028248587570618,-0.07765042979942693,0.03459302325581404,-0.24984678243105207,0.010000000000000009,,,,,,,,,,,,,,,,,,,,,,,,,,,-0.020326367019753766,0.10286382232612512,0.015500794912559623,0.0675799086757991,-0.6333862886471955,0.0,0,-1.0,,0.05382830626450108,0.07080581241743733,0.20766510403816096,-0.026559520566603156,-0.7901217293969498,0.0,,,,,,,,,,,,,,ERP,0.065,,,,,,,,,,,,,,,,,,,,,,,,,,,,,,,,,,,,,,,,,,,,,,,,,,,,,,,,,,,,,,,,,,,,,,,,,,,,,,,,,,,,,,,,,,,,,,,,,,,,
,SG&A y/y,,,,,,,,,,,,,,,,,,,,,,,,,,,,,,,,,,,,,,,,,,,,,,,,,,,,,,-0.008547008547008517,-0.012166981329976956,-0.07976550008882577,0.05796191671897888,0.09650967199327165,0.11276279464854544,0.05366795366795363,-0.008109177215189889,-0.047938638542665335,-0.0022900763358778553,0.03719311102968126,0.041475573280159495,0.007250755287009136,0.016449885233358774,0.04522169228051576,-0.007658433850277646,0.09598080383923224,0.0289800526910049,-0.016055433496704463,-0.06482732008489289,-0.017697500456121174,-0.0707754206291149,0.011851597389213264,-0.03280379616257478,-0.038632986627043064,-0.06081480023617403,-0.09879477168562212,0.010452218430034188,0.016615146831530092,0.13076278290025156,0.13486532303635346,0.1110407430863416,0.09141011022424927,-0.17383246849518164,-0.18373443983402493,-0.008360250807524228,-0.03430262928782868,-0.04979811574697168,-0.004270028466856424,-0.003065721402567556,-0.09971150378651283,0.2821057601510859,0.31856238513375534,0.044013069383048276,0.21510114159823757,0.10476891916774078,0.10794486603685916,0.09315169366715748,0.025218394593703675,0.014833333333333254,-0.09700866648029072,-0.1737958908723476,0.07154340836012851,-0.11414025291509278,-0.10185758513931886,0.07072971871178146,-0.14763690922730688,0.015016685205784253,0.1115132712857636,-0.026841804683038317,0.03661327231121292,0.0816438356164384,0.010000000000000009,,,,,,,,,,,,,,,,,,,,,,,,,,,-0.01903944245240141,0.0795407742998353,-0.004768944632552841,0.028079927164694096,0.15738290608249828,-1.0,,,,-0.023746442939848844,0.10986028746607701,0.11632856366600253,0.0021904027907353463,0.026117144938681447,0.033154290863420366,,,,,,,,,,,,,,Beta,0.7,,,,,,,,,,,,,,,,,,,,,,,,,,,,,,,,,,,,,,,,,,,,,,,,,,,,,,,,,,,,,,,,,,,,,,,,,,,,,,,,,,,,,,,,,,,,,,,,,,,,
,EPS y/y,67.39504514740672,,,,,0.07581865971028234,0.09295059693419017,0.07634149897929432,0.11788882689055269,0.14473964191263655,0.14310088198022242,0.05130853647937128,0.13385180270518893,0.12075080173552166,0.11640695323782246,0.2533156498673741,0.13856690012533113,0.012037195940025613,0.10050364968255754,0.16465516247651335,0.11042340202435219,0.3389222236687883,0.15957351708447542,0.18068383735432225,0.17560586488735686,0.09576626804098587,0.20792294940519618,0.43934703660578567,0.4033027130858262,0.3642597919031827,0.13879826799979922,0.010408112986510343,-0.03321908623949843,0.045241526320477954,0.07688169333469341,0.047357926221335944,0.18936887555891713,0.03613615622800448,0.15510613626240932,0.16724537677075335,0.05033765132721735,0.024384801824921754,0.09460617681766403,0.23000568097020602,0.07020584740193403,0.11868138566888375,0.09518773641551292,-0.06359342021950454,0.0014359563869827952,-0.02571535756294918,0.024431871651507064,0.10025117077992585,0.02831620670186563,0.06726009546948086,0.023944295740103483,-0.0016153307030108977,0.1910607025483293,-0.01691803877252085,-0.06015485295049883,1.000488061535962,-0.08482078508528101,0.06957819307104995,0.061272871553678554,-0.5108028445088075,-0.10531204944610384,0.1606240739749012,0.13019144828970597,0.2607768876622647,0.3854685874281454,0.06329642414532066,-0.14032529532852378,0.00701712934294263,-0.19529001548062908,-0.2016779163063993,0.13544359995566224,-0.23792671941193322,0.16493010636593963,0.31852760954226067,0.15309402193622512,0.4874740822051471,-0.0006725205815513169,-0.03958244988254289,-0.10018831722551658,0.22612525482605106,-0.013651202781446381,-0.004185429835880439,0.5145884450557818,0.1039484170559204,0.07333579505090215,-0.07958854255674841,-0.0024099928214634803,-0.03401938512106395,0.10010206676183309,-0.06318873595824848,-0.12151690217235556,-0.19005066624794598,0.2271168210803216,0.8237019632759233,0.302362976487514,0.19325870108083376,-0.04947501818863698,0.04097381315894122,-0.1943902894658912,0.31595973461524585,-0.13043649439575344,-0.22097777201966096,0.3630962467306247,-0.015335215793113588,0.40068699716185274,-0.018606907423176722,-0.08944733805379113,-0.1666451736803185,0.024091458543599398,0.3757494597830999,0.16107854610471772,-0.09432508156454456,,,,,,,0.161386206991037,0.00937844527834808,0.11223738786059356,0.09968370931518922,0.12252543201017119,0.19787193984028106,0.20141489804411172,0.1440942154485625,0.1613684529215864,0.08622268972837066,0.15694367545205146,0.17827821800773225,0.37830154695147633,0.13855365103019746,0.07751518724646145,0.048372071083447876,0.1462207278197587,0.11889271311352956,0.0813216578029643,0.3218470110206795,-0.21643770301278442,0.264671538442135,-0.19197091346348505,0.10636798720285601,0.27564464955984436,1.532103792198575,-0.07831346395226058,,,-0.011628389385958893,-0.07389164010340354,0.3764389412596221,-0.003902858424804645,0.2474833940941168,0.035709287752854424,,,,,,,,,,,,,,NPV,364846.99977519707,,,,,,,,,,,,,,,,,,,,,,,,,,,,,,,,,,,,,,,,,,,,,,,,,,,,,,,,,,,,,,,,,,,,,,,,,,,,,,,,,,,,,,,,,,,,,,,,,,,,
,Remicade y/y,72.5769727779375,,,,,,,,,,,,1.3333333333333335,2.5076923076923077,2.3629629629629627,2.3902439024390243,1.6734693877551021,0.875,1.301762114537445,0.5107913669064748,0.8702290076335877,0.9415204678362572,0.631578947368421,0.8047619047619048,0.6693877551020408,0.2680722891566265,0.3020527859237536,0.20316622691292885,0.13447432762836176,0.2802850356294537,0.22747747747747749,0.3114035087719298,0.24353448275862077,0.19109461966604813,0.14495412844036704,0.1571906354515049,0.18024263431542464,0.21028037383177578,0.2435897435897436,0.12716763005780352,0.07342143906020548,0.11840411840411846,0.055412371134020644,0.16410256410256419,0.3652530779753762,0.019562715765247374,0.19413919413919412,-0.024229074889867808,0.03006012024048088,0.24379232505643333,0.059304703476482645,0.28442437923250563,0.1536964980544746,0.025408348457350183,0.1862934362934363,-0.06414762741652025,0.08347386172006743,0.21327433628318593,0.14564686737184696,0.3408450704225352,0.18365758754863815,0.11086797957695116,0.12997159090909083,0.053221288515406195,0.051939513477974986,0.09783322390019689,0.06159648020113129,0.13829787234042556,0.006250000000000089,0.07894736842105265,0.05506216696269983,-0.02336448598130836,-0.006211180124223614,-0.07538802660753885,-0.09483726150392813,0.004784688995215225,0.11187499999999995,0.06714628297362113,0.10539367637941721,-0.033333333333333326,-0.06014614952220354,-0.1404494382022472,-0.07627593942793043,-0.09729064039408863,-0.16925837320574166,-0.13725490196078427,-0.16272009714632663,-0.155525238744884,-0.20662347012239024,-0.16136363636363638,-0.17621464829586653,-0.16397415185783526,-0.10163339382940106,-0.15537488708220415,-0.18926056338028174,-0.12946859903381647,-0.2151515151515152,-0.05026737967914441,-0.17372421281216066,-0.1520532741398446,-0.14671814671814676,-0.27139639639639634,-0.2667542706964521,-0.3782722513089005,-0.26546003016591246,-0.285935085007728,-0.17311827956989256,-0.09684210526315784,-0.10882956878850103,-0.14935064935064934,-0.09102730819245775,-0.1631701631701632,0.07603686635944706,0.15776081424936383,0.1349546971864568,-0.20000000000000007,,,,,,,,,,,,,,,,,,,0.7988904299583912,0.33384734001542027,0.2398843930635839,0.18181818181818188,0.1889546351084812,0.10384870603848717,0.1265404268109407,0.14834578441835644,0.07109665427509304,0.19132321041214762,0.11780772032046616,0.08698485095292385,0.029222238873070516,0.030000000000000027,0,-0.10729936500217696,-0.15661124307205065,-0.17761922643634998,-0.14452054794520552,-0.1486522551374433,-0.2655172413793103,-0.21493811352966274,-0.12721539632488854,0.049707238071508675,-0.050000000000000044,-0.050000000000000044,-0.050000000000000044,-0.050000000000000044,-0.050000000000000044,,,,,,,,Stock,151.43308906921817,,,,,,,,,,,,,,,,,,,,,,,,,,,,,,,,,,,,,,,,,,,,,,,,,,,,,,,,,,,,,,,,,,,,,,,,,,,,,,,,,,,,,,,,,,,,,,,,,,,,
,Simponi y/y,,,,,,,,,,,,,,,,,,,,,,,,,,,,,,,,,,,,,,,,,,,,,,,,,,,,,,,,,,,,,0.2210526315789474,0.8656716417910448,0.43410852713178305,0.5210084033613445,1.043103448275862,0.3999999999999999,0.4378378378378378,0.4033149171270718,0.09282700421940926,0.6114285714285714,0.1278195488721805,0.36220472440944884,0.1583011583011582,0.09219858156028371,0.2666666666666666,-0.017341040462427793,0.30000000000000004,0.4545454545454546,0.2657894736842106,0.2529411764705882,0.09743589743589753,-0.0200892857142857,-0.01039501039501034,0.1502347417840375,0.21028037383177578,0.24829157175398642,0.12605042016806722,-0.01632653061224487,0.01158301158301156,0.027372262773722733,0.09328358208955234,0.06846473029045641,0.009541984732824416,-0.030195381882770822,0.010238907849829282,0.11844660194174761,0.06238185255198481,0.06959706959706957,-0.03547297297297303,-0.02951388888888884,0.016014234875444844,-0.03082191780821919,-0.045534150612959734,-0.10375670840787121,-0.05954465849387036,-0.06537102473498235,0.15486238532110086,0.001996007984031989,0.03165735567970196,0.01512287334593565,-0.17969494756911353,0.16135458167330685,0.18953068592057765,0.2849162011173185,0.3306217315514237,-0.15868782161234996,,,,,,,,,,,,,,,,,,,,,,,,,-,-,-,-,0.48048780487804876,0.5354200988467874,0.2736051502145922,0.10000000000000009,0.050000000000000044,0.33699493429906213,0.13693398799781775,0.0499040307101728,0.025137111517367527,0.01471243869817207,-0.040861159929701185,0.00659642693540996,-0.0032310912897060007,,,,,,,,,,,,,,Change,-0.10921712312224607,,,,,,,,,,,,,,,,,,,,,,,,,,,,,,,,,,,,,,,,,,,,,,,,,,,,,,,,,,,,,,,,,,,,,,,,,,,,,,,,,,,,,,,,,,,,,,,,,,,,
,Stelara y/y,,,,,,,,,,,,,,,,,,,,,,,,,,,,,,,,,,,,,,,,,,,,,,,,,,,,,,,,,,,-,-,0.3313253012048192,0.40909090909090917,0.5185185185185186,0.2995169082125604,0.5656108597285068,0.49596774193548376,0.28919860627177707,0.550185873605948,0.3179190751445087,0.4231805929919137,0.4675675675675677,0.3069544364508394,0.20394736842105265,0.07954545454545459,0.1289134438305708,0.36146788990825685,0.3387978142076502,0.41052631578947363,0.3278955954323002,0.1846361185983827,0.11972789115646254,0.22263681592039797,0.3808353808353808,0.22980659840728102,0.2891859052247874,0.36419125127161744,0.1654804270462633,0.3358001850138761,0.3242224316682376,0.1618195376584639,0.2961832061068703,0.17728531855955687,0.29466192170818495,0.08921694480102693,0.14664310954063597,0.32000000000000006,0.1808686091258933,0.34001178550383027,0.2213662044170519,0.04010695187165769,0.06517690875232773,0.14291996481970104,0.029857022708158043,0.02227934875749793,0.06818181818181812,0.07618314736437082,0.16962025316455698,0.15381391450125736,0.002864157119476296,0.03146228101537352,-0.06563329143974306,-0.14674900108972033,-0.33700530395756834,-0.42703639514731373,-0.4133911224032283,-0.5,,,,,,,,,,,,,,,,,,,,,,,,,,,-,-,0.38888888888888884,0.4673170731707317,0.37765957446808507,0.1499999999999999,-1,,0.28546497132884574,0.23370830100853368,0.21160194937902843,0.18515635136888542,0.06437486314867535,0.11688952890351767,-0.045771015987622454,,,,,,,,,,,,,,,,,,,,,,,,,,,,,,,,,,,,,,,,,,,,,,,,,,,,,,,,,,,,,,,,,,,,,,,,,,,,,,,,,,,,,,,,,,,,,,,,,,,,,,,,,,,,,,,,,,,
,Tremfya y/y,,,,,,,,,,,,,,,,,,,,,,,,,,,,,,,,,,,,,,,,,,,,,,,,,,,,,,,,,,,,,,,,,,,,,,,,,,,,,,,,,,,,,,,,2.723404255319149,2.013888888888889,0.8650793650793651,0.695906432748538,0.5428571428571429,0.3640552995391706,0.4553191489361703,0.12758620689655165,0.41481481481481475,0.41216216216216206,0.4005847953216375,0.6422018348623852,0.8141361256544504,0.4114832535885167,0.24634655532359084,0.35754189944134085,0.08513708513708518,0.0847457627118644,0.18257956448911217,0.222633744855967,0.2101063829787233,0.26249999999999996,0.28328611898016987,0.1301469763267138,0.04285714285714293,0.1831683168316831,0.3090507726269316,0.41368013501439505,0.30000000000000004,,,,,,,,,,,,,,,,,,,,,,,,,,,,,,,,,,,,,,,,,,,,,,,,,,,,,,,,,,,,,,,,,,,,,,,,,,,,,,,,,,,,,,,,,,,,,,,,,,,,,,,,,,,,,,,,,,,,,,,,,,,,,,,,,,,,,,,,,,,,,,,,,,,,,,,,,,,,
,Sustenna y/y,,,,,,,,,,,,,,,,,,,,,,,,,,,,,,,,,,,,,,,,,,,,,,,,,,,,,,,,,,,,,,,,,,,,,,,,,,,,,,,,,,-0.02024922118380057,0,0.08112324492979717,0.15231788079470188,0.1446740858505564,0.16485225505443224,0.101010101010101,0.13505747126436773,0.13611111111111107,0.13618157543391196,0.1415465268676277,0.11772151898734173,0.07457212713936423,0.08813160987074031,0.10792192881745111,0.09286523216308051,0.16496018202502838,0.08423326133909281,0.06632124352331603,0.08601036269430051,0.029296875,0.02689243027888444,-0.020408163265306145,-0.003816793893129722,-0.0218216318785579,-0.0019398642095053154,0.0029761904761904656,0.011494252873563315,0.022308438409311293,0.019825072886297423,0.05143422354104854,-0.14488636363636365,-0.05882352941176472,-0.11473222793977522,-0.050000000000000044,,,,,,,,,,,,,,,,,,,,,,,,,,,,,,,,,,,,,,,,,,,,,,,,,,,,,,,,,,,,,,,,,,,,,,,,,,,,,,,,,,,,,,,,,,,,,,,,,,,,,,,,,,,,,,,,,,,,,,,,,,,,,,,,,,,,,,,,,,,,,,,,,,,,,,,,,,,,
,Darzalex y/y,,,,,,,,,,,,,,,,,,,,,,,,,,,,,,,,,,,,,,,,,,,,,,,,,,,,,,,,,,,,,,,,,,,,,,,,,,,,,,,,,,1.7685185185185186,,0.855,0.6941176470588235,0.7090301003344481,0.5709779179810726,0.5741239892183287,0.4560185185185186,0.5146771037181996,0.536144578313253,0.4212328767123288,0.4896661367249602,0.1640826873385013,0.4366013071895425,0.5096385542168675,0.45677694770544286,0.590455049944506,0.43767060964513194,0.3128491620111731,0.35970695970695976,0.385903698534543,0.2987341772151899,0.2662613981762918,0.21982758620689657,0.22406847935548835,0.2178362573099415,0.22419587133941432,0.18904593639575973,0.18387494858083087,0.2070428171268508,0.2094117647058824,0.20245170876671614,0.229673384294649,0.21734517968439193,0.1499999999999999,,,,,,,,,,,,,,,,,,,,,,,,,,,,,,,,,,,,,,,,,,,,,,,,,,,,,,,,,,,,,,,,,,,,,,,,,,,,,,,,,,,,,,,,,,,,,,,,,,,,,,,,,,,,,,,,,,,,,,,,,,,,,,,,,,,,,,,,,,,,,,,,,,,,,,,,,,,,
,Consumer y/y,,,,,,,,,,,,,,,,,,,,,,,,,,,,,,,,,,,,,,,,,,,,,,,,,,,,,,,,,,,,,,,,,,,,,,,,,,,,,,,,,,0.01725650775080423,0.02913216804661145,0.03146853146853146,0.05266418835192077,0.0074755606670500185,0.017580452920143097,-0.001129943502824804,-0.023543260741612726,0.011415525114155223,0.015812591508052698,0.008766968325791824,0.09252561784207347,-0.0699774266365688,0.01297203805131164,0.014297729184188368,0.004413793103448249,0.16929611650485432,0.05293113261240756,0.030403537866224406,-0.015105740181268867,-0.012714063310845902,0.025675675675675746,0.01046137339055786,0.07417735638594536,0.054139290407358764,-,-,-,-,-,-,-,-,-,-,,,,,,,,,,,,,,,,,,,,,,,,,,,,,,,,,,,,,,,,,,,,,,,,,,,,,,,,,,,,,,,,,,,,,,,,,,,,,,,,,,,,,,,,,,,,,,,,,,,,,,,,,,,,,,,,,,,,,,,,,,,,,,,,,,,,,,,,,,,,,,,,,,,,,,,,,,,,
,Interventional y/y,,,,,,,,,,,,,,,,,,,,,,,,,,,,,,,,,,,,,,,,,,,,,,,,-0.16820276497695852,-0.19999999999999996,-0.20892018779342725,-0.11845730027548207,-0.03462603878116344,0.0059880239520957446,-0.028189910979228516,-0.06874999999999998,-0.09756097560975607,-0.055059523809523836,-0.10381679389312981,-0.1174496644295302,-0.14149443561208264,-0.24094488188976382,-0.141396933560477,-0.06273764258555137,-0.062962962962963,0.06431535269709543,0.04960317460317465,0.016227180527383478,0.05533596837944654,0.05458089668615984,0.07183364839319473,0.08183632734530932,0.04494382022471921,-0.02218114602587795,-0.040564373897707284,-0.03321033210332103,-0.21326164874551967,,,,,,,,,,,,,0.14375000000000004,0.12443778110944526,0.13476263399693722,0.1282798833819243,-0.006830601092896127,-0.21333333333333337,0.1282051282051282,0.1537467700258397,0.3053645116918844,0.7728813559322034,0.14473684210526305,0.14109742441209416,0.15068493150684925,0.002868068833651982,0.1076280041797284,-0.024533856722276703,0,0.544327931363203,0.09528301886792456,0.2464788732394365,0.23076923076923084,-0.18333333333333335,0.10163652024117131,0.06618240516545604,-0.015625,0.10959939531368112,0.10867865519937459,0.030000000000000027,,,,,,,,,,,,,,,,,,,,,,,,,,,,,,,,,,,,,,,,,,,,,,,,,,,,,,,,,,,,,,,,,,,,,,,,,,,,,,,,,,,,,,,,,,,,,,,,,,,,,,,,,,,,,,,,,,,,,,,,,,,,,,,,,,,,,,,,,,,,,,,,,,,,,,,,,,,,
,DePuy y/y,,,,,,,,,,,,,,,,,,,,,,,,,,,,,0.13531799729364002,0.12165775401069512,0.10027855153203347,0.18703241895261846,0.18355184743742559,0.16805721096543502,0.1354430379746836,0.02626050420168058,0.046324269889224556,0.05612244897959173,0.08249721293199563,0.0849539406345956,0.11357074109720888,0.09661835748792269,0.11843460350154489,0.14056603773584908,0.0829732065687121,0.13568281938326,0.10036832412523022,0.03556658395368073,0.031125299281723917,0.026377036462373882,0.0744769874476987,0.17651757188498407,0.12538699690402466,0.039304610733182255,0.01947040498442365,-0.017651052274270218,0.033700137551581744,0.0683636363636364,0.05729564553093969,0.004146510020732519,-0.006653359946773074,0.10823689584751528,0.6546242774566473,0.6434962147281487,0.5974547890154052,0.4649877149877151,-0.0030567685589519833,0.028475711892797406,0.015094339622641506,0.035220125786163514,0.026719229084537943,-0.006107491856677472,-0.0384138785625775,-0.0562980963953017,-0.06953924914675769,-0.007374027038099085,,,,,,,,,,,,,-0.020444444444444487,-0.016799292661361598,0.01279014684983415,0.004862953138815129,-0.07531760435571688,-0.34757194244604317,-0.02572497661365758,-0.03607567091948971,0.03680078508341511,0.5348035837353549,0.004800768122899646,-0.016430853491556374,0.03549455750118313,-0.03143242029636284,0.000955566172957445,-0.0032482598607889157,0.02605118829981712,0.05006954102920713,0.032935560859188584,0.05586592178770955,0.04231625835189301,0.020750551876379753,0.012476894639556368,0.02072310405643729,-0.04230769230769227,-0.003027681660899617,0.03788224554997721,0.010000000000000009,,,,,,,,,,,,,,,,,0.03712164477441471,0.13105726872246692,0.23515092502434265,0.18525817895151753,0.13734619221815758,0.12485380116959055,0.06706524564595795,0.1174177831912302,0.08763897972531076,0.07676889156143507,,,,,,,,,,,,,,,,,,,,,,,,,,,,,,,,,,,,,,,,,,,,,,,,,,,,,,,,,,,,,,,,,,,,,,,,,,,,,,,,,,,,,,,,,,,,,,,,,,,,,,,,,,,,,,,,,,,,,,,,,,,,,,,,,,
,Ethicon y/y,,,,,0.040000000000000036,0.030000000000000027,0.040000000000000036,0.12698412698412698,0.20906801007556686,0.20253164556962022,0.2005141388174807,0.1619718309859155,0.004166666666666652,0.07157894736842096,0.032119914346895095,0.016161616161616266,0.07676348547717837,0.04125736738703334,0.10373443983402497,0.2286282306163021,0.08670520231213863,0.1433962264150943,0.12030075187969924,0.003236245954692629,0.11524822695035453,0.11056105610561051,0.0738255033557047,0.12419354838709684,0.08267090620031792,0.0638930163447251,0.07343750000000004,0.08034433285509324,0.15565345080763593,0.11452513966480438,0.08442503639010179,0.021248339973439556,-0.016518424396442133,0.022556390977443552,0.06845637583892628,0.07542262678803646,0.12403100775193798,0.10416666666666674,0.10175879396984921,0.14147521160822252,0.0862068965517242,0.13207547169811318,0.09122006841505126,-0.02754237288135597,0.00846560846560851,0.020588235294117574,0.06478578892372,0.2080610021786493,0.20356768100734524,0.08741594620557147,0.05201177625122666,0.03877366997294862,0.04010462074978194,0.11042402826855113,0.10727611940298498,0.0703125,,,,,,,,,,,,,,,,,,,,,,,,,,,,,0.00694444444444442,-0.08246656760772664,-0.06635802469135799,-0.09601706970128021,-0.27356321839080455,-0.3724696356275303,-0.17355371900826444,-0.12195121951219512,0.17932489451476785,0.5070967741935484,0.1439999999999999,0.06810035842293916,0.025044722719141266,-0.010273972602739767,0.012237762237762295,-0.06963087248322153,-0.024432809773123898,0.05709342560553643,0.005181347150259086,0.05229936880072139,-0.027728085867620766,-0.06628477905073649,-0.047250859106529264,-0.013710368466152478,-0.01287948482060719,0.02015775635407535,0.0504959422903517,0.010000000000000009,,,,,,,,,,,,,,0.0,0.05377049180327864,0.20472930927193533,0.02066115702479343,0.11285425101214575,0.0850386539336061,0.10603520536462696,0.07502841985600606,0.09235107507930906,0.03678606001936102,0.11795829442888262,0.069042316258352,0.07343750000000004,0.09243085880640467,0.08150122140795024,-1.0,,,,,,,,,,,,,,,,,,,,,,,,,,,,,,,,,,,,,,,,,,,,,,,,,,,,,,,,,,,,,,,,,,,,,,,,,,,,,,,,,,,,,,,,,,,,,,,,,,,,,,,,,,,,,,,,,,,,,,,,,,,,,,,
,Ethicon-Endo y/y,,,,,0.15999999999999992,0.16999999999999993,0.16999999999999993,0.2234848484848484,0.5035211267605635,0.4862068965517241,0.46101694915254243,0.3931888544891642,0.049180327868852514,0.07424593967517401,0.037122969837587005,0.07111111111111112,0.060267857142857206,0.0777537796976242,0.12527964205816544,0.08506224066390033,0.09684210526315784,0.1523046092184368,0.13518886679920472,0.19502868068833656,0.19577735124760087,0.1286956521739131,0.08931698774080554,0.10880000000000001,0.0674157303370786,0.09399075500770415,0.08038585209003224,0.15728715728715725,0.1533834586466165,0.10563380281690149,0.0758928571428572,0.026184538653366562,0.03520208604954367,0.09171974522292992,0.14246196403872746,0.09356014580801952,0.12216624685138533,0.11668611435239207,0.116222760290557,0.18222222222222229,0.12570145903479246,0.174503657262278,0.13015184381778733,0.04981203007518786,0.011964107676968982,-0.008007117437722422,0.061420345489443307,0.12444046553267674,0.15073891625615765,0.07264573991031398,0.028028933092224317,0.0007961783439489611,0.045376712328767166,0.08277591973244136,0.08267370272647323,0.06046141607000788,,,,,,,,,,,,,,,,,,,,,,,,,,,,,-0.03371783496007097,-0.042771599657827175,0.019444444444444375,-0.008467400508044065,0.058769513314967936,-0.3074173369079535,0.04632152588555849,0.1204099060631938,0.08759757155247172,0.7470967741935484,0.09461805555555558,0.006859756097560954,0.027113237639553533,-0.04431314623338256,0.0023790642347343294,-0.0348221044663134,0.021739130434782705,0.06027820710973719,0.039556962025316444,0.06980392156862747,0.010638297872340496,-0.01895043731778423,0.008371385083713934,-0.00513196480938416,-0.0052631578947368585,0.03343239227340278,0.040000000000000036,0.010000000000000009,,,,,,,,,,,,,,0.15999999999999992,0.1815695925622094,0.45889261744966436,0.05807935595169633,0.08695652173913038,0.1459999999999999,0.12870855148342053,0.10127560881329734,0.0873990873990873,0.09005810200129116,0.13532721350310917,0.11789254042775177,0.04806346243583759,0.05921638468388246,0.06767549390500216,-1.0,,,,,,,,,,,,,,,,,,,,,,,,,,,,,,,,,,,,,,,,,,,,,,,,,,,,,,,,,,,,,,,,,,,,,,,,,,,,,,,,,,,,,,,,,,,,,,,,,,,,,,,,,,,,,,,,,,,,,,,,,,,,,,,
,Vision Care y/y,,,,,0.030000000000000027,0,-0.018333333333333313,0.06796116504854366,0.06763285024154597,0.11428571428571432,0.14746543778801846,0.05909090909090908,0.09502262443438925,0.08974358974358965,0.10040160642570273,0.11587982832618016,0.09090909090909083,0.03921568627450989,0.029197080291970767,-0.03076923076923077,0.022727272727272707,0.08679245283018866,0.1063829787234043,0.18253968253968256,0.11111111111111116,0.10069444444444442,0.09615384615384626,0.13758389261744974,0.17999999999999994,0.18927444794952675,0.14619883040935666,0.20058997050147487,0.14971751412429368,0.12997347480106103,0.13010204081632648,0.027027027027026973,0.08353808353808345,0.11267605633802824,0.1128668171557563,0.1267942583732058,0.16326530612244894,0.16666666666666674,0.1703853955375254,0.20169851380042458,0.18323586744639386,0.15551537070524413,0.12998266897746968,0.06360424028268552,-0.01317957166392092,-0.014084507042253502,0.010736196319018454,0.02657807308970095,0.10851419031719534,0.050793650793650835,0.054628224582701,0.06634304207119746,0.08734939759036142,0.10574018126888207,0.08201438848920861,0.07738998482549309,0.0484764542936289,-0.002732240437158473,0.015957446808510634,0.04929577464788726,-0.022457067371202122,0,-0.020942408376963373,-0.03489932885906044,0.02837837837837842,-0.03150684931506853,-0.05882352941176472,-0.10152990264255912,-0.17082785808147172,-0.08628005657708626,-0.029829545454545414,0.003095975232198178,,,,,,,,,,,,,,,,,,,,,,,,,,,,,,,0.041459369817578695,0.05502183406113548,-0.03230769230769226,-0.01758409785932724,0.035031847133758065,0.07864238410596025,0.016693163751987372,0.06536964980544746,0.07692307692307687,0.010000000000000009,,,,,,,,,,,,,,0.16999999999999993,0.009456264775413725,0.11592505854800939,0.08184679958027274,0.031037827352085268,0.09877704609595495,0.11130136986301364,0.17873651771956856,0.1071895424836602,0.10920897284533648,0.17562533262373603,0.13173381620642832,0.0023999999999999577,0.06943335993615318,0.08805970149253728,0.027434842249657088,-0.01969292389853139,-0.0050000000000000044,-0.0050000000000000044,-0.0050000000000000044,,,,,,0.03434300341296925,-0.0050000000000000044,-0.0050000000000000044,-0.0050000000000000044,-0.004999999999999893,-0.0050000000000000044,-0.0050000000000000044,-0.0050000000000001155,-0.0050000000000000044,,,,,,,,,,,,,,,,,,,,,,,,,,,,,,,,,,,,,,,,,,,,,,,,,,,,,,,,,,,,,,,,,,,,,,,,,,,,,,,,,,,,,,,,,,,,,,,,,,,,,,,,,,,,,
,,,,,,,,,,,,,,,,,,,,,,,,,,,,,,,,,,,,,,,,,,,,,,,,,,,,,,,,,,,,,,,,,,,,,,,,,,,,,,,,,,,,,,,,,,,,,,,,,,,,,,,,,,,,,,,,,,,,,,,,,,,,,,,,,,,,,,,,,,,,,,,,,,,,,,,,,,,,,,,,,,,,,,,,,,,,,,,,,,,,,,,,,,,,,,,,,,,,,,,,,,,,,,,,,,,,,,,,,,,,,,,,,,,,,,,,,,,,,,,,,,,,,,,,,,,,,,,,,,,,,,,,,,,,,,,,,
,Gross Margin,0.6899387576552931,0.693050193050193,0.6867167919799498,0.6658969804618117,0.692720041500951,0.6882241051357427,0.6928721174004193,0.6704884561017748,0.692979813196746,0.6956521739130435,0.699214698473848,0.6828558964664825,0.6938106298674682,0.6995205114544486,0.6975291504719601,0.6925998874507597,0.7074829931972789,0.7168544713497962,0.7104879825200291,0.7037962632393193,0.7189751801441153,0.715419376171057,0.7124132613723978,0.702541741997235,0.7228670331907961,0.7129307007355787,0.7149416491295199,0.6919834928439722,0.7190420560747663,0.7341069626639758,0.7241409157794513,0.7093789209535759,0.7275561097256857,0.7240244475787494,0.7275385865150285,0.7114988104678827,0.7219827586206896,0.7165307191498915,0.7252954015202829,0.7071334600204648,0.7093524226154968,0.7121912561088364,0.7151995735323515,0.7033276931754089,0.7150796591330122,0.7111854103343465,0.7001444632874819,0.7120274008694507,0.7170903766804206,0.7079860883260056,0.705987666600358,0.6858800072503172,0.7103192374128334,0.699135746312301,0.6933653717794687,0.6778317565839939,0.7183779323352587,0.6883774176055913,0.6830990315526398,0.7163806386483184,0.6954582068281802,0.6906652231444725,0.6744226630213483,0.6625822044854139,0.6834966947800319,0.6939162437963531,0.6970349793072169,0.6772532654056691,0.700587298973599,0.690228263657348,0.69,0.69,0.69,0.69,0.69,0.69,,,,,,,,,,,,,,,,,0.658675688738521,0.641236776093358,0.6692913385826772,0.6523402740701192,0.6835715245732719,0.7293204214837251,0.6893079065781016,0.6802395690971943,0.6770107124638667,0.7264702225537735,0.6739883910301917,0.7289668746597429,0.6799559682205418,0.6795192007492975,0.7562117983185406,0.7415404748551131,0.7472640538770928,0.6940720616398699,0.7502514396589322,0.7435726655121886,0.7178679090161688,0.7331929233361415,0.7403533627802317,0.75,,,,,,0.643332991698268,0.6494836182336182,0.6622479312284084,0.6598560314113284,0.6611260432875937,0.6632134231600356,0.6690903301135761,0.6753931544865865,0.6839453798223518,0.6856744304011497,0.6926941137927268,0.6959058306736676,0.7110653254151011,0.7169747425626966,0.7125956558890038,0.7210549286115094,0.7180896197826174,0.717631835571225,0.7094524920206237,0.7096177074999608,0.703798245472317,0.6942152794727849,0.738566815316008,0.6803105672575908,0.6867006955351133,0.69,0.69,0.69,0.69,0.6679251296257707,0.6641846521320546,0.6557891167994575,0.6962494293994629,0.7014144464366225,0.69,0.69,0.69,0.69,0.69,0.69,,,,,,,,,,,,,,,,,,,,,,,,,,,,,,,,,,,,,,,,,,,,,,,,,,,,,,,,,,,,,,,,,,,,,,,,,,,,,,,,,,,,,,,,,,,,,,,,,,,,,,,,,,,,,,,
,SG&A Expense,0.3741032370953631,0.3759213759213759,0.38471177944862156,0.4060390763765542,0.3631333218052914,0.3655542106173266,0.3757861635220126,0.399246112768965,0.362006628502561,0.3718996206594689,0.3799081345384501,0.41602442925694344,0.3564694630413991,0.3656100159829515,0.3713214880621877,0.4003939223410242,0.3492491336157104,0.35662910573004075,0.3512988589463462,0.3903367844817327,0.3251744252544893,0.3325250743965612,0.33109373278995485,0.35626927576305434,0.3311952759112197,0.32868757259001163,0.32791276066577385,0.3559575028536307,0.3037383177570093,0.312058526740666,0.3335930061455899,0.3650407779171895,0.32161783042394015,0.32863187588152326,0.3380178716490658,0.36835844567803333,0.3151939655172414,0.3256005388011674,0.3229472416647851,0.3432246747551528,0.31828726718366807,0.3321225729758288,0.32644765775971213,0.3585260387290844,0.3163517352105718,0.33477203647416415,0.3262985993342127,0.37313924384139113,0.30666844136829496,0.3147844346741912,0.3160930972747165,0.34010029605461906,0.3057385963789905,0.3090519202027422,0.3143105059404619,0.331117361288673,0.29800778026641517,0.3142134120624209,0.3273976882224305,0.2899952181074332,0.3107379639382861,0.29862865391555393,0.30411261706707,0.3181945927716261,0.29764075678139956,0.27887135448614286,0.30126424400476215,0.32068722562462737,0.28448323179098745,0.28114901256732494,0.2960957383440732,0.31894379314122934,,,,,,,,,,,,,,,,,,,,,0.2514741420976317,0.2722761478896281,0.25761312968409067,0.2872842142730023,0.2433582724788316,0.2588200162109125,0.257124491107778,0.28756330894766463,0.2524230573031797,0.2577810932902317,0.2542698459097173,0.27053059173332217,0.23480425002393032,0.2601077115204496,0.2526404533851666,0.27117218171620866,0.24567393134412122,0.2530174141540106,0.24365170489439536,0.2863549575951334,0.23348862702110168,0.24806234203875316,0.24677056421368448,0.2828023066213875,,,,,,0.39940555498616376,0.3978810541310541,0.4096569454487025,0.4123463971497128,0.40819069175272316,0.403584593873141,0.3960301454198068,0.38825161887141535,0.3851252817181493,0.376505896774739,0.3823304575734411,0.373211160300628,0.36334989698218395,0.33095018137782123,0.3335504916748101,0.32961323440779766,0.3409632712432826,0.3269259620433576,0.3347409771667076,0.33711390339937564,0.3199024185340162,0.3189024185340162,0.32,0.325,0.325,0.33,0.0,0,0.0,0.249837584731739,0.24248997647976406,0.2674060978858402,0.26171190776972153,0.2590565464020215,0.26,0.26,0.26,0.26,0.26,0.26,,,,,,,,,,,,,,,,,,,,,,,,,,,,,,,,,,,,,,,,,,,,,,,,,,,,,,,,,,,,,,,,,,,,,,,,,,,,,,,,,,,,,,,,,,,,,,,,,,,,,,,,,,,,,,,
,R&D Expense,0.0836395450568679,0.09126009126009126,0.09237379162191192,0.11119005328596802,0.08542279093895902,0.09199377485734048,0.08927323549965059,0.11496780273284121,0.08074721301596867,0.08374671724540414,0.09082827085494147,0.11807474189326742,0.08703374777975133,0.08883857218966436,0.09605774569683509,0.13083849184018007,0.0899756128866641,0.09937664828578278,0.10912842923039573,0.13138164941092467,0.0950474665446643,0.10272236305521878,0.10485736314572089,0.13208550462618313,0.09529627367135003,0.10472319008904375,0.11258848287736752,0.13074018790060585,0.09137182910547396,0.09939455095862765,0.10369600969445165,0.1354297365119197,0.10785536159600997,0.11651778718069268,0.12502030869212022,0.15971451229183187,0.11791871921182266,0.12444810297088978,0.1293745766538722,0.14953954100277736,0.10949824352091204,0.12323339056927751,0.12220963550343174,0.14589208497837938,0.10571816722242806,0.11525835866261398,0.1168896426103888,0.13884863654327492,0.10102489019033675,0.10748736793752871,0.10722100656455143,0.13370793305540452,0.09960974985605528,0.10708947949834297,0.11059938592978241,0.1266939401687548,0.10244017446658021,0.11339398686509611,0.11077788191190253,0.11449976090537166,0.10192700910837103,0.106219174786479,0.111860857425397,0.1310213029059637,0.10166400729427855,0.10851502816037473,0.11576619989795339,0.13067042436724297,0.10049947856633185,0.10284688381636317,0.10954675908377105,0.1443519228662211,,,,,,,,,,,,,,,,,,,,,0.12469792170130498,0.1476169702257607,0.13471207665306897,0.1793913507741591,0.1423771336409659,0.1435092359540975,0.14664666809513607,0.18972586220757295,0.1471688488352321,0.14729164076422563,0.15020670647680295,0.15415218392730015,0.1653584761175457,0.149430221667187,0.15821643521229012,0.20681435782389232,0.1632214011785614,0.15320892531064892,0.2178402000836649,0.23387060965321255,0.14702658262537682,0.14991575400168491,0.15301275106258855,0.23096910357805056,,,,,,0.07369068361176591,0.07425213675213675,0.0787338314453282,0.08194575728931869,0.08360447022209648,0.0812253718062794,0.08672115486678697,0.08811285846438482,0.09456891599275266,0.09591241493004185,0.09464526227658258,0.1004152510381276,0.10880499333414131,0.10720120069679426,0.11056192081273869,0.10813226094727435,0.12752030385066063,0.130522841497262,0.125705867910631,0.11886049539586177,0.11286492075544857,0.11,0.104,0.104,0.104,0.104,0.039436373626081066,0.04258040529581968,0.0,0.13207732192544833,0.1383794191842256,0.14722834378708255,0.1558827588403274,0.1498747024839315,0.030766468098172305,0.02977916112845098,0.03388794753613179,0.035823879321865794,0.03525512974360341,0.03407437888278331,,,,,,,,,,,,,,,,,,,,,,,,,,,,,,,,,,,,,,,,,,,,,,,,,,,,,,,,,,,,,,,,,,,,,,,,,,,,,,,,,,,,,,,,,,,,,,,,,,,,,,,,,,,,,,,
,Operating Margin,0.23219597550306212,0.22586872586872586,0.2096312209094164,0.1486678507992895,0.24416392875670068,0.23067611966107557,0.2278127183787561,0.1562745405999686,0.2502259716782163,0.2400058360081704,0.22847829308045636,0.14875672531627163,0.2503074190463178,0.24507192328183272,0.23014991671293725,0.16136747326955542,0.2682582466949044,0.2608487173339727,0.2500606943432872,0.18207782934666192,0.2987532883449617,0.280171938719277,0.2764621654367221,0.21418696160799744,0.2963754836082264,0.2795199380565234,0.27444040558637844,0.2052858020897357,0.32393190921228304,0.3226538849646821,0.2868518999394097,0.20890840652446674,0.29808291770573564,0.27887478451653347,0.2645004061738424,0.18342585249801743,0.2888700738916256,0.2664820773778343,0.2729735832016256,0.21436924426253473,0.2815669119109167,0.25683529256373,0.2665422802692077,0.1989095694679451,0.29300975670001234,0.2611550151975684,0.2569562213428805,0.2000395204847846,0.3093970451217889,0.2857142857142857,0.2826735627610901,0.21207177814029363,0.30497089117778775,0.2829943466112158,0.2684554799092244,0.2200204551265661,0.3179299776022633,0.26077001867807437,0.2449234614183068,0.3118856596355135,0.28279323378152305,0.28581739444243953,0.2584491885288814,0.21336630880782417,0.2841919307043538,0.3065298611498355,0.2800045354045014,0.2258956154137987,0.3156045886162797,0.30623236727365993,0.3019981588779986,0.21606223293524707,,,,,,,,,,,,,,,,,,,,,0.28250362493958436,0.22134365797796923,0.2769661322455175,0.1856647090229578,0.2978361184534743,0.3269911693187151,0.28553674737518747,0.20295039794195674,0.27741880632545485,0.32139748849931615,0.26951183864367145,0.30428409899912057,0.27979324207906575,0.26998126756166096,0.3453549097210838,0.26355393531501214,0.33836872135441026,0.28784572217521043,0.28875953468087184,0.22334709826384264,0.3373526993696903,0.33521482729570345,0.34057004750395864,0.2362285898005619,,,,,,0.17023675310033823,0.17735042735042736,0.17385715433437776,0.16556387697229696,0.16933088131277407,0.17840345748061523,0.18633902982698228,0.19902867715078632,0.2042511821114499,0.21325611869636893,0.2157183939427032,0.22227941933491197,0.2389104350987759,0.2788233604880811,0.26848324340145496,0.2833094332564374,0.24960604468867428,0.26018303203060533,0.24900564694328506,0.25364330870472335,0.27103090618285214,0.26678057114962167,0.30004613255420576,0.2591258653519713,0.2710904195647296,0.3201315260954111,0.6505636263739188,0.6474195947041802,0.69,0.28601022296858336,0.2833152564680649,0.24115467512653477,0.2786547627894139,0.2924831975506695,0.39923353190182764,0.400220838871549,0.39611205246386816,0.39417612067813407,0.3947448702563965,0.39592562111721663,,,,,,,,,,,,,,,,,,,,,,,,,,,,,,,,,,,,,,,,,,,,,,,,,,,,,,,,,,,,,,,,,,,,,,,,,,,,,,,,,,,,,,,,,,,,,,,,,,,,,,,,,,,,,,,
,Pre-Tax Margin,0.22782152230971128,0.2270972270972271,0.21428571428571427,0.13907637655417407,0.24796818260418468,0.23707418295002594,0.23008385744234802,0.14512329197424217,0.24178969569147332,0.23548292967610154,0.2238850200029634,0.14119528864330377,0.2585052602814592,0.24853489611081514,0.24236535258189895,0.16488463702870004,0.2746759080990887,0.2552145768400863,0.2558873512988589,0.18433892657384268,0.29978268328948876,0.3011131929901907,0.2635752836215442,0.19663937041369775,0.30014253716147427,0.2861014324428959,0.2819973215993878,0.2203002897532707,0.32785380507343126,0.32315842583249244,0.28494763264952827,0.20585006273525722,0.30603179551122195,0.2931358721203573,0.2778229082047116,0.19920697858842187,0.3580665024630542,0.2884831250467709,0.28418755174230453,0.2213126735857331,0.298866573871545,0.26693963809272225,0.270140601052842,0.2011029642163314,0.29313325923181427,0.2683890577507599,0.26945543621631807,0.215979449347912,0.30899773725542395,0.2797427652733119,0.28148000795703204,0.22898918494350795,0.3059944981127247,0.2780557541100786,0.2816045921772794,0.22059575556123753,0.31256630908876576,0.24167018135807677,0.2568572321149641,0.3306413049253493,0.312596815168226,0.27805846264886325,0.256704089349078,0.19043336518464393,0.24891725552769547,0.3026822059889589,0.2775100629287375,0.21706140588585984,0.31384818047093693,0.3021287509617851,0.2959332864027725,0.20937876629779775,,,,,,,,,,,,,,,,,,,,,,,,,,,,,,,,,,,,,,,,,,,,,,,,,,0.15517064671517886,0.1537571225071225,0.16373423314854985,0.1604740783828983,0.16494553685103974,0.17039532223210882,0.17604288292113363,0.18654024051803886,0.20221839232842811,0.2132983894830283,0.2094208437989152,0.22797625175881123,0.2424857593019028,0.2734592367231164,0.27686272288235214,0.28316395452750587,0.2626772798900966,0.28713149801215215,0.2572387265733693,0.2624594098545814,0.27107129586248124,0.26915629322268325,0.30213747501153315,0.25310345845572496,0.25853993717747364,0.3201315260954111,0.6505636263739188,0.6474195947041802,0.69,0.28195290570108233,0.28125571249253567,0.23875717433947644,0.2893873608000085,0.3036289096494815,0.39923353190182764,0.400220838871549,0.3988043552727336,0.4001841305739259,0.4036112256100024,0.40742073028987646,,,,,,,,,,,,,,,,,,,,,,,,,,,,,,,,,,,,,,,,,,,,,,,,,,,,,,,,,,,,,,,,,,,,,,,,,,,,,,,,,,,,,,,,,,,,,,,,,,,,,,,,,,,,,,,
,Tax Rate,0.30184331797235026,0.2975270479134467,0.2857142857142857,0.19540229885057472,0.29567642956764295,0.26695842450765866,0.27031131359149585,0.25,0.297196261682243,0.2843866171003718,0.2726671078755791,0.223480947476828,0.3054968287526427,0.2867095391211147,0.27605956471935855,0.19368600682593856,0.29906542056074764,0.30389854391733206,0.27466793168880455,0.21885087153001936,0.3002670736360168,0.28330893118594436,0.2791475135812787,0.251487290427258,0.29138398914518315,0.2861975642760487,0.2974898236092266,0.21084097249900358,0.2573173835581573,0.25422846734322146,0.2834143377885784,0.2358095238095238,0.27705627705627706,0.19406575781876503,0.2578947368421053,0.16361464968152867,0.2815993121238177,0.20311284046692607,0.2386122881355932,0.21235138705416115,0.2392991794189399,0.23503216229589313,0.233,0.153,0.24204760901622077,0.2373725934314836,0.22843822843822845,0.19914608112229337,0.24466939478785268,0.24747830166549378,0.21201413427561838,0.23905013192612137,0.24398912816224128,0.195840149567656,0.19009243896657976,0.17009562445667922,0.19498397133697906,0.16105709299426577,0.22111408416443687,0.08484653704001285,0.22497522299306244,0.21674237508111616,0.21889870836165873,0.15731995277449823,0.1749084249084249,0.19952100221075902,0.18631256384065373,0.089,0.12189576775096188,0.22071307300509338,0.37712717291857273,0.047619047619047616,,,,,,,,,,,,,,,,,,,,,,,,,,,,,,,,,,,,,,,,,,,,,,,,,,0.285336856010568,0.2779386218876665,0.2831207065750736,0.2637063887630267,0.233704974271012,0.2517717269675494,0.275550195960205,0.2841557153483759,0.2781905594405594,0.23979389615537058,0.2756822527377021,0.2742736715339455,0.27864550793452453,0.25,0.2652309581052739,0.31772477064220184,0.24957698815566837,0.2728757102736595,0.22044788750318148,0.22891638276253662,0,0.20518711081554925,0.1586421009771987,0.1686421009771987,0.1786421009771987,0.18864210097719872,0.0,0,0.0,0.13420572124163116,0.16083885783612809,0.09504006491530581,0.09776228906823184,0.1566406519787278,0.25,0.25,0.25,0.25,0.25,0.25,,,,,,,,,,,,,,,,,,,,,,,,,,,,,,,,,,,,,,,,,,,,,,,,,,,,,,,,,,,,,,,,,,,,,,,,,,,,,,,,,,,,,,,,,,,,,,,,,,,,,,,,,,,,,,,
,Net Margin,0.15905511811023623,0.15952965952965953,0.15306122448979592,0.11190053285968028,0.17464983572540205,0.17378523257824657,0.16788958770090845,0.10884246898068164,0.16993070201868032,0.1685147359206303,0.1628389391020892,0.10964083175803403,0.17953272304959694,0.1772775705913692,0.17545807884508607,0.13294879009566685,0.19252984212552945,0.17765523855190601,0.18560330177227483,0.14399619183624895,0.20976781425140112,0.21580513611815277,0.1899988985571098,0.14718706795703498,0.21268580737120749,0.20421989934185056,0.19810598813851157,0.17385196241987882,0.2434913217623498,0.24100235452404978,0.20418938803773912,0.1573086574654956,0.22124376558603492,0.23624823695345556,0.20617384240454914,0.16661379857256145,0.25723522167487683,0.22988849809174586,0.21637690976142093,0.17431662037713785,0.22734804798833433,0.20420023774930657,0.2071978410075298,0.18123851601178168,0.22218105471162158,0.2046808510638298,0.2079015137240123,0.17296798840732447,0.23339544789032343,0.2105125008202638,0.2218022677541277,0.17424929007310735,0.23133516729575843,0.22360127363701346,0.22807368842611134,0.18307338276655588,0.2516208888364965,0.20274748448514793,0.20006248047485162,0.3025875352000425,0.24227027696883327,0.21779141104294478,0.200511895759409,0.16047439716710696,0.20537953043081833,0.2422907488986784,0.22580645161290322,0.19774294076201832,0.2755914155551896,0.23544498589381893,0.1843288027291926,0.19940834885504546,,,,,,,,,,,,,,,,,,,,,,,,,,,,,,,,,,,,,,,,,,,,,,,,,,0.11089474223634314,0.11102207977207977,0.11737768136900457,0.11815603868246928,0.12639694440514923,0.1274945976865387,0.12753423203481584,0.13353376503237743,0.14596314463741217,0.1621507376252272,0.15168723381019986,0.16544836816637495,0.17491819173433523,0.2050944275423373,0.20343015762863093,0.1931957520211152,0.19711907551820276,0.20878028655014627,0.20053099271626154,0.20237815112868057,0.27107129586248124,0.21392889105849808,0.25420575119175765,0.19943318523329445,0.21485240913170295,0.25974124242373586,0.6505636263739188,0.6474195947041802,0.69,0.24411321263529498,0.23601886493534982,0.2160656769912576,0.2610961899807854,0.2560682792823965,0.2994251489263708,0.30016562915366174,0.2991032664545502,0.30013809793044444,0.3027084192075018,0.30556554771740735,,,,,,,,,,,,,,,,,,,,,,,,,,,,,,,,,,,,,,,,,,,,,,,,,,,,,,,,,,,,,,,,,,,,,,,,,,,,,,,,,,,,,,,,,,,,,,,,,,,,,,,,,,,,,,,
,,,,,,,,,,,,,,,,,,,,,,,,,,,,,,,,,,,,,,,,,,,,,,,,,,,,,,,,,,,,,,,,,,,,,,,,,,,,,,,,,,,,,,,,,,,,,,,,,,,,,,,,,,,,,,,,,,,,,,,,,,,,,,,,,,,,,,,,,,,,,,,,,,,,,,,,,,,,,,,,,,,,,,,,,,,,,,,,,,,,,,,,,,,,,,,,,,,,,,,,,,,,,,,,,,,,,,,,,,,,,,,,,,,,,,,,,,,,,,,,,,,,,,,,,,,,,,,,,,,,,,,,,,,,,,,,,
,Pharma Revenue,,,,,,,,,2697,2957,2936.4,2639.4,3163,3383,3168,2947,3489,3864.4,3677.4,3820,4181,4258,4277,4435,4666,4884,4835,5134,5376,5296,4940,5242,5178,4986,4833,4790,5626,5810,5881,5950,5093,5023,4974,5177,6363,6340,6113,5685,5780,5498,5249,5993,5638,5612,5495,5710,6059,6233,5982,6094,6133,6442,6541,6758,6811,7081,7100,7392,7602,8509,8307,7999,,,,,,,,,,,,,,,,,,,,,,,,,,,,,,,,,,,,,,,,,,,,,,,,,,,,,4340.0,4490.0,5158.0,6274.0,7188.0,7696.0,8562.0,10694.0,11954.0,14851.0,17151.0,19517,22128,22322,23267,24866,24567,22520,22264,24368,25874.0,28125.0,31377.6,31502.829999999998,25169.7977,,,,,,,,,,,,,,,,,,,,,,,,,,,,,,,,,,,,,,,,,,,,,,,,,,,,,,,,,,,,,,,,,,,,,,,,,,,,,,,,,,,,,,,,,,,,,,,,,,,,,,,,,,,,,,,,,,,,,,,,,,,
,  Operating Profit,,,,,,,,,,,,,,,,,,,,,1664,1577,1455,1091,1859,1091,1751,1195,2085,2108,1922,1493,2076,1585,1795,1093,1927,1743,,,,,,,,,,,,,,,1970,,,,,,,,,,,,,,,,,,,,,,,,,,,,,,,,,,,,,,,,,,,,,,,,,,,,,,,,,,,,,,,,,,,,,,,,1364.0,1406.0,1669.0,2073.0,2477.0,2669.0,3081.0,3595.0,4175.0,4928.0,5787.0,5896,7608,6912,,,,,,,,,,,,,,,,,,,,,,,,,,,,,,,,,,,,,,,,,,,,,,,,,,,,,,,,,,,,,,,,,,,,,,,,,,,,,,,,,,,,,,,,,,,,,,,,,,,,,,,,,,,,,,,,,,,,,,,,,,,,,,,,,,,,,,
,  Operating Margin,,,,,,,,,,,,,,,,,,,,,0.39799091126524755,0.3703616721465477,0.34019172317044655,0.2459977452085682,0.39841405915130734,0.22338247338247338,0.3621509824198552,0.23276197896377093,0.38783482142857145,0.39803625377643503,0.38906882591093117,0.28481495612361696,0.40092699884125144,0.3178900922583233,0.3714049244775502,0.22818371607515658,0.34251688588695345,0.3,,,,,,,,,,,,,,,0.34941468605888615,,,,,,,,,,,,,,,,,,,,,,,,,,,,,,,,,,,,,,,,,,,,,,,,,,,,,,,,,,,,,,,,,,,,,,,,0.3142857142857143,0.3131403118040089,0.3235750290810392,0.33041122091169906,0.3446021146355036,0.3468035343035343,0.3598458304134548,0.3361698148494483,0.34925547933746026,0.3318295064305434,0.33741472800419803,0.3020956089562945,0.3438177874186551,0.30964967296837204,,,,,,,,,,,,,,,,,,,,,,,,,,,,,,,,,,,,,,,,,,,,,,,,,,,,,,,,,,,,,,,,,,,,,,,,,,,,,,,,,,,,,,,,,,,,,,,,,,,,,,,,,,,,,,,,,,,,,,,,,,,,,,,,,,,,,,
,% of Sales,,,,,,,,,0.40629707743296173,0.4314269039976656,0.4350866795080753,0.3838010760506035,0.4321628637792048,0.45058604155567394,0.43975569128262076,0.4146032639279685,0.4478244127839815,0.4632462239271158,0.44639475600874,0.45459954778055456,0.4782111403408441,0.46930452992395016,0.4710871241326137,0.47165798149526744,0.4750559967420077,0.4727061556329849,0.46250239142911803,0.4507858459917464,0.4485981308411215,0.4453414059872183,0.42759456418246344,0.4110727728983689,0.4035224438902743,0.3906911142454161,0.39260763606823723,0.3798572561459159,0.4330357142857143,0.43478260869565216,0.44261308045457964,0.43487794182137113,0.33757539603632264,0.3317263241315546,0.3314453255147598,0.32443441749702323,0.392923304927751,0.38541033434650457,0.3839582940770052,0.37445659333421155,0.38466657793158526,0.3607848284008137,0.34805384258338307,0.36209292489879763,0.3606934936984198,0.3646760673208136,0.36677346148711787,0.36499616466376883,0.35712601673936106,0.3755497981562933,0.3737582005623243,0.32378725891291643,0.38001115310737965,0.3874654156140984,0.38048979116979814,0.3798549828565005,0.3881354000455892,0.3948586404951765,0.4025171494982709,0.40062869221180425,0.41725671002799275,0.4364708899717876,0.4498294254616343,0.4382053248603046,,,,,,,,,,,,,,,,,,,,,,,,,,,,,,,,,,,,,,,,,,,,,,,,,,,,,0.315567512542718,0.31758381666430896,0.327825092157112,0.33297951385203267,0.3324699352451434,0.34009456891599277,0.3619224753772668,0.3892832441483747,0.4102405710559731,0.4499757605138771,0.46464690248944107,0.4606825381089285,0.45987904482823116,0.4509677158673078,0.4363326082064361,0.40700548326376956,0.38538284154548447,0.3638302340985831,0.36228134407289886,0.3747193602952483,0.38192097067028796,0.394393650437514,0.41699234226287474,0.4141191247196384,0.3572467290932634,,,,,,,,,,,,,,,,,,,,,,,,,,,,,,,,,,,,,,,,,,,,,,,,,,,,,,,,,,,,,,,,,,,,,,,,,,,,,,,,,,,,,,,,,,,,,,,,,,,,,,,,,,,,,,,,,,,,,,,,,,,
,Reported Growth,,,,,,,,,,,,,,,,,,,,,,,,,,,,,,,,,,,,,,,0.2168425408648873,0.24217118997912324,-0.09473871311766802,-0.13545611015490533,-0.15422547185852742,-0.12991596638655467,0.24936186923227965,0.2621939080230937,0.22899075190993168,0.09812632798918286,-0.09162344805909162,-0.13280757097791795,-0.14133813185015542,0.0541776605101143,-0.02456747404844295,0.02073481265914867,0.04686606972756713,-0.04722175871850487,0.07467186945725435,0.11065573770491799,0.08862602365787087,0.06725043782837137,,,,,,,,,,,,,,,,,,,,,,,,,,,,,,,,,,,,,,,,,,,,,,,,,,,,,,,,,,,,,,,,,,0.034562211981566726,0.14877505567928728,0.21636293136874762,0.14568058654765692,0.07067334446299389,0.11252598752598764,0.24900724129876206,0.11782307836169825,0.24234565835703537,0.15487172580970987,0.137951139875226,0.13378080647640522,0.008767172812725876,0.0423349162261446,0.06872394378304025,-0.012024451057669139,-0.08332315708063665,-0.011367673179396132,0.09450233560905508,0.061802363755745215,0.08699853134420654,0.11564799999999997,0.003991063688746133,-0.2010305836015367,,,,,,,,,,,,,,,,,,,,,,,,,,,,,,,,,,,,,,,,,,,,,,,,,,,,,,,,,,,,,,,,,,,,,,,,,,,,,,,,,,,,,,,,,,,,,,,,,,,,,,,,,,,,,,,,,,,,,,,,,,,
,Operational Growth,,,,,,,,,,,,,,,,,,,,,,,,,,,,,,,,,,,,,,,0.067,,,,,,,-0.013,,,-0.051,-0.085,,,,0.01,,,,,0.049,,,,,,,,,,,,,,,,,,,,,,,,,,,,,,,,,,,,,,,,,,,,,,,,,,,,,,,,,,,,,,,,,,,,,,,,,,,,,,,,,,,-0.061,,,,,,,,,,,,,,,,,,,,,,,,,,,,,,,,,,,,,,,,,,,,,,,,,,,,,,,,,,,,,,,,,,,,,,,,,,,,,,,,,,,,,,,,,,,,,,,,,,,,,,,,,,,,,,,,,,,,,,,,,,,,,,,,,,
,Currency Impact,,,,,,,,,,,,,,,,,,,,,,,,,,,,,,,,,,,,,,,,,,,,,,,,,,-0.04780757097791795,,,,0.010734812659148671,,,,,0.04,,,,,,,,,,,,,,,,,,,,,,,,,,,,,,,,,,,,,,,,,,,,,,,,,,,,,,,,,,,,,,,,,,,,,,,,,,,,,,,,,,,-0.022323157080636646,,,,,,,,,,,,,,,,,,,,,,,,,,,,,,,,,,,,,,,,,,,,,,,,,,,,,,,,,,,,,,,,,,,,,,,,,,,,,,,,,,,,,,,,,,,,,,,,,,,,,,,,,,,,,,,,,,,,,,,,,,,,,,,,,,
,MD&D,,,,,,,,,2434,2455,2445,2581,2525,2580,2548,2628,2735.2,2785,2771,2855,2958,3166,3141,3318,3364,3629,3779,4141,4136,4057,4044,4650,4797,4856,4622,4821,5011,5155,4950,5167,5320,5418,5248,5750,5701,6074,5709,5642,5535,5887,5843,6309,6227,6130,5920,6324,7225,6571,8701,9059,,,,,,,,,,,,,,,,,,,,,,,,,,,,,,,,,,,,,,,,,,,,,,,,,,,,,,,,,,,,,,,,,4633.0,4824.0,5325.0,6737.0,8068.0,8435.0,8569.0,9913.0,10281.0,11191.0,12585.0,14914,16887,19096,20283,21736,23126,23574,24601,25779,27426.0,28490.0,28878.885000000002,29278.314475,29688.570665625008,,,,,,,,,,,,,,,,,,,,,,,,,,,,,,,,,,,,,,,,,,,,,,,,,,,,,,,,,,,,,,,,,,,,,,,,,,,,,,,,,,,,,,,,,,,,,,,,,,,,,,,,,,,,,,,,,,,,,,,,,,,
,  Operating Profit,,,,,,,,,,,,,,,,,,,,,662,564,677,586,731,671,931,1037,1067,1055,1052,917,1488,1409,1363,1153,1538,1340,,,,,,,,,,,,,,,3702,,,,,,,,,,,,,,,,,,,,,,,,,,,,,,,,,,,,,,,,,,,,,,,,,,,,,,,,,,,,,,,,,,,,,,,,598.0,655.0,843.0,1203.0,1416.0,1550.0,1409.0,1632.0,1696.0,2001.0,2489.0,3370,4091,5418,,,,,,,,,,,,,,,,,,,,,,,,,,,,,,,,,,,,,,,,,,,,,,,,,,,,,,,,,,,,,,,,,,,,,,,,,,,,,,,,,,,,,,,,,,,,,,,,,,,,,,,,,,,,,,,,,,,,,,,,,,,,,,,,,,,,,,
,  Operating Margin,,,,,,,,,,,,,,,,,,,,,0.22379986477349562,0.1781427668982944,0.21553645335880292,0.17661241711874623,0.21730083234244946,0.1848994213281896,0.2463614712887007,0.25042260323593335,0.2579787234042553,0.26004436775942813,0.26013847675568746,0.19720430107526882,0.31019387116948094,0.29015650741350907,0.29489398528775423,0.2391619995851483,0.3069247655158651,0.25994180407371487,,,,,,,,,,,,,,,0.5945077886622772,,,,,,,,,,,,,,,,,,,,,,,,,,,,,,,,,,,,,,,,,,,,,,,,,,,,,,,,,,,,,,,,,,,,,,,,0.1290740341031729,0.1357794361525705,0.15830985915492957,0.17856612735639008,0.17550818046603867,0.18375815056312983,0.16442992181117982,0.1646323010188641,0.16496449761696333,0.1788043963899562,0.1977751291219706,0.22596218318358588,0.24225735773079884,0.2837243401759531,,,,,,,,,,,,,,,,,,,,,,,,,,,,,,,,,,,,,,,,,,,,,,,,,,,,,,,,,,,,,,,,,,,,,,,,,,,,,,,,,,,,,,,,,,,,,,,,,,,,,,,,,,,,,,,,,,,,,,,,,,,,,,,,,,,,,,
,% of Sales,,,,,,,,,,,,,,,,,,,,,,,,0.3528661065617356,0.3424964365709631,0.3512388695315525,0.3614884254830687,0.3635964527175345,0.34512683578104136,0.3411537167843929,0.3500389509218385,0.3646486825595985,0.37383104738154616,0.38050462309982763,0.37546709991876526,0.38231562252180806,0.38569889162561577,0.3857666691611165,0.3725445924587943,0.37764946645227304,0.35262146218598794,0.3578127063796064,0.3497034717132005,0.36034342294917593,0.3520439669013215,0.3692401215805471,0.35858300358017714,0.37162429192464763,0.36836150672168244,0.3863114377583831,0.38744115111729993,0.38118542686242524,0.39837502399078756,0.3983364741048801,0.39514083566947,0.40424443876246485,0.4258517034068136,0.3959149243839248,0.5436426116838488,0.48132405291961106,,,,,,,,,,,,,,,,,,,,,,,,,,,,,,,,,,,,,,,,,,,,,,,,,,,,,,,,,,,,,,,,,0.3368719552097724,0.34120809166784555,0.3384390491928308,0.35755227682836216,0.37317298797409804,0.37275177869106013,0.36221837088388215,0.36085326344144736,0.3528261093380006,0.33908011150163614,0.34094695748525544,0.3520325548678875,0.35095704220961405,0.38579336538850056,0.3803728152426675,0.35577379490956706,0.36277785621284137,0.38085852303019535,0.4003091693108779,0.39641703829002,0.4048297341579701,0.39951200358985867,0.3837856910053733,0.3848768495926658,,,,,,,,,,,,,,,,,,,,,,,,,,,,,,,,,,,,,,,,,,,,,,,,,,,,,,,,,,,,,,,,,,,,,,,,,,,,,,,,,,,,,,,,,,,,,,,,,,,,,,,,,,,,,,,,,,,,,,,,,,,,
,Reported Growth,,,,,,,,,,,,,,,,,,,,,,,,,,,,,,,,,,0.19694355435050537,0.14292779426310576,0.03677419354838718,0.04461121534292256,0.061573311367380645,0.07096495023799232,0.0717693424600705,0.06166433845539809,0.051018428709990404,0.060202020202020146,0.11283143023030773,0.07161654135338336,0.12107788851974899,0.08784298780487809,-0.01878260869565218,-0.029117698649359758,-0.030786960816595377,0.02347171133298298,0.11822048918823103,0.12502258355916895,0.04127739086121962,0.013178161903131924,0.002377555872562942,0.16026979283764242,0.07194127243066895,0.4697635135135134,0.43247944339025923,,,,,,,,,,,,,,,,,,,,,,,,,,,,,,,,,,,,,,,,,,,,,,,,,,,,,,,,,,,,,,,,,,,,,,,,,,,,,,,0.06215961457896935,0.07163634570822852,0.0639492086860507,0.019372135259015932,,,,,,,,,,,,,,,,,,,,,,,,,,,,,,,,,,,,,,,,,,,,,,,,,,,,,,,,,,,,,,,,,,,,,,,,,,,,,,,,,,,,,,,,,,,,,,,,,,,,,,,,,,,,,,,,,,,,,,,,,,,,,,,,,,
,Operational Growth,,,,,,,,,,,,,,,,,,,,,,,,,,,,,,,,,,,,,,,0.061,,,,,,,0.057,,,0.031,0.029,,,,0.035,,,0.013,,0.017,,,,,,,,,,,,,,,,,,,,,,,,,,,,,,,,,,,,,,,,,,,,,,,,,,,,,,,,,,,,,,,,,,,,,,,,,,,,,,,,0.064,,,0.042,,,,,,,,,,,,,,,,,,,,,,,,,,,,,,,,,,,,,,,,,,,,,,,,,,,,,,,,,,,,,,,,,,,,,,,,,,,,,,,,,,,,,,,,,,,,,,,,,,,,,,,,,,,,,,,,,,,,,,,,,,,,,,,,,,
,Currency Impact,,,,,,,,,,,,,,,,,,,,,,,,,,,,,,,,,,,,,,,,,,,,,,,,,,-0.059786960816595375,,,,0.006277390861219617,,,0.02,,0.044,,,,,,,,,,,,,,,,,,,,,,,,,,,,,,,,,,,,,,,,,,,,,,,,,,,,,,,,,,,,,,,,,,,,,,,,,,,,,,,,,,,-0.02262786474098407,,,,,,,,,,,,,,,,,,,,,,,,,,,,,,,,,,,,,,,,,,,,,,,,,,,,,,,,,,,,,,,,,,,,,,,,,,,,,,,,,,,,,,,,,,,,,,,,,,,,,,,,,,,,,,,,,,,,,,,,,,,,,,,,,,
,Consumer,,,,,,,,,1728,1687,1704,1744,1752,1707,1722,1723,1631,1530,1609,1550,1604,1649,1661,1650,1791,1819,1841,1979,2047,2000,2024,2262,2280,2278,2231,2307,2355,2398,2456,2565,3496,3564,3623,3810,4064,4036,4099,3855,3711,3854,3989,4249,3766,3647,3567,3610,3682,3793,3740,3668,,,,,,,,,,,,,,,,,,,,,,,,,,,,,,,,,,,,,,,,,,,,,,,,,,,,,,,,,,,,,,,,,4780.0,4824.0,5251.0,5831.0,6364.0,6498.0,6526.0,6864.0,6904.0,6962.0,6564.0,7431,8333,9096,9774,14493,16054,15803,14590,14883,14447.0,14697.0,14990.94,15290.758800000001,15596.573976000001,,,,,,,,,,,,,,,,,,,,,,,,,,,,,,,,,,,,,,,,,,,,,,,,,,,,,,,,,,,,,,,,,,,,,,,,,,,,,,,,,,,,,,,,,,,,,,,,,,,,,,,,,,,,,,,,,,,,,,,,,,,
,  Operating Profit,,,,,,,,,,,,,,,,,,,,,315,339,337,238,413,372,364,244,440,382,358,334,438,418,426,366,465,473,,,,,,,,,,,,,,,785,,,,,,,,,,,,,,,,,,,,,,,,,,,,,,,,,,,,,,,,,,,,,,,,,,,,,,,,,,,,,,,,,,,,,,,,501.0,521.0,443.0,298.0,361.0,558.0,658.0,683.0,867.0,1004.0,1229.0,1393,1514,1667,,,,,,,,,,,,,,,,,,,,,,,,,,,,,,,,,,,,,,,,,,,,,,,,,,,,,,,,,,,,,,,,,,,,,,,,,,,,,,,,,,,,,,,,,,,,,,,,,,,,,,,,,,,,,,,,,,,,,,,,,,,,,,,,,,,,,,
,  Operating Margin,,,,,,,,,,,,,,,,,,,,,0.19638403990024939,0.20557913887204365,0.2028898254063817,0.14424242424242426,0.23059743160245672,0.2045079714128642,0.19771863117870722,0.12329459322890349,0.2149487054225696,0.191,0.17687747035573123,0.14765694076038904,0.19210526315789472,0.18349429323968394,0.19094576423128642,0.15864759427828348,0.19745222929936307,0.19724770642201836,,,,,,,,,,,,,,,0.20844397238449283,,,,,,,,,,,,,,,,,,,,,,,,,,,,,,,,,,,,,,,,,,,,,,,,,,,,,,,,,,,,,,,,,,,,,,,,0.10481171548117155,0.1080016583747927,0.08436488287945153,0.05110615674841365,0.056725329981143935,0.08587257617728532,0.10082745939319644,0.099504662004662,0.12557937427578217,0.1442114334961218,0.1872333942717855,0.18745794644058672,0.18168726749069963,0.1832673702726473,0,0,0,,,,,,,,,,,,,,,,,,,,,,,,,,,,,,,,,,,,,,,,,,,,,,,,,,,,,,,,,,,,,,,,,,,,,,,,,,,,,,,,,,,,,,,,,,,,,,,,,,,,,,,,,,,,,,,,,,,,,,,,,,,,,,,,,,,
,% of Sales,,,,,,,,,,,,,,,,,,,,,,,,0.17547591194299691,0.18234575442883322,0.17605497483546265,0.17610484025253492,0.17376415839845466,0.17081108144192256,0.16818028927009754,0.1751925906690903,0.17738393977415307,0.17768079800498754,0.17849866792038865,0.18123476848090983,0.18295003965107057,0.18126539408866996,0.17945072214323132,0.184842327086626,0.1874725917263558,0.23172267515079206,0.23537181349887729,0.24142067035383488,0.23876668546719307,0.25095714462146473,0.24534954407294832,0.25745870234281765,0.2539191147411408,0.24697191534673232,0.2529037338408032,0.264505006299317,0.25672164823877713,0.24093148231079264,0.2369874585743063,0.2380857028434121,0.2307593965737663,0.2170222798538253,0.2285352774597819,0.23367697594501718,0.1948886881674725,,,,,,,,,,,,,,,,,,,,,,,,,,,,,,,,,,,,,,,,,,,,,,,,,,,,,,,,,,,,,,,,,0.34756053224750966,0.34120809166784555,0.3337358586500572,0.3094682093196051,0.29435707678075856,0.2871536523929471,0.27585915373885106,0.249863492410178,0.2369333196060263,0.21094412798448672,0.17782883026882929,0.17540256907759633,0.17318203545524452,0.18376500060608508,0.1832945765508964,0.2372207218266634,0.2518393022416741,0.25531124287122153,0.23740948661622324,0.22886360141473167,0.21324929517174193,0.20609434597262732,0.19922196673175194,0.20100402568769568,,,,,,,,,,,,,,,,,,,,,,,,,,,,,,,,,,,,,,,,,,,,,,,,,,,,,,,,,,,,,,,,,,,,,,,,,,,,,,,,,,,,,,,,,,,,,,,,,,,,,,,,,,,,,,,,,,,,,,,,,,,,
,Reported Growth,,,,,,,,,,,,,,,,,,,,,,,,,,,,,,,,,,,,,,,0.10085163603765124,0.1118335500650196,0.48450106157112516,0.4862385321100917,0.47516286644951133,0.48538011695906436,0.1624713958810069,0.13243546576879917,0.1313828319072592,0.011811023622047223,-0.08686023622047245,-0.04509415262636274,-0.02683581361307641,0.10220492866407271,0.01482080301805433,-0.05371043072132853,-0.10579092504387066,-0.15038832666509772,-0.022304832713754608,0.04003290375651214,0.04850014017381543,0.016066481994459814,,,,,,,,,,,,,,,,,,,,,,,,,,,,,,,,,,,,,,,,,,,,,,,,,,,,,,,,,,,,,,,,,,,,,,,,,,,,,,,0.07453825857519791,0.4828115408225906,0.10770716897812727,-0.01563473277687799,,,,,,,,,,,,,,,,,,,,,,,,,,,,,,,,,,,,,,,,,,,,,,,,,,,,,,,,,,,,,,,,,,,,,,,,,,,,,,,,,,,,,,,,,,,,,,,,,,,,,,,,,,,,,,,,,,,,,,,,,,,,,,,,,,
,Operational Growth,,,,,,,,,,,,,,,,,,,,,,,,,,,,,,,,,,,,,,,0.081,,,,,,,,,,-0.01,0.03090584737363726,0.01116418638692359,,,-0.06471043072132852,,,-0.041,,0.005,,,,,,,,,,,,,,,,,,,,,,,,,,,,,,,,,,,,,,,,,,,,,,,,,,,,,,,,,,,,,,,,,,,,,,,,,,,,,,,,0.064,,,0.02,,,,,,,,,,,,,,,,,,,,,,,,,,,,,,,,,,,,,,,,,,,,,,,,,,,,,,,,,,,,,,,,,,,,,,,,,,,,,,,,,,,,,,,,,,,,,,,,,,,,,,,,,,,,,,,,,,,,,,,,,,,,,,,,,,
,Currency Impact,,,,,,,,,,,,,,,,,,,,,,,,,,,,,,,,,,,,,,,,,,,,,,,,,,-0.076,-0.038,,,0.011,,,0.019,,0.044,,,,,,,,,,,,,,,,,,,,,,,,,,,,,,,,,,,,,,,,,,,,,,,,,,,,,,,,,,,,,,,,,,,,,,,,,,,,,,,,0.010538258575197912,,,-0.035634732776877995,,,,,,,,,,,,,,,,,,,,,,,,,,,,,,,,,,,,,,,,,,,,,,,,,,,,,,,,,,,,,,,,,,,,,,,,,,,,,,,,,,,,,,,,,,,,,,,,,,,,,,,,,,,,,,,,,,,,,,,,,,,,,,,,,,
,,,,,,,,,,,,,,,,,,,,,,,,,,,,,,,,,,,,,,,,,,,,,,,,,,,,,,,,,,,,,,,,,,,,,,,,,,,,,,,,,,,,,,,,,,,,,,,,,,,,,,,,,,,,,,,,,,,,,,,,,,,,,,,,,,,,,,,,,,,,,,,,,,,,,,,,,,,,,,,,,,,,,,,,,,,,,,,,,,,,,,,,,,,,,,,,,,,,,,,,,,,,,,,,,,,,,,,,,,,,,,,,,,,,,,,,,,,,,,,,,,,,,,,,,,,,,,,,,,,,,,,,,,,,,,,,,
,Volume/Operational,,,,,,,,,,,,,,,,,,,,,,,,,,,,,,,,,,,,,,,,,,0.108,0.097,0.119,0.026,0.03038224805177641,0.029904911041513854,-0.01,-0.012,-0.013617021276595753,-0.0277605049934049,0.04517257278355939,-0.001,0.001,0.001,,0.018,,0.026,0.04,,,,,,,,,,,,,,,,,,,,,,,,,,,,,,,,,,,,,,,,,,,,,,,,,,,,,,,,,,,,,,,,,,,,,,,,,,0.122,0.104,0.094,0.087,0.054,,0.101,0.011,-0.002,,0.028,,,,,,,,,,,,,,,,,,,,,,,,,,,,,,,,,,,,,,,,,,,,,,,,,,,,,,,,,,,,,,,,,,,,,,,,,,,,,,,,,,,,,,,,,,,,,,,,,,,,,,,,,,,,,,,,,,,,,,,,,,,,,,,,
,Price,,,,,,,,,,,,,,,,,,,,,,,,,,,,,,,,,,,,,,,,,,,,,,,,,,,,,,,,,,,,,,,,,,,,,,,,,,,,,,,,,,,,,,,,,,,,,,,,,,,,,,,,,,,,,,,,,,,,,,,,,,,,,,,,,,,,,,0.012,0.017,0.013,0.01,0.006,,0.014,0.008,-0.001,,0,,,,,,,,,,,,,,,,,,,,,,,,,,,,,,,,,,,,,,,,,,,,,,,,,,,,,,,,,,,,,,,,,,,,,,,,,,,,,,,,,,,,,,,,,,,,,,,,,,,,,,,,,,,,,,,,,,,,,,,,,,,,,,,,
,Currency,,,,,,,,,,,,,,,,,,,,,,,,,,,,,0.054,0.026,0.028,0.029,0.022,0.02,0.008,-0.018,-0.023,,0.012,,,0.024,0.03,0.047,0.051,0.056,0.031,-0.039,-0.06,-0.06,-0.025,0.045,0.041,0.005,-0.008,,0.017,,0.042,-0.001,,,,,,,,,,,,,,,,,,,,,,,,,,,,,,,,,,,,,,,,,,,,,,,,,,,,,,,,,,,,,,,,,,,,,,-0.04,-0.027558829638206016,-0.01833661864417374,,-0.026,0.002,0.046,0.034,0.007,,0.031,0.024,-0.026,,0.028,,,,,,,,,,,,,,,,,,,,,,,,,,,,,,,,,,,,,,,,,,,,,,,,,,,,,,,,,,,,,,,,,,,,,,,,,,,,,,,,,,,,,,,,,,,,,,,,,,,,,,,,,,,,,,,,,,,,,,,,,,,,,,,,
,Total,,,,,,,,,,,,,,,,,,,,,,,,,,,,,0.22011810221950734,0.15098722415795596,0.1051272240290797,0.11967688120115905,0.07076101468624829,0.07315842583249244,0.06552410629273786,-0.011135508155583396,0.012468827930174564,0.04709293214229748,0.0793663688058488,,,0.1331287884457082,0.12944983818770228,0.16627686010817122,0.07337442831576846,0.08638224805177641,0.060904911041513854,-0.04856802657141068,-0.07212547857231077,-0.07361702127659575,-0.0527605049934049,0.09017257278355939,0.04026354319180081,0.009843165562044787,-0.006564551422319487,,0.08540720363380472,,0.06828193832599116,0.20308105343901817,,,,,,,,,,,,,,,,,,,,,,,,,,,,,,,,,,,,,,,,,,,,,,,,,,,,,,,,,,,,,,,,,,,,,,,,,,0.108,0.123,0.153,0.131,0.067,,0.14600000000000002,0.043,-0.028999999999999998,,0.056,,,,,,,,,,,,,,,,,,,,,,,,,,,,,,,,,,,,,,,,,,,,,,,,,,,,,,,,,,,,,,,,,,,,,,,,,,,,,,,,,,,,,,,,,,,,,,,,,,,,,,,,,,,,,,,,,,,,,,,,,,,,,,,,
,,,,,,,,,,,,,,,,,,,,,,,,,,,,,,,,,,,,,,,,,,,,,,,,,,,,,,,,,,,,,,,,,,,,,,,,,,,,,,,,,,,,,,,,,,,,,,,,,,,,,,,,,,,,,,,,,,,,,,,,,,,,,,,,,,,,,,,,,,,,,,,,,,,,,,,,,,,,,,,,,,,,,,,,,,,,,,,,,,,,,,,,,,,,,,,,,,,,,,,,,,,,,,,,,,,,,,,,,,,,,,,,,,,,,,,,,,,,,,,,,,,,,,,,,,,,,,,,,,,,,,,,,,,,,,,,,
,US,,,,,,,,,3863,4035,4137.4,3884.4,4324,4545,4463,4378.5,,,,,5521,5599,5589,5746,6010.6,6112,6414.399082150001,6735.95946905,6918,6667.88366564,6790,7394,7258,7064.5647360625,6967,7087.0275146566255,7371,7375,7488,,,,,,,8210,,,8052,7656,,,,7438,,,,,,,,,,,,,,,,,,,,,,,,,,,,,,,,,,,,,,,,,,,,,,,,,,,,,,,,,,,,,,,,,,,,,,,,,,,,,,15919.8,17710.5,19825.0,22455.0,25273,27770,28376,,,,,,,,,,,,,,,,,,,,,,,,,,,,,,,,,,,,,,,,,,,,,,,,,,,,,,,,,,,,,,,,,,,,,,,,,,,,,,,,,,,,,,,,,,,,,,,,,,,,,,,,,,,,,,,,,,,,,,,,,,,,,,,,,,,,,,
,Europe,,,,,,,,,,,,,,,,,,,,,,,,,,,,,,,,,,,,,,,,,,,,,,4547,,,,3972,,,,3832,,,,,,,,,,,,,,,,,,,,,,,,,,,,,,,,,,,,,,,,,,,,,,,,,,,,,,,,,,,,,,,,,,,,,,,,,,,,,,,,,,,,,,,,,,,,,,,,,,,,,,,,,,,,,,,,,,,,,,,,,,,,,,,,,,,,,,,,,,,,,,,,,,,,,,,,,,,,,,,,,,,,,,,,,,,,,,,,,,,,,,,,,,,,,,,,,,,,,,,,,,,,,,,,,,,,,,,,,,
,Western Hemisphere,,,,,,,,,,,,,,,,,,,,,,,,,,,,,,,,,,,,,,,,,,,,,,1280,,,,1215,,,,1375,,,,,,,,,,,,,,,,,,,,,,,,,,,,,,,,,,,,,,,,,,,,,,,,,,,,,,,,,,,,,,,,,,,,,,,,,,,,,,,,,,,,,,,,,,,,,,,,,,,,,,,,,,,,,,,,,,,,,,,,,,,,,,,,,,,,,,,,,,,,,,,,,,,,,,,,,,,,,,,,,,,,,,,,,,,,,,,,,,,,,,,,,,,,,,,,,,,,,,,,,,,,,,,,,,,,,,,,,,
,APAC,,,,,,,,,,,,,,,,,,,,,,,,,,,,,,,,,,,,,,,,,,,,,,2413,,,,2396,,,,2685,,,,,,,,,,,,,,,,,,,,,,,,,,,,,,,,,,,,,,,,,,,,,,,,,,,,,,,,,,,,,,,,,,,,,,,,,,,,,,,,,,,,,,,,,,,,,,,,,,,,,,,,,,,,,,,,,,,,,,,,,,,,,,,,,,,,,,,,,,,,,,,,,,,,,,,,,,,,,,,,,,,,,,,,,,,,,,,,,,,,,,,,,,,,,,,,,,,,,,,,,,,,,,,,,,,,,,,,,,
,ROW,,,,,,,,,2996,3064,2948,3080,3116,3125,2975,2919.5,,,,,3222,3474,3490,3657,3809.6,4220,4039.55,4516.4,4641,4816.4,4763,5358,5574,5697,5343,5523,5621,5988,5799,,,,,,,8240,,,6974,7583,,,,7892,,,,,,,,,,,,,,,,,,,,,,,,,,,,,,,,,,,,,,,,,,,,,,,,,,,,,,,,,,,,,,,,,,,,,,,,,,,,,,12088.0,12135.5,12492.0,13843.0,16586,19578,22137,,,,,,,,,,,,,,,,,,,,,,,,,,,,,,,,,,,,,,,,,,,,,,,,,,,,,,,,,,,,,,,,,,,,,,,,,,,,,,,,,,,,,,,,,,,,,,,,,,,,,,,,,,,,,,,,,,,,,,,,,,,,,,,,,,,,,,
,  Operational,,,,,,,,,,,,,,,,,,,,,,,,,,,,,,,,,,,,,0.061,,0.067,,,,,,,0.039,,,0.03,0.039,,0.064,,0.03,,,,,0.083,,,,,,,,,,,,,,,,,,,,,,,,,,,,,,,,,,,,,,,,,,,,,,,,,,,,,,,,,,,,,,,,,,,,,,,,,,,,,,,,,,,0.039,,,,,,,,,,,,,,,,,,,,,,,,,,,,,,,,,,,,,,,,,,,,,,,,,,,,,,,,,,,,,,,,,,,,,,,,,,,,,,,,,,,,,,,,,,,,,,,,,,,,,,,,,,,,,,,,,,,,,,,,,,,,,,,,,,
,  Currency,,,,,,,,,,,,,,,,,,,,,,,,,,,,,,,,,,,,,-0.053,,0.012,,,,,,,-0.119,,,-0.126,-0.119,,0.092,,0.011,,,,,0.081,,,,,,,,,,,,,,,,,,,,,,,,,,,,,,,,,,,,,,,,,,,,,,,,,,,,,,,,,,,,,,,,,,,,,,,,,,,,,,,,,,,-0.053,,,,,,,,,,,,,,,,,,,,,,,,,,,,,,,,,,,,,,,,,,,,,,,,,,,,,,,,,,,,,,,,,,,,,,,,,,,,,,,,,,,,,,,,,,,,,,,,,,,,,,,,,,,,,,,,,,,,,,,,,,,,,,,,,,
,,,,,,,,,,,,,,,,,,,,,,,,,,,,,,,,,,,,,,,,,,,,,,,,,,,,,,,,,,,,,,,,,,,,,,,,,,,,,,,,,,,,,,,,,,,,,,,,,,,,,,,,,,,,,,,,,,,,,,,,,,,,,,,,,,,,,,,,,,,,,,,,,,,,,,,,,,,,,,,,,,,,,,,,,,,,,,,,,,,,,,,,,,,,,,,,,,,,,,,,,,,,,,,,,,,,,,,,,,,,,,,,,,,,,,,,,,,,,,,,,,,,,,,,,,,,,,,,,,,,,,,,,,,,,,,,,
,Employees,,,,,,,,,,,,,,,,,,,,,,,,,,,,,,,,,,,,,116000,,115700,,,,,,,,,,,117000,,,,,,,,,,,,,,,,,,,,,,,,,,,,,,,,,,,,,,,,,,,,,,,,,,144300,,,,155800,,,,,,,,,,,,,,,,,,,,,,,,,,,,,,,,,,115600,,,,,,,,,,,,,,,,144300.0,155800.0,,,,,,,,,,,,,,,,,,,,,,,,,,,,,,,,,,,,,,,,,,,,,,,,,,,,,,,,,,,,,,,,,,,,,,,,,,,,,,,,,,,,,,,,,,,,,,,,,,,,,,,,,,,,,,,,,,,,,
,,,,,,,,,,,,,,,,,,,,,,,,,,,,,,,,,,,,,,,,,,,,,,,,,,,,,,,,,,,,,,,,,,,,,,,,,,,,,,,,,,,,,,,,,,,,,,,,,,,,,,,,,0.07969507969507972,,,,,,,,,,,,,,,,,,,,,,,,,,,,,,,,,,,,,,,,,,,,,,,,,,,,,,,,,,,,,,,,,,,,,,,,,,,,,,,,,,,,,,,,,,,,,,,,,,,,,,,,,,,,,,,,,,,,,,,,,,,,,,,,,,,,,,,,,,,,,,,,,,,,,,,,,,,,,,,,,,,,,,,,
,OCF,,,,,,,,,,,,,,,,,,,,,,,,,,,,,,,,,,,,,,,,,,,,,,,,,,,,,,,,,,,,,,,,,,,,,,,,,,,,,,,,,,,,,,,,,,,,,,,,,,,,,,,,,,,,,,,,,,,,,,,,,,,,,,,,,,,,,,,,,,,14200,15022,14972,16571,,,,,,,,,,,,,,,,,,,,,,,,,,,,,,,,,,,,,,,,,,,,,,,,,,,,,,,,,,,,,,,,,,,,,,,,,,,,,,,,,,,,,,,,,,,,,,,,,,,,,,,,,,,,,,,,,,,,,,,,,,,,,,,,,,
,FCF,,,,,,,,,,,,,,,,,,,,,,,,,,,,,,,,,,,,,,,,,,,,,,,,,,,,,,,,,,,,,,,,,,,,,,,,,,,,,,,,,,,,,,,,,,,,,,,,,,,,,,,,,,,,,,,,,,,,,,,,,,,,,,,,,,,,,,,,,,,11600,12080,11906,14206,,,,,,,,,,,,,,,,,,,,,,,,,,,,,,,,,,,,,,,,,,,,,,,,,,,,,,,,,,,,,,,,,,,,,,,,,,,,,,,,,,,,,,,,,,,,,,,,,,,,,,,,,,,,,,,,,,,,,,,,,,,,,,,,,,
,Net Cash,,,,,,,,,,,,,,,,,,,,,,,,,,,,,,,,,,,,,,,,-2493,-1489,-495,431,-220,-269,-865,161,961,-124,1120,2756,4884,5907,7249,10101,10885,9037,10956,12570,12634,14398,-650,2920,4924,5776,10147,10121,11026,,,,,,,,,,,,,,,,,,,,,,,,,,,,,,,,,,,,,,,,,,,,,,,,,,,,,,,,,,,,,,,,,,,,,,,,,,4884,,,,,,,,,,,,,,,,,,,,,,,,,,,,,,,,,,,,,,,,,,,,,,,,,,,,,,,,,,,,,,,,,,,,,,,,,,,,,,,,,,,,,,,,,,,,,,,,,,,,,,,,,,,,,,,,,,,,,,,,,,,,,,,,,,
,DSO,,,,,,,,,,,,,,,,,,,,,,,,,,,,,,,,,,,,,,,,58.10334746382108,56.206419433949755,57.06891427816669,57.05937229292997,54.005452152660276,58.511794491787086,58.461018237082065,58.20834118459896,58.415146225793706,59.70176693730867,60.675651289454684,62.194731781712086,53.180925623829374,58.48266265753951,57.09573396581974,62.67270724869844,57.01083482485298,58.414844394671704,60.37883352413087,60.16057482036864,51.29994421125339,62.09229196356652,60.328401299169975,59.317011808504446,58.00383620931932,59.87826248005471,59.096498076172416,62.21802539826521,57.92700937618557,,,,,,,,,,,,,,,,,,,,,,,,,,,,,,,,,,,,,,,,,,,,,,,,,,,,,,,,,,,,,,,,,,,,,,,,,,56.88143205648093,,,,,,,,,,,,,,,,,,,,,,,,,,,,,,,,,,,,,,,,,,,,,,,,,,,,,,,,,,,,,,,,,,,,,,,,,,,,,,,,,,,,,,,,,,,,,,,,,,,,,,,,,,,,,,,,,,,,,,,,,,,,,,,,,,
,,,,,,,,,,,,,,,,,,,,,,,,,,,,,,,,,,,,,,,,,,,,,,,,,,,,,,,,,,,,,,,,,,,,,,,,,,,,,,,,,,,,,,,,,,,,,,,,,,,,,,,,,,,,,,,,,,,,,,,,,,,,,,,,,,,,,,,,,,,,,,,,,,,,,,,,,,,,,,,,,,,,,,,,,,,,,,,,,,,,,,,,,,,,,,,,,,,,,,,,,,,,,,,,,,,,,,,,,,,,,,,,,,,,,,,,,,,,,,,,,,,,,,,,,,,,,,,,,,,,,,,,,,,,,,,,,
,Net Cash,,,,,,,,,,,,,,,,,,,,,,,,,,,,,,,,,,,,,,,,,,,,,,,,,,,,,,,,,,,,,,,,,,,,,,,,,,,,,,,,,,,,,,,,,,,,,,,,,,,,-2143,-2760,-29,2052,-16140,-20599,-17097,-6410,-6405,-7414,-16016,-15454,-12112,-13471,-31881,-27233,0,,,,,,,,,,,,,,,,,,,,,,,,,,,,,,,,,,,,,,,-16140.0,-6405.0,23834.162331562504,50312.891927296405,75447.3639843678,101206.03411909544,128108.8471184367,155286.0072552229,183009.63289182878,209601.90647544613,236603.95809657787,264246.858732629,292614.99665326596,312067.9056921587,,,,,,,,,,,,,,,,,,,,,,,,,,,,,,,,,,,,,,,,,,,,,,,,,,,,,,,,,,,,,,,,,,,,,,,,,,,,,,,,,,,,,,,,,,,,,,,,,,,,,,,,
,Cash & Equivalents,,,,,,,,,,,,,,,,,,,,,,,,,,,,,,,,,,,,,17205,,,4100,5205,5988,8328,9317,11147,13061,14801,12813,13950,14734,14356,19425,18010,18901,22126,27658,26867,29682,30927,32261,33847,16915,19771,21089,21668,25129,25228,29206,,,,,,,,,,,,,,,,,,,,,,,,,,,,,,,,31608,30388,32568,34079,23519,32308,28505,23511,22927,26218,25475,20297,24522,38781,18880,18562,,,,,,,,,,,,,,,,,,,,,,,16138,4100,150,50,19425,32572,,,,,,,,,,,,,,,,,,,,,,,,,,,,,,,,,,,,,,,,,,,,,,,,,,,,,,,,,,,,,,,,,,,,,,,,,,,,,,,,,,,,,,,,,,,,,,,,,,,,,,,,,,,,,,,,,,,,,,,,,,,,,,,,,
,A/R,,,,,,,,,,,,,,,,,,,,,,,,,,,,,,,,,,,,,7671,,,8712,9293,9470,9384,9444,10384,10539,10156,9719,9831,10133,10279,9646,10018,9629,10290,9774,10861,10982,10552,10581,10982,10992,11175,11309,11515,11614,12027,11713,,,,,,,,,,,,,,,,,,,,,,,,,,,,,,,,15283,15594,16139,15890,16160,16350,16777,14798,14873,14946,15794,16174,14842,16020,17846,17611,,,,,,,,,,,,,,,,,,,,,,,,8712,,,9646,,,,,,,,,,,,,,,,,,,,,,,,,,,,,,,,,,,,,,,,,,,,,,,,,,,,,,,,,,,,,,,,,,,,,,,,,,,,,,,,,,,,,,,,,,,,,,,,,,,,,,,,,,,,,,,,,,,,,,,,,,,,,,,,,,
,Inventories,,,,,,,,,,,,,,,,,,,,,,,,,,,,,,,,,,,,,4240,,,4889,5047,5155,5414,5110,5575,5700,5473,5052,5359,5472,5568,5180,5308,5071,5409,5378,6200,6413,6428,6285,6800,7697,7809,7495,7691,7822,8124,7878,,,,,,,,,,,,,,,,,,,,,,,,,,,,,,,,10387,10990,11437,11675,12483,12809,12888,11198,11181,11383,12169,12603,12444,12659,13412,14146,,,,,,,,,,,,,,,,,,,,,,,,4889,,,5180,,,,,,,,,,,,,,,,,,,,,,,,,,,,,,,,,,,,,,,,,,,,,,,,,,,,,,,,,,,,,,,,,,,,,,,,,,,,,,,,,,,,,,,,,,,,,,,,,,,,,,,,,,,,,,,,,,,,,,,,,,,,,,,,,,
,Deferred Tax,,,,,,,,,,,,,,,,,,,,,,,,,,,,,,,,,,,,,1995,,,2094,2088,2194,2594,2609,2602,2612,2584,3430,2342,2454,2650,2793,2232,2250,2418,2224,2272,2306,2480,2556,2695,3117,3247,3139,3094,3283,3485,3607,,,,,,,,,,,,,,,,,,,,,,,,,,,,,,,,0,0,0,0,0,0,0,0,0,0,0,0,0,0,,0,,,,,,,,,,,,,,,,,,,,,,,,2094,,,2793,,,,,,,,,,,,,,,,,,,,,,,,,,,,,,,,,,,,,,,,,,,,,,,,,,,,,,,,,,,,,,,,,,,,,,,,,,,,,,,,,,,,,,,,,,,,,,,,,,,,,,,,,,,,,,,,,,,,,,,,,,,,,,,,,,
,Prepaid,,,,,,,,,,,,,,,,,,,,,,,,,,,,,,,,,,,,,2661,,,3196,3054,3014,3229,3467,4413,3908,3578,3367,3374,2719,2768,2497,3293,3172,2474,2273,3021,3290,3056,2633,2683,2894,2789,3084,3260,3425,3312,4003,,,,,,,,,,,,,,,,,,,,,,,,,,,,,,,,3701,3452,3703,3592,3132,2921,2397,4196,4514,4455,4379,4175,4085,4091,4360,4292,,,,,,,,,,,,,,,,,,,,,,,,3196,,,2497,,,,,,,,,,,,,,,,,,,,,,,,,,,,,,,,,,,,,,,,,,,,,,,,,,,,,,,,,,,,,,,,,,,,,,,,,,,,,,,,,,,,,,,,,,,,,,,,,,,,,,,,,,,,,,,,,,,,,,,,,,,,,,,,,,
,Current,,,,,,,,,,,,,,,,,,,,,,,,,,,,,,,,,,,,,33772,,,22975,24673,28941,28941,29945,33818,35817,36592,34381,34856,35512,35621,39541,38861,39023,42717,47307,49221,52673,53443,54316,57007,41615,44791,46116,47228,51273,52176,56407,,,,,,,,,,,,,,,,,,,,,,,,,,,,,,,,60979,60424,63847,65236,55294,64388,60567,,,,,,,,,,,,,,,,,,,,,,,,,,,,,,,,,22991,,,39541,,,,,,,,,,,,,,,,,,,,,,,,,,,,,,,,,,,,,,,,,,,,,,,,,,,,,,,,,,,,,,,,,,,,,,,,,,,,,,,,,,,,,,,,,,,,,,,,,,,,,,,,,,,,,,,,,,,,,,,,,,,,,,,,,,
,"PPE, net",,,,,,,,,,,,,,,,,,,,,,,,,,,,,,,,,,,,,10951,,,13044,13180,13385,13613,14185,14486,14627,14355,14365,14253,14502,14815,14759,14277,13881,14360,14553,15084,14974,14635,14739,14824,15622,15845,16097,15721,15794,16127,16710,,,,,,,,,,,,,,,,,,,,,,,,,,,,,,,,18962,18701,18354,18152,19803,20174,20576,18821,19898,19632,19748,20479,20518,20871,21949,22338,,,,,,,,,,,,,,,,,,,,,,,,13044,,,14759,,,,,,,,,,,,,,,,,,,,,,,,,,,,,,,,,,,,,,,,,,,,,,,,,,,,,,,,,,,,,,,,,,,,,,,,,,,,,,,,,,,,,,,,,,,,,,,,,,,,,,,,,,,,,,,,,,,,,,,,,,,,,,,,,,
,"Intangible, Goodwill",,,,,,,,,,,,,,,,,,,,,,,,,,,,,,,,,,,,,12898,,,28688,29231,29166,29508,28763,29433,29201,28571,27695,28923,28872,31653,31185,31776,31087,32443,32010,34813,34621,34274,34276,34496,50611,50567,51176,50358,50041,51319,50745,,,,,,,,,,,,,,,,,,,,,,,,,,,,,,,,81638,79355,76574,73719,93556,93023,91686,71145,70733,70902,83975,84289,81818,81223,97952,96785,,,,,,,,,,,,,,,,,,,,,,,,28688,,,31185,,,,,,,,,,,,,,,,,,,,,,,,,,,,,,,,,,,,,,,,,,,,,,,,,,,,,,,,,,,,,,,,,,,,,,,,,,,,,,,,,,,,,,,,,,,,,,,,,,,,,,,,,,,,,,,,,,,,,,,,,,,,,,,,,,
,Deferred Tax,,,,,,,,,,,,,,,,,,,,,,,,,,,,,,,,,,,,,1269,,,3210,3273,3575,3808,4889,5129,5422,5191,5841,5479,5870,5888,5507,4905,5109,5175,5096,5327,5653,5564,6540,5911,4011,4227,4541,4506,4740,4596,3872,,,,,,,,,,,,,,,,,,,,,,,,,,,,,,,,10223,9936,9514,9392,9123,8817,8779,9259,9279,10305,9004,9349,10461,8492,6801,6666,,,,,,,,,,,,,,,,,,,,,,,,3210,,,5507,,,,,,,,,,,,,,,,,,,,,,,,,,,,,,,,,,,,,,,,,,,,,,,,,,,,,,,,,,,,,,,,,,,,,,,,,,,,,,,,,,,,,,,,,,,,,,,,,,,,,,,,,,,,,,,,,,,,,,,,,,,,,,,,,,
,Other,,,,,,,,,,,,,,,,,,,,,,,,,,,,,,,,,,,,,3243,,,2623,2695,2736,2787,3170,3126,3043,3015,2630,2589,2682,3581,3690,3622,3200,3552,3942,3705,4193,3905,3773,3956,3891,3521,3417,3723,2477,2715,4949,,,,,,,,,,,,,,,,,,,,,,,,,,,,,,,,10216,9939,9435,8625,9602,9567,10078,13133,14153,14125,10544,10921,11414,11534,12189,12416,,,,,,,,,,,,,,,,,,,,,,,,2623,,,3690,,,,,,,,,,,,,,,,,,,,,,,,,,,,,,,,,,,,,,,,,,,,,,,,,,,,,,,,,,,,,,,,,,,,,,,,,,,,,,,,,,,,,,,,,,,,,,,,,,,,,,,,,,,,,,,,,,,,,,,,,,,,,,,,,,
,Total Assets,,,,,,,,,,,,,,,,,,,,,,,,,,,,,,,,,,,,,62133,,,70556,73066,74683,78665,80954,85995,88113,87724,84912,86100,87438,91558,94682,93441,92300,98247,102908,108150,112114,111821,113644,116194,115750,118951,121347,121536,124325,126933,132683,,,,,,,,,,,,,,,,,,,,,,,,,,,,,,,,182018,178355,177724,175124,187378,195969,191686,166061,167558,171966,181088,178287,180104,193671,193389,192816,,,,,,,,,,,,,,,,,,,,,,,,70556,,,94682,,,,,,,,,,,,,,,,,,,,,,,,,,,,,,,,,,,,,,,,,,,,,,,,,,,,,,,,,,,,,,,,,,,,,,,,,,,,,,,,,,,,,,,,,,,,,,,,,,,,,,,,,,,,,,,,,,,,,,,,,,,,,,,,,,
,,,,,,,,,,,,,,,,,,,,,,,,,,,,,,,,,,,,,,,,,,,,,,,,,,,,,,,,,,,,,,,,,,,,,,,,,,,,,,,,,,,,,,,,,,,,,,,,,,,,,,,,,,,,,,,,,,,,,,,,,,,,,,,,,,,,,,,,,,,,,,,,,,,,,,,,,,,,,,,,,,,,,,,,,,,,,,,,,,,,,,,,,,,,,,,,,,,,,,,,,,,,,,,,,,,,,,,,,,,,,,,,,,,,,,,,,,,,,,,,,,,,,,,,,,,,,,,,,,,,,,,,,,,,,,,,,
,Loans and Notes Payable,,,,,,,,,,,,,,,,,,,,,,,,,,,,,,,,,,,,,828,,,4579,4682,4470,3264,2463,4250,5156,6245,3732,6022,5435,3341,6318,4044,3715,2843,7617,8575,5046,5326,6658,6439,6040,5423,4676,4529,5339,5359,4852,,,,,,,,,,,,,,,,,,,,,,,,,,,,,,,,3766,4297,4305,4424,12771,17979,11701,3870,3451,8550,9855,4462,5983,13897,11526,6387,,,,,,,,,,,,,,,,,,,,,,,,4579,,,6318,,,,,,,,,,,,,,,,,,,,,,,,,,,,,,,,,,,,,,,,,,,,,,,,,,,,,,,,,,,,,,,,,,,,,,,,,,,,,,,,,,,,,,,,,,,,,,,,,,,,,,,,,,,,,,,,,,,,,,,,,,,,,,,,,,
,Accounts Payable,,,,,,,,,,,,,,,,,,,,,,,,,,,,,,,,,,,,,3939,,,5691,5643,5458,5963,6909,7487,6623,6384,7503,6395,5832,6419,5541,5126,4871,5477,5623,5701,5689,5730,5725,5085,5145,5344,5831,5372,5687,6055,6266,,,,,,,,,,,,,,,,,,,,,,,,,,,,,,,,11055,9309,9765,10153,11703,9909,10443,8355,9632,8174,8848,8954,10311,9545,9464,9625,,,,,,,,,,,,,,,,,,,,,,,,5691,,,5541,,,,,,,,,,,,,,,,,,,,,,,,,,,,,,,,,,,,,,,,,,,,,,,,,,,,,,,,,,,,,,,,,,,,,,,,,,,,,,,,,,,,,,,,,,,,,,,,,,,,,,,,,,,,,,,,,,,,,,,,,,,,,,,,,,
,Accrued Liabilities,,,,,,,,,,,,,,,,,,,,,,,,,,,,,,,,,,,,,3520,,,4587,4483,4585,5076,6412,5751,5631,5521,5531,4561,4765,4862,5796,4415,4186,4333,4100,4093,4405,4136,4608,4369,6533,6498,7299,6904,6646,6921,7685,,,,,,,,,,,,,,,,,,,,,,,,,,,,,,,,13612,13006,12607,11953,11456,11204,10605,10101,10212,10323,10539,11450,8549,7913,7404,7601,,,,,,,,,,,,,,,,,,,,,,,,4587,,,5796,,,,,,,,,,,,,,,,,,,,,,,,,,,,,,,,,,,,,,,,,,,,,,,,,,,,,,,,,,,,,,,,,,,,,,,,,,,,,,,,,,,,,,,,,,,,,,,,,,,,,,,,,,,,,,,,,,,,,,,,,,,,,,,,,,
,Accrued Rebates,,,,,,,,,,,,,,,,,,,,,,,,,,,,,,,,,,,,,2026,,,2189,2352,2447,2519,2318,2659,2693,2609,2237,2489,2153,2123,2028,2487,2404,2666,2512,2858,2933,2895,2637,2865,2960,3040,2969,2910,3138,3465,3308,,,,,,,,,,,,,,,,,,,,,,,,,,,,,,,,12095,12972,13447,14021,14417,14784,15672,15808,16001,16182,17539,18439,17580,18780,20823,21356,,,,,,,,,,,,,,,,,,,,,,,,2189,,,2028,,,,,,,,,,,,,,,,,,,,,,,,,,,,,,,,,,,,,,,,,,,,,,,,,,,,,,,,,,,,,,,,,,,,,,,,,,,,,,,,,,,,,,,,,,,,,,,,,,,,,,,,,,,,,,,,,,,,,,,,,,,,,,,,,,
,Accrued Salaries,,,,,,,,,,,,,,,,,,,,,,,,,,,,,,,,,,,,,939,,,1391,1125,1140,1474,1512,1222,1292,1513,1432,1153,1191,1471,1606,1054,1197,1314,2642,1777,2104,2263,2329,1526,1911,2128,2423,1631,2001,2324,2794,,,,,,,,,,,,,,,,,,,,,,,,,,,,,,,,3586,2098,2717,3006,3328,2231,3062,3337,3993,2178,2843,3620,4126,2551,3298,3972,,,,,,,,,,,,,,,,,,,,,,,,1391,,,1606,,,,,,,,,,,,,,,,,,,,,,,,,,,,,,,,,,,,,,,,,,,,,,,,,,,,,,,,,,,,,,,,,,,,,,,,,,,,,,,,,,,,,,,,,,,,,,,,,,,,,,,,,,,,,,,,,,,,,,,,,,,,,,,,,,
,Accrued Taxes,,,,,,,,,,,,,,,,,,,,,,,,,,,,,,,,,,,,,1940,,,724,1378,883,1032,253,702,385,458,417,705,510,1029,442,1373,791,781,578,1007,808,1336,854,914,1259,1502,1064,1178,956,1711,770,,,,,,,,,,,,,,,,,,,,,,,,,,,,,,,,1112,1708,1980,1986,2127,4266,2687,2899,2993,3318,4309,4834,3772,4217,1665,1928,,,,,,,,,,,,,,,,,,,,,,,,724,,,442,,,,,,,,,,,,,,,,,,,,,,,,,,,,,,,,,,,,,,,,,,,,,,,,,,,,,,,,,,,,,,,,,,,,,,,,,,,,,,,,,,,,,,,,,,,,,,,,,,,,,,,,,,,,,,,,,,,,,,,,,,,,,,,,,,
,Current,,,,,,,,,,,,,,,,,,,,,,,,,,,,,,,,,,,,,13192,,,19161,19663,18983,19328,19837,22071,21780,22730,20852,21325,19886,19245,21731,18499,17164,17414,23072,24011,20985,21686,22811,21198,23848,23935,24262,22524,23767,25835,25675,,,,,,,,,,,,,,,,,,,,,,,,,,,,,,,,45226,43390,44821,45543,55802,60373,54170,,,,,,,,,,,,,,,,,,,,,,,,,,,,,,,,,19161,,,21731,,,,,,,,,,,,,,,,,,,,,,,,,,,,,,,,,,,,,,,,,,,,,,,,,,,,,,,,,,,,,,,,,,,,,,,,,,,,,,,,,,,,,,,,,,,,,,,,,,,,,,,,,,,,,,,,,,,,,,,,,,,,,,,,,,
,Long-term Debt,,,,,,,,,,,,,,,,,,,,,,,,,,,,,,,,,,,,,1980,,,2014,2012,2013,4633,7074,7166,8770,8395,8120,8052,8179,8259,8223,8059,7937,9182,9156,9255,13680,13031,12969,13010,11525,11428,11489,11363,9643,9748,13328,,,,,,,,,,,,,,,,,,,,,,,,,,,,,,,,29985,28851,28292,27603,26888,34928,33901,26051,25881,25082,31636,31289,30651,38355,39235,39408,,,,,,,,,,,,,,,,,,,,,,,,2014,,,8223,,,,,,,,,,,,,,,,,,,,,,,,,,,,,,,,,,,,,,,,,,,,,,,,,,,,,,,,,,,,,,,,,,,,,,,,,,,,,,,,,,,,,,,,,,,,,,,,,,,,,,,,,,,,,,,,,,,,,,,,,,,,,,,,,,
,Deferred Tax,,,,,,,,,,,,,,,,,,,,,,,,,,,,,,,,,,,,,294,,,1319,1375,1361,1386,1493,1451,1454,1384,1432,1487,1481,1505,1424,1672,1669,1725,1447,1895,1888,1889,1800,1846,2276,2716,3136,3619,3685,3613,3989,,,,,,,,,,,,,,,,,,,,,,,,,,,,,,,,13200,12169,9177,4946,10680,8713,6163,5163,6074,6053,2635,3306,2838,2428,4217,6406,,,,,,,,,,,,,,,,,,,,,,,,1319,,,1424,,,,,,,,,,,,,,,,,,,,,,,,,,,,,,,,,,,,,,,,,,,,,,,,,,,,,,,,,,,,,,,,,,,,,,,,,,,,,,,,,,,,,,,,,,,,,,,,,,,,,,,,,,,,,,,,,,,,,,,,,,,,,,,,,,
,Employee related obligations,,,,,,,,,,,,,,,,,,,,,,,,,,,,,,,,,,,,,3284,,,5584,5660,5654,6082,5402,5548,5572,5533,7791,7297,7370,7111,6769,6254,6320,6409,6087,6125,6202,6215,8353,8236,8180,7904,9082,8978,8996,9038,7784,,,,,,,,,,,,,,,,,,,,,,,,,,,,,,,,8898,8739,8553,8353,6767,6665,6461,5687,7149,7019,6919,6852,7255,7046,7021,6930,,,,,,,,,,,,,,,,,,,,,,,,5584,,,6769,,,,,,,,,,,,,,,,,,,,,,,,,,,,,,,,,,,,,,,,,,,,,,,,,,,,,,,,,,,,,,,,,,,,,,,,,,,,,,,,,,,,,,,,,,,,,,,,,,,,,,,,,,,,,,,,,,,,,,,,,,,,,,,,,,
,Other,,,,,,,,,,,,,,,,,,,,,,,,,,,,,,,,,,,,,2260,,,3160,3428,3550,3663,3829,4134,4102,3948,4206,4148,4275,5054,5947,6043,6359,6226,6567,7001,7227,7473,10631,10538,9487,9207,8552,8197,8569,8895,7854,,,,,,,,,,,,,,,,,,,,,,,,,,,,,,,,10686,10497,10524,14080,10437,14421,14582,13562,13398,15067,14427,14923,17549,10830,10263,9926,,,,,,,,,,,,,,,,,,,,,,,,3160,,,5947,,,,,,,,,,,,,,,,,,,,,,,,,,,,,,,,,,,,,,,,,,,,,,,,,,,,,,,,,,,,,,,,,,,,,,,,,,,,,,,,,,,,,,,,,,,,,,,,,,,,,,,,,,,,,,,,,,,,,,,,,,,,,,,,,,
,Total Liabilities,,,,,,,,,,,,,,,,,,,,,,,,,,,,,,,,,,,,,21010,,,31238,32138,31561,35092,37635,40370,41678,41990,42401,42309,41191,41174,44094,40527,39449,40956,46329,48287,49982,50294,56564,54828,55316,55190,56521,54681,54660,57129,58630,,,,,,,,,,,,,,,,,,,,,,,,,,,,,,,,107995,103646,101367,100525,110574,125100,115277,94833,98784,101946,109550,108129,108614,115562,114916,113539,,,,,,,,,,,,,,,,,,,,,,,,31238,,,44094,,,,,,,,,,,,,,,,,,,,,,,,,,,,,,,,,,,,,,,,,,,,,,,,,,,,,,,,,,,,,,,,,,,,,,,,,,,,,,,,,,,,,,,,,,,,,,,,,,,,,,,,,,,,,,,,,,,,,,,,,,,,,,,,,,
,Par Value,,,,,,,,,,,,,,,,,,,,,,,,,,,,,,,,,,,,,,,,,,,,,,,,,,,,,,,3120,3120,3120,3120,3120,3120,3120,3120,3120,3120,3120,3120,3120,3120,,,,,,,,,,,,,,,,,,,,,,,,,,,,,,,,3120,3120,3120,3120,3120,3120,3120,3120,3120,3120,3120,3120,3120,3120,3120,3120,,,,,,,,,,,,,,,,,,,,,,,,,,,,,,,,,,,,,,,,,,,,,,,,,,,,,,,,,,,,,,,,,,,,,,,,,,,,,,,,,,,,,,,,,,,,,,,,,,,,,,,,,,,,,,,,,,,,,,,,,,,,,,,,,,,,,,,,,,,,,,,,,,,,,,,,,,,,,
,Other Accumulated,,,,,,,,,,,,,,,,,,,,,,,,,,,,,,,,,,,,,,,,,,,,,,,,,,,,,,,-2924,-3531,-2020,-1192,-3068,-5632,-4540,-6204,-4925,-5810,-6689,-6810,-5346,-2860,,,,,,,,,,,,,,,,,,,,,,,,,,,,,,,,-13058,-13757,-13843,-15292,-12967,-12626,-13135,-8780,-12527,-10768,-11253,-12522,-11741,-11740,-14305,-15237,,,,,,,,,,,,,,,,,,,,,,,,,,,,,,,,,,,,,,,,,,,,,,,,,,,,,,,,,,,,,,,,,,,,,,,,,,,,,,,,,,,,,,,,,,,,,,,,,,,,,,,,,,,,,,,,,,,,,,,,,,,,,,,,,,,,,,,,,,,,,,,,,,,,,,,,,,,,,
,Retained Earnings,,,,,,,,,,,,,,,,,,,,,,,,,,,,,,,,,,,,,,,,,,,,,,,,,,,,,,,77272,77773,79515,80836,82634,81251,83103,83530,84880,85992,87242,89449,87703,89493,,,,,,,,,,,,,,,,,,,,,,,,,,,,,,,,123060,124380,126216,127917,128345,124558,129381,152536,153843,153378,155360,155179,155791,162635,165371,167281,,,,,,,,,,,,,,,,,,,,,,,,,,,,,,,,,,,,,,,,,,,,,,,,,,,,,,,,,,,,,,,,,,,,,,,,,,,,,,,,,,,,,,,,,,,,,,,,,,,,,,,,,,,,,,,,,,,,,,,,,,,,,,,,,,,,,,,,,,,,,,,,,,,,,,,,,,,,,
,Treasury Stock,,,,,,,,,,,,,,,,,,,,,,,,,,,,,,,,,,,,,,,,,,,,,,,,,,,,,,,-20177,-20783,-20752,-20632,-21159,-21659,-20317,-20012,-19314,-18476,-16818,-16094,-15673,-15700,,,,,,,,,,,,,,,,,,,,,,,,,,,,,,,,39099,39034,39136,41146,41694,44183,44217,75648,75662,75710,75689,75619,75680,75906,75713,75887,,,,,,,,,,,,,,,,,,,,,,,,,,,,,,,,,,,,,,,,,,,,,,,,,,,,,,,,,,,,,,,,,,,,,,,,,,,,,,,,,,,,,,,,,,,,,,,,,,,,,,,,,,,,,,,,,,,,,,,,,,,,,,,,,,,,,,,,,,,,,,,,,,,,,,,,,,,,,
,Shareholders Equity,,,,,,,,,,,,,,,,,,,,,,,,,,,,,,,,,,,,,41123,,,39318,40925,43122,43573,43319,45625,46435,45734,42511,43791,46247,50384,50588,52914,52851,57291,56579,59863,62132,61527,57080,61366,60434,63761,64826,66855,69665,69804,74053,,,,,,,,,,,,,,,,,,,,,,,,,,,,,,,,74023,74709,76357,74599,76804,70869,76409,71228,68774,70020,71538,70158,71490,78109,78473,79277,,,,,,,,,,,,,,,,,,,,,,,,39318,,,50558,,,,,,,,,,,,,,,,,,,,,,,,,,,,,,,,,,,,,,,,,,,,,,,,,,,,,,,,,,,,,,,,,,,,,,,,,,,,,,,,,,,,,,,,,,,,,,,,,,,,,,,,,,,,,,,,,,,,,,,,,,,,,,,,,,
,Total,,,,,,,,,,,,,,,,,,,,,,,,,,,,,,,,,,,,,62133,,,70556,73066,74683,78665,80954,85995,88113,87724,84912,86100,87438,91558,94682,93441,92300,98247,102908,108150,112114,111821,113644,116194,115750,118951,121347,121536,124325,126933,132683,,,,,,,,,,,,,,,,,,,,,,,,,,,,,,,,182018,178355,177724,175124,187378,195969,191686,166061,167558,171966,181088,178287,180104,193671,193389,192816,,,,,,,,,,,,,,,,,,,,,,,,0.28315275446360444,,,0.33186637129633295,,,,,,,,,,,,,,,,,,,,,,,,,,,,,,,,,,,,,,,,,,,,,,,,,,,,,,,,,,,,,,,,,,,,,,,,,,,,,,,,,,,,,,,,,,,,,,,,,,,,,,,,,,,,,,,,,,,,,,,,,,,,,,,,,,
,  ROE,,,,,,,,,,,,,,,,,,,,,,,,,,,,,,,,,,,,,0.32507355980837976,,,0.24263696017091407,0.335247403787416,0.2868141551876073,0.2854444724944346,0.2670442992682195,0.31544109589041097,0.2900398406374502,0.2895001530589933,0.2470889887323281,0.320339795848462,0.27746664648517744,0.2655604953953636,0.2280382699454416,0.2733492081490721,0.26043026622012827,0.23857150337749386,0.20247795118330122,0.28525132385613816,0.21663555011910127,0.2081687714336795,0.3990889978976875,0.254864257080468,0.2396664129463547,0.21624504007151707,0.17616388486101256,0.21563084286889536,0.2494796526232685,0.22823906939430405,0.1970780387020107,,,,,,,,,,,,,,,,,,,,,,,,,,,,,,,,,,,,,,,,,,,,,,,,,,,,,,,,,,,,,,,,,,,,,,,,,,,,,,,,,,,,,,,,,,,,,,,,,,,,,,,,,,,,,,,,,,,,,,,,,,,,,,,,,,,,,,,,,,,,,,,,,,,,,,,,,,,,,,,,,,,,,,,,,,,,,,,,,,,,,,,,,,,,,,,,,,,,,,,,,,,,
,  S/E Y/Y,,,,,,,,,,,,,,,,,,,,,,,,,,,,,,,,,,,,,,,,,,,,0.10176000813876596,0.11484422724496035,0.07682853299939696,0.049594932641773504,-0.018652323460837006,-0.040197260273972635,-0.004048670184128356,0.10167490269821133,0.18999788290089614,0.20833047886552025,0.14279845179146755,0.13708717053032715,0.1184272950106744,0.1313263030577918,0.17560689485534797,0.0739383149185735,0.008854875483836677,0.025107328399846418,-0.02732891263761028,0.03630926260015932,0.1357042747021724,0.08944692500733309,0.1527451434622895,0.0947758033907875,0.1423348656403296,,,,,,,,,,,,,,,,,,,,,,,,,,,,,,,,,,,,0.0375694041041299,-0.051399429787575834,0.0006810115641002756,-0.04518827330125064,-0.1045518462580074,-0.01197985014604408,-0.06374903479956551,-0.015022182287864339,0.039491668363044186,0.11552413596115385,0.09694148564399341,0.129978049545312,,,,,,,,,,,,,,,,,,,,,,,,,,,,,,,,,,,,,,,,,,,,,,,,,,,,,,,,,,,,,,,,,,,,,,,,,,,,,,,,,,,,,,,,,,,,,,,,,,,,,,,,,,,,,,,,,,,,,,,,,,,,,,,,,,,,,,,,,,,,,,,,,,,,,,,,,,,,,
,,,,,,,,,,,,,,,,,,,,,,,,,,,,,,,,,,,,,,,,,,,,,,,,,,,,,,,,,,,,,,,,,,,,,,,,,,,,,,,,,,,,,,,,,,,,,,,,,,,,,,,,,,,,,,,,,,,,,,,,,,,,,,,,,,,,,,,,,,,,,,,,,,,,,,,,,,,,,,,,,,,,,,,,,,,,,,,,,,,,,,,,,,,,,,,,,,,,,,,,,,,,,,,,,,,,,,,,,,,,,,,,,,,,,,,,,,,,,,,,,,,,,,,,,,,,,,,,,,,,,,,,,,,,,,,,,
,S/O,,,,,,,,,,,,,,,,,,,,,,,,,,,,,,,,,,,,,,,,,,,,,,,,,,,,,,,,,,,,3119.843,3119.843,3119.843,3119.843,3119.843,3119.843,3119.843,3119.843,3119.843,,,,,,,,,,,,,,,,,,,,,,,,,,,,,,,,,,,3119.843,3119.843,3119.843,3119.843,3119.843,3119.843,3119.843,3119.843,3119.843,3119.843,3119.843,3119.843,3119.843,,,,,,,,,,,,,,,,,,,,,,,,,,,,,,,,,,,,,,,,,,,,,,,,,,,,,,,,,,,,,,,,,,,,,,,,,,,,,,,,,,,,,,,,,,,,,,,,,,,,,,,,,,,,,,,,,,,,,,,,,,,,,,,,,,,,,,,,,,,,,,,,,,,,,,,,,,,,,
,Treasury Stock,,,,,,,,,,,,,,,,,,,,,,,,,,,,,,,,,,,,,,,,,,,,,,,,,,,,,,,,,,,,395.48,374.122,369.284,357.285,341.354,316.679,305.655,299.184,299.215,,,,,,,,,,,,,,,,,,,,,,,,,,,,,,,,,,,502.961,506.246,521.519,521.7,712.665,712.765,713.12,712.997,712.545,712.921,714.218,713.064,713.648,,,,,,,,,,,,,,,,,,,,,,,,,,,,,,,,,,,,,,,,,,,,,,,,,,,,,,,,,,,,,,,,,,,,,,,,,,,,,,,,,,,,,,,,,,,,,,,,,,,,,,,,,,,,,,,,,,,,,,,,,,,,,,,,,,,,,,,,,,,,,,,,,,,,,,,,,,,,,
,Net S/O,,,,,,,,,,,,,,,,,,,,,,,,,,,,,,,,,,,,,,,,,,,,,,,,,,,,,,,,,,,,2724.363,2745.721,2750.5589999999997,2762.558,2778.489,2803.1639999999998,2814.188,2820.6589999999997,2820.6279999999997,,,,,,,,,,,,,,,,,,,,,,,,,,,,,,,,,,,2616.8819999999996,2613.5969999999998,2598.3239999999996,2598.143,2407.178,2407.078,2406.723,2406.846,2407.298,2406.9219999999996,2405.625,2406.779,2406.1949999999997,,,,,,,,,,,,,,,,,,,,,,,,,,,,,,,,,,,,,,,,,,,,,,,,,,,,,,,,,,,,,,,,,,,,,,,,,,,,,,,,,,,,,,,,,,,,,,,,,,,,,,,,,,,,,,,,,,,,,,,,,,,,,,,,,,,,,,,,,,,,,,,,,,,,,,,,,,,,,
,,,,,,,,,,,,,,,,,,,,,,,,,,,,,,,,,,,,,,,,,,,,,,,,,,,,,,,,,,,,,,,,,,,,,,,,,,,,,,,,,,,,,,,,,,,,,,,,,,,,,,,,,,,,,,,,,,,,,,,,,,,,,,,,,,,,,,,,,,,,,,,,,,,,,,,,,,,,,,,,,,,,,,,,,,,,,,,,,,,,,,,,,,,,,,,,,,,,,,,,,,,,,,,,,,,,,,,,,,,,,,,,,,,,,,,,,,,,,,,,,,,,,,,,,,,,,,,,,,,,,,,,,,,,,,,,,
,TTM CFFO,,,,,,,,,,,,,,,,,,,,,,,,,,,,,,,,,,,,,,,,,,,,,,,,,,,,,,17908,17848,16385,15011,15083,14671,10847,8531,4622,0,0,2277,7328,13275,17414,,,,,,,,,,,,,,,,,,,,,,,,,,,,,,,,,,,,,,,,,23191,24642,25146,24266,24783,23028,24204,,,,,,,,,,,,,,,,,,,,,,,,,,,,,,,,,,,,,,,,,,,,,,,,,,,,,,,,,,,,,,,,,,,,,,,,,,,,,,,,,,,,,,,,,,,,,,,,,,,,,,,,,,,,,,,,,,,,,,,,,,,,,,,,,,,,,,,,,,,,,,,,,,,,,,,,,,,,,
,CFFO,,,,,,,,,,,,,,,,,,,,,,,,,,,,,,,,,2635,,,,3474,,,,3837,2897,4191,4324,3236,2842,4893,4001,2827,3363,5094,5287,3690,3837,5034,3824,2316,3909,4622,,,,,,2277,5051,5947,4139,,,,,,,,,,,,,,,,,,,,,,,,,,,,,,,,,,,,,,,,,3657,5633,7993,6983,4174,3878,9169,,,,,,,,,,,,,,,,,,,,,,,,,,,,,,,,,,,,,,,,,,,,,,,,,,,,,,,,,,,,,,,,,,,,,,,,,,,,,,,,,,,,,,,,,,,,,,,,,,,,,,,,,,,,,,,,,,,,,,,,,,,,,,,,,,,,,,,,,,,,,,,,,,,,,,,,,,,,,
,FCF,,,,,,,,,,,,,,,,,,,,,,,,,,,,,,,,,2238,,,,3028,,,,3391,2298,3532,3086,2757,2155,4121,2873,2392,2796,4575,4443,3293,3337,4506,2865,2001,3313,4489,0,0,0,0,0,1691,4280,5138,2710,,,,,,,,,,,,,,,,,,,,,,,,,,,,,,,,,,,,,,,,,2850,4657,6964,5371,3379,2835,8012,,,,,,,,,,,,,,,,,,,,,,,,,,,,,,,,,,,,,,,,,,,,,,,,,,,,,,,,,,,,,,,,,,,,,,,,,,,,,,,,,,,,,,,,,,,,,,,,,,,,,,,,,,,,,,,,,,,,,,,,,,,,,,,,,,,,,,,,,,,,,,,,,,,,,,,,,,,,,
,CIC,,,,,,,,,,,,,,,,,,,,,,,,,,,,,,,,,,,,,,,,,1004,994,926,-651,-49,-596,1026,800,-1085,1244,1636,2128,1023,1342,2852,784,-1848,1919,1614,64,1764,-15048,3570,2004,852,4371,-26,905,,,,,,,,,,,,,,,,,,,,,,,,,,,,,,,,,,,,,,,,,,,,,,,,,,,,,,,,,,,,,,,,,,,,,,,,,,,,,,,,,,,,,,,,,,,,,,,,,,,,,,,,,,,,,,,,,,,,,,,,,,,,,,,,,,,,,,,,,,,,,,,,,,,,,,,,,,,,,,,,,,,,,,,,,,,,,,,,,,,,,,,,,,,,,,,,,,,,,,,,,,,,
,,,,,,,,,,,,,,,,,,,,,,,,,,,,,,,,,,,,,,,,,,,,,,,,,,,,,,,,,,,,,,,,,,,,,,,,,,,,,,,,,,,,,,,,,,,,,,,,,,,,,,,,,,,,,,,,,,,,,,,,,,,,,,,,,,,,,,,,,,,,,,,,,,,,,,,,,,,,,,,,,,,,,,,,,,,,,,,,,,,,,,,,,,,,,,,,,,,,,,,,,,,,,,,,,,,,,,,,,,,,,,,,,,,,,,,,,,,,,,,,,,,,,,,,,,,,,,,,,,,,,,,,,,,,,,,,,
,Model NI,,,,,,,,,,,,,,,,,,,,,,,,,,,,,,,,,2839,,,,3305,,,,3430,3092,3109.4179999999997,2892.023,3598,3367,3310,2626,3507,3208,3345,2884,3616,3441,3417,2864,4269,3365,3202,5695,3910,3621,3447,2855,3604,4345,3983,3648.555,,,,,,,,,,,,,,,,,,,,,,,,,,,,,,,,,5927,7021,5189,6391,5036,5383,6776.5,5772,6579,4873,5875.5999999999985,4803,6707,6696,6824,4352.645000000001,,,,,,,,,,,,,,,,,,,,,,,,,,,,,,,,,,,,,,,,,,,,,,,,,,,,,,,,,,,,,,,,,,,,,,,,,,,,,,,,,,,,,,,,,,,,,,,,,,,,,,,,,,,,,,,,,,,,,,,,,,,,,,,,,,,,,,,,,,,,,,,,,,,,,,,,,,,,
,Net Income,,,,,,,,,,,,,,,,,,,,,,,,,,,,,,,,,,,,,,,,,,,,,,,,,3507,3208,3345,2206,4526,3449,3417,1942,3476,2776,3202,,,,,,3497,3833,2982,3519,,,,,,,,,,,,,,,,,,,,,,,,,,,,,,,,,5149,4814,4458,3520,-68,5144,26028,4049,3255,4686,2694,3431,10999,5537,5152,,,,,,,,,,,,,,,,,,,,,,,,,,,,,,,,,,,,,,,,,,,,,,,,,,,,,,,,,,,,,,,,,,,,,,,,,,,,,,,,,,,,,,,,,,,,,,,,,,,,,,,,,,,,,,,,,,,,,,,,,,,,,,,,,,,,,,,,,,,,,,,,,,,,,,,,,,,,,
,D&A,,,,,,,,,,,,,,,,,,,,,,,,,,,,,,,,,515,,,,521,,,,622,683,597,875,666,683,768,715,676,679,675,744,734,711,725,769,755,777,783,,,,,,1036,990,976,1102,,,,,,,,,,,,,,,,,,,,,,,,,,,,,,,,,1769,1744,1685,1772,1880,1934,1829,1843,1815,1782,1846,1896,1772,1943,1777,,,,,,,,,,,,,,,,,,,,,,,,,,,,,,,,,,,,,,,,,,,,,,,,,,,,,,,,,,,,,,,,,,,,,,,,,,,,,,,,,,,,,,,,,,,,,,,,,,,,,,,,,,,,,,,,,,,,,,,,,,,,,,,,,,,,,,,,,,,,,,,,,,,,,,,,,,,,,
,Stock-based comp,,,,,,,,,,,,,,,,,,,,,,,,,,,,,,,,,135,,,,153,,,,164,196,177,161,163,193,168,103,159,182,158,129,157,148,169,140,152,187,145,,,,,,194,229,161,144,,,,,,,,,,,,,,,,,,,,,,,,,,,,,,,,,278,366,281,213,306,382,296,178,302,341,295,238,288,410,347,,,,,,,,,,,,,,,,,,,,,,,,,,,,,,,,,,,,,,,,,,,,,,,,,,,,,,,,,,,,,,,,,,,,,,,,,,,,,,,,,,,,,,,,,,,,,,,,,,,,,,,,,,,,,,,,,,,,,,,,,,,,,,,,,,,,,,,,,,,,,,,,,,,,,,,,,,,,,
,In-process R&D,,,,,,,,,,,,,,,,,,,,,,,,,,,,,,,,,0,,,,37,,,,807,0,0,0,0,40,0,141,0,0,0,0,960,-960,0,0,0,0,0,,,,,,177,-401,199,455,,,,,,,,,,,,,,,,,,,,,,,,,,,,,,,,,610,137,40,429,426,-38,432,958,185,194,1252,615,46,76,110,,,,,,,,,,,,,,,,,,,,,,,,,,,,,,,,,,,,,,,,,,,,,,,,,,,,,,,,,,,,,,,,,,,,,,,,,,,,,,,,,,,,,,,,,,,,,,,,,,,,,,,,,,,,,,,,,,,,,,,,,,,,,,,,,,,,,,,,,,,,,,,,,,,,,,,,,,,,,
,Gain on sale,,,,,,,,,,,,,,,,,,,,,,,,,,,,,,,,,,,,,,,,,,,,,,,,,,,,,,,,,,,,,,,,,,,,,,,,,,,,,,,,,,,,,,,,,,,,,,,,,,,,,-168,-45,0,-167,-8,-39,-21054,0,0,-223,-2,-1,-75,1,-57,,,,,,,,,,,,,,,,,,,,,,,,,,,,,,,,,,,,,,,,,,,,,,,,,,,,,,,,,,,,,,,,,,,,,,,,,,,,,,,,,,,,,,,,,,,,,,,,,,,,,,,,,,,,,,,,,,,,,,,,,,,,,,,,,,,,,,,,,,,,,,,,,,,,,,,,,,,,,
,Deferred tax,,,,,,,,,,,,,,,,,,,,,,,,,,,,,,,,,53,,,,-153,,,,-5,-400,-495,-862,-27,-295,-32,376,1212,-567,-104,-977,78,526,40,-288,-4,-500,-345,,,,,,365,-273,-316,-383,,,,,,,,,,,,,,,,,,,,,,,,,,,,,,,,,-926,-1423,-139,825,-1543,-799,560,-2412,-1562,-695,90,-16,2172,825,2218,,,,,,,,,,,,,,,,,,,,,,,,,,,,,,,,,,,,,,,,,,,,,,,,,,,,,,,,,,,,,,,,,,,,,,,,,,,,,,,,,,,,,,,,,,,,,,,,,,,,,,,,,,,,,,,,,,,,,,,,,,,,,,,,,,,,,,,,,,,,,,,,,,,,,,,,,,,,,
,A/R allowances,,,,,,,,,,,,,,,,,,,,,,,,,,,,,,,,,22,,,,-4,,,,3,-2,12,9,12,3,47,24,22,30,-13,19,-529,575,-16,-18,-16,-17,12,,,,,,-11,-18,-3,-99,,,,,,,,,,,,,,,,,,,,,,,,,,,,,,,,,6,-9,-11,-3,1,-1,0,0,0,0,-11,22,-4,7,-9,,,,,,,,,,,,,,,,,,,,,,,,,,,,,,,,,,,,,,,,,,,,,,,,,,,,,,,,,,,,,,,,,,,,,,,,,,,,,,,,,,,,,,,,,,,,,,,,,,,,,,,,,,,,,,,,,,,,,,,,,,,,,,,,,,,,,,,,,,,,,,,,,,,,,,,,,,,,,
,Increase in A/R,,,,,,,,,,,,,,,,,,,,,,,,,,,,,,,,,-639,,,,-568,,,,-562,-97,252,-9,-517,-215,-58,54,-86,-139,164,514,-193,-362,-30,378,-609,33,87,,,,,,-434,-213,-324,339,,,,,,,,,,,,,,,,,,,,,,,,,,,,,,,,,-427,-959,-205,301,-54,-545,-252,227,-279,-884,-96,853,-926,-1357,111,,,,,,,,,,,,,,,,,,,,,,,,,,,,,,,,,,,,,,,,,,,,,,,,,,,,,,,,,,,,,,,,,,,,,,,,,,,,,,,,,,,,,,,,,,,,,,,,,,,,,,,,,,,,,,,,,,,,,,,,,,,,,,,,,,,,,,,,,,,,,,,,,,,,,,,,,,,,,
,Increase in inventories,,,,,,,,,,,,,,,,,,,,,,,,,,,,,,,,,-140,,,,-219,,,,-120,-70,-119,323,-259,-120,31,247,-336,-3,89,345,-1651,1563,-109,1,-452,-168,-167,,,,,,-288,-259,-252,177,,,,,,,,,,,,,,,,,,,,,,,,,,,,,,,,,-600,-657,-620,-650,-524,-217,-706,124,-348,-391,-299,-90,-146,-510,-748,,,,,,,,,,,,,,,,,,,,,,,,,,,,,,,,,,,,,,,,,,,,,,,,,,,,,,,,,,,,,,,,,,,,,,,,,,,,,,,,,,,,,,,,,,,,,,,,,,,,,,,,,,,,,,,,,,,,,,,,,,,,,,,,,,,,,,,,,,,,,,,,,,,,,,,,,,,,,
,Increase in A/P and A/L,,,,,,,,,,,,,,,,,,,,,,,,,,,,,,,,,-1509,,,,-633,,,,-229,-77,1239,1709,-273,-887,57,831,-2155,258,67,1323,-1088,-631,167,1572,-1127,683,344,,,,,,-1459,744,1304,1232,,,,,,,,,,,,,,,,,,,,,,,,,,,,,,,,,-2817,1647,1311,957,-2572,1511,1725,1682,-2483,2932,2264,-1092,-2126,1240,1997,,,,,,,,,,,,,,,,,,,,,,,,,,,,,,,,,,,,,,,,,,,,,,,,,,,,,,,,,,,,,,,,,,,,,,,,,,,,,,,,,,,,,,,,,,,,,,,,,,,,,,,,,,,,,,,,,,,,,,,,,,,,,,,,,,,,,,,,,,,,,,,,,,,,,,,,,,,,,
,Increase in other current,,,,,,,,,,,,,,,,,,,,,,,,,,,,,,,,,235,,,,-207,,,,-373,-51,-583,-344,-1112,356,754,-1598,-39,11,-7,1244,696,-1400,394,-264,-970,50,14,,,,,,-608,171,34,-1403,,,,,,,,,,,,,,,,,,,,,,,,,,,,,,,,,995,2532,1036,-3876,-915,-229,-222,-2114,3199,532,-2782,768,-1317,-4877,-1459,,,,,,,,,,,,,,,,,,,,,,,,,,,,,,,,,,,,,,,,,,,,,,,,,,,,,,,,,,,,,,,,,,,,,,,,,,,,,,,,,,,,,,,,,,,,,,,,,,,,,,,,,,,,,,,,,,,,,,,,,,,,,,,,,,,,,,,,,,,,,,,,,,,,,,,,,,,,,
,Increase in other non-current,,,,,,,,,,,,,,,,,,,,,,,,,,,,,,,,,1124,,,,1242,,,,957,-366,563,-590,985,-243,-152,394,-133,-296,720,-260,0,218,277,-408,1111,88,547,,,,,,-192,248,1186,-944,,,,,,,,,,,,,,,,,,,,,,,,,,,,,,,,,110,-2566,-1552,2029,6328,-2921,-1147,3328,-427,-2641,2742,359,-6509,583,-270,,,,,,,,,,,,,,,,,,,,,,,,,,,,,,,,,,,,,,,,,,,,,,,,,,,,,,,,,,,,,,,,,,,,,,,,,,,,,,,,,,,,,,,,,,,,,,,,,,,,,,,,,,,,,,,,,,,,,,,,,,,,,,,,,,,,,,,,,,,,,,,,,,,,,,,,,,,,,
,CFFO,,,,,,,,,,,,,,,,,,,,,,,,,,,,,,,,,,,,,,,,,,,,,,,,,2827,3363,5094,5287,3690,3837,5034,3824,2316,3909,4622,,,,,,2277,5051,5947,4139,,,,,,,,,,,,,,,,,,,,,,,,,,,,,,,,,3979,5581,6284,5350,3257,4182,7489,7863,3657,5633,7993,6983,4174,3878,9169,0,,,,,,,,,,,,,,,,,,,,,,,,,,,,,,,,,,,,,,,,,,,,,,,,,,,,,,,,,,,,,,,,,,,,,,,,,,,,,,,,,,,,,,,,,,,,,,,,,,,,,,,,,,,,,,,,,,,,,,,,,,,,,,,,,,,,,,,,,,,,,,,,,,,,,,,,,,,,
,,,,,,,,,,,,,,,,,,,,,,,,,,,,,,,,,,,,,,,,,,,,,,,,,,,,,,,,,,,,,,,,,,,,,,,,,,,,,,,,,,,,,,,,,,,,,,,,,,,,,,,,,,,,,,,,,,,,,,,,,,,,,,,,,,,,,,,,,,,,,,,,,,,,,,,,,,,,,,,,,,,,,,,,,,,,,,,,,,,,,,,,,,,,,,,,,,,,,,,,,,,,,,,,,,,,,,,,,,,,,,,,,,,,,,,,,,,,,,,,,,,,,,,,,,,,,,,,,,,,,,,,,,,,,,,,,
,Capex,,,,,,,,,,,,,,,,,,,,,,,,,,,,,,,,,-397,,,,-446,,,,-446,-599,-659,-1238,-479,-687,-772,-1128,-435,-567,-519,-844,-397,-500,-528,-959,-315,-596,-133,,,,,,-586,-771,-809,-1429,,,,,,,,,,,,,,,,,,,,,,,,,,,,,,,,,-607,-863,-952,-1044,-863,-1124,-967,-1589,-807,-976,-1029,-1612,-795,-1043,-1157,,,,,,,,,,,,,,,,,,,,,,,,,,,,,,,,,,,,,,,,,,,,,,,,,,,,,,,,,,,,,,,,,,,,,,,,,,,,,,,,,,,,,,,,,,,,,,,,,,,,,,,,,,,,,,,,,,,,,,,,,,,,,,,,,,,,,,,,,,,,,,,,,,,,,,,,,,,,,
,Disposals,,,,,,,,,,,,,,,,,,,,,,,,,,,,,,,,,,,,,,,,,,,,,,,,,,,,,,,,,,,,,,,,,,,,,,,,,,,,,,,,,,,,,,,,,,,,,,,,,,,,,0,314,8,,40,76,121,121,210,363,50,52,279,53,76,,,,,,,,,,,,,,,,,,,,,,,,,,,,,,,,,,,,,,,,,,,,,,,,,,,,,,,,,,,,,,,,,,,,,,,,,,,,,,,,,,,,,,,,,,,,,,,,,,,,,,,,,,,,,,,,,,,,,,,,,,,,,,,,,,,,,,,,,,,,,,,,,,,,,,,,,,,,,
,Acquisitions,,,,,,,,,,,,,,,,,,,,,,,,,,,,,,,,,,,,,,,,,-1368,0,-10,-10,26,-25,-345,-85,-1291,0,-1046,-133,-772,-5923,5426,0,-2049,0,-420,,,,,,-168,-6,-645,-16,,,,,,,,,,,,,,,,,,,,,,,,,,,,,,,,,-4,-519,1,-17130,0,0,0,-470,-1811,-12996,-1588,-534,-14,-14813,-17,,,,,,,,,,,,,,,,,,,,,,,,,,,,,,,,,,,,,,,,,,,,,,,,,,,,,,,,,,,,,,,,,,,,,,,,,,,,,,,,,,,,,,,,,,,,,,,,,,,,,,,,,,,,,,,,,,,,,,,,,,,,,,,,,,,,,,,,,,,,,,,,,,,,,,,,,,,,,
,Investments,,,,,,,,,,,,,,,,,,,,,,,,,,,,,,,,,,,,,,,,,,,,,,,,,,,,,,,,,,,,,,,,,,,,,,,,,,,,,,,,,,,,,,,,,,,,,,,,,,,,,-2715,-1699,-425,14064,3992,-1803,3617,2678,349,173,186,28,-33,555,243,,,,,,,,,,,,,,,,,,,,,,,,,,,,,,,,,,,,,,,,,,,,,,,,,,,,,,,,,,,,,,,,,,,,,,,,,,,,,,,,,,,,,,,,,,,,,,,,,,,,,,,,,,,,,,,,,,,,,,,,,,,,,,,,,,,,,,,,,,,,,,,,,,,,,,,,,,,,,
,Credit support,,,,,,,,,,,,,,,,,,,,,,,,,,,,,,,,,,,,,,,,,,,,,,,,,,,,,,,,,,,,,,,,,,,,,,,,,,,,,,,,,,,,,,,,,,,,,,,,,,,,,-249,239,-295,56,158,-956,-119,-2046,1600,-170,-731,818,296,-2980,346,,,,,,,,,,,,,,,,,,,,,,,,,,,,,,,,,,,,,,,,,,,,,,,,,,,,,,,,,,,,,,,,,,,,,,,,,,,,,,,,,,,,,,,,,,,,,,,,,,,,,,,,,,,,,,,,,,,,,,,,,,,,,,,,,,,,,,,,,,,,,,,,,,,,,,,,,,,,,
,Other CFFI,,,,,,,,,,,,,,,,,,,,,,,,,,,,,,,,,,,,,,,,,,,,,,,,,,,,,,,,,,,,,,,,,,,,,,,,,,,,,,,,,,,,,,,,,,,,,,,,,,,,,-59,-111,-38,-97,-12,31,-111,104,-5,-81,-16,-72,-30,-36,-33,,,,,,,,,,,,,,,,,,,,,,,,,,,,,,,,,,,,,,,,,,,,,,,,,,,,,,,,,,,,,,,,,,,,,,,,,,,,,,,,,,,,,,,,,,,,,,,,,,,,,,,,,,,,,,,,,,,,,,,,,,,,,,,,,,,,,,,,,,,,,,,,,,,,,,,,,,,,,
,CFFI,,,,,,,,,,,,,,,,,,,,,,,,,,,,,,,,,,,,,,,,,,,,,,,,,,,,,,,,,,,,,,,,,,,,,,,,,,,,,,,,,,,,,,,,,,,,,,,,,,,,,-3634,-2639,-1701,-4151,3315,-3776,2541,-1202,-464,-13687,-3128,-1320,-297,-18264,-542,0,,,,,,,,,,,,,,,,,,,,,,,,,,,,,,,,,,,,,,,,,,,,,,,,,,,,,,,,,,,,,,,,,,,,,,,,,,,,,,,,,,,,,,,,,,,,,,,,,,,,,,,,,,,,,,,,,,,,,,,,,,,,,,,,,,,,,,,,,,,,,,,,,,,,,,,,,,,,
,,,,,,,,,,,,,,,,,,,,,,,,,,,,,,,,,,,,,,,,,,,,,,,,,,,,,,,,,,,,,,,,,,,,,,,,,,,,,,,,,,,,,,,,,,,,,,,,,,,,,,,,,,,,,,,,,,,,,,,,,,,,,,,,,,,,,,,,,,,,,,,,,,,,,,,,,,,,,,,,,,,,,,,,,,,,,,,,,,,,,,,,,,,,,,,,,,,,,,,,,,,,,,,,,,,,,,,,,,,,,,,,,,,,,,,,,,,,,,,,,,,,,,,,,,,,,,,,,,,,,,,,,,,,,,,,,
,Dividends,,,,,,,,,,,,,,,,,,,,,,,,,,,,,,,,,,,,,,,,,-1085,-1202,-1199,-1184,-1174,-1292,-1284,-1274,-1273,-1350,-1351,-1353,-1350,-1489,-1484,-1481,-1480,-1563,-1558,,,,,,-1706,-1856,-1862,-1862,,,,,,,,,,,,,,,,,,,,,,,,,,,,,,,,,-2787,-2971,-2970,-2954,-2942,-3092,-2871,-2865,-2869,-2985,-2985,-2984,-2989,-3129,-3132,,,,,,,,,,,,,,,,,,,,,,,,,,,,,,,,,,,,,,,,,,,,,,,,,,,,,,,,,,,,,,,,,,,,,,,,,,,,,,,,,,,,,,,,,,,,,,,,,,,,,,,,,,,,,,,,,,,,,,,,,,,,,,,,,,,,,,,,,,,,,,,,,,,,,,,,,,,,,
,Repurchase,,,,,,,,,,,,,,,,,,,,,,,,,,,,,,,,,654,,,,401,,,,-295,-444,-1842,-3026,-1779,-1838,-2156,-878,-834,-289,-49,-958,-383,-397,-732,-1285,-435,-494,-743,,,,,,0,0,-3050,-488,,,,,,,,,,,,,,,,,,,,,,,,,,,,,,,,,-1577,-973,-2165,-1320,-3537,-381,-920,-216,-1475,-136,-539,-282,-2127,0,-1902,,,,,,,,,,,,,,,,,,,,,,,,,,,,,,,,,,,,,,,,,,,,,,,,,,,,,,,,,,,,,,,,,,,,,,,,,,,,,,,,,,,,,,,,,,,,,,,,,,,,,,,,,,,,,,,,,,,,,,,,,,,,,,,,,,,,,,,,,,,,,,,,,,,,,,,,,,,,,
,Debt,,,,,,,,,,,,,,,,,,,,,,,,,,,,,,,,,,,,,,,,,,,,,,,,,,,,,,,,,,,,,,,,,,,,,,,,,,,,,,,,,,,,,,,,,,,,,,,,,,,,,31,9,119,7293,13380,-7597,-15468,-1096,4374,11543,-6431,1535,15051,-2376,-5143,,,,,,,,,,,,,,,,,,,,,,,,,,,,,,,,,,,,,,,,,,,,,,,,,,,,,,,,,,,,,,,,,,,,,,,,,,,,,,,,,,,,,,,,,,,,,,,,,,,,,,,,,,,,,,,,,,,,,,,,,,,,,,,,,,,,,,,,,,,,,,,,,,,,,,,,,,,,,
,Other,,,,,,,,,,,,,,,,,,,,,,,,,,,,,,,,,,,,,,,,,,,,,,,,,,,,,,,,,,,,,,,,,,,,,,,,,,,,,,,,,,,,,,,,,,,,,,,,,,,,,-52,1674,1091,-1319,-763,5079,7942,-478,516,-878,73,391,487,-160,1250,,,,,,,,,,,,,,,,,,,,,,,,,,,,,,,,,,,,,,,,,,,,,,,,,,,,,,,,,,,,,,,,,,,,,,,,,,,,,,,,,,,,,,,,,,,,,,,,,,,,,,,,,,,,,,,,,,,,,,,,,,,,,,,,,,,,,,,,,,,,,,,,,,,,,,,,,,,,,
,CFFF,,,,,,,,,,,,,,,,,,,,,,,,,,,,,,,,,,,,,,,,,,,,,,,,,,,,,,,,,,,,,,,,,,,,,,,,,,,,,,,,,,,,,,,,,,,,,,,,,,,,,-4385,-2261,-3925,1700,6138,-5991,-11317,-4655,546,7544,-9882,-1340,10422,-5665,-8927,0,,,,,,,,,,,,,,,,,,,,,,,,,,,,,,,,,,,,,,,,,,,,,,,,,,,,,,,,,,,,,,,,,,,,,,,,,,,,,,,,,,,,,,,,,,,,,,,,,,,,,,,,,,,,,,,,,,,,,,,,,,,,,,,,,,,,,,,,,,,,,,,,,,,,,,,,,,,,
,FX,,,,,,,,,,,,,,,,,,,,,,,,,,,,,,,,,,,,,,,,,,,,,,,,,,,,,,,,,,,,,,,,,,,,,,,,,,,,,,,,,,,,,,,,,,,,,,,,,,,,,16,-161,-286,119,28,-97,-168,125,-125,-85,119,-198,70,154,-46,,,,,,,,,,,,,,,,,,,,,,,,,,,,,,,,,,,,,,,,,,,,,,,,,,,,,,,,,,,,,,,,,,,,,,,,,,,,,,,,,,,,,,,,,,,,,,,,,,,,,,,,,,,,,,,,,,,,,,,,,,,,,,,,,,,,,,,,,,,,,,,,,,,,,,,,,,,,,
,CIC,,,,,,,,,,,,,,,,,,,,,,,,,,,,,,,,,,,,,,,,,,,,,,,,,,,,,,,,,,,,,,,,,,,,,,,,,,,,,,,,,,,,,,,,,,,,,,,,,,,,,-4024,520,372,3018,12738,-5682,-1455,2131,3614,-595,-4898,4125,14369,-19897,-346,0,,,,,,,,,,,,,,,,,,,,,,,,,,,,,,,,,,,,,,,,,,,,,,,,,,,,,,,,,,,,,,,,,,,,,,,,,,,,,,,,,,,,,,,,,,,,,,,,,,,,,,,,,,,,,,,,,,,,,,,,,,,,,,,,,,,,,,,,,,,,,,,,,,,,,,,,,,,,
,FCF,,,,,,,,,,,,,,,,,,,,,,,,,,,,,,,,,,,,,,,,,,,,,,,,,2392,2796,4575,4443,3293,3337,4506,2865,2001,3313,4489,,,,,,1691,4280,5138,2710,,,,,,,,,,,,,,,,,,,,,,,,,,,,,,,,,,,,,,,,,,,,,,,,,,,,,,,,,,,,,,,,,,,,,,,,,,,,,,,,,,,,,,,,,,,,,,,,,,,,,,,,,,,,,,,,,,,,,,,,,,,,,,,,,,,,,,,,,,,,,,,,,,,,,,,,,,,,,,,,,,,,,,,,,,,,,,,,,,,,,,,,,,,,,,,,,,,,,,,,,,,,
,,,,,,,,,,,,,,,,,,,,,,,,,,,,,,,,,,,,,,,,,,,,,,,,,,,,,,,,,,,,,,,,,,,,,,,,,,,,,,,,,,,,,,,,,,,,,,,,,,,,,,,,,,,,,,,,,,,,,,,,,,,,,,,,,,,,,,,,,,,,,,,,,,,,,,,,,,,,,,,,,,,,,,,,,,,,,,,,,,,,,,,,,,,,,,,,,,,,,,,,,,,,,,,,,,,,,,,,,,,,,,,,,,,,,,,,,,,,,,,,,,,,,,,,,,,,,,,,,,,,,,,,,,,,,,,,,
,EPS Consensus,,,,,,,,,,,,,,,,,,,,,,,,,,,,,,,,,,,,,,,,,,,1,,,,,,,,,,,,,,,,,,,,,,,,,,,,,,,,,,,,,,,,,,,,,,,,,,,,,,,,,,,,,,,,,,,,,,,,,,,,,,,,,,,,,,,,,,,,,,,,,,,,,,,,,,,,,,,,,,,,,,,,,,,,,,,,,,,,,,,,,,,,,,,,,,,,,,,,,,,,,,,,,,,,,,,,,,,,,,,,,,,,,,,,,,,,,,,,,,,,,,,,,,,,,,,,,,,,,,,,,,,,,,,,,,,,,
,Revenue Consensus,,,,,,,,,,,,,,,,,,,,,,,,,,,,,,,,,,,,,,,,,,,14850,,,,,,,,,,,,,,,,,,,,,,,,,,,,,,,,,,,,,,,,,,,,,,,,,,,,,,,,,,,,,,,,,,,,,,,,,,,,,,,,,,,,,,,,,,,,,,,,,,,,,,,,,,,,,,,,,,,,,,,,,,,,,,,,,,,,,,,,,,,,,,,,,,,,,,,,,,,,,,,,,,,,,,,,,,,,,,,,,,,,,,,,,,,,,,,,,,,,,,,,,,,,,,,,,,,,,,,,,,,,,,,,,,,,,
,,,,,,,,,,,,,,,,,,,,,,,,,,,,,,,,,,,,,,,,,,,,2my/y  -21.89,,,,,,,,,,,,,,,,,,,,,,,,,,,,,,,,,,,,,,,,,,,,,,,,,,,,,,,,,,,,,,,,,,,,,,,,,,,,,,,,,,,,,,,,,,,,,,,,,,,,,,,,,,,,,,,,,,,,,,,,,,,,,,,,,,,,,,,,,,,,,,,,,,,,,,,,,,,,,,,,,,,,,,,,,,,,,,,,,,,,,,,,,,,,,,,,,,,,,,,,,,,,,,,,,,,,,,,,,,,,,,,,,,,,,
,GM Builder,,,,,,,,,,,,,,,,,,,,,,,,,,,,,,,,,,,,,,,,,,,,,,,,,,,,,,,,,,,,,,,,,,,,,,,,,,,,,,,,,,,,,,,,,,,,,,,,,,,,,,,,,,,,,,,,,,,,,,,,,,,,,,,,,,,,,,,,,,,,,,,,,,,,,,,,,,,,,,,,,,,,,,,,,,,,,,,,,,,,,,,,,,,,,,,,,,,,,,,,,,,,,,,,,,,,,,,,,,,,,,,,,,,,,,,,,,,,,,,,,,,,,,,,,,,,,,,,,,,,,,,,,,,,,,,,
,Pharma GM%,,,,,,,,,,,,,,,,,,,,,,,,,,,,,,,,,,,,,,,,,,,,,,,,,,,,,,,,,,,,,,,,,,,,,,,,,,,,,,,,,,,,,,,,,,,,,,,,,,,,,,,,,,,,,,,,,,,,,,,,,,,,,0.85,0.85,0.85,0.85,0.85,0.85,0.85,0.85,0.85,0.85,0.85,0.85,0.85,0.85,0.85,0.85,0.85,0.88,0.85,0.88,0.85,0.88,0.88,0.88,0.88,,,,,,,,,,,,,,,,,,,,,,,,,,,,,,,,,,,,,,,,,,,,,,,,,,,,,,,,,,,,,,,,,,,,,,,,,,,,,,,,,,,,,,,,,,,,,,,,,,,,,,,,,,,,,,,,,,,,,,,,,,,
,Pharma Gross Margin,,,,,,,,,,,,,,,,,,,,,,,,,,,,,,,,,,,,,,,,,,,,,,,,,,,,,,,,,,,,,,,,,,,,,,,,,,,,,,,,,,,,,,,,,,,,,,,,,,,,,,,,,,,,,,,,,,,,,,,,,,,,,3689.0,3816.5,4384.3,5332.9,6109.8,6541.599999999999,7277.7,9089.9,10160.9,12623.35,14578.35,16589.45,18808.8,18973.7,19776.95,21136.1,20881.95,19817.6,18924.399999999998,21443.84,21992.899999999998,24750.0,27612.288,27722.4904,22149.421975999998,,,,,,,,,,,,,,,,,,,,,,,,,,,,,,,,,,,,,,,,,,,,,,,,,,,,,,,,,,,,,,,,,,,,,,,,,,,,,,,,,,,,,,,,,,,,,,,,,,,,,,,,,,,,,,,,,,,,,,,,,,,
,Devices GM%,,,,,,,,,,,,,,,,,,,,,,,,,,,,,,,,,,,,,,,,,,,,,,,,,,,,,,,,,,,,,,,,,,,,,,,,,,,,,,,,,,,,,,,,,,,,,,,,,,,,,,,,,,,,,,,,,,,,,,,,,,,,,0.68,0.68,0.68,0.68,0.68,0.68,0.68,0.68,0.68,0.68,0.68,0.68,0.68,0.68,0.68,0.68,0.68,0.69,0.69,0.69,0.66,0.69,0.69,0.69,0.69,,,,,,,,,,,,,,,,,,,,,,,,,,,,,,,,,,,,,,,,,,,,,,,,,,,,,,,,,,,,,,,,,,,,,,,,,,,,,,,,,,,,,,,,,,,,,,,,,,,,,,,,,,,,,,,,,,,,,,,,,,,
,Devices Gross Margin,,,,,,,,,,,,,,,,,,,,,,,,,,,,,,,,,,,,,,,,,,,,,,,,,,,,,,,,,,,,,,,,,,,,,,,,,,,,,,,,,,,,,,,,,,,,,,,,,,,,,,,,,,,,,,,,,,,,,,,,,,,,,3150.44,3280.32,3621.0000000000005,4581.160000000001,5486.240000000001,5735.8,5826.92,6740.84,6991.080000000001,7609.88,8557.800000000001,10141.52,11483.160000000002,12985.28,13792.44,14780.480000000001,15725.68,16266.06,16974.69,17787.51,18101.16,19658.1,19926.43065,20202.036987749998,20485.113759281252,,,,,,,,,,,,,,,,,,,,,,,,,,,,,,,,,,,,,,,,,,,,,,,,,,,,,,,,,,,,,,,,,,,,,,,,,,,,,,,,,,,,,,,,,,,,,,,,,,,,,,,,,,,,,,,,,,,,,,,,,,,
,Consumer GM%,,,,,,,,,,,,,,,,,,,,,,,,,,,,,,,,,,,,,,,,,,,,,,,,,,,,,,,,,,,,,,,,,,,,,,,,,,,,,,,,,,,,,,,,,,,,,,,,,,,,,,,,,,,,,,,,,,,,,,,,,,,,,0.5,0.5,0.5,0.5,0.5,0.5,0.5,0.5,0.5,0.5,0.5,0.5,0.5,0.5,0.5,0.5,0.5,0.52,0.51,0.52,0.53,0.52,0.52,0.52,0.52,,,,,,,,,,,,,,,,,,,,,,,,,,,,,,,,,,,,,,,,,,,,,,,,,,,,,,,,,,,,,,,,,,,,,,,,,,,,,,,,,,,,,,,,,,,,,,,,,,,,,,,,,,,,,,,,,,,,,,,,,,,
,Consumer Gross Margin,,,,,,,,,,,,,,,,,,,,,,,,,,,,,,,,,,,,,,,,,,,,,,,,,,,,,,,,,,,,,,,,,,,,,,,,,,,,,,,,,,,,,,,,,,,,,,,,,,,,,,,,,,,,,,,,,,,,,,,,,,,,,2390.0,2412.0,2625.5,2915.5,3182.0,3249.0,3263.0,3432.0,3452.0,3481.0,3282.0,3715.5,4166.5,4548,4887,7246.5,8027,8217.56,7440.900000000001,7739.16,7656.910000000001,7642.4400000000005,7795.2888,7951.194576000001,8110.2184675200015,,,,,,,,,,,,,,,,,,,,,,,,,,,,,,,,,,,,,,,,,,,,,,,,,,,,,,,,,,,,,,,,,,,,,,,,,,,,,,,,,,,,,,,,,,,,,,,,,,,,,,,,,,,,,,,,,,,,,,,,,,,
,Projected GM,,,,,,,,,,,,,,,,,,,,,,,,,,,,,,,,,,,,,,,,,,,,,,,,,,,,,,,,,,,,,,,,,,,,,,,,,,,,,,,,,,,,,,,,,,,,,,,,,,,,,,,,,,,,,,,,,,,,,,,,,,,,,9229.44,9508.82,10630.8,12829.560000000001,14778.04,15526.399999999998,16367.619999999999,19262.739999999998,20603.980000000003,23714.230000000003,26418.15,30446.47,34458.46,36506.979999999996,38456.39,43163.08,44634.630000000005,44301.22,43339.99,46970.509999999995,47750.97,52050.54,55334.00745,55875.721963749995,50744.754202801254,,,,,,,,,,,,,,,,,,,,,,,,,,,,,,,,,,,,,,,,,,,,,,,,,,,,,,,,,,,,,,,,,,,,,,,,,,,,,,,,,,,,,,,,,,,,,,,,,,,,,,,,,,,,,,,,,,,,,,,,,,,
,Actual GM,,,,,,,,,,,,,,,,,,,,,,,,,,,,,,,,,,,,,,,,,,,,,,,,,,,,,,,,,,,,,,,,,,,,,,,,,,,,,,,,,,,,,,,,,,,,,,,,,,,,,,,,,,,,,,,,,,,,,,,,,,,,,9075.0,9347.0,10435.0,12607.0,14602.0,15477.0,16221.0,19029.0,20278.0,23468.0,26464.9,30189.4,34695,35544,38267,43344,45236,43563,42663,48029,46089.0,48970.0,51920.723249999995,52489.613259749996,48613.91021572125,,,,,,,,,,,,,,,,,,,,,,,,,,,,,,,,,,,,,,,,,,,,,,,,,,,,,,,,,,,,,,,,,,,,,,,,,,,,,,,,,,,,,,,,,,,,,,,,,,,,,,,,,,,,,,,,,,,,,,,,,,,
,,,,,,,,,,,,,,,,,,,,,,,,,,,,,,,,,,,,,,,,,,,,,,,,,,,,,,,,,,,,,,,,,,,,,,,,,,,,,,,,,,,,,,,,,,,,,,,,,,,,,,,,,,,,,,,,,,,,,,,,,,,,,,0.01701818181818182,0.017312506686637308,0.018763775754671697,0.017653684461013786,0.01205588275578684,0.003191833042579084,0.0090389001911102,0.012283356981449334,0.016075549856988003,0.010492159536390044,-0.0017664907103370764,0.008515240448634387,-0.0068176970745064125,0.027092617600720015,0.004949172916612232,-0.004174049464747087,-0.01329405783004678,0.01694603218327484,0.01586831680847567,-0.022038560036644617,0.03606001432011974,0.0629066775576883,0.06574030534137454,0.0645100714924971,0.043831980962331984,,,,,,,,,,,,,,,,,,,,,,,,,,,,,,,,,,,,,,,,,,,,,,,,,,,,,,,,,,,,,,,,,,,,,,,,,,,,,,,,,,,,,,,,,,,,,,,,,,,,,,,,,,,,,,,,,,,,,,,,,,,
,,,,,,,,,,,,,,,,,,,,,,,,,,,,,,,,,,,,,,,,,,,,,,,,,,,,,,,,,,,,,,,,,,,,,,,,,,,,,,,,,,,,,,,,,,,,,,,,,,,,,,,,,,,,,,,,,,,,,,,,,,,,,,,,,,,,,,,,,,,,,,,,,,,,,,,,,,,,,,,,,,,,,,,,,,,,,,,,,,,,,,,,,,,,,,,,,,,,,,,,,,,,,,,,,,,,,,,,,,,,,,,,,,,,,,,,,,,,,,,,,,,,,,,,,,,,,,,,,,,,,,,,,,,,,,,,,
,,,,,,,,,,,,,,,,,,,,,,,,,,,,,,,,,,,,,,,,,,,,,,,,,,,,,,,,,,,,,,,,,,,,,,,,,,,,,,,,,,,,,,,,,,,,,,,,,,,,,,,,,,,,,,,,,,,,,,,,,,,,0.2556265984654731,0.4265709339036561,0.10113332143494569,-0.14917377809113974,0.09999428495227947,0.48981677115444544,0.41138041267073544,0.22817796959164505,0.2577556029453185,0.2534736662507864,-0.050775434507048245,0.16366952414667701,0.10976544298581725,-0.08739871957249679,0.06251758568506216,0.15754186945319226,-0.03834590301533247,0.02838198418311566,0.014634786808528588,-0.10975444434174453,0.10686215811204125,0.12326505798646253,,,,,,,,,,,,,,,,,,,,,,,,,,,,,,,,,,,,,,,,,,,,,,,,,,,,,,,,,,,,,,,,,,,,,,,,,,,,,,,,,,,,,,,,,,,,,,,,,,,,,,,,,,,,,,,,,,,,,,,,,,,,,,,,
,Lowest Price,,,,,,,,,,,,,,,,,,,,,,,,,,,,,,,,,,,,,,,,,,,,,,,,,,,,,,,,,,,,,,,,,,,,,,,,,,,,,,,,,,,,,,,,,,,,,,,,,,,,,,,,,,,,,,,,,,,,,,,,,,5.2266,6.5,8.2031,10.7813,8.9063,9.1875,13.4375,20.9375,24.875,32.0,39.0313,34.25,41.625,41.85,48.73,49.5,60.04,56.8,59.77,55.33,46.6,58.3,,,,,,,,,,,,,,,,,,,,,,,,,,,,,,,,,,,,,,,,,,,,,,,,,,,,,,,,,,,,,,,,,,,,,,,,,,,,,,,,,,,,,,,,,,,,,,,,,,,,,,,,,,,,,,,,,,,,,,,,,,,,,,,,,
,Average Price,,,,,,,,,,,,,,,,,,,,,,,,,,,,,,,,,,,,,,,,,,,,,,,,,,,,,,,,,,,,,,,,,,,,,,,,,,,,,,,,,,,,,,,,,,,,,,,,,,,,,,,,,,,,,,,,,,,,,,,,,,6.256,7.8552,11.206,12.3393,10.4986,11.5484,17.205,24.2828,29.8236,37.5108,47.0188,44.6314,51.9362,57.637,52.5996,55.888,64.6927,62.212,63.9777,64.914,57.7894,63.9649,,,,,,,,,,,,,,,,,,,,,,,,,,,,,,,,,,,,,,,,,,,,,,,,,,,,,,,,,,,,,,,,,,,,,,,,,,,,,,,,,,,,,,,,,,,,,,,,,,,,,,,,,,,,,,,,,,,,,,,,,,,,,,,,,
,MC,,,,,,,,,,,,,,,,,,,,,,,,,,,,,,,,,,,,,,,,,,,,,,,,,,,,,,,,,,,,,,,,,,,,,,,,,,,,,,,,,,,,,,,,,,,,,,,,,,,,,,,,,,,,,,,,,,,,,,,,,,16670.988800000003,20772.29088,34395.965344,37875.0371352,32225.3267168,35448.506704,52813.29384,74539.64845440001,91547.9540928,115144.95219840002,144339.8168416,137011.3462388,162032.7380804,171083.618915,156114.1926108,166044.533424,192427.01291060002,184209.73200000002,186317.45738250003,184096.10400000002,161251.207555,178482.85959250003,,,,,,,,,,,,,,,,,,,,,,,,,,,,,,,,,,,,,,,,,,,,,,,,,,,,,,,,,,,,,,,,,,,,,,,,,,,,,,,,,,,,,,,,,,,,,,,,,,,,,,,,,,,,,,,,,,,,,,,,,,,,,,,,,
,Lowest Earnings Multiple,,,,,,,,,,,,,,,,,,,,,,,,,,,,,,,,,,,,,,,,,,,,,,,,,,,,,,,,,,,,,,,,,,,,,,,,,,,,,,,,,,,,,,,,,,,,,,,,,,,,,,,,,,,,,,,,,,,,,,,,,,12.872313937153422,13.783961507618285,17.233943883915124,20.36480752196923,15.298142682932287,14.058615403788634,17.16537453183521,22.26212504329754,23.117618528610354,25.607074035453596,28.75438774696424,21.809186579547813,22.49496332063052,16.409005537998198,16.78145877309013,15.820313952237523,18.30354198216665,15.10687146321746,14.207609394682637,12.163078831098366,7.749747891647049,12.373617365178369,,,,,,,,,,,,,,,,,,,,,,,,,,,,,,,,,,,,,,,,,,,,,,,,,,,,,,,,,,,,,,,,,,,,,,,,,,,,,,,,,,,,,,,,,,,,,,,,,,,,,,,,,,,,,,,,,,,,,,,,,,,,,,,,,
,Average Earnings Multiple,,,,,,,,,,,,,,,,,,,,,,,,,,,,,,,,,,,,,,,,,,,,,,,,,,,,,,,,,,,,,,,,,,,,,,,,,,,,,,,,,,,,,,,,,,,,,,,,,,,,,,,,,,,,,,,,,,,,,,,,,,15.407568207024033,16.65781145148356,23.54275519780972,23.307715160123077,18.033199058086176,17.671239633100697,21.978066516853932,25.819067701558716,27.716607354768396,30.016932272784153,34.63878493918887,28.419694303837378,28.067337273583927,22.598945094231826,18.114057436507935,17.861933457831324,19.721944543466233,16.546279708973323,15.207799423961642,14.269909619409349,9.610585425097595,13.575938205864459,,,,,,,,,,,,,,,,,,,,,,,,,,,,,,,,,,,,,,,,,,,,,,,,,,,,,,,,,,,,,,,,,,,,,,,,,,,,,,,,,,,,,,,,,,,,,,,,,,,,,,,,,,,,,,,,,,,,,,,,,,,,,,,,,
,,,,,,,,,,,,,,,,,,,,,,,,,,,,,,,,,,,,,,,,,,,,,,,,,,,,,,,,,,,,,,,,,,,,,,,,,,,,,,,,,,,,,,,,,,,,,,,,,,,,,,,,,,,,,,,,,,,,,,,,,,,,,,,,,,,,,,,,,,,,,,,,,,,,,,,,,,,,,,,,,,,,,,,,,,,,,,,,,,,,,,,,,,,,,,,,,,,,,,,,,,,,,,,,,,,,,,,,,,,,,,,,,,,,,,,,,,,,,,,,,,,,,,,,,,,,,,,,,,,,,,,,,,,,,,,,,
,S&P ,,,,,,,,,,,,,,,,,,,,,,,,,,,,,,,,,,,,,,,,,,,,,,,,,,,,,,,,,,,,,,,,,,,,,,,,,,,,,,,,,,,,,,,,,,,,,,,,,,,,,,,,,,,,,,,,,,,,,,,,,,,,,,,,,,,,,,,,,,,,,,,,,,,,,,,,,,,,,,,,,,,,,,,,,,,,,,,,,,,,,,,,,,,,,,,,,,,,,,,,,,,,,,,,,,,,,,,,,,,,,,,,,,,,,,,,,,,,,,,,,,,,,,,,,,,,,,,,,,,,,,,,,,,,,,,,
,10-year,,,,,,,,,,,,,,,,,,,,,,,,,,,,,,,,,,,,,,,,,,,,,,,,,,,,,,,,,,,,,,,,,,,,,,,,,,,,,,,,,,,,,,,,,,,,,,,,,,,,,,,,,,,,,,,,,,,,,,,,,,,,,,,,,,,,,,,,,,,,,,,,,,,,,,,,,,,,,,,,,,,,,,,,,,,,,,,,,,,,,,,,,,,,,,,,,,,,,,,,,,,,,,,,,,,,,,,,,,,,,,,,,,,,,,,,,,,,,,,,,,,,,,,,,,,,,,,,,,,,,,,,,,,,,,,,
,Pharma stocks,,,,,,,,,,,,,,,,,,,,,,,,,,,,,,,,,,,,,,,,,,,,,,,,,,,,,,,,,,,,,,,,,,,,,,,,,,,,,,,,,,,,,,,,,,,,,,,,,,,,,,,,,,,,,,,,,,,,,,,,,,,,,,,,,,,,,,,,,,,,,,,,,,,,,,,,,,,,,,,,,,,,,,,,,,,,,,,,,,,,,,,,,,,,,,,,,,,,,,,,,,,,,,,,,,,,,,,,,,,,,,,,,,,,,,,,,,,,,,,,,,,,,,,,,,,,,,,,,,,,,,,,,,,,,,,,
,,,,,,,,,,,,,,,,,,,,,,,,,,,,,,,,,,,,,,,,,,,,,,,,,,,,,,,,,,,,,,,,,,,,,,,,,,,,,,,,,,,,,,,,,,,,,,,,,,,,,,,,,,,,,,,,,,,,,,,,,,,,,,,,,,,,,,,,,,,,,,,,,,,,,,,,,,,,,,,,,,,,,,,,,,,,,,,,,,,,,,,,,,,,,,,,,,,,,,,,,,,,,,,,,,,,,,,,,,,,,,,,,,,,,,,,,,,,,,,,,,,,,,,,,,,,,,,,,,,,,,,,,,,,,,,,,
,US Pharma,,,,,1220,1256.4625850340137,1232.2875816993464,1301.9834710743803,1647,1847,1885.4,1575.4,2070,2283,2134,1957.5,2356,2722,2511,2651,2958,2934,2939,3088,3263,3278,3284.6990821500003,3445.9594690500003,3643,3642.9836656400007,3694,3980,3783,3594.5647360625,3526.695576458625,3573.027514656625,3701,3682,,,,,,,4070,3793,,,3674,3172,,,,,,,,,,,,,,,,,,,,,,,,,,,,,,,,,,,,,,,,,,,,,,,,,,,,,,,,,,,,,,,,,,,,,,,,,,,,,,,,,6106.0,6955.0,8445.0,10240.0,11919.0,13272,14960,14477,,,,,,,,,,,,,,,,,,,,,,,,,,,,,,,,,,,,,,,,,,,,,,,,,,,,,,,,,,,,,,,,,,,,,,,,,,,,,,,,,,,,,,,,,,,,,,,,,,,,,,,,,,,,,,,,,,,,,,,,,,,,,,,,,,,,,,
,ExUS Pharma,,,,,929.2035398230089,991.0714285714284,955.4545454545454,1013.3333333333333,1050,1110,1051,1064,1093,1100,1034,989.5,1133,1142,1166,1169,1223,1324,1338,1347,1403,1606,1548.85,1686.4,1733,1784,1791,1860,1972,2033,1930,1909,1925,2128,,,,,,,2359,2547,,,2106,2326,,,,,,,,,,,,,,,,,,,,,,,,,,,,,,,,,,,,,,,,,,,,,,,,,,,,,,,,,,,,,,,,,,,,,,,,,,,,,,,,,3886.0,4275.0,4217.0,4611.0,5232.0,6244,7168,7844,,,,,,,,,,,,,,,,,,,,,,,,,,,,,,,,,,,,,,,,,,,,,,,,,,,,,,,,,,,,,,,,,,,,,,,,,,,,,,,,,,,,,,,,,,,,,,,,,,,,,,,,,,,,,,,,,,,,,,,,,,,,,,,,,,,,,,
,Total Pharma,,,,,2149.203539823009,2247.534013605442,2187.742127153892,2315.316804407714,2697,2957,2936.4,2639.4,3163,3383,3168,2947,3489,3864.4,3677.4,3820,4181,4258,4277,4435,4666,4884,4835,5134,5376,5296,4940,5242,5178,4986,4833,4790,5626,5810,,,,,,,6363,6340,,,5780,5498,,,,,,,,,,,,,,,,,,,,,,,,,,,,,,,,,,,,,,,,,,,,,,,,,,,,,,,,,,,,,,,,,,,,,,,,,,,,,,,,,9992.0,11230.0,12662.0,14851.0,17151.0,19516,22128,22321,,,,,,,,,,,,,,,,,,,,,,,,,,,,,,,,,,,,,,,,,,,,,,,,,,,,,,,,,,,,,,,,,,,,,,,,,,,,,,,,,,,,,,,,,,,,,,,,,,,,,,,,,,,,,,,,,,,,,,,,,,,,,,,,,,,,,,
,US MD&D,,,,,,,,,1289,1315,1331,1361,1311,1360,1390,1445,1463.2,1530,1569,1574,1663,1758,1740,1770,1747.6,1903,2145.4,2237,2194,2037.9,2073,2280,2361,2378,2365,2390,2520,2590,,,,,,,2588,2723,,,2652,2776,,,,,,,,,,,,,,,,,,,,,,,,,,,,,,,,,,,,,,,,,,,,,,,,,,,,,,,,,,,,,,,,,,,,,,,,,,,,,,,,,,5296.0,5506.0,6136.0,6931.0,8033,8585,9494,,,,,,,,,,,,,,,,,,,,,,,,,,,,,,,,,,,,,,,,,,,,,,,,,,,,,,,,,,,,,,,,,,,,,,,,,,,,,,,,,,,,,,,,,,,,,,,,,,,,,,,,,,,,,,,,,,,,,,,,,,,,,,,,,,,,,,
,ExUS MD&D,,,,,,,,,1145,1140,1114,1220,1214,1220,1158,1183,1272,1255,1202,1281,1295,1408,1401,1548,1615.6,1726,1634,1904,1942,2019.4,1971,2370,2436,2478,2257,2431,2491,2565,,,,,,,3113,3351,,,2883,3111,,,,,,,,,,,,,,,,,,,,,,,,,,,,,,,,,,,,,,,,,,,,,,,,,,,,,,,,,,,,,,,,,,,,,,,,,,,,,,,,,,4619.0,4775.0,5010.0,5652.0,6880,8302,9602,,,,,,,,,,,,,,,,,,,,,,,,,,,,,,,,,,,,,,,,,,,,,,,,,,,,,,,,,,,,,,,,,,,,,,,,,,,,,,,,,,,,,,,,,,,,,,,,,,,,,,,,,,,,,,,,,,,,,,,,,,,,,,,,,,,,,,
,Total MD&D,,,,,,,,,2434,2455,2445,2581,2525,2580,2548,2628,2735.2,2785,2771,2855,2958,3166,3141,3318,3364,3629,3779,4141,4136,4057,4044,4650,4797,4856,4622,4821,5011,5155,,,,,,,5701,6074,,,5535,5887,,,,,,,,,,,,,,,,,,,,,,,,,,,,,,,,,,,,,,,,,,,,,,,,,,,,,,,,,,,,,,,,,,,,,,,,,,,,,,,,,,9915.0,10281.0,11146.0,12583.0,14913,16887,19096,,,,,,,,,,,,,,,,,,,,,,,,,,,,,,,,,,,,,,,,,,,,,,,,,,,,,,,,,,,,,,,,,,,,,,,,,,,,,,,,,,,,,,,,,,,,,,,,,,,,,,,,,,,,,,,,,,,,,,,,,,,,,,,,,,,,,,
,US Consumer,,,,,,,,,927,873,921,948,943,902,939,976,896,808,896,848.5,900,907,910,888,1000,931,984.3,1053,1081,987,1023,1134,1114,1092,1075,1124,1150,1103,,,,,,,1819,1694,,,1726,1708,,,,,,,,,,,,,,,,,,,,,,,,,,,,,,,,,,,,,,,,,,,,,,,,,,,,,,,,,,,,,,,,,,,,,,,,,,,,,,,,,,3669.0,3760.0,3449.0,3605.0,3968,4225,4405,,,,,,,,,,,,,,,,,,,,,,,,,,,,,,,,,,,,,,,,,,,,,,,,,,,,,,,,,,,,,,,,,,,,,,,,,,,,,,,,,,,,,,,,,,,,,,,,,,,,,,,,,,,,,,,,,,,,,,,,,,,,,,,,,,,,,,
,ExUS Consumer,,,,,,,,,801,814,783,796,809,805,783,747,735,722,713,701.5,704,742,751,762,791,888,856.7,926,966,1013,1001,1128,1166,1186,1156,1183,1205,1295,,,,,,,2245,2342,,,1982,2146,,,,,,,,,,,,,,,,,,,,,,,,,,,,,,,,,,,,,,,,,,,,,,,,,,,,,,,,,,,,,,,,,,,,,,,,,,,,,,,,,,3194.0,3144.0,2872.0,2959.0,3462,4108,4691,,,,,,,,,,,,,,,,,,,,,,,,,,,,,,,,,,,,,,,,,,,,,,,,,,,,,,,,,,,,,,,,,,,,,,,,,,,,,,,,,,,,,,,,,,,,,,,,,,,,,,,,,,,,,,,,,,,,,,,,,,,,,,,,,,,,,,
,Total Consumer,,,,,,,,,1728,1687,1704,1744,1752,1707,1722,1723,1631,1530,1609,1550,1604,1649,1661,1650,1791,1819,1841,1979,2047,2000,2024,2262,2280,2278,2231,2307,2355,2398,2456,2565,3496,3564,3623,3810,4064,4036,4099,3855,3711,3854,3989,4249,,,,,,,,,,,,,,,,,,,,,,,,,,,,,,,,,,,,,,,,,,,,,,,,,,,,,,,,,,,,,,,,,,,,,,,,,,,,,,,,6863.0,6904.0,6321.0,6564.0,7430,8333,9096,,,,,,,,,,,,,,,,,,,,,,,,,,,,,,,,,,,,,,,,,,,,,,,,,,,,,,,,,,,,,,,,,,,,,,,,,,,,,,,,,,,,,,,,,,,,,,,,,,,,,,,,,,,,,,,,,,,,,,,,,,,,,,,,,,,,,,
,,,,,,,,,,,,,,,,,,,,,,,,,,,,,,,,,,,,,,,,,,,,,,,,,,,,,,,,,,,,,,,,,,,,,,,,,,,,,,,,,,,,,,,,,,,,,,,,,,,,,,,,,,,,,,,,,,,,,,,,,,,,,,,,,,,,,,,,,,,,,,,,,,,,,,,,,,,,,,,,,,,,,,,,,,,,,,,,,,,,,,,,,,,,,,,,,,,,,,,,,,,,,,,,,,,,,,,,,,,,,,,,,,,,,,,,,,,,,,,,,,,,,,,,,,,,,,,,,,,,,,,,,,,,,,,,,
,,,,,,,,,,,,,,,,,,,,,,,,,,,,,,,,,,,,,,,,,,,,,,,,,,,,,,,,,,,,,,,,,,,,,,,,,,,,,,,,,,,,,,,,,,,,,,,,,,,,,,,,,,,,,,,,,,,,,,,,,,,,,,,,,,,,,,,,,,,,,,,,,,,,,,,,,,,,,,,,,,,,,,,,,,,,,,,,,,,,,,,,,,,,,,,,,,,,,,,,,,,,,,,,,,,,,,,,,,,,,,,,,,,,,,,,,,,,,,,,,,,,,,,,,,,,,,,,,,,,,,,,,,,,,,,,,
,Euro/USD,,,,,,,,,,,,,,,,,,,,,,,,,,,,,,,,,,,,,,,,,1.3111,1.3483,1.3746,1.4484,1.4986,1.5634,1.5051,1.3215,1.3077,1.3625,1.4298,1.4764,1.3844,1.322,,,,,,,,,,,,,,,,,,,,,,,,,,,,,,,,,,,,,,,,,,,,,,,,,,,,,,,,,,,,,,,,,,,,,,,,,,,,,,,,,,,,,,,,,,,,,,,,,,,,,,,,,,,,,,,,,,,,,,,,,,,,,,,,,,,,,,,,,,,,,,,,,,,,,,,,,,,,,,,,,,,,,,,,,,,,,,,,,,,,,,,,,,,,,,,,,,,,,,,,,,,,,,,,,,,,,,,,,,
,Euro Y/Y,,,,,,,,,,,,,,,,,,,,,,,,,,,,,,,,,,,,,,,,,,,,,0.14300968652276724,0.159534228287473,0.09493670886075956,-0.08761391880695946,-0.12738555985586542,-0.12850198285787373,-0.05002989834562499,0.11721528566023465,0.058652596161199,-0.029724770642201803,,,,,,,,,,,,,,,,,,,,,,,,,,,,,,,,,,,,,,,,,,,,,,,,,,,,,,,,,,,,,,,,,,,,,,,,,,,,,,,,,,,,,,,,,,,,,,,,,,,,,,,,,,,,,,,,,,,,,,,,,,,,,,,,,,,,,,,,,,,,,,,,,,,,,,,,,,,,,,,,,,,,,,,,,,,,,,,,,,,,,,,,,,,,,,,,,,,,,,,,,,,,,,,,,,,,,,,,,,
,Currency Impact,,,,,,,,,,,,,,,,,,,,,,,,,,,,,,,,,,,,,,,,,,,,,0.051,0.056,0.031,-0.039,-0.06,-0.06,-0.025,0.045,0.041,,,,,,,,,,,,,,,,,,,,,,,,,,,,,,,,,,,,,,,,,,,,,,,,,,,,,,,,,,,,,,,,,,,,,,,,,,,,,,,,,,,,,,,,,,,,,,,,,,,,,,,,,,,,,,,,,,,,,,,,,,,,,,,,,,,,,,,,,,,,,,,,,,,,,,,,,,,,,,,,,,,,,,,,,,,,,,,,,,,,,,,,,,,,,,,,,,,,,,,,,,,,,,,,,,,,,,,,,,,
,,,,,,,,,,,,,,,,,,,,,,,,,,,,,,,,,,,,,,,,,,,,,,,,,,,,,,,,,,,,,,,,,,,,,,,,,,,,,,,,,,,,,,,,,,,,,,,,,,,,,,,,,,,,,,,,,,,,,,,,,,,,,,,,,,,,,,,,,,,,,,,,,,,,,,,,,,,,,,,,,,,,,,,,,,,,,,,,,,,,,,,,,,,,,,,,,,,,,,,,,,,,,,,,,,,,,,,,,,,,,,,,,,,,,,,,,,,,,,,,,,,,,,,,,,,,,,,,,,,,,,,,,,,,,,,,,
,Sales,,,,,,,,,,,,,,,,,,,,,,,,,,,,,,,,,,,,,,,,,15087,15142,15007,15957,16194,16450,15921,15182,15026,15239,15081,16551,15631,15389,,,,,,,,,,,,,,,,,,,,,,,,,,,,,,,,,,,,,,,,,,,,,,,,,,,,,,,,,,,,,,,,,,,,,,,,,,,,,,,,,,,,,,,,,,,,,,,,,,,,,,,,,,,,,,,,,,,,,,,,,,,,,,,,,,,,,,,,,,,,,,,,,,,,,,,,,,,,,,,,,,,,,,,,,,,,,,,,,,,,,,,,,,,,,,,,,,,,,,,,,,,,,,,,,,,,,,,,,,
,Reported Y/Y,,,,,,,,,,,,,,,,,,,,,,,,,,,,,,,,,,,,,,,,,,,,,0.07337442831576846,0.08638224805177641,0.060904911041513854,-0.04856802657141068,-0.07212547857231077,-0.07361702127659575,-0.0527605049934049,0.09017257278355939,0.04026354319180081,0.009843165562044787,,,,,,,,,,,,,,,,,,,,,,,,,,,,,,,,,,,,,,,,,,,,,,,,,,,,,,,,,,,,,,,,,,,,,,,,,,,,,,,,,,,,,,,,,,,,,,,,,,,,,,,,,,,,,,,,,,,,,,,,,,,,,,,,,,,,,,,,,,,,,,,,,,,,,,,,,,,,,,,,,,,,,,,,,,,,,,,,,,,,,,,,,,,,,,,,,,,,,,,,,,,,,,,,,,,,,,,,,,
,Organic Y/Y,,,,,,,,,,,,,,,,,,,,,,,,,,,,,,,,,,,,,,,,,0,0.108,0.097,0.119,0.026,0.03038224805177641,0.029904911041513854,-0.01,-0.012,-0.013617021276595753,-0.0277605049934049,0.04517257278355939,-0.001,,,,,,,,,,,,,,,,,,,,,,,,,,,,,,,,,,,,,,,,,,,,,,,,,,,,,,,,,,,,,,,,,,,,,,,,,,,,,,,,,,,,,,,,,,,,,,,,,,,,,,,,,,,,,,,,,,,,,,,,,,,,,,,,,,,,,,,,,,,,,,,,,,,,,,,,,,,,,,,,,,,,,,,,,,,,,,,,,,,,,,,,,,,,,,,,,,,,,,,,,,,,,,,,,,,,,,,,,,,
