Main,Unnamed: 1,Unnamed: 2,Unnamed: 3,Unnamed: 4,Unnamed: 5,Unnamed: 6,Unnamed: 7,Unnamed: 8,Unnamed: 9,Unnamed: 10,Unnamed: 11,Unnamed: 12,Unnamed: 13,Unnamed: 14,Unnamed: 15,Unnamed: 16,Unnamed: 17,Unnamed: 18,Unnamed: 19,Unnamed: 20,Unnamed: 21,Unnamed: 22,Unnamed: 23,Unnamed: 24,Unnamed: 25,Unnamed: 26,Unnamed: 27,Unnamed: 28,Unnamed: 29,Unnamed: 30,Unnamed: 31,Unnamed: 32,Unnamed: 33,Unnamed: 34,Unnamed: 35,Unnamed: 36,Unnamed: 37,Unnamed: 38,Unnamed: 39,Unnamed: 40,Unnamed: 41,Unnamed: 42,Unnamed: 43,Unnamed: 44,Unnamed: 45,Unnamed: 46,Unnamed: 47,Unnamed: 48,Unnamed: 49,Unnamed: 50,Unnamed: 51,Unnamed: 52,Unnamed: 53,Unnamed: 54,Unnamed: 55,Unnamed: 56,Unnamed: 57,Unnamed: 58,Unnamed: 59,Unnamed: 60,Unnamed: 61,Unnamed: 62,Unnamed: 63,Unnamed: 64,Unnamed: 65,Unnamed: 66,Unnamed: 67,Unnamed: 68,Unnamed: 69,Unnamed: 70,Unnamed: 71,Unnamed: 72,Unnamed: 73,Unnamed: 74,Unnamed: 75,Unnamed: 76,Unnamed: 77,Unnamed: 78,Unnamed: 79,Unnamed: 80,Unnamed: 81,Unnamed: 82,Unnamed: 83,Unnamed: 84,Unnamed: 85,Unnamed: 86,Unnamed: 87,Unnamed: 88,Unnamed: 89,Unnamed: 90,Unnamed: 91,Unnamed: 92,Unnamed: 93,Unnamed: 94,Unnamed: 95,Unnamed: 96,Unnamed: 97,Unnamed: 98,Unnamed: 99,Unnamed: 100,Unnamed: 101,Unnamed: 102,Unnamed: 103,Unnamed: 104,Unnamed: 105,Unnamed: 106,Unnamed: 107,Unnamed: 108,Unnamed: 109,Unnamed: 110,Unnamed: 111,Unnamed: 112,Unnamed: 113,Unnamed: 114,Unnamed: 115,Unnamed: 116,Unnamed: 117,Unnamed: 118,Unnamed: 119,Unnamed: 120,Unnamed: 121,Unnamed: 122,Unnamed: 123,Unnamed: 124,Unnamed: 125,Unnamed: 126,Unnamed: 127,Unnamed: 128,Unnamed: 129,Unnamed: 130,Unnamed: 131,Unnamed: 132,Unnamed: 133,Unnamed: 134,Unnamed: 135,Unnamed: 136,Unnamed: 137,Unnamed: 138,Unnamed: 139,Unnamed: 140,Unnamed: 141,Unnamed: 142,Unnamed: 143,Unnamed: 144,Unnamed: 145,Unnamed: 146,Unnamed: 147,Unnamed: 148,Unnamed: 149,Unnamed: 150,Unnamed: 151,Unnamed: 152,Unnamed: 153,Unnamed: 154,Unnamed: 155,Unnamed: 156,Unnamed: 157,Unnamed: 158,Unnamed: 159,Unnamed: 160,Unnamed: 161,Unnamed: 162,Unnamed: 163,Unnamed: 164,Unnamed: 165,Unnamed: 166,Unnamed: 167,Unnamed: 168,Unnamed: 169,Unnamed: 170,Unnamed: 171,Unnamed: 172,Unnamed: 173,Unnamed: 174,Unnamed: 175,Unnamed: 176,Unnamed: 177,Unnamed: 178,Unnamed: 179,Unnamed: 180,Unnamed: 181,Unnamed: 182,Unnamed: 183,Unnamed: 184,Unnamed: 185,Unnamed: 186,Unnamed: 187,Unnamed: 188,Unnamed: 189,Unnamed: 190,Unnamed: 191,Unnamed: 192,Unnamed: 193,Unnamed: 194,Unnamed: 195,Unnamed: 196,Unnamed: 197,Unnamed: 198,Unnamed: 199,Unnamed: 200,Unnamed: 201,Unnamed: 202,Unnamed: 203,Unnamed: 204,Unnamed: 205,Unnamed: 206,Unnamed: 207,Unnamed: 208,Unnamed: 209,Unnamed: 210,Unnamed: 211,Unnamed: 212,Unnamed: 213,Unnamed: 214,Unnamed: 215,Unnamed: 216,Unnamed: 217,Unnamed: 218,Unnamed: 219,Unnamed: 220,Unnamed: 221,Unnamed: 222,Unnamed: 223,Unnamed: 224,Unnamed: 225,Unnamed: 226,Unnamed: 227,Unnamed: 228,Unnamed: 229,Unnamed: 230,Unnamed: 231,Unnamed: 232,Unnamed: 233,Unnamed: 234,Unnamed: 235,Unnamed: 236,Unnamed: 237,Unnamed: 238,Unnamed: 239,Unnamed: 240,Unnamed: 241,Unnamed: 242,Unnamed: 243,Unnamed: 244,Unnamed: 245,Unnamed: 246,Unnamed: 247,Unnamed: 248,Unnamed: 249,Unnamed: 250,Unnamed: 251,Unnamed: 252,Unnamed: 253,Unnamed: 254
,,Q195,Q295,Q395,Q495,Q196,Q296,Q396,Q496,Q197,Q297,Q397,Q497,Q198,Q298,Q398,Q498,Q199,Q299,Q399,Q499,Q100,Q200,Q300,Q400,Q101,Q201,Q301,Q401,Q102,Q202,Q302,Q402,Q103,Q203,Q303,Q403,Q104,Q204,Q304,Q404,Q105,Q205,Q305,Q405,Q106,Q206,Q306,Q406,Q107,Q207,Q307,Q407,Q108,Q208,Q308,Q408,Q109,Q209,Q309,Q409,Q110,Q210,Q310,Q410,Q111,Q211,Q311,Q411,Q112,Q212,Q312,Q412,Q113,Q213,Q313,Q413,Q114,Q214,Q314,Q414,Q115,Q215,Q315,Q415,Q116,Q216,Q316,Q416,Q117,Q217,Q317,Q417,Q118,Q218,Q318,Q418,Q119,Q219,Q319,Q419,Q120,Q220,Q320,Q420,Q121,Q221,Q321,Q421,Q122,Q222,Q322,Q422,Q123,Q223,Q323,Q423,Q124,Q224,Q324,Q424,Q125,Q225,Q325,Q425,Q126,Q226,Q326,Q426,,1985.0,1986.0,1987.0,1988.0,1989.0,1990.0,1991.0,1992.0,1993.0,1994.0,1995.0,1996.0,1997.0,1998.0,1999.0,2000.0,2001.0,2002.0,2003.0,2004.0,2005.0,2006.0,2007.0,2008.0,2009.0,2010.0,2011.0,2012.0,2013.0,2014.0,2015.0,2016.0,2017.0,2018.0,2019.0,2020.0,2021.0,2022.0,2023.0,2024.0,2025.0,2026.0,2027.0,2028.0,2029.0,2030.0,2031.0,2032.0,2033.0,2034.0,2035.0,,,,,,,,,,,,,,,,,,,,,,,,,,,,,,,,,,,,,,,,,,,,,,,,,,,,,,,,,,,,,,,,,,,,,,,,,
,GLP-1,,,,,,,,,,,,,,,,,,,,,,,,,,,,,,,,,,,,,,,,,,,,,,,,,,,,,,,,,,,,,,,,,,,,,,,,,,,,,,,,10.2,18.3,44.3,73.7,112.5,143.6,201.3,243.6,337,372.9,480.2,527.7,649,678.3,779.8,816.2,924.7,879.7,1028.5,1011.5,1208.1,1229.4,1229.8,1106.6,1502.4,1452.4,1535.6,1600.1,1883.7,1741.3,1927.9,2037.7,2215.4,2545.6,2792.2,3082.8999999999996,4050.7,3780.2000000000003,5579.599999999999,5671.900000000001,6687.5,7248.9,9672.5,11155,11855,12555,13255,13955,14655,,,,,,,,,,,,,,,,,,,,,,,,,,,,,,,10.2,248.8,925.5,2029.8,3199.1,4127.799999999999,5068.2,6471.8,7922.3,12471.4,21719.199999999997,39931.4,53889.36,74733.42399999998,93707.21279999998,106684.19647999998,120087.626048,121637.4014432,124259.25230528001,127915.43654691201,132580.5808036928,131440.97341961955,,,,,,,,,,,,,,,,,,,,,,,,,,,,,,,,,,,,,,,,,,,,,,,,,,,,,,,,,,,,,,,,,,,,,,,,,
,,,,,,,,,,,,,,,,,,,,,,,,,,,,,,,,,,,,,,,,,,,,,,,,,,,,,,,,,,,,,,,,,,,,,,,,,,,,,,,,,,,,,,,,,,,,,,,,,,,,,,,,,,,,,,,,,,,,,,,,,,,,,,,,,,,,,,,,,,,,,,,,,,,,,,,,,,,,,,,,,,,,,,,,,,,,,,,,,,,,,,,,,,,,,,,,,,,,,,,,,,,,,,,,,,,,,,,,,,,,,,,,,,,,,,,,,,,,,,,,,,,,,,,,,,,,,,
,Trulicity,,,,,,,,,,,,,,,,,,,,,,,,,,,,,,,,,,,,,,,,,,,,,,,,,,,,,,,,,,,,,,,,,,,,,,,,,,,,,,,,10.2,18.3,44.3,73.7,112.5,143.6,201.3,243.6,337,372.9,480.2,527.7,649,678.3,779.8,816.2,924.7,879.7,1028.5,1011.5,1208.1,1229.4,1229.8,1106.6,1502.4,1452.4,1535.6,1600.1,1883.7,1741.3,1911.9,1850.4,1936.2,1977.1,1812.5,1673.6,1669.3,1456.3,1245.6,1301.4,1250.2,1095.2,1092.2,1051.8,951.8,851.8,751.8,651.8,551.8,,,,,,,,,,,,,,,,,,,,,,,,,,,,,,,10.2,248.8,925.5,2029.8,3199.1,4127.799999999999,5068.2,6471.8,7439.8,7132.5,5253.5,4191.0,3352.8,2682.2400000000002,2145.7920000000004,1716.6336000000003,1373.3068800000003,1098.6455040000003,878.9164032000003,703.1331225600003,562.5064980480003,450.0051984384002,,,,,,,,,,,,,,,,,,,,,,,,,,,,,,,,,,,,,,,,,,,,,,,,,,,,,,,,,,,,,,,,,,,,,,,,,
,Mounjaro,,,,,,,,,,,,,,,,,,,,,,,,,,,,,,,,,,,,,,,,,,,,,,,,,,,,,,,,,,,,,,,,,,,,,,,,,,,,,,,,,,,,,,,,,,,,,,,,,,,,,,,,,,,,,,16,187.3,279.2,568.5,979.7,1409.3,2205.6,1806.5,3090.8,3112.7,3530.1,3841.8,5198.9,6515.1,7015.1,7515.1,8015.1,8515.1,9015.1,,,,,,,,,,,,,,,,,,,,,,,,,,,,,,,,,,,,,,,482.5,5163.1,11540.1,22570.9,31599.26,44238.96399999999,53086.75679999999,58395.43247999999,64234.97572799999,57811.47815519999,52030.33033968,46827.297305711996,42144.5675751408,37930.11081762672,,,,,,,,,,,,,,,,,,,,,,,,,,,,,,,,,,,,,,,,,,,,,,,,,,,,,,,,,,,,,,,,,,,,,,,,,
,Zepbound,,,,,,,,,,,,,,,,,,,,,,,,,,,,,,,,,,,,,,,,,,,,,,,,,,,,,,,,,,,,,,,,,,,,,,,,,,,,,,,,,,,,,,,,,,,,,,,,,,,,,,,,,,,,,,,,,,,,175.8,517.4,1243.2,1257.8,1907.2,2311.9,3381.4,3588.1,3888.1,4188.1,4488.1,4788.1,5088.1,,,,,,,,,,,,,,,,,,,,,,,,,,,,,,,,,,,,,,,,175.8,4925.599999999999,13169.5,18437.3,25812.219999999998,30974.663999999997,34072.1304,37479.343440000004,41227.277784000005,45350.00556240001,49885.00611864001,54873.50673050402,60360.85740355443,,,,,,,,,,,,,,,,,,,,,,,,,,,,,,,,,,,,,,,,,,,,,,,,,,,,,,,,,,,,,,,,,,,,,,,,,
,orforglipron,,,,,,,,,,,,,,,,,,,,,,,,,,,,,,,,,,,,,,,,,,,,,,,,,,,,,,,,,,,,,,,,,,,,,,,,,,,,,,,,,,,,,,,,,,,,,,,,,,,,,,,,,,,,,,,,,,,,,,,,,,,,,,,,,,,,,,,,,,,,,,,,,,,,,,,,,,,,,,,,,,,,,,,,,,,500.0,1500.0,3500.0,4500.0,5000.0,5500.0,6000.0,6500.0,7000.0,700.0,,,,,,,,,,,,,,,,,,,,,,,,,,,,,,,,,,,,,,,,,,,,,,,,,,,,,,,,,,,,,,,,,,,,,,,,,
,retatrutide,,,,,,,,,,,,,,,,,,,,,,,,,,,,,,,,,,,,,,,,,,,,,,,,,,,,,,,,,,,,,,,,,,,,,,,,,,,,,,,,,,,,,,,,,,,,,,,,,,,,,,,,,,,,,,,,,,,,,,,,,,,,,,,,,,,,,,,,,,,,,,,,,,,,,,,,,,,,,,,,,,,,,,,,,,,,500.0,4000.0,8000.0,12000.0,16000.0,20000.0,24000.0,28000.0,32000.0,,,,,,,,,,,,,,,,,,,,,,,,,,,,,,,,,,,,,,,,,,,,,,,,,,,,,,,,,,,,,,,,,,,,,,,,,
,COVID-19 mabs,,,,,,,,,,,,,,,,,,,,,,,,,,,,,,,,,,,,,,,,,,,,,,,,,,,,,,,,,,,,,,,,,,,,,,,,,,,,,,,,,,,,,,,,,,,,,,,,,,,,,,,,871.2,810.1,148.9,217.1,1063.1,1469.8,129.1,386.6,38,0,0,0,0,0,0,,,,,,,,,,,,,,,,,,,,,,,,,,,,,,,,,,,,,,,,,,,,,,,871.2,2239.2,2023.5,,,,,,,,,,,,,,,,,,,,,,,,,,,,,,,,,,,,,,,,,,,,,,,,,,,,,,,,,,,,,,,,,,,,,,,,,,,,,,,,,,,,,,
,Taltz,,,,,,,,,,,,,,,,,,,,,,,,,,,,,,,,,,,,,,,,,,,,,,,,,,,,,,,,,,,,,,,,,,,,,,,,,,,,,,,,,,,,,,19.3,32.5,61.3,96.6,138.7,151.3,172.5,146.5,220.1,263.9,307,252.5,353.8,340,420.1,443.5,395.2,454.5,495.3,403.2,569.1,593.1,647.4,488.1,606.2,679.9,707.8,527,703.9,744.2,784.6,604.1,824.7,879.6,952,761.9,847.6,901.5,1142.3999999999999,914.28,1017.12,1081.8,1370.8799999999999,,,,,,,,,,,,,,,,,,,,,,,,,,,,,,,,,113.1,559.1,937.5,1366.4,1788.5,2212.8,2482.0,2759.7000000000003,3260.4,3653.3999999999996,4384.079999999999,4822.487999999999,5304.7368,5835.21048,6126.971004,6433.3195542,6754.985531910001,7092.734808505501,7447.371548930776,7819.740126377315,,,,,,,,,,,,,,,,,,,,,,,,,,,,,,,,,,,,,,,,,,,,,,,,,,,,,,,,,,,,,,,,,,,,,,,,,
,Verzenio,,,,,,,,,,,,,,,,,,,,,,,,,,,,,,,,,,,,,,,,,,,,,,,,,,,,,,,,,,,,,,,,,,,,,,,,,,,,,,,,,,,,,,,,,,,,21,29.7,57.7,84.5,83.1,109.4,133.9,157.2,179.1,188,208.6,234.4,281.6,269,341.3,335.5,404.1,469.4,588.5,617.7,808,750.9,926.8,1040.2,1145.4,1050.3,1331.9,1369.3,1555.2,1158.9,1489.3,1470.2,1710.7200000000003,1274.7900000000002,1638.23,1617.2200000000003,1881.7920000000004,,,,,,,,,,,,,,,,,,,,,,,,,,,,,,,,,,21.0,255.0,579.6,912.6,1349.9,2483.6000000000004,3863.2999999999997,5306.7,5829.12,5887.4112,5946.285312,6005.74816512,6065.8056467711995,606.5805646771199,60.658056467711994,6.065805646771199,0.60658056467712,0.060658056467711996,0.0060658056467712,,,,,,,,,,,,,,,,,,,,,,,,,,,,,,,,,,,,,,,,,,,,,,,,,,,,,,,,,,,,,,,,,,,,,,,,,
,imlunestrant,,,,,,,,,,,,,,,,,,,,,,,,,,,,,,,,,,,,,,,,,,,,,,,,,,,,,,,,,,,,,,,,,,,,,,,,,,,,,,,,,,,,,,,,,,,,,,,,,,,,,,,,,,,,,,,,,,,,,,,,,,,,,,,,,,,,,,,,,,,,,,,,,,,,,,,,,,,,,,,,,,,,,,,,,,,200.0,300.0,400.0,500.0,600.0,700.0,800.0,900.0,1000.0,100.0,,,,,,,,,,,,,,,,,,,,,,,,,,,,,,,,,,,,,,,,,,,,,,,,,,,,,,,,,,,,,,,,,,,,,,,,,
,Jardiance,,,,,,,,,,,,,,,,,,,,,,,,,,,,,,,,,,,,,,,,,,,,,,,,,,,,,,,,,,,,,,,,,,,,,,,,,,,,,,,,,19.3,11.1,15.4,14.6,38.2,40.1,47.5,76.1,74,103.2,127.2,143.2,151,147.2,166.9,193.2,203.6,231.9,240.7,268,267.5,262,310.8,313.6,312,356.5,390.4,431.9,419.4,461,573.3,612.3,577.5,668.3,700.8,798.1,686.5,769.6,686.4,1198.4,1014.4,690,959,949,939,929,919,909,,,,,,,,,,,,,,,,,,,,,,,,,,,,,,,,60.4,201.9,447.59999999999997,658.3,944.2,1153.9,1490.8000000000002,2066.0,2744.7,3340.9,3612.4,4334.88,4768.368,5245.2048,5769.725280000001,576.9725280000001,57.697252800000015,5.769725280000002,0.5769725280000002,0.05769725280000002,0.005769725280000002,,,,,,,,,,,,,,,,,,,,,,,,,,,,,,,,,,,,,,,,,,,,,,,,,,,,,,,,,,,,,,,,,,,,,,,,,
,Humalog,,,,,,,1,2,3,5,10,15,25,30,32,42.599999999999994,42.5,50.4,58.7,72.9,72.1,76.7,90.6,110.80000000000004,125.2,145.6,164.3,192.7,177.4,204.8,214.1,237.9,248.8,254.1,240.2,276.8999999999999,267.2,285.3,264.6,284.6,286.2,296.2,306.66666666666663,309.1,305,321,322,352.2,339.5,358.4,362.5,414.2,407.4,437.9,432.6,457.9,450.6,477.5,500.2,530.8,506.4,504.6,494,549.1,525.4,586.9,593.2,662,590.3,613.4,575.8,616,632.7,628.6,616,733.9,650,700.1,706.1,729.1,684,654.3,705,798.7,606.3,701.9,640.8,819.8,708.4,678.4,696.2,782.2,791.7,769.8,664.6,770.4,730.8,677.6,648.9,763.4,695.8,555.1,656.9,718.1,617.0999999999999,607.6,626.7,601.7,618.2,447.1,447,548.3,460.9,440.4,395.4,366.6,538.7,631.6,534.6,529.6,537.2,503.1,599.1,594.1,589.1,584.1,579.1,574.1,,,,,,,,,,,,,,,129.6,224.5,350.2,627.8,834.2,1021.0,1101.0,1198.0,1300.2,1474.6000000000001,1735.8000000000002,1959.1,2054.1,2367.5,2395.5,2611.2,2785.2999999999997,2842.0,2768.7999999999997,2865.2,2996.5,2820.7000000000003,2625.9,2453.1,2060.6000000000004,1663.2999999999997,2234.5,2233.5,2121.825,2015.7337499999996,1914.9470624999997,1819.1997093749997,1728.2397239062495,1641.827737710937,1559.7363508253902,1481.7495332841206,1407.6620566199144,1337.2789537889187,,,,,,,,,,,,,,,,,,,,,,,,,,,,,,,,,,,,,,,,,,,,,,,,,,,,,,,,,,,,,,,,,,,,,,,,,
,Alimta,,,,,,,,,,,,,,,,,,,,,,,,,,,,,,,,,,,,,11.6,17.8,40,73.1,93.9,111.2,122.3,135.8,130,153,157,171.4,187.8,207.1,215,244.1,247.2,275,313.9,318.7,335.3,385.3,461.9,523.6,527.4,551.8,560.3,569,579.9,613.4,629.7,638.1,606.8,659.5,643.6,684.3,616.8,669.4,690.5,726.2,632,711.6,723.4,725,573,664.3,628.5,627.2,564.2,607.1,570.4,541.6,489.9,532.9,514.5,525.2,499.6,555.9,520.5,556.9,499.2,577.8,508.2,530.7,560.1,539.1,578,652.7,559,610.6,457,434.9,343.9,227.7,119.4,236.6,58.2,60.9,53.5,44.9,69.5,33.9,48,47,28.2,28.9,25.7,24.7,23.7,22.7,21.7,20.7,,,,,,,,,,,,,,,,,,,,,143.0,463.0,619.0,854.0,1154.8,1706.1,2208.5,2461.1,2594.2,2703.0,2792.0,2493.0,2283.3,2062.5,2132.9,2115.9,2329.9,2061.5,927.5999999999999,217.5,198.4,107.5,53.75,26.875,13.4375,6.71875,3.359375,1.6796875,0.83984375,0.419921875,0.2099609375,0.10498046875,,,,,,,,,,,,,,,,,,,,,,,,,,,,,,,,,,,,,,,,,,,,,,,,,,,,,,,,,,,,,,,,,,,,,,,,,
,Humulin,170,190,210,224,207,212,225.6,239.39999999999998,209.8,219.1,226.4,280.7,195,231,226,248.39999999999998,202.9,278.3,292.3,316.5000000000001,273.7,265,282.6,288.7,273.5,264.7,254.7,267.0999999999999,234.5,257.6,257.4,250.5,241,255.5,264.5,299,249.4,259.3,243.7,245.2,256.9,249.8,250.9,247.2,219,220,230,257,225.8,242.8,243.3,273.4,257.7,271.4,271.6,262.4,240.6,248.1,260.4,273,257.8,265.2,278,287.9,289.8,311.8,301.5,345.6,307.7,303,285.4,343,311.9,327.5,307,369.5,316.2,352.4,335.9,395.6,315.7,316.4,316.7,358.6,356.4,332.3,322,355.3,314.5,357.8,300.5,362.6,325.9,346,322.1,337.4,297.7,322.6,321.8,348,315.7,313.6,305.9,324.4,321.7,315.3,286.7,298.8,273.2,274,238.2,234,252,205.3,206.7,188.10000000000008,206.2,223.6,207.1,188.10000000000008,173.2,175.2,176.6,188.10000000000008,173.2,175.2,176.6,188.10000000000008,,,,,,,,,,,,794.0,,,959.3,1090.0,1114.5,1060.0,1004.0,1060.0,997.0,1005.0,905.0,985.3000000000001,1063.1,1022.0999999999999,1088.9,1248.7,1239.1,1315.8,1400.1,1307.4,1366.0,1335.4,1331.4,1290.1,1259.6,1222.5,1019.4000000000001,852.1000000000001,825.0,713.1000000000001,677.445,643.57275,611.3941125,580.824406875,551.78318653125,524.1940272046875,497.98432584445305,473.0851095522304,449.4308540746189,426.9593113708879,,,,,,,,,,,,,,,,,,,,,,,,,,,,,,,,,,,,,,,,,,,,,,,,,,,,,,,,,,,,,,,,,,,,,,,,,
,insulin efsitora,,,,,,,,,,,,,,,,,,,,,,,,,,,,,,,,,,,,,,,,,,,,,,,,,,,,,,,,,,,,,,,,,,,,,,,,,,,,,,,,,,,,,,,,,,,,,,,,,,,,,,,,,,,,,,,,,,,,,,,,,,,,,,,,,,,,,,,,,,,,,,,,,,,,,,,,,,,,,,,,,,,,,,,,,,,338.7225,321.786375,305.69705625,290.4122034375,275.891593265625,262.09701360234374,248.99216292222653,236.5425547761152,224.71542703730944,213.47965568544396,,,,,,,,,,,,,,,,,,,,,,,,,,,,,,,,,,,,,,,,,,,,,,,,,,,,,,,,,,,,,,,,,,,,,,,,,
,Olumiant,,,,,,,,,,,,,,,,,,,,,,,,,,,,,,,,,,,,,,,,,,,,,,,,,,,,,,,,,,,,,,,,,,,,,,,,,,,,,,,,,,,,,,,,,1.9,4.8,16.2,23,32.2,44.7,55.6,70.1,82.1,102.4,114.6,127.8,139.7,145,162,192.2,193.8,208.4,406.9,306,255.6,186.2,182.9,205.8,228.9,218.9,231.4,243.5,217.4,227.7,250.8,243.5,228.7,246.4,268.9,243.5,228.7,246.4,268.9,243.5,,,,,,,,,,,,,,,,,,,,,,,,,,,,,,,,,,45.9,202.6,426.90000000000003,638.9,1115.1,830.5,922.7,939.4000000000001,987.5,997.375,1007.34875,1017.4222375,1027.5964598750002,102.75964598750002,10.275964598750003,1.0275964598750003,0.10275964598750004,0.010275964598750005,0.0010275964598750005,,,,,,,,,,,,,,,,,,,,,,,,,,,,,,,,,,,,,,,,,,,,,,,,,,,,,,,,,,,,,,,,,,,,,,,,,
,Cyramza,,,,,,,,,,,,,,,,,,,,,,,,,,,,,,,,,,,,,,,,,,,,,,,,,,,,,,,,,,,,,,,,,,,,,,,,,,,,,,13.7,28.4,33.6,67.5,87.7,111.2,117.5,131,147,159,177.1,171.2,186.3,196,204.8,183.6,218.8,198.4,220.6,198.3,241.8,240,245.1,239,256.7,252.7,284.2,240.5,268.7,253.4,270.4,230.3,231.3,232.1,277.8,236.8,260.3,224.1,253.6,229.9,248.9,236,253.6,224.9,253.7,245.5,253.6,224.9,253.7,245.5,253.6,,,,,,,,,,,,,,,,,,,,,,,,,,,,,,,75.6,383.8,614.1,758.3,821.4,925.2,1032.6,1033.0,971.5,974.8000000000001,968.4,977.7,928.815,882.37425,838.2555375,796.3427606249999,756.5256225937499,718.6993414640623,682.7643743908592,648.6261556713162,616.1948478877504,585.3851054933629,,,,,,,,,,,,,,,,,,,,,,,,,,,,,,,,,,,,,,,,,,,,,,,,,,,,,,,,,,,,,,,,,,,,,,,,,
,Cialis,,,,,,,,,,,,,,,,,,,,,,,,,,,,,,,,,21.5,37.5,50.2,94.10000000000002,108.3,125,154.1,152.7,150.1,165.1,180.1,195.1,210.1,225.1,240.1,268,266,293.1,311,346.2,336.9,362.2,376.6,368.8,358.8,363.6,397.2,439.5,408.3,418.7,406.5,465.9,434.4,477.2,469.8,494.2,461.8,469.5,482.1,513.4,515,529.4,526.7,588.3,532.4,567.8,568.4,622.4,538.3,567.9,566.1,638.4,576.7,630.5,588.2,676.3,533.6,627.3,564.9,597.4,495.4,538.7,467.1,350.7,308.2,200.2,184.3,197.80000000000007,193,130.7,162.5,120.90000000000003,126.8,281,130.9,179.7,217.7,147,115.7,106.89999999999998,100.3,115.6,86.8,78.8,139.3,87.7,91.5,78.8,69.9,66.6,254.1,78.8,69.9,66.6,254.1,78.8,,,,,,,,,,,,,,,,,,,,74.0,130.0,170.0,212.0,1216.3,1444.4999999999998,1559.1000000000001,1699.4,1875.6,1926.8000000000002,2159.4,2291.0,2310.7,2471.7,2323.1,1851.8999999999999,890.5000000000001,607.1,718.4000000000001,587.3,381.5,397.3,469.40000000000003,422.46000000000004,380.21400000000006,342.1926000000001,307.97334000000006,277.1760060000001,249.4584054000001,224.51256486000008,202.06130837400008,181.85517753660008,163.66965978294007,,,,,,,,,,,,,,,,,,,,,,,,,,,,,,,,,,,,,,,,,,,,,,,,,,,,,,,,,,,,,,,,,,,,,,,,,
,Basaglar,,,,,,,,,,,,,,,,,,,,,,,,,,,,,,,,,,,,,,,,,,,,,,,,,,,,,,,,,,,,,,,,,,,,,,,,,,,,,,,,,,,3.8,7.3,10.9,16.3,19.4,39.5,46,86.6,145.7,153.8,166,201.8,201.2,232.2,251.4,290.7,263.2,307.2,303.7,290.4,248.2,282.1,246.6,210.7,192.8,242.4,191.5,174.2,193,201.7,209.3,154.2,179.6,185.19999999999993,157.6,180.8,161.6,185.19999999999993,173.6,145,162.2,185.19999999999993,173.6,145,162.2,185.19999999999993,,,,,,,,,,,,,,,,,,,,,,,,,,,,,,,,11.1,86.1,432.1,801.2,1112.5,1124.4,892.4999999999999,760.4000000000001,728.3,685.1999999999999,666.0,599.4,539.46,485.51400000000007,436.96260000000007,393.26634000000007,353.93970600000006,318.54573540000007,286.6911618600001,258.0220456740001,232.2198411066001,,,,,,,,,,,,,,,,,,,,,,,,,,,,,,,,,,,,,,,,,,,,,,,,,,,,,,,,,,,,,,,,,,,,,,,,,
,Emgality,,,,,,,,,,,,,,,,,,,,,,,,,,,,,,,,,,,,,,,,,,,,,,,,,,,,,,,,,,,,,,,,,,,,,,,,,,,,,,,,,,,,,,,,,,,,,0,0,0,4.9,14.2,34.3,47.7,66.3,74,87.4,91.5,109.9,119.5,156.3,140,161.5,149.3,157.5,168.5,175.6,154.3,169.3,168.5,186.1,225.7,192,202.9,204.71,124.6,201.1,175.7,225.18100000000004,137.06,221.21,193.27,247.69910000000007,,,,,,,,,,,,,,,,,,,,,,,,,,,,,,,,,,0.0,4.9,162.5,362.8,577.3,650.9,678.2,825.3100000000001,726.581,733.84681,741.1852781,748.597130881,756.08310218981,763.6439332117081,771.2803725438253,778.9931762692635,786.7831080319561,794.6509391122756,802.5974485033984,,,,,,,,,,,,,,,,,,,,,,,,,,,,,,,,,,,,,,,,,,,,,,,,,,,,,,,,,,,,,,,,,,,,,,,,,
,Other Diabetes,,,,,,,,,,,,,,,,,,,,,,,,,,,,,,,,,,,,,,,,,,,,,,,,,,,,,,,,,,,,,,,,,,,,,,,,,,,,,,,,,,,,,,,,,,,,,131.5,134.1,140.4,,122.1,141.2,132.1,122.19999999999995,17.8,15,17.2,20,20.6,25.4,39,36.6,144.6,154,130.4,121.20000000000007,27.8,136.6,141.9,223.90000000000006,34.9,52.9,40.300000000000004,223.90000000000006,-15.7,65.4,54.5,223.90000000000006,-15.7,65.4,54.5,223.90000000000006,,,,,,,,,,,,,,,,,,,,,,,,,,,,,,0.0,0.0,0.0,0.0,688.5999999999999,565.2,517.5999999999999,70.0,121.6,550.2,530.2,352.00000000000006,328.1000000000001,295.2900000000001,265.7610000000001,239.18490000000008,215.2664100000001,193.73976900000008,174.36579210000008,156.9292128900001,141.2362916010001,127.11266244090008,114.40139619681007,,,,,,,,,,,,,,,,,,,,,,,,,,,,,,,,,,,,,,,,,,,,,,,,,,,,,,,,,,,,,,,,,,,,,,,,,
,Erbitux,,,,,,,,,,,,,,,,,,,,,,,,,,,,,,,,,,,,,,,,,,,,,,,,,,,,,,,,,,99.7,101.9,95,92.4,103.8,95.4,94.5,104,100.1,97.2,107.9,113.3,110,86.6,,,,,,,,,96,88.2,134.6,85.9,176.2,168.1,180.6,184.6,153.7,154.4,159.1,163.5,168.9,149.6,166.4,159.5,159.8,118.4,159.3,128.6,137.09999999999994,130.8,129.5,136.4,139.7,122.4,147,134.3,144.59999999999994,122.7,140.8,144.9,158.10000000000002,129.9,162.5,153.9,150.20000000000002,144.6,155.8,152,150.20000000000002,149,183.7,198.6,150.20000000000002,149,183.7,198.6,150.20000000000002,,,,,,,,,,,,,,,,,,,,,,,,,,296.6,386.1,409.20000000000005,309.9,373.7,373.3,485.0,687.0,645.9,635.3,543.4,536.4000000000001,548.3,566.5,596.5,602.6,681.5,613.35,552.015,496.8135,447.13214999999997,402.418935,362.1770415,325.95933735,293.363403615,264.0270632535,237.62435692815,,,,,,,,,,,,,,,,,,,,,,,,,,,,,,,,,,,,,,,,,,,,,,,,,,,,,,,,,,,,,,,,,,,,,,,,,
,Other Oncology,,,,,,,,,,,,,,,,,,,,,,,,,,,,,,,,,,,,,,,,,,,,,,,,,,,,,,,,,,,,,,,,,,,,,,,,,,,,,,,,,,,,,,,,,,,,,29.69999999999999,111.3,101.3,,77.5,44.300000000000004,60.60000000000001,133.9,26.2,64.3,35.9,36.2,54.8,55.7,66.7,38.5,59.400000000000006,61.8,61.900000000000006,48.79999999999997,34.4,91.5,96.89999999999998,103,49.1,53,52.1,103,46.9,51,47.8,103,46.9,51,47.8,103,,,,,,,,,,,,,,,,,,,19.0,19.0,9.0,3.0,,,,,,,,,,,,324.2,415.7,316.30000000000007,162.60000000000002,215.7,231.89999999999998,325.79999999999995,257.2,248.7,223.82999999999998,201.447,181.3023,163.17207000000002,146.85486300000002,132.16937670000002,118.95243903000002,107.05719512700003,96.35147561430003,86.71632805287003,,,,,,,,,,,,,,,,,,,,,,,,,,,,,,,,,,,,,,,,,,,,,,,,,,,,,,,,,,,,,,,,,,,,,,,,,
,Forteo,,,,,,,,,,,,,,,,,,,,,,,,,,,,,,,,,4.1,13.7,21.6,25.9,40.8,65.3,58.1,74.3,67,101.9,102.6,118,127,146,149,172.1,153.4,177.2,180.5,198.2,185,206.6,192.7,194.5,187.5,203.3,213.1,212.8,194.5,209.6,199.7,226.3,216.1,231,240.3,262.5,271.3,276.4,288.7,314.6,281.5,296.9,306.7,359.8,300.4,308.6,332.2,380.8,293,328.4,348.9,377.9,318.6,367.6,391.2,422.5,347.5,446.7,441.7,513.2,313.2,434.5,390.8,437.1,312.9,360.8,370.7,360.2,272.4,252.7,266.9,254.4,198.5,218.4,200.9,184,137.4,138.5,177.1,160,122.3,148,146.4,116.50000000000007,61.3,69.9,118.1,116.50000000000007,66.6,92.5,55.7,116.50000000000007,66.6,92.5,55.7,116.50000000000007,,,,,,,,,,,,,,,,,,,6.0,65.0,237.0,389.0,581.0,610.0500000000001,778.8,816.7,830.0999999999999,949.9000000000001,1151.0,1244.9,1322.0,1348.3,1500.0,1749.0,1575.6,1404.6000000000001,1046.3999999999999,801.8,613.0,533.2000000000002,365.80000000000007,331.30000000000007,298.1700000000001,268.35300000000007,241.51770000000008,217.36593000000008,195.62933700000008,176.06640330000008,158.45976297000007,142.61378667300008,128.35240800570008,115.51716720513008,,,,,,,,,,,,,,,,,,,,,,,,,,,,,,,,,,,,,,,,,,,,,,,,,,,,,,,,,,,,,,,,,,,,,,,,,
,Other,,,,,,,,,,,,,,,,,,,,,,,,,,,,,,,,,,,,,,,,,,,,,,,,1686.4532721010328,406,,1697.9,1904.6000000000004,2080.2000000000007,2045.4999999999995,2061.9000000000005,,,,,,,,,432,,422,410,407,552,524,488.3000000000002,,,,,,,,,,,,,,,,,,,,,,161.7,245.6,191,,113.4,123.3,119.2,127.99999999999997,86,51.4,46.3,88,42.6,42.2,38.6,58.1,98.1,80.1,66.6,50.70000000000002,20.6,51,42.9,114,22.3,30.6,30.7,114,11.8,22.6,12,114,11.8,22.6,12,114,,,,,,,,,,,,,,,,,,,328.0,265.0,311.0,230.0,226.0,241.0,54.0,54.0,432.0,1239.0,1564.3000000000002,1298.6,1887.1,1489.8,1965.4,977.4,718.1,483.9,271.7,181.5,295.5,228.5,197.60000000000002,160.4,144.36,129.924,116.9316,105.23844000000001,94.71459600000001,85.24313640000001,76.71882276000001,69.046940484,62.14224643560001,55.928021792040006,,,,,,,,,,,,,,,,,,,,,,,,,,,,,,,,,,,,,,,,,,,,,,,,,,,,,,,,,,,,,,,,,,,,,,,,,
,Zyprexa,,,,,,,,87,105.4,156,201.8,267.0000000000001,287,328,396,429,401.2,393,502.9,592.8999999999999,458.1,550.7,644.9,696.2999999999998,637,736.6,812.5,903.9000000000001,819.4,906.8,974,989.8000000000001,958.3,1050,1130,1145.5,1098.3,1212.3,1023.7,1085.5,1038.2,1096.8,1035.1,1032.2,1007.4,1115,1084.7,1156.5,1108,1213,1166.1,1273.9,1120.2,1239.7,1189.5,1146.7,1123,1203.2,1223,1366.5,1215,1262.9,1212.7,1335.8,1281.9,1408.3,1182.3,749.6,562.7,379.5,374.5,384.8,284.8,283.2,278.7,348.2,283.1,243.8,257.4,253.1,219.5,253.7,237.9,229.1,212.8,210.7,148.9,153,147.5,140.8,140.6,152.2,122.6,128,109.9,110.8,107.2,104.3,105.4,101.79999999999994,98.4,96.6,112.7,98.90000000000003,95.8,95.4,101.7,137.40000000000003,93.1,87.3,81.4,75.1,82.7,106.5,61.40000000000009,,,,31.7,,,,,,,,,,,,,,,,,,,,,,,,1440.0,1885.0,2349.5,3090.0,3689.0,4277.0,4419.0,4200.0,4363.6,4761.0,4696.1,4915.7,5026.400000000001,4622.1,1701.5,1194.8,1037.3,940.3,725.3,581.2,471.3,418.69999999999993,406.6,430.3,336.9,250.60000000000008,31.7,0.0,0.0,0.0,0.0,0.0,0.0,0.0,0.0,0.0,0.0,0.0,,,,,,,,,,,,,,,,,,,,,,,,,,,,,,,,,,,,,,,,,,,,,,,,,,,,,,,,,,,,,,,,,,,,,,,,,
,Tyvyt,,,,,,,,,,,,,,,,,,,,,,,,,,,,,,,,,,,,,,,,,,,,,,,,,,,,,,,,,,,,,,,,,,,,,,,,,,,,,,,,,,,,,,,,,,,,,0,,,,9.9,40.1,46.6,37.4,57.4,64.1,84.4,102.8,109.7,105,125.6,77.8,85.5,73.6,76.8,57.5,61,103.6,115.1,113.6,116.7,123,150.2,113.6,137.5,137.3,141.8,113.6,137.5,137.3,141.8,113.6,,,,,,,,,,,,,,,,,,,,,,,,,,,,,,,,,,,0.0,134.0,308.7,418.09999999999997,293.4,393.29999999999995,503.5,530.2,477.18000000000006,429.46200000000005,386.51580000000007,347.86422000000005,313.07779800000003,281.77001820000004,253.59301638000005,228.23371474200005,205.41034326780004,184.86930894102005,,,,,,,,,,,,,,,,,,,,,,,,,,,,,,,,,,,,,,,,,,,,,,,,,,,,,,,,,,,,,,,,,,,,,,,,,
,Cymbalta,,,,,,,,,,,,,,,,,,,,,,,,,,,,,,,,,,,,,,,32.5,61.3,106.8,161.4,182.8,228.8,233,310,349,424.1,441.8,519.5,513.2,628.3,605.1,654.4,716.4,721.2,709.3,744.4,790.2,830.8,803.2,867.7,825.3,984.6,908.8,1003.4,1068.6,1180.7,1114.9,1223.1,1235.8,1420.4,1328.2,1497.2,1375.8,883.2,478.2,401.3,368,367.3,287,274.1,242.9,223.6,198.7,236.5,313.5,181.8,174.6,206.6,183.2,192.8,169.6,181.9,172,184.5,164.1,187.2,178.6,195.49999999999997,210.4,179.9,186.6,190.80000000000004,176.6,175.6,132,97.29999999999998,81.1,75.5,62.7,64.00000000000003,60.2,,,,54.4,49.8,44.7,44.7,31.2,24.1,4.1,44.7,44.7,44.7,44.7,44.7,,,,,,,,,,,,,,,,,,,,,92.0,680.0,1316.1,2102.8,2697.1000000000004,3074.7,3480.7999999999997,4161.5,4994.200000000001,5084.4,1614.7,1027.6,930.5,757.2,708.0,725.4,767.7,581.5,283.30000000000007,60.2,193.59999999999997,104.1,93.69,84.321,75.8889,68.30001000000001,61.47000900000001,55.32300810000001,49.79070729000001,44.81163656100001,40.330472904900006,36.29742561441001,,,,,,,,,,,,,,,,,,,,,,,,,,,,,,,,,,,,,,,,,,,,,,,,,,,,,,,,,,,,,,,,,,,,,,,,,
,Trajenta,,,,,,,,,,,,,,,,,,,,,,,,,,,,,,,,,,,,,,,,,,,,,,,,,,,,,,,,,,,,,,,,,,,,,,,,,,,,,76.9,90.3,78.9,82.7,82.3,80,92.7,101.7,,,,,113,141.9,153.3,129.7,141.1,141.7,135.7,156.2,131.9,153.9,155.5,149.30000000000004,93.2,76.8,91.7,96.8,94.6,89.2,96.1,92.6,92,97,104,91,86,104,95,102,88.9,76.6,91.7,91.7,76.3,91.8,71.3,91.7,91.7,91.7,91.7,91.7,,,,,,,,,,,,,,,,,,,,,,,,,,,,,,,,356.8,436.6,537.9,574.7,590.6,358.5,372.5,384.0,387.0,348.9,331.09999999999997,297.98999999999995,268.191,241.37189999999998,217.23470999999998,195.511239,175.9601151,158.36410359,142.52769323100003,128.27492390790002,115.44743151711002,,,,,,,,,,,,,,,,,,,,,,,,,,,,,,,,,,,,,,,,,,,,,,,,,,,,,,,,,,,,,,,,,,,,,,,,,
,Other CNS,,,,,,,,,,,,,,,,,,,,,,,,,,,,,,,,,,,,,,,,,,,,,,,,,,,,,,,,,,,,,,,,,,,,,,,,,,,,,,,,,,,,,,,,,,,,,49.8,46.9,46.6,,41.4,44.3,42.9,45.20000000000001,41.1,33.2,43.2,35.6,32.4,35,36,31.4,74.2,69.6,60.6,70.70000000000003,53.1,111.4,118.2,222.8,100.5,90.8,64.1,222.8,89.3,62.2,57.1,222.8,89.3,62.2,57.1,222.8,,,,,,,,,,,,,,,,,,,168.0,98.0,89.0,4.0,,,,,,,,,,,,214.60000000000002,185.7,173.8,153.10000000000002,134.8,275.1,505.5,478.20000000000005,431.4,388.26,349.434,314.49060000000003,283.04154000000005,254.73738600000004,229.26364740000005,206.33728266000006,185.70355439400007,167.13319895460006,150.41987905914007,,,,,,,,,,,,,,,,,,,,,,,,,,,,,,,,,,,,,,,,,,,,,,,,,,,,,,,,,,,,,,,,,,,,,,,,,
,Retevmo,,,,,,,,,,,,,,,,,,,,,,,,,,,,,,,,,,,,,,,,,,,,,,,,,,,,,,,,,,,,,,,,,,,,,,,,,,,,,,,,,,,,,,,,,,,,,,,,,,,,,,6.3,11.6,18.7,16.8,25.7,33.6,38.6,41.8,45,40.5,64.6,51.4,65.4,63.4,73.4,69.2,91.2,114,119,91,125.3,112,117,122,127,132,137,,,,,,,,,,,,,,,,,,,,,,,,,,,,,,,,,,,,0.0,36.599999999999994,114.69999999999999,191.89999999999998,253.60000000000002,393.4,445.3,578.89,752.557,978.3241,1271.82133,127.18213300000001,12.718213300000002,1.2718213300000003,0.12718213300000003,0.012718213300000003,0.0012718213300000004,,,,,,,,,,,,,,,,,,,,,,,,,,,,,,,,,,,,,,,,,,,,,,,,,,,,,,,,,,,,,,,,,,,,,,,,,
,Baqsimi,,,,,,,,,,,,,,,,,,,,,,,,,,,,,,,,,,,,,,,,,,,,,,,,,,,,,,,,,,,,,,,,,,,,,,,,,,,,,,,,,,,,,,,,,,,,,,,,,,,6.2,0,17.8,13.6,20.9,23.8,24.4,25.9,31.9,31,0,0,43,43,31.4,34.89999999999998,13.1,0,,12,13.4,,,,,,,,,,,,,,,,,,,,,,,,,,,,,,,,,,,,,,,,,,,,,6.2,76.1,113.19999999999999,86.0,79.39999999999998,13.4,0.0,,,,,,,,,,,,,,,,,,,,,,,,,,,,,,,,,,,,,,,,,,,,,,,,,,,,,,,,,,,,,,,,,,,,,,,,,,,,,,,,,,,
,Kisunla,,,,,,,,,,,,,,,,,,,,,,,,,,,,,,,,,,,,,,,,,,,,,,,,,,,,,,,,,,,,,,,,,,,,,,,,,,,,,,,,,,,,,,,,,,,,,,,,,,,,,,,,,,,,,,,,,,,,,,,1.4,100,21.5,48.6,70.4,95.4,120.4,145.4,170.4,195.4,,,,,,,,,,,,,,,,,,,,,,,,,,,,,,,,,,,,,,,,,101.4,235.9,259.49,285.439,313.98290000000003,345.38119000000006,379.9193090000001,417.91123990000017,459.70236389000024,505.67260027900033,556.2398603069004,611.8638463375904,,,,,,,,,,,,,,,,,,,,,,,,,,,,,,,,,,,,,,,,,,,,,,,,,,,,,,,,,,,,,,,,,,,,,,,,,
,Omvoh,,,,,,,,,,,,,,,,,,,,,,,,,,,,,,,,,,,,,,,,,,,,,,,,,,,,,,,,,,,,,,,,,,,,,,,,,,,,,,,,,,,,,,,,,,,,,,,,,,,,,,,,,,,,,,,,,,,,,9.4,25.6,40.5,75,37.2,74.8,64.9,89.9,114.9,139.9,164.9,189.9,,,,,,,,,,,,,,,,,,,,,,,,,,,,,,,,,,,,,,,,,150.5,266.8,506.92,760.38,836.418,920.0598000000001,1012.0657800000002,1113.2723580000004,1224.5995938000005,1347.0595531800006,1481.7655084980008,1629.942059347801,,,,,,,,,,,,,,,,,,,,,,,,,,,,,,,,,,,,,,,,,,,,,,,,,,,,,,,,,,,,,,,,,,,,,,,,,
,Jaypirca,,,,,,,,,,,,,,,,,,,,,,,,,,,,,,,,,,,,,,,,,,,,,,,,,,,,,,,,,,,,,,,,,,,,,,,,,,,,,,,,,,,,,,,,,,,,,,,,,,,,,,,,,,,,,,,,,5.1,,,,50,92.4,81.1,91.1,92,123.3,142.9,152.9,162.9,172.9,182.9,192.9,,,,,,,,,,,,,,,,,,,,,,,,,,,,,,,,,,,,,,,,5.1,314.6,511.1,562.21,618.431,680.2741000000001,748.3015100000001,823.1316610000002,905.4448271000003,995.9893098100005,1095.5882407910005,1205.1470648701006,120.51470648701007,,,,,,,,,,,,,,,,,,,,,,,,,,,,,,,,,,,,,,,,,,,,,,,,,,,,,,,,,,,,,,,,,,,,,,,,,
,Elunate,,,,,,,,,,,,,,,,,,,,,,,,,,,,,,,,,,,,,,,,,,,,,,,,,,,,,,,,,,,,,,,,,,,,,,,,,,,,,,,,,,,,,,,,,,,,,,,,,,,,,,,,,,,,,,,,,28.4,,,,30.9,28.7,29.2,29.2,19,21,23.3,23.3,23.3,23.3,23.3,23.3,,,,,,,,,,,,,,,,,,,,,,,,,,,,,,,,,,,,,,,,28.4,118.0,86.6,95.26,104.78600000000002,115.26460000000003,126.79106000000004,139.47016600000006,153.41718260000007,168.7589008600001,185.63479094600012,204.19827004060016,224.6180970446602,,,,,,,,,,,,,,,,,,,,,,,,,,,,,,,,,,,,,,,,,,,,,,,,,,,,,,,,,,,,,,,,,,,,,,,,,
,Ebglyss,,,,,,,,,,,,,,,,,,,,,,,,,,,,,,,,,,,,,,,,,,,,,,,,,,,,,,,,,,,,,,,,,,,,,,,,,,,,,,,,,,,,,,,,,,,,,,,,,,,,,,,,,,,,,,,,,,,,,3.1,4.3,14.9,19.9,60.2,86.8,127.1,132.1,137.1,142.1,147.1,152.1,,,,,,,,,,,,,,,,,,,,,,,,,,,,,,,,,,,,,,,,,42.2,406.20000000000005,446.8200000000001,491.5020000000002,540.6522000000002,594.7174200000003,654.1891620000004,719.6080782000005,791.5688860200006,870.7257746220007,957.7983520842008,1053.578187292621,,,,,,,,,,,,,,,,,,,,,,,,,,,,,,,,,,,,,,,,,,,,,,,,,,,,,,,,,,,,,,,,,,,,,,,,,
,Other Immunology,,,,,,,,,,,,,,,,,,,,,,,,,,,,,,,,,,,,,,,,,,,,,,,,,,,,,,,,,,,,,,,,,,,,,,,,,,,,,,,,,,,,,,,,,,,,,,,,,,,,,2.6,8.1,10.6,13.2,16.9,7.9,4.9,3.20000000000001,4.5,4,3.6,20,22,5.7,11.4,23.3,,,,,,,,,,,,,,,,,,,,,,,,,,,,,,,,,,,,,,,,,,,,,,,,,34.5,32.900000000000006,32.1,62.400000000000006,,,,,,,,,,,,,,,,,,,,,,,,,,,,,,,,,,,,,,,,,,,,,,,,,,,,,,,,,,,,,,,,,,,,,,,,,,,,,,,,,,,,,
,Glucagon,,,,,,,,,,,,,,,,,,,,,,,,,,,,,,,,,,,,,,,,,,,,,,,,,,,,,,,,,,,,,,,,,,,,,,,,,,,,,,,,,,,,,,,,,,,,,,,,,,,,,28,22.7,24.8,22.3,21.8,9.3,10.4,8.8,,,,,,,,,,,,,,,,,,,,,,,,,,,,,,,,,,,,,,,,,,,,,,,,,,,,,,,,,97.8,50.3,,,,,,,,,,,,,,,,,,,,,,,,,,,,,,,,,,,,,,,,,,,,,,,,,,,,,,,,,,,,,,,,,,,,,,,,,,,,,,,,,,,,,,,
,Reyvow,,,,,,,,,,,,,,,,,,,,,,,,,,,,,,,,,,,,,,,,,,,,,,,,,,,,,,,,,,,,,,,,,,,,,,,,,,,,,,,,,,,,,,,,,,,,,,,,,,,,,1.4,2.9,4,4.4,2.5,9.4,5.3,6.9,,,,,10.1,,,,8.5,6.7,6.9,6.9,5.4,8,8.3,8.3,8.3,8.3,8.3,8.3,,,,,,,,,,,,,,,,,,,,,,,,,,,,,,,,,,,,,12.700000000000001,24.1,,,,30.000000000000004,,,,,,,,,,,,,,,,,,,,,,,,,,,,,,,,,,,,,,,,,,,,,,,,,,,,,,,,,,,,,,,,,,,,,,,,,,,,,,,,,,,
,Strattera,,,,,,,,,,,,,,,,,,,,,,,,,,,,,,,,,55,74.8,108,132.6,141.1,178.6,163.6,183.4,119.8,123.5,140.9,168,152,144,126,156.3,139.9,142.3,130.5,156.8,148,135.2,149.5,146.8,158.9,142.8,145.5,162.2,146.4,147.1,127.9,155.4,138.7,157.7,153.2,170.6,158.9,153,145.6,163.9,166.7,168.3,173.2,201.1,154.4,197.4,191.9,194.9,173.7,191.8,196.9,221.6,188.1,224.6,198.8,243.2,196.2,186.6,137.1,98.3,130.7,114.2,98.7,107.2,66.2,82.6,52.1,41.60000000000001,38.2,22.5,32.7,35.1,38.6,40.5,35.2,36.1,,,,,,,,,,,,,,,,,,,,,,,,,,,,,,,,,,,,,,,3.0,370.0,666.0,552.0,594.0,569.5,579.5,609.4000000000001,576.8,620.1999999999999,621.4,709.2,738.5,784.0,854.7,618.2,450.8,242.5,128.5,150.4,,,,,,,,,,,,,,,,,,,,,,,,,,,,,,,,,,,,,,,,,,,,,,,,,,,,,,,,,,,,,,,,,,,,,,,,,,,,,,,,,,,,,,,
,Humatrope,50,60,70,89,,67,,,,,,,,,,,,,,,,,,,,,,,,,,,,,,,,,,,,,,,,,102,,,,,,,,,,,,,,,,,,,,,,,,,,,,,,,,,,,,,,,,,,,,,,,,,,,,,,88.7,46.2,50.7,110.8,64.9,22.4,50.2,51.4,,,,,32.1,,,,19.1,19.4,22.5,22.5,64.6,19.9,15.5,15.5,15.5,15.5,15.5,15.5,,,,,,,,,,,,269.0,,,,300.0,300.7,,329.0,371.0,430.0,414.0,413.0,433.65000000000003,455.33250000000004,478.0991250000001,,,,,,,,,,,296.40000000000003,188.9,,,,115.5,,,,,,,,,,,,,,,,,,,,,,,,,,,,,,,,,,,,,,,,,,,,,,,,,,,,,,,,,,,,,,,,,,,,,,,,,,,,,,,,,,,
,Portrazza,,,,,,,,,,,,,,,,,,,,,,,,,,,,,,,,,,,,,,,,,,,,,,,,,,,,,,,,,,,,,,,,,,,,,,,,,,,,,,,,,,,,0.6,1.7,4,5.3,3.8,,,,,,,,,,,,,,,,,,,,,,,,,,,,,,,,,,,,,,,,,,,,,,,,,,,,,,,,,,,,,,,,,,,,,,,,,,,,,,,,,,,,,,,,,,,,,,,,,,,,,,,,,,,,,,,,,,,,,,,,,,,,,,,,,,,,,,,,,,,,,,,,,,,,,,,,,,,,,,,,,,,,,
,Lartruvo,,,,,,,,,,,,,,,,,,,,,,,,,,,,,,,,,,,,,,,,,,,,,,,,,,,,,,,,,,,,,,,,,,,,,,,,,,,,,,,,,,,,,,,,11.9,42.1,47.4,54.5,59,64.4,79.9,76.9,83.5,,,,,,,,,,,,,,,,,,,,,,,,,,,,,,,,,,,,,,,,,,,,,,,,,,,,,,,,,,,,,,,,,,,,,,,,,,,,,,,,,,,,,,,,,,,,,,,,,,,,,,,,,,,,,,,,,,,,,,,,,,,,,,,,,,,,,,,,,,,,,,,,,,,,,,,,,,,,,
,Animal,,,,,,,,,,,,,,,,,,,,,,,,,,,,,,,,,,,,,,,,251.4,196.33663366336634,201,216,251.4,198.3,201,216,236.6,210,214.7,236.8,329.4,,254.5,277.1,326.4,264.1,275.4,314.6,353.1,289.6,324.2,353.2,424.3,369.8,389.5,451,468.2,490.7,512.2,479.4,554.1,499.1,543.5,530.3,578.4,527.4,601.2,584.7,633.3,749.8,840.8,778.8,811.7,754.6,859.8,706.2,837.6,769.4,784.8,740.6,790.9,761,792.1,772.7,816.5,,,,,,,,,,,,,,,,,,,,,,,,,,,,,,,,,,,,,,,,,,,464.0,512.4,,,614.4,627.8,668.5,,693.0,727.0,798.0,864.0,882.0,926.1,858.0,1207.2,1391.3,1678.5,2036.4,2151.5,2346.6,3181.0,3158.2,,,,,,,,,,,,,,,,,,,,,,,,,,,,,,,,,,,,,,,,,,,,,,,,,,,,,,,,,,,,,,,,,,,,,,,,,,,,,,,,,,,,,,,,,,,,
,Effient,,,,,,,,,,,,,,,,,,,,,,,,,,,,,,,,,,,,,,,,,,,,,,,,,,,,,,,,,,,22.6,4,8.8,22.9,36.3,47,56.3,71.7,83.5,90.9,115.8,111,109.7,120.6,115.9,137.4,124.9,130.6,119.3,133.6,131.5,137.8,121.8,128.8,132.1,140.3,131.5,135.1,127.7,140.9,,,,,,,,,,,,,,,,,,,,,,,,,,,,,,,,,,,,,,,,,,,,,,,,,,,,,,,,,,,,,,,,,,26.6,115.0,302.4,457.1,508.7,522.2,523.0,535.2,,,,,,,,,,,,,,,,,,,,,,,,,,,,,,,,,,,,,,,,,,,,,,,,,,,,,,,,,,,,,,,,,,,,,,,,,,,,,,,,,,,,,,,,,,,,
,Gemzar,,,,,,12,22,28,33.1,41,47.3,53.40000000000001,57,85,69,95.80000000000001,114.4,86.5,119.2,135.70000000000002,136,107.9,155.1,160.29999999999995,174,160.9,187,201,197.5,219,197.2,260.9000000000001,233.9,254.6,250.6,282.6,279,293.3,312.7,329.5,304.6,343,334.3,352.6,339,344,355,371.3,376.9,395.6,394.4,425.5,426.2,440.1,440.2,413.3,367.8,353.2,331.8,310.5,287.8,293.4,324.6,243.6,156.1,112.4,91,92.6,0,0,0,,,,,,,,,,,,,,,,,,,,,,,,,,,,,,,,,,,,,,,,,,,,,,,,,,,,,,,,,,,,,,,,,,,,,,,,306.8,455.8,559.3,722.9,875.0,1022.0,1214.0,1335.0,1409.3,1592.4,1719.8,1363.3,1149.4,452.1,0.0,,,,,,,,,,,,,,,,,,,,,,,,,,,,,,,,,,,,,,,,,,,,,,,,,,,,,,,,,,,,,,,,,,,,,,,,,,,,,,,,,,,,,,,,,,,,,,,,
,Symbyax,,,,,,,,,,,,,,,,,,,,,,,,,,,,,,,,,,,,,,,13.5,15.2,,,,,,,,,,,,,,,,,,,,,,,,,,,,,,,,,,,,,,,,,,,,,,,,,,,,,,,,,,,,,,,,,,,,,,,,,,,,,,,,,,,,,,,,,,,,,,,,,,,,,,,,,,,,,,,,,,,,,,,,,,,,,,,,,,,,,,,,,,,,,,,,,,,,,,,,,,,,,,,,,,,,,,,,,,,,,,,,,,,,,,,,,,,,,,,,,,,,,,,,,,,,,,,,,,,,,
,Byetta,,,,,,,,,,,,,,,,,,,,,,,,,,,,,,,,,,,,,,,,,,,,25.7,36,52,62,68.73134328358208,72,152.1,87.1,92.1,82.7,101.2,109.2,103,97.5,114.6,115.8,120.5,115.7,106.9,102.7,105.3,101.8,103.9,106.7,110.3,0,0,0,,,,,,,,,,,,,,,,,,,,,,,,,,,,,,,,,,,,,,,,,,,,,,,,,,,,,,,,,,,,,,,,,,,,,,,,,,,,,,,36.0,193.0,337.75,396.1,448.4,430.6,422.7,0.0,,,,,,,,,,,,,,,,,,,,,,,,,,,,,,,,,,,,,,,,,,,,,,,,,,,,,,,,,,,,,,,,,,,,,,,,,,,,,,,,,,,,,,,,,,,,,,,,
,Prozac,456.7,513.4,580.7,549.2,579,537,637.5,646.5,563.4,597.6,705.1,693.9000000000002,618,666,793,733,589.9,688.1,690.2,641.7999999999998,596.2,627.4,680.2,666.2,627.6,692.4,449.4,220.5999999999999,186.1,194.9,189.9,162.8000000000001,149.9,175,154.2,166.00000000000003,165,129.8,141,123.1,112.5,114.2,102.6,114.4,,,78,,78,,,,,,,,,,,,,,,,,,,,,,,,,,,,,,,,,,,,,,,,,,,,,,,,,,,,,,,,,,,,,,,,,,,,,,,,,,,,,,,,,,,,,,,,,,1700.0,2100.0,,,2810.0,2613.4,2573.7,1990.0,734.0,645.0,559.0,454.0,327.0,310.65,,,,,,,,,,,,,,,,,,,,,,,,,,,,,,,,,,,,,,,,,,,,,,,,,,,,,,,,,,,,,,,,,,,,,,,,,,,,,,,,,,,,,,,,,,,,,,,,,,,,,
,Ceclor,150,115.8,150,306.4,157,124,125,134,140.3,100,100,101.89999999999998,,,,,,,,,,,,,,,,,,,,,,,,,,,,,,,,,,,,,,,,,,,,,,,,,,,,,,,,,,,,,,,,,,,,,,,,,,,,,,,,,,,,,,,,,,,,,,,,,,,,,,,,,,,,,,,,,,,,,,,,,,,,,,,,722.2,,,,,285.4,,198.0,171.0,138.0,118.0,90.0,81.0,72.9,,,,,,,,,,,,,,,,,,,,,,,,,,,,,,,,,,,,,,,,,,,,,,,,,,,,,,,,,,,,,,,,,,,,,,,,,,,,,,,,,,,,,,,,,,,,,,,,,,,,
,Lorabid,30,35,40,64,,,,,,,,,,,,,,,,,,,,,,,,,,,,,,,,,,,,,,,,,,,,,,,,,,,,,,,,,,,,,,,,,,,,,,,,,,,,,,,,,,,,,,,,,,,,,,,,,,,,,,,,,,,,,,,,,,,,,,,,,,,,,,,,,,,,,,,,169.0,,,,,,,38.0,32.0,55.0,28.0,17.0,16.0,16.0,,,,,,,,,,,,,,,,,,,,,,,,,,,,,,,,,,,,,,,,,,,,,,,,,,,,,,,,,,,,,,,,,,,,,,,,,,,,,,,,,,,,,,,,,,,,,,,,,,,,
,Axid,120,130,140,158,150,118,126.9,136.10000000000002,163.6,119.4,132.2,111.29999999999998,145,77,97,99,111.5,81.3,82,143.2,,,,,,,,,,,,,,,,,,,,,,,,,,,,,,,,,,,,,,,,,,,,,,,,,,,,,,,,,,,,,,,,,,,,,,,,,,,,,,,,,,,,,,,,,,,,,,,,,,,,,,,,,,,,,,,,,,,,,,,,548.0,,,418.0,354.7,321.4,,,,,,,,,,,,,,,,,,,,,,,,,,,,,,,,,,,,,,,,,,,,,,,,,,,,,,,,,,,,,,,,,,,,,,,,,,,,,,,,,,,,,,,,,,,,,,,,,,,,,,,,,,,,
,Keflex/Keftab,,,,,,,,,,,,,,,,,,,,,,,,,,,,,,,,,,,,,,,,,,,,,,,,,,,,,,,,,,,,,,,,,,,,,,,,,,,,,,,,,,,,,,,,,,,,,,,,,,,,,,,,,,,,,,,,,,,,,,,,,,,,,,,,,,,,,,,,,,,,,,,,,,,75.0,52.0,46.0,34.0,32.0,25.6,20.480000000000004,,,,,,,,,,,,,,,,,,,,,,,,,,,,,,,,,,,,,,,,,,,,,,,,,,,,,,,,,,,,,,,,,,,,,,,,,,,,,,,,,,,,,,,,,,,,,,,,,,,,
,Vancocin,,,,,,,,,,,,,,,,,,,,,,,,,,,,,,,,,,,,,,,,,,,,,,,25,,,,,,,,,,,,,,,,,,,,,,,,,,,,,,,,,,,,,,,,,,,,,,,,,,,,,,,,,,,,,,,,,,,,,,,,,,,,,,,,,,,,,,,,,,,,,,,,,,205.0,,145.0,173.0,198.0,240.0,154.0,136.0,143.0,,,,,,,,,,,,,,,,,,,,,,,,,,,,,,,,,,,,,,,,,,,,,,,,,,,,,,,,,,,,,,,,,,,,,,,,,,,,,,,,,,,,,,,,,,,,,,,,,,,,
,Other Infective,,,,,,,,,,,,,,,,,,,,,,,,,,,,,,,,,,,,,,,,,,,,,,,,,,,,,,,,,,,,,,,,,,,,,,,,,,,,,,,,,,,,,,,,,,,,,,,,,,,,,,,,,,,,,,,,,,,,,,,,,,,,,,,,,,,,,,,,,,,,,,,,,,,122.0,63.0,44.0,25.0,31.0,27.900000000000002,25.110000000000003,22.599000000000004,,,,,,,,,,,,,,,,,,,,,,,,,,,,,,,,,,,,,,,,,,,,,,,,,,,,,,,,,,,,,,,,,,,,,,,,,,,,,,,,,,,,,,,,,,,,,,,,,,,
,Dobutrex,,,,,,,,,,,,,,,,,,,,,,,,,,,,,,,,,,,,,,,,,,,,,,,,,,,,,,,,,,,,,,,,,,,,,,,,,,,,,,,,,,,,,,,,,,,,,,,,,,,,,,,,,,,,,,,,,,,,,,,,,,,,,,,,,,,,,,,,,,,,,,,,,,,46.0,43.0,34.0,52.0,34.0,34.0,35.0,,,,,,,,,,,,,,,,,,,,,,,,,,,,,,,,,,,,,,,,,,,,,,,,,,,,,,,,,,,,,,,,,,,,,,,,,,,,,,,,,,,,,,,,,,,,,,,,,,,,
,ReoPro,,,,,20,37,38.5,53.5,51.7,59.8,63.3,79.60000000000001,70,101,87,107.39999999999998,101,114.2,107.3,124.80000000000001,110.3,104.5,97.7,105.60000000000004,110.7,110.1,105.1,105.49999999999996,91.7,101,92.4,98.90000000000002,93.1,94.5,88.2,88.6,,,,,,,,,,,67,,,,,,,,,,,,,,,,,,,,,,,,,,,,,,,,,,,,,,,,,,,,,,,,,,,,,,,,,,,,,,,,,,,,,,,,,,,,,,,,,,,,,,,,,,,,,,,,365.4,447.3,418.1,431.4,384.0,364.0,363.0,297.0,296.0,281.2,267.14,253.783,,,,,,,,,,,,,,,,,,,,,,,,,,,,,,,,,,,,,,,,,,,,,,,,,,,,,,,,,,,,,,,,,,,,,,,,,,,,,,,,,,,,,,,,,,,,,,,,,,,
,Cynt,,,,,,,,,,,,,,,,,,,,,,,,,,,,,,,,,,,,,,,,,,,,,,,,,,,,,,,,,,,,,,,,,,,,,,,,,,,,,,,,,,,,,,,,,,,,,,,,,,,,,,,,,,,,,,,,,,,,,,,,,,,,,,,,,,,,,,,,,,,,,,,,,,,60.0,70.0,42.0,34.0,23.0,22.0,22.0,22.0,,,,,,,,,,,,,,,,,,,,,,,,,,,,,,,,,,,,,,,,,,,,,,,,,,,,,,,,,,,,,,,,,,,,,,,,,,,,,,,,,,,,,,,,,,,,,,,,,,,
,Actos,,,,,,,,,,,,,,,,,,,,,,,,,,,,,,,,,133.2,116.3,67.1,114.60000000000002,153.3,112.4,58.3,128.9,168.7,105,64.16666666666667,155,189,93,77,89.61538461538461,,,97.8,93.2,84.1,,,,,,,,,,,,,,,,,,,,,,,,,,,,,,,,,,,,,,,,,,,,,,,,,,,,,,,,,,,,,,,,,,,,,,,,,,,,,,,,,,,,,,,,,,,37.9,223.0,,392.0,430.0,453.0,493.0,428.0,191.0,84.1,,,,,,,,,,,,,,,,,,,,,,,,,,,,,,,,,,,,,,,,,,,,,,,,,,,,,,,,,,,,,,,,,,,,,,,,,,,,,,,,,,,,,,,,,,,,,,,,,,,,
,Xigris,,,,,,,,,,,,,,,,,,,,,,,,,,,,,22,22.6,21.2,34.4,35.9,36.1,37.8,50.6,,,,55.3,59.5,,45.5,51.8,50,48,42,,40,,,,,,,,,,,,,,,,,,,,,,,,,,,,,,,,,,,,,,,,,,,,,,,,,,,,,,,,,,,,,,,,,,,,,,,,,,,,,,,,,,,,,,,,,,,,,,,,,21.2,98.0,161.0,202.0,215.0,212.0,169.60000000000002,135.68000000000004,108.54400000000004,,,,,,,,,,,,,,,,,,,,,,,,,,,,,,,,,,,,,,,,,,,,,,,,,,,,,,,,,,,,,,,,,,,,,,,,,,,,,,,,,,,,,,,,,,,,,,,,,,,
,Evista,,,,,,,,,,,,,33,15,33,63.099999999999994,54.6,66.6,92.8,112.10000000000002,100.5,133.7,141.5,145.8,149,167,183.1,165.69999999999993,177.9,188.2,217.4,238.4,214,223.5,240,244.6,232.8,276.6,246.1,257.3,248.9,261.6,260.3,265.3,242,276,258,270.3,263.8,278,263.2,285.8,261.1,279.8,265.7,269,256.9,251.3,259.5,262.7,241.6,259.5,256.8,266.5,266.1,263.5,270.1,267.1,256.2,265.9,247,241,240.6,278.7,255.3,275.9,150.1,108.3,89.5,72.1,66.8,59.7,58,52.8,,,,,,,,,,,,,,,,,,,,,,,,,,,,,,,,,,,,,,,,,,,,,,,,,,,,,,,,,,,144.1,326.1,521.5,664.8,822.0,922.0,1013.0,1036.0,1046.3,1090.8,1075.6000000000001,1030.4,1024.4,1066.8000000000002,1010.0999999999999,1050.4,419.8,237.3,,,,,,,,,,,,,,,,,,,,,,,,,,,,,,,,,,,,,,,,,,,,,,,,,,,,,,,,,,,,,,,,,,,,,,,,,,,,,,,,,,,,,,,,,,,,,
,LY2127399,,,,,,,,,,,,,,,,,,,,,,,,,,,,,,,,,,,,,,,,,,,,,,,,,,,,,,,,,,,,,,,,,,,,,,,,,,,,,,,,,,,,,,,,,,,,,,,,,,,,,,,,,,,,,,,,,,,,,,,,,,,,,,,,,,,,,,,,,,,,,,,,,,,,,,,,,,,,,,,,,,,,,,,,,,,,,,,,,,,,,,,,,,,,,,,,,,,,,,,,,,,,,,,,,,,,,,,,,,,,,,,,,,,,,,,,,,,,,,,,,,,,,,,,,,,,,
,BI10773,,,,,,,,,,,,,,,,,,,,,,,,,,,,,,,,,,,,,,,,,,,,,,,,,,,,,,,,,,,,,,,,,,,,,,,,,,,,,,,,,,,,,,,,,,,,,,,,,,,,,,,,,,,,,,,,,,,,,,,,,,,,,,,,,,,,,,,,,,,,,,,,,,,,,,,,,,,,,,,,,,,,,,,,,,,,,,,,,,,,,,,,,,,,,,,,,,,,,,,,,,,,,,,,,,,,,,,,,,,,,,,,,,,,,,,,,,,,,,,,,,,,,,,,,,,,,
,Other Endo,,,,,,,,,,,,,,,,,,,,,,,,,,,,,,,,,,,,,,,,,,,,,,,,,,,,,,,,,155.2,179.5,,,,,,,,,,,,,,601.1999999999998,608.7999999999993,569.6000000000004,587.5000000000009,613.7000000000007,462.6999999999998,505.4999999999991,479.3000000000002,387.39999999999964,346.5,340.8000000000002,365.1999999999989,365.3000000000002,463.7000000000007,490.10000000000036,492.09999999999945,528.1000000000004,474.60000000000036,514.1999999999998,403.2999999999993,420.9999999999991,,-101.89999999999964,-94.59999999999945,331.8000000000002,,,,,,,,,,,,,,,,,,,,,,,,,,,,,,,,,,,,,,,,,,,,,,,,,,,59.0,58.0,57.0,69.0,65.0,65.0,65.0,,,,,,,,,,,,,,,,,,,,,,,,,,,,,,,,,,,,,,,,,,,,,,,,,,,,,,,,,,,,,,,,,,,,,,,,,,,,,,,,,,,,,,,,,,,,,,,,,,,,
,Other Cardio,,,,,,,,,,,,,,,,,,,,,,,,,,,,,,,,,,,,,,,,,,,,,,,,,,,,,,,,,,,,,,,,,,,,,,,,,,,,,,,,,,,,,,,,,,,,,,,,,,,,,,,,,,,,,,,,,,,,,,,,,,,,,,,,,,,,,,,,,,,,,,,,,,,35.0,32.0,19.0,12.0,14.0,10.0,10.0,,,,,,,,,,,,,,,,,,,,,,,,,,,,,,,,,,,,,,,,,,,,,,,,,,,,,,,,,,,,,,,,,,,,,,,,,,,,,,,,,,,,,,,,,,,,,,,,,,,,
,Royalties,,,,,,,,,,,,,,,,,,,,,,,,,,,,,,,,,,,,,,,,,,,,,,,,,,,,,,,,481.8000000000002,186.30000000000018,71.59999999999945,424.2999999999993,449,390.59999999999945,410.40000000000055,381.39999999999964,,410.09999999999854,,,,,,,,,,,,,,,,,,,,,,,,,,,,,,,,,,,,,,,,,,,,,,,,,,,,,,,,,,,,,,,,,,,,,,,,,,,,,,,,,,,,,,,,,,,,,707.5,,,,,,,,,,,,,,,,,,,,,,,,,,,,,,,,,,,,,,,,,,,,,,,,,,,,,,,,,,,,,,,,,,,,,,,,,,,,,,,,,,,,,,,,,,,,,,,
,Revenue,976.7,1044.1999999999998,1190.7,1390.6,1113,1107,1176.5,1326.5,1270.3,1297.9,1486.1000000000001,1602.8,1430,1533,1733,1818.2999999999997,1618,1758.4,1945.4,2139.8999999999996,1746.8999999999999,1865.9,2092.6000000000004,2173.7,2097,2277.3,2156.1,2056.5,1906.5,2094.9,2163.6000000000004,2273.6000000000004,2388.7,2585.6,2652.3999999999996,2920.9999999999995,2746.8,2955.7000000000003,2751.9,3320.8,3209.436633663366,3330.7,3344.2333333333336,3650.4000000000005,3437.8,3648.1,3939.8,5680.6,4308.900000000001,4193.8,5899.299999999999,6665.700000000001,6241.800000000001,6703.499999999999,6796.900000000001,5210.5,4891.8,5113.5,5562,5934,5485.5,5748.7,5654.8,6187.200000000001,5839.2,6252.799999999998,6148.1,6047.3,5602.400000000001,5600.499999999999,5442.5,5957.3,5602,5929.7,5772.6,5808.8,4683.1,4935.6,4875.6,5121.3,4644.7,4978.7,4959.7,5375.6,4865.1,5404.8,5191.7,5760.5,5228.3,5824.3,5658,6160.7,4963.8,6355.2,6061.9,6438.6,5092.099999999998,5636.800000000001,5476.6,6113.799999999999,5859.799999999997,5499.399999999999,5740.5999999999985,7440.099999999999,6805.6,6739.999999999997,6772.999999999998,7999.9,7810.099999999999,6487.9000000000015,6941.5,7301.9000000000015,6960.2,7733.199999999999,8078.699999999998,9466.300000000001,8768.3,11302.699999999999,11439.200000000004,13767.610000000002,12728.2,15557.699999999999,17600.8,19265.101000000002,18629.430000000008,20079.760000000002,21022.69,22703.1711,,2140.0,,,,,,,,5198.5,5711.6,6508.8,6998.3,7987.7,9236.8,10002.9,10862.2,11629.0,11156.2,12585.0,13859.0,14650.0,15783.499999999998,18565.199999999997,19604.942499999997,20974.425124999998,21893.8,23877.3,22001.5,23113.100000000002,19615.7,20030.3,21623.4,19974.200000000004,21493.1,22319.3,24539.899999999998,28318.499999999996,28541.400000000005,32110.2,45165.30999999999,65151.801,80851.08051000003,102691.11846509998,122699.29290225095,136948.73900914844,137844.90771417323,138417.2390005923,141286.46505946884,145384.81887995993,150585.11886157576,147860.1608489622,,,,,,,,,,,,,,,,,,,,,,,,,,,,,,,,,,,,,,,,,,,,,,,,,,,,,,,,,,,,,,,,,,,,,,,,,
,COGS,,,,,,,,,,,,,,,,,,,,,,,,,,,,,,,,,,,,,,,,865.7,859,871.3,845.7,898.2,806.5,861,906.2,1066.7,922.5,998.9,1054.6,1272.8,1111.3,1200.9,1155.2,899.6,816.4,947.4,1051.9,1431.3,1122.5,1023.9,987.6,1232.2,1180.1,1228,1338.1,1321.7,1197.9,1146.7,1203.6,1248.3,1158.3,1165.2,1198.1,1386.5,1222.7,1189.7,1267,1253.1,1192.7,1033.9,1236.9,1389.2,1323,1298.4,1400.9,1466,1347.9,1571.7,1586.3,1644.9,1571.3,1702.7,1562.3,1593.7,1010.5,1073.3,1118.4,1229.4,1156.5,1119.2,1199.9,1719.8,1671.4,1398,1421.8,2050.2,1867.5,1309.2,1579.1,1424,1500.9,1681,1735,1659,1534.4,2031.1,2031.4,2615.8459000000003,2224.2,2955.9629999999997,3344.151999999998,3660.3691899999994,,,,,,,,,,,,,,,,,,1946.0,2015.1,2098.0,2055.7,2160.0,2177.0,2675.0,3224.0,3474.0,3501.0,4084.343999999999,-980.7574999999997,3720.1251249999987,4366.2,5067.9,4796.5,23113.100000000002,19615.7,,,4447.7,4681.7,4431.6,5195.4,6541.4,6179.799999999999,6575.9,8212.7459,13681.878209999995,16978.726907100005,21565.134877670993,25766.85150947269,28759.235191921165,20676.736157125983,20762.585850088843,21192.969758920328,21807.72283199399,22587.76782923637,22179.02412734434,,,,,,,,,,,,,,,,,,,,,,,,,,,,,,,,,,,,,,,,,,,,,,,,,,,,,,,,,,,,,,,,,,,,,,,,,
,Gross Margin,,,,,,,,,,,,,,,,,,,,,,,,,,,,,,,,,,,,,,,,2455.1000000000004,2350.436633663366,2459.3999999999996,2498.5333333333338,2752.2000000000007,2631.3,2787.1,3033.6000000000004,4613.900000000001,3386.4000000000005,3194.9,4844.699999999999,5392.900000000001,5130.500000000001,5502.5999999999985,5641.700000000001,4310.9,4075.4,4166.1,4510.1,4502.7,4363,4724.8,4667.2,4955.000000000001,4659.1,5024.799999999998,4810,4725.6,4404.5,4453.799999999999,4238.9,4709,4443.7,4764.5,4574.5,4422.3,3460.4000000000005,3745.9000000000005,3608.6000000000004,3868.2000000000003,3452,3944.7999999999997,3722.7999999999997,3986.4000000000005,3542.1000000000004,4106.4,3790.7999999999997,4294.5,3880.4,4252.6,4071.7,4515.799999999999,3392.5,4652.5,4499.599999999999,4844.900000000001,4081.5999999999976,4563.500000000001,4358.200000000001,4884.4,4703.299999999997,4380.199999999999,4540.699999999999,5720.299999999999,5134.200000000001,5341.999999999997,5351.199999999998,5949.7,5942.599999999999,5178.700000000002,5362.4,5877.9000000000015,5459.299999999999,6052.199999999999,6343.699999999998,7807.300000000001,7233.9,9271.599999999999,9407.800000000005,11151.764100000002,10504,12601.737,14256.648000000001,15604.731810000003,,,,,,,,,,,,,,,,,,6041.7,7221.699999999999,7904.9,8806.5,9469.0,8979.2,9910.0,10635.0,11176.0,12282.499999999998,14480.855999999998,20585.699999999997,17254.3,17527.6,18809.4,17205.0,0.0,0.0,,,15526.500000000004,16811.399999999998,17887.699999999997,19344.5,21777.1,22361.600000000006,25534.300000000003,36952.56409999999,51469.922790000004,63872.353602900024,81125.98358742899,96932.44139277826,108189.50381722728,117168.17155704724,117654.65315050345,120093.49530054851,123577.09604796594,127997.35103233939,125681.13672161786,,,,,,,,,,,,,,,,,,,,,,,,,,,,,,,,,,,,,,,,,,,,,,,,,,,,,,,,,,,,,,,,,,,,,,,,,
,SG&A,,,,,,,,,,,,,,,,,,,,,,,,,,,,,,,,,,,,,,,,1098,1090,1146.1,1070.9,1190,1143,1238,1302.3,1422.1,1336.8,1524.7,1477.8,1755.8,1550.5,1700.1,1649.2,1718.6,1529.2,1708.2,1701.8,1953.3,1614.4,1755.4,1694.9,1988.7,1785.7,2043,1917.8,2133.4,1847.5,1931.1,1757.4,1977.5,1652,1867.6,1652.4,1953.6,1484.9,1663.9,1672.1,1799.9,1523.5,1635.4,1575.7,1798.4,1473.9,1622.6,1565.4,1790.1,1567.7,1730.4,1578.5,1803.5,1500,1653.7,1616.6,1861.5,1517.1,1586.3,1412.3,1698.1,1549.6,1448.6,1569.1,1553.9,1576,1685.7,1577.9,1592,1557.9,1781.9,1614.2,1643.2,1749.2,1925.4,1614.2,1924.6,1952.2,2117.3,2734.1,2117.06,2468.8,2329.03,3007.51,2328.766,,,,,,,,,,,,,,,,,,2233.1,2658.3,2757.6,3228.3,3417.0,3424.0,4055.0,4284.0,4497.0,4752.0,4894.56,6618.4,6892.5,7053.400000000001,7879.9,7513.5,7137.825,5710.26,,,5982.4,5975.1,6213.799999999999,6121.199999999999,6431.6,6597.2,7213.4,8920.66,16287.95025,20212.770127500007,25672.779616274995,30674.823225562737,34237.18475228711,34461.22692854331,34604.30975014807,35321.61626486721,36346.20471998998,37646.27971539394,36965.04021224055,,,,,,,,,,,,,,,,,,,,,,,,,,,,,,,,,,,,,,,,,,,,,,,,,,,,,,,,,,,,,,,,,,,,,,,,,
,R&D,,,,,,,,,,,,,,,,,,,,,,,,,,,,,,,,,,,,,,,,706,702,762.4,751,810,741,775,788.8,890,834.2,854.4,844.5,953.6,877.1,951.5,953,1036.1,947.3,1040.4,1122.1,1216.7,1039.1,1187.2,1219.8,1438.1,1124,1260.6,1280.9,1355.3,1151.5,1320.7,1342.8,1463.1,1348.1,1330.4,1377.4,1475.4,1109.3,1195.4,1243.2,1185.7,1039.3,1169.5,1143.4,1444.2,1221,1335.9,1236.4,1450.6,1258.3,1272.1,1340,1486.9,1176.9,1333.1,1343.3,1453.8,1230.5,1402.2,1380.9,1581.4,1392.1,1390.2,1465.4,1838,1672.1,1672.8,1708.9,1959.4,1610.1,1625.1,1802.9,1995.9,1985.1,2356.5,1802.9,2562.7,2522.8,2556.8999999999996,2099.8,2818.9700000000003,2733.7,2812.5899999999997,2309.78,3100.8670000000006,,,,,,,,,,,,,,,,,,1370.2,1738.9,1783.6,2018.5,2235.0,2149.0,2350.0,2691.0,3026.0,3130.0,3192.6,3817.7,4326.5,4884.200000000001,5020.8,5278.1,,,,,5096.2,5051.2,5595.0,6085.700000000001,7013.199999999999,7034.0,8707.2,9998.470000000001,10098.454700000002,,,,,,,,,,,,,,,,,,,,,,,,,,,,,,,,,,,,,,,,,,,,,,,,,,,,,,,,,,,,,,,,,,,,,,,,,,,,,,,,,,,
,Operating Expenses,,,,,,,,,,,,,,,,,,,,,,,,,,,,,,,,,,,,,,,,,,,,,,,,,,,,,,,,2754.7,2476.5,2748.6000000000004,2823.8999999999996,3170,2653.5,2942.6000000000004,2914.7,3426.8,2909.7,3303.6,3198.7,3488.7,2999,3251.8,3100.2,3440.6,3000.1,3198,3029.8,3429,2594.2,2859.3,2915.3,2985.6000000000004,2562.8,2804.9,2719.1000000000004,3242.6000000000004,2694.9,2958.5,2801.8,3240.7,2826,3002.5,2918.5,3290.4,2676.9,2986.8,2959.8999999999996,3315.3,2747.6,2988.5,2793.2,3279.5,2941.7,2838.8,3034.5,3391.9,3248.1,3358.5,3286.8,3551.4,3168,3407,3417.1000000000004,3639.1000000000004,3734.3,4281.9,3417.1000000000004,4487.299999999999,4475,4674.2,4833.9,4936.030000000001,5202.5,5141.62,5317.290000000001,5429.633000000001,,,,,,,,,,,,,,,,,,3603.3,4397.200000000001,4541.2,5246.8,5652.0,5573.0,6405.0,6975.0,7523.0,7882.0,8087.16,10436.099999999999,11219.0,11937.600000000002,12900.7,12791.6,7137.825,5710.26,0.0,,11078.599999999999,11026.3,11808.8,12206.9,13444.8,13631.2,15920.6,18919.13,26386.404950000004,20212.770127500007,25672.779616274995,30674.823225562737,34237.18475228711,34461.22692854331,34604.30975014807,35321.61626486721,36346.20471998998,37646.27971539394,36965.04021224055,,,,,,,,,,,,,,,,,,,,,,,,,,,,,,,,,,,,,,,,,,,,,,,,,,,,,,,,,,,,,,,,,,,,,,,,,
,Operating Income,,,,,,,,,,,,,,,,,,,,,,,,,,,,,,,,,,,,,,,,651.1000000000004,558.4366336633661,550.8999999999997,676.6333333333337,752.2000000000007,747.3000000000002,774.0999999999999,942.5000000000005,2301.8000000000006,1215.4000000000003,815.8000000000001,2522.3999999999987,2683.5000000000005,2702.900000000001,2850.9999999999986,3039.500000000001,1556.1999999999998,1598.9,1417.5,1686.2000000000007,1332.6999999999998,1709.5,1782.1999999999998,1752.5,1528.2000000000007,1749.4000000000005,1721.1999999999985,1611.3000000000002,1236.9000000000005,1405.5,1201.999999999999,1138.6999999999998,1268.4,1443.6,1566.5,1544.6999999999998,993.3000000000002,866.2000000000007,886.6000000000004,693.3000000000002,882.5999999999999,889.1999999999998,1139.8999999999996,1003.6999999999994,743.8000000000002,847.2000000000003,1147.8999999999996,988.9999999999995,1053.8000000000002,1054.4,1250.1000000000004,1153.1999999999998,1225.3999999999992,715.5999999999999,1665.6999999999998,1539.6999999999998,1529.6000000000004,1333.9999999999977,1575.000000000001,1565.000000000001,1604.8999999999996,1761.5999999999976,1541.3999999999987,1506.199999999999,2328.399999999999,1886.1000000000008,1983.4999999999973,2064.399999999998,2398.2999999999997,2774.5999999999995,1771.7000000000016,1945.2999999999993,2238.800000000001,1724.999999999999,1770.2999999999993,2926.5999999999976,3320.000000000002,2758.8999999999996,4597.399999999999,4573.900000000005,6215.7341000000015,5301.5,7460.116999999999,8939.358,10175.098810000003,,,,,,,,,,,,,,,,,,2438.3999999999996,2824.4999999999986,3363.6999999999994,3559.7,3817.0,3406.2000000000007,3505.0,3660.0,3653.0,4400.499999999998,6393.695999999998,10149.599999999999,6035.299999999999,5589.999999999996,5908.700000000002,4413.4,-7137.825,-5710.26,0.0,,4447.900000000005,5785.0999999999985,6078.899999999998,7137.6,8332.3,8730.400000000005,9613.700000000003,18033.434099999988,25083.51784,43659.58347540002,55453.20397115399,66257.61816721552,73952.31906494017,82706.94462850393,83050.34340035537,84771.87903568131,87230.89132797596,90351.07131694545,88716.09650937731,,,,,,,,,,,,,,,,,,,,,,,,,,,,,,,,,,,,,,,,,,,,,,,,,,,,,,,,,,,,,,,,,,,,,,,,,
,Other,,,,,,,,,,,,,,,,,,,,,,,,,,,,,,,,,,,,,,,,69.1,99,45.4,85,85.2,32,47,-4.8,38.9,38.3,1.8,49.8,32.1,20.3,32.3,2.5,-48.2,-70.7,-24.1,-66.9,-67.8,74.5,-36.8,-43.4,-39.4,-11.2,-57.6,-83.4,-26.8,-46,-16.5,0.6999999999999993,-52,33.8,11.9,-31.3,9.1,56,53.8,93.5,137.2,92.7,-123.3,86.5,44.7,-149,21.2,27.2,15.8,78.3,60.4,49.900000000000006,111.89999999999999,67.5,38,-15.399999999999999,-15.300000000000004,55.9,91.5,90.1,82.7,78.2,81.2,83.8,83.4,-34.6,81.5,77.6,77.3,-37.7,-119.2,111,43.5,35.7,-36.8,0,4,54.199999999999996,197.6,-62,,,,,,,,,,,,,,,,,,,,,,,-232.7,-181.3,-183.8,-182.3,134.0,214.0,85.0,279.0,313.0,201.0,100.0,6.8999999999999915,-229.5,-45.099999999999994,-179.0,-113.8,,,,,,,320.2,326.6,201.8,-2.4000000000000057,2.9000000000000057,-450.0,-82.47293348000025,317.5437850243198,1021.1778211911092,1924.7679298686307,3015.6861074219773,4247.174190179771,5638.4400912787105,7057.460627144856,8526.730061750075,10058.852003985692,11665.41077712059,,,,,,,,,,,,,,,,,,,,,,,,,,,,,,,,,,,,,,,,,,,,,,,,,,,,,,,,,,,,,,,,,,,,,,,,,
,Pretax,,,,,,,,,,,,,,,,,,,,,,,,,,,,,,,,,,,,,,,,720.2000000000004,657.4366336633661,596.2999999999997,761.6333333333337,837.4000000000008,779.3000000000002,821.0999999999999,937.7000000000005,2340.7000000000007,1253.7000000000003,817.6,2572.199999999999,2715.6000000000004,2723.200000000001,2883.299999999999,3042.000000000001,1507.9999999999998,1528.2,1393.4,1619.3000000000006,1264.8999999999999,1784,1745.3999999999999,1709.1,1488.8000000000006,1738.2000000000005,1663.5999999999985,1527.9,1210.1000000000006,1359.5,1185.499999999999,1139.3999999999999,1216.4,1477.3999999999999,1578.4,1513.3999999999999,1002.4000000000002,810.2000000000007,832.8000000000004,599.8000000000002,745.3999999999999,796.4999999999998,1263.1999999999996,917.1999999999994,699.1000000000001,996.2000000000003,1126.6999999999996,961.7999999999995,1038.0000000000002,976.1000000000001,1189.7000000000003,1103.2999999999997,1113.499999999999,648.0999999999999,1627.6999999999998,1555.1,1544.9000000000003,1278.0999999999976,1483.500000000001,1474.900000000001,1522.1999999999996,1683.3999999999976,1460.1999999999987,1422.399999999999,2244.999999999999,1920.7000000000007,1901.9999999999973,1986.799999999998,2320.9999999999995,2812.2999999999993,1890.9000000000017,1834.2999999999993,2195.300000000001,1689.299999999999,1807.0999999999992,2926.5999999999976,3316.000000000002,2704.7,4399.799999999998,4635.900000000005,6215.7341000000015,5301.5,7460.116999999999,8939.358,10175.098810000003,,,,,,,,,,,,,,,,,,2205.7,2643.1999999999985,3179.899999999999,3377.3999999999996,3951.0,3620.2000000000007,3590.0,3939.0,3966.0,4601.499999999998,6493.695999999998,10156.499999999998,5805.799999999999,5544.899999999996,5729.700000000002,4299.599999999999,-7137.825,-5710.26,0.0,0.0,4447.900000000005,5785.0999999999985,6399.099999999998,7464.200000000001,8534.099999999999,8728.000000000005,9616.600000000002,17583.434099999988,25001.04490652,43977.127260424335,56474.3817923451,68182.38609708415,76968.00517236214,86954.1188186837,88688.78349163408,91829.33966282617,95757.62138972603,100409.92332093115,100381.5072864979,,,,,,,,,,,,,,,,,,,,,,,,,,,,,,,,,,,,,,,,,,,,,,,,,,,,,,,,,,,,,,,,,,,,,,,,,
,Taxes,,,,,,,,,,,,,,,,,,,,,,,,,,,,,,,,,,,,,,,,230,208,205.3,224.1,195,222,219,220.6,226.6,257.6,263.1,263.3,197.9,-8,247.5,320,295.9,370.3,346,127.7,265.7,486.4,387.6,368.4,240,363.3,334,273.9,240.5,332.2,262.1,251.9,185.2,403.1,308.7,310.3,182.4,162.9,206.9,154.9,85.1,88.4,78.9,248.1,0,126.7,196.8,192.7,120.2,172,252.5,36,0,223.6,264.7,261.5,0,183.4,154.5,180.1,167.4,251.9,231.7,258.2,352.3,143.2,203.7,293.2,113.8,273.8,187.2,113.8,168.39999999999998,184.8,325.7,292.6599999999998,339.09999999999997,316.5,697.8000000000001,618.1,932.3601150000002,696.8,1492.0234,1787.8716000000002,2035.0197620000008,,,,,,,,,,,,,,,,,,885.2,568.7,698.7,800.9,850.0,779.0,788.0,866.0,832.0,912.0,1428.6131199999995,855.4,1109.7,1482.4,1211.6999999999998,1031.3999999999999,-1998.5910000000001,-1598.8728000000003,0.0,,,,685.4,1094.1,753.8999999999999,743.1999999999999,1142.2599999999998,2461.6807739999986,5000.208981304,8795.425452084868,11294.87635846902,13636.47721941683,15393.60103447243,17390.82376373674,17737.756698326815,18365.867932565234,19151.524277945206,20081.98466418623,20076.30145729958,,,,,,,,,,,,,,,,,,,,,,,,,,,,,,,,,,,,,,,,,,,,,,,,,,,,,,,,,,,,,,,,,,,,,,,,,
,Net,,,,,,,,,,,,,,,,,,,,,,,,,,,,,,,,,,,,,,,,490.2000000000004,449.43663366336614,390.9999999999997,537.5333333333336,642.4000000000008,557.3000000000002,602.0999999999999,717.1000000000005,2114.100000000001,996.1000000000003,554.5,2308.8999999999987,2517.7000000000003,2731.200000000001,2635.799999999999,2722.000000000001,1212.1,1157.9,1047.4,1491.6000000000006,999.1999999999998,1297.6,1357.7999999999997,1340.6999999999998,1248.8000000000006,1374.9000000000005,1329.5999999999985,1254,969.6000000000006,1027.3,923.3999999999991,887.4999999999999,1031.2,1074.2999999999997,1269.7,1203.1,820.0000000000002,647.3000000000008,625.9000000000004,444.9000000000002,660.2999999999998,708.0999999999998,1184.2999999999995,669.0999999999993,699.1000000000001,869.5000000000002,929.8999999999996,769.0999999999995,917.8000000000002,804.1000000000001,937.2000000000003,1067.2999999999997,1113.499999999999,424.4999999999999,1362.9999999999998,1293.6,1544.9000000000003,1094.6999999999975,1329.000000000001,1294.800000000001,1354.7999999999995,1431.4999999999975,1228.4999999999986,1164.199999999999,1892.6999999999991,1777.5000000000007,1698.2999999999972,1693.5999999999979,2207.1999999999994,2538.499999999999,1703.7000000000016,1720.4999999999993,2026.900000000001,1504.499999999999,1481.3999999999992,2633.939999999998,2976.900000000002,2388.2,3701.999999999998,4017.800000000005,5283.373985000001,4604.7,5968.093599999999,7151.4864,8140.079048000002,,,,,,,,,,,,,,,,,,1320.4999999999998,2074.499999999998,2481.199999999999,2576.4999999999995,3101.0,2841.2000000000007,2802.0,3073.0,3134.0,3689.499999999998,5065.082879999998,9301.099999999999,4696.099999999999,4062.499999999996,4518.000000000002,3268.2,-5139.2339999999995,-4111.3872,0.0,0.0,4447.900000000005,5785.0999999999985,5713.699999999998,6370.1,7780.199999999999,7984.800000000006,8474.340000000002,15121.75332599999,20000.835925216,35181.701808339465,45179.50543387608,54545.908877667316,61574.40413788972,69563.29505494695,70951.02679330726,73463.47173026094,76606.09711178082,80327.93865674493,80305.20582919833,80305.20582919833,80305.20582919833,80305.20582919833,80305.20582919833,80305.20582919833,80305.20582919833,80305.20582919833,80305.20582919833,80305.20582919833,80305.20582919833,80305.20582919833,80305.20582919833,80305.20582919833,80305.20582919833,80305.20582919833,80305.20582919833,80305.20582919833,80305.20582919833,80305.20582919833,80305.20582919833,80305.20582919833,80305.20582919833,80305.20582919833,80305.20582919833,80305.20582919833,80305.20582919833,80305.20582919833,80305.20582919833,80305.20582919833,80305.20582919833,80305.20582919833,80305.20582919833,80305.20582919833,80305.20582919833,80305.20582919833,80305.20582919833,80305.20582919833,80305.20582919833,80305.20582919833,80305.20582919833,80305.20582919833,80305.20582919833,80305.20582919833,80305.20582919833,80305.20582919833,80305.20582919833,80305.20582919833,80305.20582919833,80305.20582919833,80305.20582919833,80305.20582919833,80305.20582919833,80305.20582919833,80305.20582919833,80305.20582919833,80305.20582919833,80305.20582919833,80305.20582919833,80305.20582919833,80305.20582919833,80305.20582919833,80305.20582919833,80305.20582919833,80305.20582919833,80305.20582919833,80305.20582919833,80305.20582919833,80305.20582919833,80305.20582919833,80305.20582919833,80305.20582919833,80305.20582919833,80305.20582919833
,EPS,,,,,,,,,,,,,,,,,,,,,,,,,,,,,,,,,,,,,,,,0.4500550863018733,0.41270581603614886,0.35871559633027494,0.49269783073632784,0.587471422039324,0.512695492180313,0.5547774808808624,0.6600626649926551,1.941149410934013,0.913954668362268,0.5087720746982005,2.117813888471034,2.304244048338148,2.4963987218204564,2.4096936275406082,2.48816931251754,1.1054354299305693,1.0552687795737732,0.9546004285403109,1.3588746375286636,0.9071702950754779,1.1759950553105565,1.2301063501137424,1.2130858000104956,1.1256930791689996,1.236420863309353,1.1491789109766626,1.125833938596263,0.8695964125560544,0.9197096106207525,0.825939177101967,0.7926647916608983,0.9257729737494164,0.983902934032802,1.1712699843271033,1.1096077774918676,0.7599798327302926,0.6016716302484773,0.5814655644926047,0.4140969819040831,0.6172256720263004,0.6636139736616194,1.111409330470427,0.6281691278015764,0.6564978828858863,0.8179103073630742,0.8771954648834097,0.7250284223208069,0.8646271589772191,0.7612377473951678,0.8865680960354176,1.0106768305674578,1.059375448938293,0.4043477142685687,1.3230312266431112,1.2604526170761319,1.5171587522157357,1.1124988694117157,1.4373316894325308,1.4097603146156488,1.481176982500945,1.5701212991368967,1.3486809603794077,1.2773432314084667,2.0739849505419174,1.9481587023235432,1.8654765461607379,1.8595642497235774,2.4266811792579883,2.800639894086495,1.886836334640177,1.9036670347495295,2.2403319436031897,1.6655909609723631,1.641078587657679,2.9178496929762834,3.2931038297307484,2.642392913492114,4.094009607983648,4.439425564099198,5.844058833549582,5.11292471685543,6.6267972462802565,7.940802131912058,9.038506604485901,,,,,,,,,,,,,,,,,,1.1679856073746282,1.8497778839860668,2.243288082419047,2.347127012685326,2.842346471127406,2.618617511520738,2.5920444033302497,2.8218549127640036,2.8752293577981654,3.3973296500920793,4.644072193281929,8.497344665440634,4.275411286763509,3.6749972635404955,4.017927712429143,2.925542866247853,-4.6004067580559385,-3.6803254064447515,0.0,0.0,4.22794938893922,5.596676686012032,6.108029824443716,6.987407780965208,8.542418661081664,8.828216948500415,9.382934075464044,16.7223497551654,22.117869966974975,38.90558918253498,49.96163310848813,60.31944486208681,68.09188721451414,76.92638048992013,78.46099985547379,81.2393802502985,84.71464397443813,88.83043231633526,88.80529328087007,,,,,,,,,,,,,,,,,,,,,,,,,,,,,,,,,,,,,,,,,,,,,,,,,,,,,,,,,,,,,,,,,,,,,,,,,
,Shares,,,,,,,,,,,,,,,,,,,,,,,,,,,,,,,,,,,,,,,,1089.2,1089,1090,1091,1093.5,1087,1085.3,1086.412,1089.097,1089.879,1089.879,1090.228,1092.636,1094.056,1093.832,1093.977,1096.491,1097.256,1097.213,1097.673,1101.447,1103.406,1103.807,1105.198,1109.361,1112,1157,1113.841,1115,1116.983,1118,1119.641,1113.88,1091.876,1084.037,1084.257,1078.976,1075.836,1076.418,1074.386,1069.787,1067.036,1065.584,1065.159,1064.893,1063.075,1060.083,1060.786,1061.498,1056.306,1057.11,1056.025,1051.091,1049.839,1030.21,1026.298,1018.285,984.001,924.63,918.454,914.678,911.713,910.89,911.423,912.591,912.4,910.384,910.751,909.555,906.4,902.94,903.782,904.732,903.283,902.699,902.699,903.98,903.802,904.248,905.027,904.059,900.6,900.6,900.6,900.6,,,,,,,,,,,,,,,,552.471515,1117.11,1130.579,1121.486,1106.055,1097.725,1091.0,1085.0,1081.0,1089.0,1090.0,1086.0,1090.6554999999998,1094.589,1098.39725,1105.443,1124.46025,1117.1260000000002,1117.1260000000002,1117.1260000000002,1117.1260000000002,1117.1260000000002,1052.023,1033.667,935.44075,911.6542499999999,910.7724999999999,904.4635000000001,903.16525,904.2840000000001,904.2840000000001,904.2840000000001,904.2840000000001,904.2840000000001,904.2840000000001,904.2840000000001,904.2840000000001,904.2840000000001,904.2840000000001,904.2840000000001,904.2840000000001,,,,,,,,,,,,,,,,,,,,,,,,,,,,,,,,,,,,,,,,,,,,,,,,,,,,,,,,,,,,,,,,,,,,,,,,,
,,,,,,,,,,,,,,,,,,,,,,,,,,,,,,,,,,,,,,,,,,,,,,,,,,,,,,,,,,,,,,,,,,,,,,,,,,,,,,,,,,,,,,,,,,,,,,,,,,,,,,,,,,,,,,,,,,,,,,,,,,,,,,,,,,,,,,,,,,,,,,,,,,,,,,,,,,,,,,,,,,,,,,,,,,,,,,,,,,,,,,,,,,,,,,,,,,,,,,,,,,,,,,,,,,,,,,,,,,,,,,,,,,,,,,,,,,,,,,,,,,,,,,,,,,,,,,
,Revenue y/y,,,,,,,,,,,,,,,,,,,,,,,,,,,,,,,,,,,,,,,,,,,,,,,,,,,,,,0.5984310172158898,0.15215364534775344,-0.21831165519000262,-0.21628376429876006,-0.23718952785858127,-0.18168576851211593,0.1388542366375587,0.12136636820802149,0.12422020142759349,0.016684645810859378,0.04266936299292223,0.06447908121410983,0.08768939064484127,0.08723562283369879,-0.022611197310576814,-0.04055350047951767,-0.10432126407369491,-0.11476716383923491,-0.014882674912770955,-7.139797229771538e-05,0.05878046602981901,0.060652273771244936,-0.02492739999664273,-0.16403070332024272,-0.16764760443192728,-0.155389252676437,-0.11835490979203966,-0.00819969678204624,0.00873247426857926,0.017249159077856957,0.04965536094351042,0.047451934462936274,0.08558459035491195,0.046777022803798696,0.07160130962125155,0.07465416949291881,0.07761619301361744,0.08981643777568049,0.06947313601249894,-0.050590057953828205,0.09115258485998301,0.07138564863909491,0.04510851039654584,0.025847133244691012,-0.1130412890231619,-0.09655388574539325,-0.05044574907588628,0.15076294652500932,-0.024375532216861062,0.04820509074973489,0.21693545748961363,0.16140482610328055,0.22558824599047145,0.1798418283803087,0.07524092418112671,0.14759903608792735,-0.03740356083085994,0.024878192824450363,-0.08725109063863279,-0.108820629697443,0.19194192265602084,0.1638262623352298,0.2964160013147261,0.2597770179017844,0.4615812341592096,0.415970391275825,0.45438133167129724,0.4516154784849973,0.37645872225220534,0.5386390656689273,0.3993061250282366,,,,,,,,,,,,,,,0.09870154852361268,0.13957560053225015,0.07520587512291055,0.141377191603675,0.15637793106901854,0.08293997921358054,0.0859050875246179,0.07059343411095353,-0.04065697824404502,0.1280722826768972,0.10123162495033777,0.057074825023450515,0.07737201365187696,0.17624101118256408,0.056004917803201604,0.06985394754409513,0.04383313819191037,0.09059642455855088,-0.07855997118602187,0.05052382792082377,-0.15131678571892138,0.02113613075240739,0.07953450522458483,-0.07626922685609094,0.07604309559331512,0.03844024361306664,0.0994923675921735,0.15397780757052804,0.007871179617564783,0.12503941642666416,0.40657205498564286,0.44251862768128936,0.24096462828402898,0.27012672950485395,0.19483841189197726,0.11613307436294185,0.006543825897987521,0.004151994411036419,0.02072882019315725,0.029007405760814065,0.0357692090665227,-0.018095798796150975,,,,,,,,,,,,,,,,,,,,,,,,,,,,,,,,,,,,,,,,,,,,,,,,,,,,,,,,,,,,,,,,,,,,,,,,,
,Revenue CC y/y,,,,,,,,,,,,,,,,,,,,,,,,,,,,,,,,,,,,,,,,,,,,,,,,,,,,,,,,,,,,,,,,,,,,,,,,,,,,,,,,,,,,,,,,,,,,,,,,,,,,,,,,,,,,,,,,,,,,,,,,,0.47,,,,,,,,,,,,,,,,,,,,,,,,0.1,,,,,,,,,,,,,,,,,,,,,,,,,,,,,,,,,,,,,,,,,,,,,,,,,,,,,,,,,,,,,,,,,,,,,,,,,,,,,,,,,,,,,,,,,,,,,,,,,,,,,,,,,,,,
,Trulicity y/y,,,,,,,,,,,,,,,,,,,,,,,,,,,,,,,,,,,,,,,,,,,,,,,,,,,,,,,,,,,,,,,,,,,,,,,,,,,,,,,,,,,,10.029411764705882,6.846994535519125,3.544018058690745,2.3052917232021706,1.9955555555555557,1.5967966573816157,1.385494287133631,1.1662561576354684,0.9258160237388724,0.8189863234111021,0.6239067055393586,0.5467121470532499,0.42480739599383677,0.29691876750700286,0.31892793023852284,0.239279588336192,0.3064777765761868,0.3975218824599296,0.1957219251336897,0.09401878398418173,0.24360566178296517,0.18138929559134542,0.24865831842576025,0.4459606000361467,0.25379392971246006,0.1989121454144862,0.2450507944777287,0.15642772326729593,0.027870680044593144,0.13541606845460286,-0.05199016684973068,-0.09554690877648087,-0.13784732982129955,-0.26341611451115265,-0.3127724137931035,-0.22239483747609934,-0.25106331995447184,-0.24795715168577892,-0.12315350032113026,-0.19179345320424168,-0.23868181091025442,,,,,,,,,,,,,,,,,,,,,,,,,,,,,,,,,,,,23.3921568627451,2.719855305466238,1.1931928687196112,0.5760666075475416,0.2903003969866522,0.22782111536411676,0.2769425042421374,0.1495719892456504,-0.04130487378692982,-0.2634419908867859,-0.20224612163319688,-0.19999999999999996,-0.19999999999999996,-0.19999999999999996,-0.19999999999999996,-0.19999999999999996,-0.19999999999999996,-0.19999999999999996,-0.19999999999999996,-0.19999999999999996,-0.19999999999999996,,,,,,,,,,,,,,,,,,,,,,,,,,,,,,,,,,,,,,,,,,,,,,,,,,,,,,,,,,,,,,,,,,,,,,,,,
,Mounjaro y/y,,,,,,,,,,,,,,,,,,,,,,,,,,,,,,,,,,,,,,,,,,,,,,,,,,,,,,,,,,,,,,,,,,,,,,,,,,,,,,,,,,,,,,,,,,,,,,,,,,,,,,,,,,,,,,,,,,,,,2.177660510114336,2.1548433193834846,1.2086851628468032,0.6005168661588685,1.126653750345973,0.6820564255209005,1.0930703247984068,0.9872241579558654,,,,,,,,,,,,,,,,,,,,,,,,,,,,,,,,,,,,,,,,,,,,,1.235110689314559,0.9558669335621008,0.3999999999999999,0.3999999999999999,0.19999999999999996,0.10000000000000009,0.10000000000000009,-0.09999999999999998,-0.09999999999999998,-0.09999999999999998,-0.09999999999999998,-0.09999999999999987,,,,,,,,,,,,,,,,,,,,,,,,,,,,,,,,,,,,,,,,,,,,,,,,,,,,,,,,,,,,,,,,,,,,,,,,,
,Taltz y/y,,,,,,,,,,,,,,,,,,,,,,,,,,,,,,,,,,,,,,,,,,,,,,,,,,,,,,,,,,,,,,,,,,,,,,,,,,,,,,,,,,,,,,,,,,6.186528497409325,3.655384615384616,1.8140293637846656,0.5165631469979297,0.5868781542898343,0.7442167878387307,0.7797101449275363,0.7235494880546076,0.607451158564289,0.28836680560818495,0.36840390879478835,0.7564356435643564,0.11701526286037311,0.33676470588235285,0.17900499880980725,-0.09086809470124013,0.4400303643724697,0.304950495049505,0.30708661417322825,0.21056547619047628,0.06519065190651907,0.14634968807958182,0.09329626197096075,0.07969678344601516,0.16116793137578345,0.09457273128401256,0.10850522746538571,0.14629981024667926,0.1716152862622533,0.1819403386186509,0.21335712464950296,0.2612150306240688,0.027767673093245904,0.024897680763983576,0.19999999999999996,,,,,,,,,,,,,,,,,,,,,,,,,,,,,,,,,,,,,,,0.6768020032194597,0.45749333333333353,0.3089139344262295,0.23723790886217522,0.12165582067968184,0.11188557614826755,0.18143276443091638,0.12053735737946258,0.19999999999999996,0.10000000000000009,0.10000000000000009,0.10000000000000009,0.050000000000000044,0.050000000000000044,0.050000000000000044,0.050000000000000044,0.050000000000000044,0.050000000000000044,,,,,,,,,,,,,,,,,,,,,,,,,,,,,,,,,,,,,,,,,,,,,,,,,,,,,,,,,,,,,,,,,,,,,,,,,
,Verzenio y/y,,,,,,,,,,,,,,,,,,,,,,,,,,,,,,,,,,,,,,,,,,,,,,,,,,,,,,,,,,,,,,,,,,,,,,,,,,,,,,,,,,,,,,,,,,,,,,,,2.957142857142857,2.683501683501684,1.3206239168110918,0.8603550295857987,1.1552346570397112,0.7184643510054844,0.5578790141896937,0.4910941475826973,0.5723059743160248,0.43085106382978733,0.6361457334611698,0.4313139931740615,0.4350142045454546,0.7449814126394052,0.7242894813946674,0.8411326378539494,0.9995050730017321,0.5997017469109502,0.5748513169073917,0.683988991419783,0.4175742574257426,0.39872153415900913,0.43709538195943054,0.3163814651028647,0.357778941854374,0.1033990288489004,0.1181770403183422,0.07368728547433001,0.10000000000000009,,,,,,,,,,,,,,,,,,,,,,,,,,,,,,,,,,,,,,,11.142857142857142,1.2729411764705882,0.5745341614906831,0.4791803637957486,0.8398399881472702,0.5555242390078914,0.3736184091320891,0.09844536152411099,0.010000000000000009,0.010000000000000009,0.010000000000000009,0.010000000000000009,-0.9,-0.9,-0.9,-0.9,-0.9,-0.9,,,,,,,,,,,,,,,,,,,,,,,,,,,,,,,,,,,,,,,,,,,,,,,,,,,,,,,,,,,,,,,,,,,,,,,,,
,Jardiance y/y,,,,,,,,,,,,,,,,,,,,,,,,,,,,,,,,,,,,,,,,,,,,,,,,,,,,,,,,,,,,,,,,,,,,,,,,,,,,,,,,,,,,,0.9792746113989639,2.612612612612613,2.0844155844155843,4.212328767123287,0.9371727748691099,1.57356608478803,1.6778947368421053,0.8817345597897503,1.0405405405405403,0.4263565891472867,0.3121069182389937,0.34916201117318435,0.34834437086092707,0.5754076086956523,0.44218094667465535,0.38716356107660466,0.3138506876227898,0.1297973264338077,0.2912339011217284,0.17014925373134338,0.16635514018691588,0.36068702290076327,0.25611325611325597,0.3772321428571428,0.3442307692307691,0.29312762973352036,0.4684938524590163,0.41768927992590865,0.3769670958512161,0.44967462039045536,0.22239665096807948,0.30344602319124636,0.18874458874458866,0.15157863235074087,-0.020547945205479423,0.5015662197719584,0.47764020393299345,-0.10343035343035345,0.3971445221445222,-0.20811081441922574,,,,,,,,,,,,,,,,,,,,,,,,,,,,,,,,,,,,,,,,,,,,,,,,,,,,,,,,,,,,,,,,,,,,,,,,,,,,,,,,,,,,,,,,,,,,,,,,,,,,,,,,,,,,,,,,,,,,,,,,,,,,,,,,,
,EPS,,,,,,,,,,,,,,,,,,,,,,,,,,,,,,,,,,,,,,,,,,,,,0.24227833061457504,0.5465663789261905,0.3396906254005698,2.3042448332134815,0.7826461950651085,-0.08292587166590759,2.2085042842024705,0.1870513600647703,1.731425100430636,3.736293022705735,0.17487628448498183,-0.5202611326140456,-0.5772835603744275,-0.6038498763369353,-0.4538656872374378,-0.17935478589422826,0.1144033426114861,0.28860862968049394,-0.10728645122357194,0.24088397214917667,0.05138270584210858,-0.06578897761937152,-0.07192554839359067,-0.22750132460794636,-0.2561516568402964,-0.2812788598774242,-0.2959309854797715,0.06460072785746562,0.06979738242457056,0.4181068252953246,0.3998449144774898,-0.17908617525056403,-0.3884847687338858,-0.5035597494401278,-0.6268077871262776,-0.18783940646311048,0.10295041397840432,0.9113932076790461,0.5169613768087753,0.06362698870035399,0.23250916922393094,-0.2107359180508961,0.15419301941534758,0.3170296226644651,-0.06928945565023825,0.010684769275743689,0.3939823591084801,0.2252396167978863,-0.46882860755108235,0.492306380704971,0.24713714508369033,0.4321256488775851,1.7513420507993556,0.08639286850351269,0.11845562103386764,-0.023716548886028588,0.41134642228191165,-0.061677293908494524,-0.09392879189061565,0.4002276399407889,0.24076955289661717,0.3831859431276812,0.45580624220564636,0.17005727482444555,0.43758303199128945,0.011450043970479884,0.023716730966681032,-0.07679180818956166,-0.4052819984142799,-0.130248576662779,0.5327521250900857,0.4699178124623602,0.586459686326287,1.4947066147679449,0.5214716422115862,0.774635461168379,0.9349600472922586,0.6186569844285339,0.7887003661302117,0.5466145810506953,,,,,,,,,,,,,,,,,,,,,,,-0.07871276843949515,-0.010147762349246858,0.08865994314699788,0.018914666658705448,0.1815856153798232,0.36697720609951956,0.8297184694356847,-0.4968532576827275,-0.1404342139157161,0.09331447734420006,-0.27187767535042584,-2.572496787222324,-0.19999999999999984,-1.0,,,0.32373313187086694,0.09136728224979063,,,,,,,,,,,,,,,,,,,,,,,,,,,,,,,,,,,,,,,,,,,,,,,,,,,,,,,,,,,,,,,,,,,,,,,,,,,,,,,,,,,,,,,,,
,,,,,,,,,,,,,,,,,,,,,,,,,,,,,,,,,,,,,,,,,,,,,,,,,,,,,,,,,,,,,,,,,,,,,,,,,,,,,,,,,,,,,,,,,,,,,,,,,,,,,,,,,,,,,,,,,,,,,,,,,,,,,,,,,,,,,,,,,,,,,,,,,,,,,,,,,,,,,,,,,,,,,,,,,,,,,,,,,,,,,,,,,,,,,,,,,,,,,,,,,,,,,,,,,,,,,,,,,,,,,,,,,,,,,,,,,,,,,,,,,,,,,,,,,,,,,,
,Gross Margin,,,,,,,,,,,,,,,,,,,,,,,,,,,,,,,,,,,,,,,,0.7393098048662974,0.7323517806863485,0.7384033386375236,0.7471169276465957,0.7539447731755425,0.765402292163593,0.763986732819824,0.7699883242804204,0.812220540083794,0.7859082364408551,0.7618150603271496,0.821233027647348,0.8090523125853248,0.758,0.758,0.758,0.758,0.8331084672308762,0.8147257260193606,0.8108773822366055,0.7587967644084934,0.7953696107920882,0.8218901664724199,0.8253519134186885,0.8008469097491596,0.7979003973147007,0.8036079836233367,0.7823555244709747,0.7814396507532287,0.786180922461802,0.7952504240692795,0.7788516306844281,0.7904587648767059,0.7932345590860407,0.8034976474357893,0.7924505422166788,0.7613104255612174,0.7389122589737568,0.7589553448415594,0.7401345475428666,0.7553160330384864,0.7432126940383663,0.792335348584972,0.750609915922334,0.7415730337078652,0.7280631436147253,0.7597690941385434,0.730165456401564,0.745508202412985,0.7421915345332135,0.7301478289236475,0.7196359137504418,0.733001120002597,0.6834481647125186,0.7320776686807654,0.7422755241755885,0.7524772466064051,0.8015553504448065,0.8095905478285552,0.7957857064602126,0.7989139324151919,0.8026383153008634,0.7964868894788523,0.7909800369299377,0.7688471929140737,0.7544081344774892,0.7925816023738872,0.7900782518824745,0.7437217965224565,0.7608865443464232,0.7982089736278304,0.7725131455737232,0.8049822648899602,0.784359644837792,0.7826255625096984,0.78523772389122,0.8247467331481149,0.8250059874776182,0.8202995744379661,0.8224176515840269,0.81,0.8252541600540532,0.81,0.81,0.81,,,,,,,,,,,,,,,,,,,,,,,,,,0.7628668941979522,0.7781860804004181,0.78,1.0500260329761233,0.8226351805673149,0.8005736783929697,0.7877523840635249,0.7819921368997569,,,,,,,0.8014453858319929,0.7882876458339276,0.7690061267369388,0.7834794368881696,0.7952083761546176,0.8181625256197732,0.79,0.79,0.79,0.79,0.79,0.85,0.85,0.85,0.85,0.85,0.85,,,,,,,,,,,,,,,,,,,,,,,,,,,,,,,,,,,,,,,,,,,,,,,,,,,,,,,,,,,,,,,,,,,,,,,,,
,SG&A,,,,,,,,,,,,,,,,,,,,,,,,,,,,,,,,,,,,,,,,0.33064321850156586,0.33962346804642624,0.34410184045395864,0.32022287121113957,0.3259916721455183,0.3324800744662284,0.3393547326005318,0.3305497741002081,0.25034327359785935,0.3102415929819675,0.36356049406266394,0.25050429711999733,0.26340819418815725,0.24840590855202022,0.2536137838442605,0.24264002707116478,0.3298339890605508,0.3126047671613721,0.33405690818421824,0.30596907587198846,0.3291708796764408,0.29430316288396685,0.3053559935289718,0.2997276649925727,0.3214216446858029,0.30581244006028224,0.3267336233367452,0.31193376815601565,0.35278554065450696,0.32976938454947874,0.3448084992411392,0.3229030776297657,0.33194568008997366,0.2948946804712603,0.3149569118167867,0.2862488306828812,0.3363173116650599,0.3170762956161517,0.337122133073993,0.34295266223644266,0.35145373245074496,0.32800826748767414,0.3284793219113423,0.3177006673790754,0.33454870154029315,0.30295369057162236,0.30021462403789223,0.30151973342065225,0.3107542748025345,0.29984889925979763,0.2971000806963927,0.27898550724637683,0.29274270780917755,0.3021878399613199,0.26021210976837866,0.2666820633794685,0.2891156462585034,0.2979320908858822,0.28141853533919947,0.25787897600701165,0.2777486996630574,0.26444588552510334,0.26341055387860496,0.2733337978608508,0.2088547196946278,0.23157399788409544,0.2501038575667657,0.23296914218219408,0.19900248753109415,0.1994724779452248,0.27464973257910874,0.232543398400922,0.22503731905394483,0.2513146173960519,0.24897843066259767,0.19980937527077383,0.20331069161129478,0.22264292964428684,0.1873269218859211,0.23901146933351972,0.15377106120815448,0.19396301126632204,0.14970271955366155,0.17087348302349895,0.12088003068346227,,,,,,,,,,,,,,,,,,,,,,0.2938343795683206,0.30691454079346014,0.32220897894318634,0.30911321163143085,0.30696245733788396,0.30107390629454817,0.2636416521233276,0.33758834028714957,0.32861448926124026,0.32216426568252204,0.3300163753858267,0.3414994432197805,0.3088216206393776,0.2911066135799385,0.0,0.0,0.2995063632085389,0.2780008467833863,0.27840478868064855,0.24943866926923092,0.22711654925225563,0.23114493332492445,0.22464512833928157,0.19751132008171762,0.25,0.25,0.25,0.25,0.25,0.25,0.25,0.25,0.25,0.25,0.25,,,,,,,,,,,,,,,,,,,,,,,,,,,,,,,,,,,,,,,,,,,,,,,,,,,,,,,,,,,,,,,,,,,,,,,,,
,R&D,,,,,,,,,,,,,,,,,,,,,,,,,,,,,,,,,,,,,,,,0.21259937364490483,0.2187299766684323,0.22890083165700903,0.2245656702582555,0.22189349112426032,0.21554482517889348,0.21243935199144762,0.20021320879232446,0.15667359081787136,0.19359929448351085,0.2037293147026563,0.1431525774244402,0.14306074380785214,0.14052036271588322,0.14194077720593723,0.14021097853433181,0.19884847903272238,0.19365059896152745,0.20346142563801703,0.2017439769866954,0.2050387596899225,0.1894266703126424,0.2065162558491485,0.2157105467921058,0.23243147142487713,0.19249212220852172,0.20160568065506657,0.20834078821099203,0.22411654788087243,0.20553691275167782,0.23581823051513262,0.24672485071198896,0.2455978379467208,0.2406461977865048,0.22436210938158763,0.23860998510203374,0.25399394022861865,0.23687301146676343,0.24219952994570063,0.2549840019689884,0.2315232460508074,0.22376041509677697,0.2349006768835238,0.230538137387342,0.2686583823201131,0.25097120305851883,0.24716918294849025,0.23814935377621976,0.25181841854005726,0.24067096379320235,0.21841251309170198,0.2368328031106398,0.24135244371581155,0.23709657923365166,0.20976523162134944,0.22159718900014846,0.22579442735998506,0.2416488285776007,0.24875816065852963,0.25214549172844464,0.2586607347312637,0.23756783507969564,0.25279121358693685,0.2552694840260601,0.24703969032674294,0.24569472199365225,0.24818991097922857,0.2523106452089178,0.24492806160077002,0.20615613116349343,0.25048166587031234,0.2597277245552114,0.27333981566441606,0.28520732162868884,0.3047250814669219,0.2231670937155731,0.27071823204419887,0.2877182578150839,0.2262202836490396,0.18356178753758998,0.20475376626734776,0.21477506638802027,0.18078443471721398,0.13123153493023046,0.1609577338836687,,,,,,,,,,,,,,,,,,,,,,,,,,,,,,,,,,,,,,,,0.25067990483572516,0.24799204560735785,0.2476543602238819,0.2464490179178316,0.2711661714969075,,,,,,,,,,,,,,,,,,,,,,,,,,,,,,,,,,,,,,,,,,,,,,,,,,,,,,,,,,,,,,,,,,,,,,,,,,,,,,,,,,,,,
,Tax Rate,,,,,,,,,,,,,,,,,,,,,,,,,,,,,,,,,,,,,,,,0.3193557345181892,0.31638030092874975,0.34428978701995655,0.2942360716005075,0.23286362550752307,0.2848710381111253,0.2667153818048959,0.23525647861789473,0.09680864698594434,0.20547180346175317,0.32179549902152643,0.10236373532384734,0.07287523935778464,0.22,0.22,0.22,0.22,0.24231121580944903,0.24831347782402755,0.07886123633668866,0.21005613091944028,0.2726457399103139,0.2220694396699897,0.2155520449359312,0.16120365394948946,0.20900931998619257,0.20076941572493406,0.1792656587473002,0.19874390546235837,0.24435454211107024,0.22108814846056535,0.22108127084430404,0.15225254850378164,0.27284418573169084,0.1955778003041054,0.20503502048367916,0.18196328810853948,0.20106146630461597,0.2484390009606147,0.25825275091697225,0.11416689026026296,0.1109855618330195,0.062460417986067156,0.27049716528565215,0,0.12718329652680183,0.17466938847963084,0.20035350384695372,0.11579961464354525,0.17621145374449337,0.212238379423384,0.03262938457355208,0,0.34500848634469994,0.16262210481046876,0.16815638865667804,0,0.14349424927626972,0.1041456016177957,0.12210997355752924,0.1099724083563264,0.14963763811334227,0.15867689357622258,0.18152418447694052,0.1569265033407573,0.07455615140313424,0.1070977917981074,0.1475739883229315,0.04903059026281776,0.0973580343491093,0.09900047596382666,0.062040015264678644,0.07670933357627654,0.10939442372580366,0.18023352332466389,0.1,0.10226176115802164,0.11701852331127298,0.1585981180962772,0.1333290191764273,0.15,0.13143449966990473,0.2,0.2,0.2,,,,,,,,,,,,,,,,,,,,,,,,,,,,,,,,,,,,,,,,0.10710881217671239,0.14657967364218533,0.08833971947832812,0.08515123739688353,0.11878002620468768,0.14,0.2,0.2,0.2,0.2,0.2,0.19999999999999998,0.19999999999999998,0.2,0.19999999999999998,0.2,0.2,,ROIC,0.02,,,,,,,,,,,,,,,,,,,,,,,,,,,,,,,,,,,,,,,,,,,,,,,,,,,,,,,,,,,,,,,,,,,,,,
,,,,,,,,,,,,,,,,,,,,,,,,,,,,,,,,,,,,,,,,,,,,,,,,,,,,,,,,,,,,,,,,,,,,,,,,,,,,,,,,,,,,,,,,,,,,,,,,,,,,,,,,,,,,,,,,,,,,,,,,,,,,,,,,,,,,,,,,,,,,,,,,,,,,,,,,,,,,,,,,,,,,,,,,,,,,,,,,,,,,,,,Mat,0.0,,,,,,,,,,,,,,,,,,,,,,,,,,,,,,,,,,,,,,,,,,,,,,,,,,,,,,,,,,,,,,,,,,,,,,
,Net Cash,,,,,,,,,,,,,,,,,,,,,,,,,,,,,,,,,,,,,,,,,,,,,,,,,,,,,,,,,,,,-1008.2,289.39999999999986,,,,1939.5,2544.199999999999,2923.8999999999996,3939.9000000000015,4031.9000000000005,4299.8,6604.200000000001,,,,,,,,,,,,,,,,,,,,,,,,,,-11716.6,-11565.600000000002,-11747,-10916.3,-13304.199999999999,-11533.899999999998,-10815.599999999999,-9947.199999999999,-9920.7,-9768.999999999998,-9909.600000000002,-9763.5,-11213.199999999999,-11489.9,-10571.7,-11125,-12463.899999999998,-13245.8,-14982.699999999999,-19245.4,-20538.2,-22650.4,-24401.1,-27005.1,-32072.5,-33150.399999999994,0,0,,,,,,,,,,,,,,,,,,,,,,,,,,,,,,,,,,,,,,,,-10916.3,-9947.199999999999,-9763.5,-11125.0,-19245.4,-4123.646674000012,15877.189251215988,51058.891059555455,96238.39649343153,150784.30537109886,212358.70950898857,281922.0045639355,352873.0313572428,426336.5030875037,502942.60019928456,583270.5388560295,663575.7446852279,,Dis,0.07,,,,,,,,,,,,,,,,,,,,,,,,,,,,,,,,,,,,,,,,,,,,,,,,,,,,,,,,,,,,,,,,,,,,,,
,,,,,,,,,,,,,,,,,,,,,,,,,,,,,,,,,,,,,,,,,,,,,,,,,,,,,,,,,,,,,,,,,,,,,,,,,,,,,,,,,,,,,,,,,,,,,,,,,,,,,,,,,,,,,,,,,,,,,,,,,,,,,,,,,,,,,,,,,,,,,,,,,,,,,,,,,,,,,,,,,,,,,,,,,,,,,,,,,,,,,,,NPV,933746.2496709151,,,,,,,,,,,,,,,,,,,,,,,,,,,,,,,,,,,,,,,,,,,,,,,,,,,,,,,,,,,,,,,,,,,,,,
,Cash,,,,,,,,,,,,,,,,,,,,,,,,,,,,,,,,,,,,,,,,,,,,,,,,,,,,,,,,,,,,,,,,8506.5,8611.8,9272.8,10003.9,10926.900000000001,9445.7,9809.1,12124.2,,,,,,,,,,,,,,,,,,,,,,,,,,4248.5,4220.599999999999,3478.3,4400.9,3926.1,4794.3,6106.5,6648.1,6283.8,6746.1,7175.799999999999,7121.2,5295.6,5323.9,5316.7,5113.6,6419.700000000001,5574.2,5185.6,5979.9,5673.2,6241.6,6718.6,6639.1,6443.4,6753.4,,,,,,,,,,,,,,,,,,,,,,,,,,,,,,,,,,,,,,,,,,4400.9,6648.1,7121.2,5113.6,5979.9,,,,,,,,,,,,,,Share,1036.3443392573975,,,,,,,,,,,,,,,,,,,,,,,,,,,,,,,,,,,,,,,,,,,,,,,,,,,,,,,,,,,,,,,,,,,,,,
,A/R,,,,,,,,,,,,,,,,,,,,,,,,,,,,,,,,,,,,,,,,,,,,,,,,,,,,,,,,,,,,,,,,3493.8,3694.3,3833.6,3533.2,3597.7,3402.1,3181.7,3268.2,,,,,,,,,,,,,,,,,,,,,,,,,,4200.5,4612.5,4441.7,4547.3,5106.1,4828.9,4886.7,5875.3,5592.8,5829.4,5914.3,6672.8,6322.5,6364.5,6715.3,6896,7526.2,7516.1,8167.1,9090.5,7885.6,11027.9,10294.8,11005.7,12036.6,14170.4,,,,,,,,,,,,,,,,,,,,,,,,,,,,,,,,,,,,,,,,,,4547.3,5875.3,6672.8,6896.0,9090.5,,,,,,,,,,,,,,,,,,,,,,,,,,,,,,,,,,,,,,,,,,,,,,,,,,,,,,,,,,,,,,,,,,,,,,,,,,,,,,,,,,,,,
,Other Receivables,,,,,,,,,,,,,,,,,,,,,,,,,,,,,,,,,,,,,,,,,,,,,,,,,,,,,,,,,,,,,,,,664.3,488.8,612.9,564.4,640.2,529.2,590,527.3,,,,,,,,,,,,,,,,,,,,,,,,,,977.5,977.5,1096.2,994.2,1246.4,946.7,958.1,1053.7,1065.8,1073.4,1110.7,1454.4,1483.2,1307.9,1609.5,1662.9,1495.9,1655.3,2196.7,2245.7,2127.9,2051.1,1756.9,2269.7,1966.6,3035.2,,,,,,,,,,,,,,,,,,,,,,,,,,,,,,,,,,,,,,,,,,994.2,1053.7,1454.4,1662.9,2245.7,,,,,,,,,,,,,,,,,,,,,,,,,,,,,,,,,,,,,,,,,,,,,,,,,,,,,,,,,,,,,,,,,,,,,,,,,,,,,,,,,,,,,
,Inventories,,,,,,,,,,,,,,,,,,,,,,,,,,,,,,,,,,,,,,,,,,,,,,,,,,,,,,,,,,,,,,,,2517.7,2767.2,2870.2,2513.3,2299.8,2424.2,2320.8,2553.4,,,,,,,,,,,,,,,,,,,,,,,,,,3055.2,3181.1,3101.3,3190.7,3102.4,3313.9,3555.4,3980.3,3660.8,3824.9,3907.4,3886,3893,3899.4,3831.1,4309.7,4544.8,4798.7,4901.4,5772.8,6101.8,6481.5,7459.8,7589.2,9311,11013.8,,,,,,,,,,,,,,,,,,,,,,,,,,,,,,,,,,,,,,,,,,3190.7,3980.3,3886.0,4309.7,5772.8,,,,,,,,,,,,,,,,,,,,,,,,,,,,,,,,,,,,,,,,,,,,,,,,,,,,,,,,,,,,,,,,,,,,,,,,,,,,,,,,,,,,,
,Prepaid Taxes,,,,,,,,,,,,,,,,,,,,,,,,,,,,,,,,,,,,,,,,,,,,,,,,,,,,,,,,,,,,,,,,828.3,550.1,436.5,378.4,158.5,324,0,0,,,,,,,,,,,,,,,,,,,,,,,,,,2227.2,2315.5,2369.6,2538.9,2761.9,3104.5,3209.4,2871.5,3233.7,3296.6,3050.6,2530.6,2697.7,2806.7,2741.9,2954.1,3575.2,4532.4,5247.9,5540.8,6348.6,7137.6,8250.6,8340.5,14653.9,18019.8,,,,,,,,,,,,,,,,,,,,,,,,,,,,,,,,,,,,,,,,,,2538.9,2871.5,2530.6,2954.1,5540.8,,,,,,,,,,,,,,,,,,,,,,,,,,,,,,,,,,,,,,,,,,,,,,,,,,,,,,,,,,,,,,,,,,,,,,,,,,,,,,,,,,,,,
,Prepaid Expenses,,,,,,,,,,,,,,,,,,,,,,,,,,,,,,,,,,,,,,,,,,,,,,,,,,,,,,,,,,,,,,,,608.9,1140.8,867.3,799.1,654.9,998.5,953.3,790.1,,,,,,,,,,,,,,,,,,,,,,,,,,,,,,,,,,,,,,,,,,,,,149.5,138.6,142.2,134.6,111.4,72.4,68.8,,,,,,,,,,,,,,,,,,,,,,,,,,,,,,,,,,,,,,,,,,0.0,0.0,,0.0,149.5,,,,,,,,,,,,,,,,,,,,,,,,,,,,,,,,,,,,,,,,,,,,,,,,,,,,,,,,,,,,,,,,,,,,,,,,,,,,,,,,,,,,,
,Goodwill,,,,,,,,,,,,,,,,,,,,,,,,,,,,,,,,,,,,,,,,,,,,,,,,,,,,,,,,,,,,,,,,4818.8,4731.3,4955.4,5221.9,5128.1,5266.7,5142.8,5031.1,,,,,,,,,,,,,,,,,,,,,,,,,,10497.4,10406.7,10461.8,10297.4,11545.8,11435.7,11315,11216.5,11965.2,11869.599999999999,11771.8,11583.9,11374.4,11389.5,11015.7,11279.6,11160.2,10982.4,10866.9,11846.3,11701.8,12404.3,12305.7,11936.6,11782.7,11678.8,,,,,,,,,,,,,,,,,,,,,,,,,,,,,,,,,,,,,,,,,,10297.4,11216.5,11583.9,11279.6,11846.3,,,,,,,,,,,,,,,,,,,,,,,,,,,,,,,,,,,,,,,,,,,,,,,,,,,,,,,,,,,,,,,,,,,,,,,,,,,,,,,,,,,,,
,DT,,,,,,,,,,,,,,,,,,,,,,,,,,,,,,,,,,,,,,,,,,,,,,,,,,,,,,,,,,,,,,,,,,,,,,,,,,,,,,,,,,,,,,,,,,,,,,,,,2511,2507.4,2412.8,2572.6,2471.6,2481.8,2555.3,2830.4,2649.9,2674.9,2625.6,2489.3,2464.9,2371.9,2384.3,2792.9,3406.7,3805.9,4574.8,5477.3,5633.9,6655.3,7392.3,8000.6,8573.2,9427.4,,,,,,,,,,,,,,,,,,,,,,,,,,,,,,,,,,,,,,,,,,2572.6,2830.4,2489.3,2792.9,5477.3,,,,,,,,,,,,,,,,,,,,,,,,,,,,,,,,,,,,,,,,,,,,,,,,,,,,,,,,,,,,,,,,,,,,,,,,,,,,,,,,,,,,,
,Sundry,,,,,,,,,,,,,,,,,,,,,,,,,,,,,,,,,,,,,,,,,,,,,,,,,,,,,,,,,,,,,,,,1622.4,1743.3,1976.9,2215.8,2493.4,2093.2,2195,2387.8,,,,,,,,,,,,,,,,,,,,,,,,,,1963,2052.1,2194.2,,,,,,0,0,0,0,0,0,0,0,0,0,0,0,0,0,0,0,0,0,,,,,,,,,,,,,,,,,,,,,,,,,,,,,,,,,,,,,,,,,,0.0,0.0,,0.0,0.0,,,,,,,,,,,,,,,,,,,,,,,,,,,,,,,,,,,,,,,,,,,,,,,,,,,,,,,,,,,,,,,,,,,,,,,,,,,,,,,,,,,,,
,PP&E,,,,,,,,,,,,,,,,,,,,,,,,,,,,,,,,,,,,,,,,,,,,,,,,,,,,,,,,,,,,,,,,7940.7,7967.7,7953.7,7812.2,7760.3,7754.6,7619.9,7638.9,,,,,,,,,,,,,,,,,,,,,,,,,,7780,7847.5,7801.5,7872.9,7897.9,7981.1,8281.1,8681.9,8630.1,8855.5,8920.4,8985.1,9102.7,9128.2,9311.3,10144,10546.2,11277.4,11863.2,12913.6,13624,14829.4,16171.8,17102.4,18474.1,20529.7,,,,,,,,,,,,,,,,,,,,,,,,,,,,,,,,,,,,,,,,,,7872.9,8681.9,8985.1,10144.0,12913.6,,,,,,,,,,,,,,,,,,,,,,,,,,,,,,,,,,,,,,,,,,,,,,,,,,,,,,,,,,,,,,,,,,,,,,,,,,,,,,,,,,,,,
,ONCA,,,,,,,,,,,,,,,,,,,,,,,,,,,,,,,,,,,,,,,,,,,,,,,,,,,,,,,,,,,,,,,,,,,,,,,,,,,,,,,,,,,,,,,,,,,,,,,,,546.5,545.5,535.7,2871.2,3044.6,3080.1,3078.5,3475.4,3756.2,3638.6,3710.4,4082.7,4285.3,4471.6,4535.7,4337,4488.1,4671.6,4911.9,4989.9,4708.1,4903.9,5121.8,5719.7,6074.9,6225.3,,,,,,,,,,,,,,,,,,,,,,,,,,,,,,,,,,,,,,,,,,2871.2,3475.4,4082.7,4337.0,4989.9,,,,,,,,,,,,,,,,,,,,,,,,,,,,,,,,,,,,,,,,,,,,,,,,,,,,,,,,,,,,,,,,,,,,,,,,,,,,,,,,,,,,,
,Assets,,,,,,,,,,,,,,,,,,,,,,,,,,,,,,,,,,,,,,,,,,,,,,,,,,,,,,,,,,,,,,,,31001.4,31695.3,32779.299999999996,33042.2,33659.80000000001,32238.200000000004,31812.6,34321,,,,,,,,,,,,,,,,,,,,,,,,,,38006.8,38666.4,37893.1,39286.1,41102.799999999996,41967,43946,46633.100000000006,46838.299999999996,47808.99999999999,48187,48806,46919.3,47063.6,47461.5,49489.8,53162.99999999999,54814,57915.50000000001,64006.3,63943.5,71874.79999999999,75606.90000000001,78714.90000000001,89388.79999999999,100922.6,,,,,,,,,,,,,,,,,,,,,,,,,,,,,,,,,,,,,,,,,,39286.1,46633.100000000006,48806.0,49489.8,64006.3,,,,,,,,,,,,,,,,,,,,,,,,,,,,,,,,,,,,,,,,,,,,,,,,,,,,,,,,,,,,,,,,,,,,,,,,,,,,,,,,,,,,,
,,,,,,,,,,,,,,,,,,,,,,,,,,,,,,,,,,,,,,,,,,,,,,,,,,,,,,,,,,,,,,,,,,,,,,,,,,,,,,,,,,,,,,,,,,,,,,,,,,,,,,,,,,,,,,,,,,,,,,,,,,,,,,,,,,,,,,,,,,,,,,,,,,,,,,,,,,,,,,,,,,,,,,,,,,,,,,,,,,,,,,,,,,,,,,,,,,,,,,,,,,,,,,,,,,,,,,,,,,,,,,,,,,,,,,,,,,,,,,,,,,,,,,,,,,,,,,
,Debt,,,,,,,,,,,,,,,,,,,,,,,,,,,,,,,,,,,,,,,,,,,,,,,,,,,,,,,,,,,,,,,,6926.5,6672.299999999999,6728.6,7080,6987,5413.8,5509.3,5520,,,,,,,,,,,,,,,,,,,,,,,,,,15965.1,15786.2,15225.300000000001,15317.199999999999,17230.3,16328.199999999999,16922.1,16595.3,16204.5,16515.1,17085.4,16884.7,16508.8,16813.8,15888.4,16238.6,18883.6,18820,20168.3,25225.3,26211.4,28892,31119.7,33644.2,38515.9,39903.799999999996,,,,,,,,,,,,,,,,,,,,,,,,,,,,,,,,,,,,,,,,,,15317.199999999999,16595.3,16884.7,16238.6,25225.3,,,,,,,,,,,,,,,,,,,,,,,,,,,,,,,,,,,,,,,,,,,,,,,,,,,,,,,,,,,,,,,,,,,,,,,,,,,,,,,,,,,,,
,A/P,,,,,,,,,,,,,,,,,,,,,,,,,,,,,,,,,,,,,,,,,,,,,,,,,,,,,,,,,,,,,,,,1072.2,1183.2,1187.6,1154.3,1125.2,1246.3,1201.6,1328.7,,,,,,,,,,,,,,,,,,,,,,,,,,1168.1,1198.9,1114.9,1405.3,1207.7,1247.2,1430.1,1606.7,1639.6,1597.8,1566.8,1670.6,1433.3,1659.3,1683.2,1930.6,2015.9,2474.2,2435.1,2598.8,2473.7,2924.8,2886.5,3228.6,3442,4075.7,,,,,,,,,,,,,,,,,,,,,,,,,,,,,,,,,,,,,,,,,,1405.3,1606.7,1670.6,1930.6,2598.8,,,,,,,,,,,,,,,,,,,,,,,,,,,,,,,,,,,,,,,,,,,,,,,,,,,,,,,,,,,,,,,,,,,,,,,,,,,,,,,,,,,,,
,Employees Comp,,,,,,,,,,,,,,,,,,,,,,,,,,,,,,,,,,,,,,,,,,,,,,,,,,,,,,,,,,,,,,,,851.8,524,584.7,689.3,804.7,533.8,602.9,772.7,,,,,,,,,,,,,,,,,,,,,,,,,,511.7,588.2,704.5,915.5,565.8,673.6,795.6,997.2,649.9,755.5,836.6,958.1,693.1,835.8,984.1,1059.8,739.7,867.7,1233.2,1650.4,844.2,1168.3,1703.3,2093.9,1113.9,1303,,,,,,,,,,,,,,,,,,,,,,,,,,,,,,,,,,,,,,,,,,915.5,997.2,958.1,1059.8,1650.4,,,,,,,,,,,,,,,,,,,,,,,,,,,,,,,,,,,,,,,,,,,,,,,,,,,,,,,,,,,,,,,,,,,,,,,,,,,,,,,,,,,,,
,Sales Rebates,,,,,,,,,,,,,,,,,,,,,,,,,,,,,,,,,,,,,,,,,,,,,,,,,,,,,,,,,,,,,,,,1372.6,1489.5,1807.6,1882.3,1771.3,1619.8,1628.6,1695.6,,,,,,,,,,,,,,,,,,,,,,,,,,4455.7,4993.7,5277,4933.6,4703.9,5282.2,5745.2,5853,5821.4,7035.8,7185.6,6845.8,6768.7,7991.4,8568.4,8784.1,9529.5,10389.9,11522.3,11689,9429.6,12446.8,12429.7,11539.3,11550.3,14537.4,,,,,,,,,,,,,,,,,,,,,,,,,,,,,,,,,,,,,,,,,,4933.6,5853.0,6845.8,8784.1,11689.0,,,,,,,,,,,,,,,,,,,,,,,,,,,,,,,,,,,,,,,,,,,,,,,,,,,,,,,,,,,,,,,,,,,,,,,,,,,,,,,,,,,,,
,Dividends,,,,,,,,,,,,,,,,,,,,,,,,,,,,,,,,,,,,,,,,,,,,,,,,,,,,,,,,,,,,,,,,540,0,542.3,0,542.3,0,543.6,0,,,,,,,,,,,,,,,,,,,,,,,,,,0,593.9,0,671.5,0,0,0,770.6,0,770.8,0,885.5,0,882.2,0,1017.2,0,1016.2,0,1169.2,0,1170.5,0,1346.3,0,1345.2,,,,,,,,,,,,,,,,,,,,,,,,,,,,,,,,,,,,,,,,,,671.5,770.6,885.5,1017.2,1169.2,,,,,,,,,,,,,,,,,,,,,,,,,,,,,,,,,,,,,,,,,,,,,,,,,,,,,,,,,,,,,,,,,,,,,,,,,,,,,,,,,,,,,
,Taxes,,,,,,,,,,,,,,,,,,,,,,,,,,,,,,,,,,,,,,,,,,,,,,,,,,,,,,,,,,,,,,,,457.5,315.2,183.1,144.4,261.6,388.8,33.5,338.2,,,,,,,,,,,,,,,,,,,,,,,,,,491.4,222.9,180.7,160.6,667.4,1460.8,1173.5,495.1,791.6,529.9,203.5,126.9,598.3,126.6,685.6,475.1,1528.3,1233.8,1977.5,0,0,0,0,0,6175.7,6958,,,,,,,,,,,,,,,,,,,,,,,,,,,,,,,,,,,,,,,,,,160.6,495.1,126.9,475.1,0.0,,,,,,,,,,,,,,,,,,,,,,,,,,,,,,,,,,,,,,,,,,,,,,,,,,,,,,,,,,,,,,,,,,,,,,,,,,,,,,,,,,,,,
,OCL,,,,,,,,,,,,,,,,,,,,,,,,,,,,,,,,,,,,,,,,,,,,,,,,,,,,,,,,,,,,,,,,2651.3,2600,2786.7,2720.3,2903.5,2754.4,2590.4,2816.4,,,,,,,,,,,,,,,,,,,,,,,,,,2254.3,2189.2,1988.4,2189.4,2217.4,2060.9,2245,2750.3,2806.8,2624.9,2326.5,3027.5,2536.7,2003.5,1986.9,2370.3,2193.5,2271.6,2585.4,3281.3,4199.1,4249.2,5580.3,5051.4,3769.8,5076.9,,,,,,,,,,,,,,,,,,,,,,,,,,,,,,,,,,,,,,,,,,2189.4,2750.3,3027.5,2370.3,3281.3,,,,,,,,,,,,,,,,,,,,,,,,,,,,,,,,,,,,,,,,,,,,,,,,,,,,,,,,,,,,,,,,,,,,,,,,,,,,,,,,,,,,,
,Retirement,,,,,,,,,,,,,,,,,,,,,,,,,,,,,,,,,,,,,,,,,,,,,,,,,,,,,,,,,,,,,,,,1887.4,1866.4,1848.6,1805.9,3068.5,2766.5,2714.5,2702.4,,,,,,,,,,,,,,,,,,,,,,,,,,2757.6,2723.4,2414.2,3698.2,3632,3398.6,3435.5,4094.5,3969.8,3918.5,3878.8,1954.1,1940.3,1888.6,1832.5,1305.1,1313,1308.8,1311.9,1438.8,1427.9,1420.4,1448.5,1300.5,1315.5,1344.5,,,,,,,,,,,,,,,,,,,,,,,,,,,,,,,,,,,,,,,,,,3698.2,4094.5,1954.1,1305.1,1438.8,,,,,,,,,,,,,,,,,,,,,,,,,,,,,,,,,,,,,,,,,,,,,,,,,,,,,,,,,,,,,,,,,,,,,,,,,,,,,,,,,,,,,
,Taxes,,,,,,,,,,,,,,,,,,,,,,,,,,,,,,,,,,,,,,,,,,,,,,,,,,,,,,,,,,,,,,,,1234.8,1224.3,1283,1058.8,1086.3,1158.3,1207.5,1275.1,,,,,,,,,,,,,,,,,,,,,,,,,,6159.9,5866.6,5940.2,4621.5,5808.1,5416.7,5500.4,5937.700000000001,6118.1,5595.3,5401,5653.7,5264.2,4420.1,3813.6,3796.9,3842.1,3330.7,3468.3,3849.2,4189.4,3496.6,3878.8,4060.9,5370.5,5684.3,,,,,,,,,,,,,,,,,,,,,,,,,,,,,,,,,,,,,,,,,,4621.5,5937.700000000001,5653.7,3796.9,3849.2,,,,,,,,,,,,,,,,,,,,,,,,,,,,,,,,,,,,,,,,,,,,,,,,,,,,,,,,,,,,,,,,,,,,,,,,,,,,,,,,,,,,,
,ONCL,,,,,,,,,,,,,,,,,,,,,,,,,,,,,,,,,,,,,,,,,,,,,,,,,,,,,,,,,,,,,,,,1594.5,1886.2,1550.1,1449,1573.8,1533.9,1472.8,1815,,,,,,,,,,,,,,,,,,,,,,,,,,1678,1646.1,1585.6000000000001,2187.5,1873,1826.8,1702.6,1707.5,1737.3,1801.9,1748.7,1644.3,1713.9,1783.1,1852.9,1736.7,1822.5,1951.8,1906.1,2240.6,2270.8,2470.7,2239.4,2178.2,2288.4,2344.7,,,,,,,,,,,,,,,,,,,,,,,,,,,,,,,,,,,,,,,,,,2187.5,1707.5,1644.3,1736.7,2240.6,,,,,,,,,,,,,,,,,,,,,,,,,,,,,,,,,,,,,,,,,,,,,,,,,,,,,,,,,,,,,,,,,,,,,,,,,,,,,,,,,,,,,
,S/E,,,,,,,,,,,,,,,,,,,,,,,,,,,,,,,,,,,,,,,,,,,,,,,,,,,,,,,,,,,,,,,,12412.8,13934.2,14277,15057.9,13535.6,14822.6,14307.9,16056.9,,,,,,,,,,,,,,,,,,,,,,,,,,2565,2857.3,3462.3,3185.7999999999997,3197.2,4272,4996,5825.2,7099.3,6663.5,7954.1,9154.8,9462,8659.2,10165.9,10775.4,11294.9,11149.3,11307.4,10863.7,12897.4,13635.5,14320.7,14271.6,15846.8,18349.1,,,,,,,,,,,,,,,,,,,,,,,,,,,,,,,,,,,,,,,,,,3185.7999999999997,5825.2,9154.8,10775.4,10863.7,,,,,,,,,,,,,,,,,,,,,,,,,,,,,,,,,,,,,,,,,,,,,,,,,,,,,,,,,,,,,,,,,,,,,,,,,,,,,,,,,,,,,
,L+S/E,,,,,,,,,,,,,,,,,,,,,,,,,,,,,,,,,,,,,,,,,,,,,,,,,,,,,,,,,,,,,,,,31001.4,31695.3,32779.3,33042.2,33659.799999999996,32238.199999999997,31812.6,34321,,,,,,,,,,,,,,,,,,,,,,,,,,38006.8,38666.40000000001,37893.100000000006,39286.100000000006,41102.799999999996,41967,43945.99999999999,46633.09999999999,46838.3,47809.00000000001,48187,48806,46919.299999999996,47063.59999999999,47461.5,49489.799999999996,53163,54814,57915.5,64006.3,63943.50000000001,71874.79999999999,75606.90000000001,78714.90000000001,89388.8,100922.59999999998,,,,,,,,,,,,,,,,,,,,,,,,,,,,,,,,,,,,,,,,,,39286.100000000006,46633.09999999999,48806.0,49489.799999999996,64006.3,,,,,,,,,,,,,,,,,,,,,,,,,,,,,,,,,,,,,,,,,,,,,,,,,,,,,,,,,,,,,,,,,,,,,,,,,,,,,,,,,,,,,
,,,,,,,,,,,,,,,,,,,,,,,,,,,,,,,,,,,,,,,,,,,,,,,,,,,,,,,,,,,,,,,,,,,,,,,,,,,,,,,,,,,,,,,,,,,,,,,,,,,,,,,,,,,,,,,,,,,,,,,,,,,,,,,,,,,,,,,,,,,,,,,,,,,,,,,,,,,,,,,,,,,,,,,,,,,,,,,,,,,,,,,,,,,,,,,,,,,,,,,,,,,,,,,,,,,,,,,,,,,,,,,,,,,,,,,,,,,,,,,,,,,,,,,,,,,,,,
,Model NI,,,,,,,,,,,,,,,,,,,,,,,,,,,,,,,,,,,,,,,,,,,,,,,,,,,,,,,,,,,,,,,,,,,,,,,,,,,,,,,,,,,,,,,,,,,,,,,,,1094.6999999999975,1329.000000000001,1294.800000000001,1354.7999999999995,1431.4999999999975,1228.4999999999986,1164.199999999999,1892.6999999999991,1777.5000000000007,1698.2999999999972,1693.5999999999979,2207.1999999999994,2538.499999999999,1703.7000000000016,1720.4999999999993,2026.900000000001,1504.499999999999,1481.3999999999992,2633.939999999998,2976.900000000002,2388.2,3701.999999999998,4017.800000000005,5283.373985000001,4604.7,5968.093599999999,,,,,,,,,,,,,,,,,,,,,,,,,,,,,,,,,,,,,,,,,,1164.199999999999,1892.6999999999991,2207.1999999999994,2026.900000000001,8596.739999999998,,,,,,,,,,,,,,,,,,,,,,,,,,,,,,,,,,,,,,,,,,,,,,,,,,,,,,,,,,,,,,,,,,,,,,,,,,,,,,,,,,,,,
,Reported NI,,,,,,,,,,,,,,,,,,,,,,,,,,,,,,,,,,,,,,,,,,,,,,,,,,,,,,,,,,,,,,,,,,,,,,,,,,,,,,,,,,,,,,,,,,,,,,,,,4241.6,1327.1999999999998,1253.8999999999996,1495.6999999999998,1456.5,1412,1208.4,2116.7999999999993,1355.3,1390.2,1110.0999999999997,1726.1000000000006,1902.9,952.5,1451.7000000000003,1937.7000000000003,1344.9,1763.1999999999998,-57.40000000000009,2189.6999999999994,2242.9,2966.9999999999995,970.3000000000002,4409.800000000001,2759.3,5660.499999999999,,,,,,,,,,,,,,,,,,,,,,,,,,,,,,,,,,,,,,,,,,8318.4,6193.699999999999,5581.7,6244.800000000001,5240.4,,,,,,,,,,,,,,,,,,,,,,,,,,,,,,,,,,,,,,,,,,,,,,,,,,,,,,,,,,,,,,,,,,,,,,,,,,,,,,,,,,,,,
,D&A,,,,,,,,,,,,,,,,,,,,,,,,,,,,,,,,,,,,,,,,,,,,,,,,,,,,,,,,,,,,,,,,,,,,,,,,,,,,,,,,,,,,,,,,,,,,,,,,,356.5,247.39999999999998,288,340.69999999999993,273.6,324.4,358.4,367.5000000000001,350.3,369.3,382.3000000000001,445.69999999999976,435.7,348.90000000000003,362.8999999999999,375.00000000000006,362.3,366.3,410.99999999999994,387.7,400.6,414.4,466.79999999999995,484.79999999999995,462.8,478.49999999999994,,,,,,,,,,,,,,,,,,,,,,,,,,,,,,,,,,,,,,,,,,1232.6,1323.9,1547.6,1522.5,1527.3,,,,,,,,,,,,,,,,,,,,,,,,,,,,,,,,,,,,,,,,,,,,,,,,,,,,,,,,,,,,,,,,,,,,,,,,,,,,,,,,,,,,,
,DT,,,,,,,,,,,,,,,,,,,,,,,,,,,,,,,,,,,,,,,,,,,,,,,,,,,,,,,,,,,,,,,,,,,,,,,,,,,,,,,,,,,,,,,,,,,,,,,,,-72.4,61.10000000000001,-12.099999999999994,85.8,11.2,-104.7,159.70000000000002,-200.70000000000005,-119.1,-294.70000000000005,-295.9999999999999,-92.50000000000003,-506.6,-618.4,-1070.6,10.400000000000091,-559.4,-431.1,-844.2999999999998,-506.2000000000004,-279,-1007.5999999999999,-429.8000000000002,-966.6999999999998,-391.6,-1068.6999999999998,,,,,,,,,,,,,,,,,,,,,,,,,,,,,,,,,,,,,,,,,,62.400000000000006,-134.50000000000003,-802.3,-2185.2,-2341.0,,,,,,,,,,,,,,,,,,,,,,,,,,,,,,,,,,,,,,,,,,,,,,,,,,,,,,,,,,,,,,,,,,,,,,,,,,,,,,,,,,,,,
,SBC,,,,,,,,,,,,,,,,,,,,,,,,,,,,,,,,,,,,,,,,,,,,,,,,,,,,,,,,,,,,,,,,,,,,,,,,,,,,,,,,,,,,,,,,,,,,,,,,,75.8,79.50000000000001,75.50000000000001,81.59999999999998,71.8,76.8,71.7,87.80000000000003,85.5,91.9,90.1,75.30000000000001,101,92.1,85.1,92.9,131.2,161.5,215.60000000000002,120.19999999999999,159.4,211.1,133.20000000000002,141.89999999999995,153.7,185.10000000000002,,,,,,,,,,,,,,,,,,,,,,,,,,,,,,,,,,,,,,,,,,312.4,308.1,342.8,371.1,628.5,,,,,,,,,,,,,,,,,,,,,,,,,,,,,,,,,,,,,,,,,,,,,,,,,,,,,,,,,,,,,,,,,,,,,,,,,,,,,,,,,,,,,
,Investments,,,,,,,,,,,,,,,,,,,,,,,,,,,,,,,,,,,,,,,,,,,,,,,,,,,,,,,,,,,,,,,,,,,,,,,,,,,,,,,,,,,,,,,,,,,,,,,,,-3680.5,0,0,-309.8000000000002,0,-765,-144.5,-529,-302.2,-215.90000000000003,247,93.10000000000002,426.1,119.5,130.79999999999995,-256.4,14.2,65.8,64.5,-121,-15.8,158,-112.39999999999999,19.99999999999999,149.1,-113.8,,,,,,,,,,,,,,,,,,,,,,,,,,,,,,,,,,,,,,,,,,-3990.3,-1438.5,-178.0,420.0,23.5,,,,,,,,,,,,,,,,,,,,,,,,,,,,,,,,,,,,,,,,,,,,,,,,,,,,,,,,,,,,,,,,,,,,,,,,,,,,,,,,,,,,,
,IPR&D,,,,,,,,,,,,,,,,,,,,,,,,,,,,,,,,,,,,,,,,,,,,,,,,,,,,,,,,,,,,,,,,,,,,,,,,,,,,,,,,,,,,,,,,,,,,,,,,,136.9,25,77.69999999999999,0,52.3,241.8,0,366.29999999999995,299.3,25,174,376.59999999999997,153,80,19,168.89999999999998,105,97.1,2975.1,622.6000000000003,110.5,154.3,2826.3999999999996,189.20000000000044,1571.7,153.79999999999995,,,,,,,,,,,,,,,,,,,,,,,,,,,,,,,,,,,,,,,,,,239.6,660.4,874.9,420.9,3799.8,,,,,,,,,,,,,,,,,,,,,,,,,,,,,,,,,,,,,,,,,,,,,,,,,,,,,,,,,,,,,,,,,,,,,,,,,,,,,,,,,,,,,
,Other,,,,,,,,,,,,,,,,,,,,,,,,,,,,,,,,,,,,,,,,,,,,,,,,,,,,,,,,,,,,,,,,,,,,,,,,,,,,,,,,,,,,,,,,,,,,,,,,,-714.3,-802.1000000000001,-247.29999999999995,2112.4,-74.9,-406.70000000000005,249.40000000000006,566.0999999999999,-102.8,221.2,-261.3,1059.5,-45.5,-72.1,939.1,-516.6999999999999,168.3,-550.7,-1354.3,153.2999999999999,298.6,-3448.9,3284.2000000000003,419.6999999999999,-3364.2,-2262.9000000000005,,,,,,,,,,,,,,,,,,,,,,,,,,,,,,,,,,,,,,,,,,348.70000000000005,333.9,916.5999999999999,304.80000000000007,-1583.4,,,,,,,,,,,,,,,,,,,,,,,,,,,,,,,,,,,,,,,,,,,,,,,,,,,,,,,,,,,,,,,,,,,,,,,,,,,,,,,,,,,,,
,WC,,,,,,,,,,,,,,,,,,,,,,,,,,,,,,,,,,,,,,,,,,,,,,,,,,,,,,,,,,,,,,,,,,,,,,,,,,,,,,,,,,,,,,,,,,,,,,,,,-32.3,113.39999999999999,74.4,-1842.7000000000003,-1408.1,1716.8,-96.5,-959.5999999999999,131.1,188.50000000000003,185.09999999999994,-1527.2999999999997,32.6,-81.80000000000001,267.1,-232.40000000000023,164.1,-840.2,779.3000000000001,-3158.2000000000003,-1751.2,2017.9,-3426.8,-2224.8999999999996,324.8,54.39999999999998,,,,,,,,,,,,,,,,,,,,,,,,,,,,,,,,,,,,,,,,,,-1687.2000000000003,-747.3999999999999,-1022.5999999999998,-14.500000000000227,-3055.0,,,,,,,,,,,,,,,,,,,,,,,,,,,,,,,,,,,,,,,,,,,,,,,,,,,,,,,,,,,,,,,,,,,,,,,,,,,,,,,,,,,,,
,CFFO,,,,,,,,,,,,,,,,,,,,,,,,,,,,,,,,,,,,,,,,,,,,,,,,,,,,,,,,,,,,,,,,,1176.1,2040.3000000000002,2073.4,1944.7000000000003,852.5,1306,1544.3000000000002,,,,,,,,,,,,,,,,,,,,,,,,,,311.30000000000103,1051.4999999999998,1510.1,1963.6999999999994,382.39999999999986,2495.3999999999996,1806.6000000000004,1815.1999999999998,1697.3999999999999,1775.5,1631.3,2156.5000000000005,2499.2,820.7,2185.1000000000004,1579.4000000000003,1730.6000000000001,631.8999999999999,2189.5,-311.90000000000146,1165.9999999999998,1466.1999999999998,3711.8999999999996,2473.800000000002,1665.6000000000001,3086.899999999999,,,,,,,,,,,,,,,,,,,,,,,,,,,,,,,7295.6,4335.5,6856.8,,,,,,,,,7084.400000000001,6315.800000000001,6127.000000000001,6131.400000000001,4240.0999999999985,,,,,,,,,,,,,,,,,,,,,,,,,,,,,,,,,,,,,,,,,,,,,,,,,,,,,,,,,,,,,,,,,,,,,,,,,,,,,,,,,,,,,
,,,,,,,,,,,,,,,,,,,,,,,,,,,,,,,,,,,,,,,,,,,,,,,,,,,,,,,,,,,,,,,,,,,,,,,,,,,,,,,,,,,,,,,,,,,,,,,,,,,,,,,,,,,,,,,,,,,,,,,,,,,,,,,,,,,,,,,,,,,,,,,,,,,,,,,,,,,,,,,,,,,,,,,,,,,,,,,,,,,,,,,,,,,,,,,,,,,,,,,,,,,,,,,,,,,,,,,,,,,,,,,,,,,,,,,,,,,,,,,,,,,,,,,,,,,,,,
,CapEx,,,,,,,,,,,,,,,,,,,,,,,,,,,,,,,,,,,,,,,,,,,,,,,,,,,,,,,,,,,,,,,,,,,,,,,,,,,,,,,,,,,,,,,,,,,,,,,,,-203.7,-240.3,-263.4,-326.50000000000006,-258.3,-281.8,-393.1000000000001,-454.7,-300.3,-381.3,-336.7999999999999,-291.40000000000003,-365.4,-371,-617.1999999999999,-500.69999999999993,-668.5,-738.2,-970.3,-1070.6000000000001,-986.3,-1224.8,-1350.7,-1496.0000000000002,-1509.5,-1697.1,,,,,,,,,,,,,,,,,,,,,,,,,,,,,,,,,,,,,,,,,,-1033.9,-1387.9,-1309.8,-1854.2999999999997,-3447.6000000000004,,,,,,,,,,,,,,,,,,,,,,,,,,,,,,,,,,,,,,,,,,,,,,,,,,,,,,,,,,,,,,,,,,,,,,,,,,,,,,,,,,,,,
,Investments,,,,,,,,,,,,,,,,,,,,,,,,,,,,,,,,,,,,,,,,,,,,,,,,,,,,,,,,,,,,,,,,,,,,,,,,,,,,,,,,,,,,,,,,,,,,,,,,,25.19999999999998,299.90000000000003,58.799999999999905,72.30000000000001,8.299999999999997,360.1,89.39999999999999,58.90000000000005,-22.099999999999966,-24.40000000000009,-107.69999999999987,-11.800000000000068,-23.200000000000003,-35.000000000000014,-146.20000000000005,-39.599999999999994,174.39999999999998,-79.59999999999997,-17.40000000000009,-206.09999999999985,-29.599999999999994,56.2,-195.00000000000003,-84.89999999999993,-125.1,33.099999999999994,,,,,,,,,,,,,,,,,,,,,,,,,,,,,,,,,,,,,,,,,,456.19999999999993,516.7,-166.0,-244.00000000000006,-128.69999999999993,,,,,,,,,,,,,,,,,,,,,,,,,,,,,,,,,,,,,,,,,,,,,,,,,,,,,,,,,,,,,,,,,,,,,,,,,,,,,,,,,,,,,
,Acquisitions/IPRD,,,,,,,,,,,,,,,,,,,,,,,,,,,,,,,,,,,,,,,,,,,,,,,,,,,,,,,,,,,,,,,,,,,,,,,,,,,,,,,,,,,,,,,,,,,,,,,,,-7114.599999999999,-45.00000000000037,-77.70000000000039,-19.199999999999477,-862.3,-241.4,-22,-364.79999999999995,-939.2,-150,-118.79999999999995,-102.79999999999995,-491.8,-79.99999999999994,-3,-382.1000000000001,-235,-98.10000000000002,-1426.6,-3229.1000000000004,-96.5,-1125.7,-2289.2,-180.80000000000018,-1757,-106.79999999999995,,,,,,,,,,,,,,,,,,,,,,,,,,,,,,,,,,,,,,,,,,-7256.5,-1490.5,-1310.8,-956.9000000000001,-4988.8,,,,,,,,,,,,,,,,,,,,,,,,,,,,,,,,,,,,,,,,,,,,,,,,,,,,,,,,,,,,,,,,,,,,,,,,,,,,,,,,,,,,,
,Other,,,,,,,,,,,,,,,,,,,,,,,,,,,,,,,,,,,,,,,,,,,,,,,,,,,,,,,,,,,,,,,,,,,,,,,,,,,,,,,,,,,,,,,,,,,,,,,,,-385.6,46.400000000000034,-141.5,232,51.4,-47.3,12.199999999999996,86.49999999999997,-21.9,72.4,-53.20000000000001,27.000000000000007,-133.4,22.10000000000001,-157.00000000000003,61.90000000000002,40.3,456.8,-666.1999999999999,1581.5,-65.2,95.6,-169.8,-158.79999999999995,39.3,-64.1,,,,,,,,,,,,,,,,,,,,,,,,,,,,,,,,,,,,,,,,,,-248.7,102.79999999999997,24.300000000000004,-206.39999999999998,1412.4,,,,,,,,,,,,,,,,,,,,,,,,,,,,,,,,,,,,,,,,,,,,,,,,,,,,,,,,,,,,,,,,,,,,,,,,,,,,,,,,,,,,,
,CFFI,,,,,,,,,,,,,,,,,,,,,,,,,,,,,,,,,,,,,,,,,,,,,,,,,,,,,,,,,,,,,,,,,,,,,,,,,,,,,,,,,,,,,,,,,,,,,,,,,-7678.7,60.99999999999969,-423.80000000000047,-41.39999999999952,-1060.8999999999999,-210.39999999999998,-313.5000000000001,-674.0999999999999,-1283.5,-483.30000000000007,-616.4999999999998,-379.00000000000006,-1013.8,-463.8999999999999,-923.4,-860.5000000000001,-688.8000000000001,-459.09999999999997,-3080.5,-2924.3,-1177.6000000000001,-2198.7000000000003,-4004.7,-1920.5000000000002,-3352.2999999999997,-1834.8999999999999,,,,,,,,,,,,,,,,,,,,,,,,,,,,,,,,,,,,,,,,,,-3261.6,-2936.6000000000004,-2931.8,-5088.9,-7152.7,,,,,,,,,,,,,,,,,,,,,,,,,,,,,,,,,,,,,,,,,,,,,,,,,,,,,,,,,,,,,,,,,,,,,,,,,,,,,,,,,,,,,
,,,,,,,,,,,,,,,,,,,,,,,,,,,,,,,,,,,,,,,,,,,,,,,,,,,,,,,,,,,,,,,,,,,,,,,,,,,,,,,,,,,,,,,,,,,,,,,,,,,,,,,,,,,,,,,,,,,,,,,,,,,,,,,,,,,,,,,,,,,,,,,,,,,,,,,,,,,,,,,,,,,,,,,,,,,,,,,,,,,,,,,,,,,,,,,,,,,,,,,,,,,,,,,,,,,,,,,,,,,,,,,,,,,,,,,,,,,,,,,,,,,,,,,,,,,,,,
,Dividends,,,,,,,,,,,,,,,,,,,,,,,,,,,,,,,,,,,,,,,,,,,,,,,,,,,,,,,,,,,,,,,,,,,,,,,,,,,,,,,,,,,,,,,,,,,,,,,,,-637.2,-598,-587.3999999999999,-587.2000000000003,-671.3,-674.2,-671.5999999999999,-670,-774.8,-768.3,-770.4000000000001,-773.3000000000002,-885.5,-883.7,-882.2,-884.4000000000003,-1017.2,-1017.8,-1016.1999999999998,-1018.1000000000004,-1169.2,-1172.3999999999999,-1170.4999999999998,-1168.3,-1346.3,-1347.0000000000002,,,,,,,,,,,,,,,,,,,,,,,,,,,,,,,,,,,,,,,,,,-2409.8,-2687.1,-3086.8,-3535.8,-4069.3,,,,,,,,,,,,,,,,,,,,,,,,,,,,,,,,,,,,,,,,,,,,,,,,,,,,,,,,,,,,,,,,,,,,,,,,,,,,,,,,,,,,,
,Borrowings,,,,,,,,,,,,,,,,,,,,,,,,,,,,,,,,,,,,,,,,,,,,,,,,,,,,,,,,,,,,,,,,,,,,,,,,,,,,,,,,,,,,,,,,,,,,,,,,,5698.700000000001,-286.3000000000002,-505.5,-221.5000000000009,1472.4,-995.5,394.8000000000002,-580.1000000000001,-3.7,200,307.7000000000002,-2.600000000000125,-210.40000000000003,767.5999999999999,-375.8999999999999,-243.29999999999995,2460.5,0,1595,4594.4,-5204.8,9188.4,1875.2000000000007,3042.3,4612.3,824.6999999999998,,,,,,,,,,,,,,,,,,,,,,,,,,,,,,,,,,,,,,,,,,4685.4,291.60000000000014,501.4000000000001,-62.00000000000006,8649.9,,,,,,,,,,,,,,,,,,,,,,,,,,,,,,,,,,,,,,,,,,,,,,,,,,,,,,,,,,,,,,,,,,,,,,,,,,,,,,,,,,,,,
,Buyback,,,,,,,,,,,,,,,,,,,,,,,,,,,,,,,,,,,,,,,,,,,,,,,,,,,,,,,,,,,,,,,,,,,,,,,,,,,,,,,,,,,,,,,,,,,,,,,,,-3500,0,-600,-300,-500,0,0,0,0,-500,0,-750,-1500,0,0,0,-750,0,0,0,6452.5,-6452.5,-446.10000000000036,-2053.8999999999996,-1200,-692.2,,,,,,,,,,,,,,,,,,,,,,,,,,,,,,,,,,,,,,,,,,-4400.0,-500.0,-1250.0,-1500.0,-750.0,,,,,,,,,,,,,,,,,,,,,,,,,,,,,,,,,,,,,,,,,,,,,,,,,,,,,,,,,,,,,,,,,,,,,,,,,,,,,,,,,,,,,
,Other,,,,,,,,,,,,,,,,,,,,,,,,,,,,,,,,,,,,,,,,,,,,,,,,,,,,,,,,,,,,,,,,,,,,,,,,,,,,,,,,,,,,,,,,,,,,,,,,,-193.7,-1.5,0,-4.900000000000006,-194.4,-3.5,-2.299999999999983,-41.400000000000006,-279.9,-14.900000000000034,-0.5,-0.5999999999999659,-282.4,-7.600000000000023,-5.199999999999989,-13.699999999999989,-281,-15.600000000000023,-6.7999999999999545,-31.600000000000023,-389.8,-8,-47.30000000000001,-45.5,-686.3,-30.40000000000009,,,,,,,,,,,,,,,,,,,,,,,,,,,,,,,,,,,,,,,,,,-200.1,-241.6,-295.9,-308.9,-335.0,,,,,,,,,,,,,,,,,,,,,,,,,,,,,,,,,,,,,,,,,,,,,,,,,,,,,,,,,,,,,,,,,,,,,,,,,,,,,,,,,,,,,
,CFFF,,,,,,,,,,,,,,,,,,,,,,,,,,,,,,,,,,,,,,,,,,,,,,,,,,,,,,,,,,,,,,,,,,,,,,,,,,,,,,,,,,,,,,,,,,,,,,,,,1367.8000000000009,-885.8000000000002,-1692.8999999999999,-1113.6000000000013,106.70000000000013,-1673.2,-279.0999999999997,-1291.5000000000002,-1058.4,-1083.2,-463.1999999999999,-1526.5000000000002,-2878.3,-123.70000000000016,-1263.3,-1141.4000000000003,412.29999999999995,-1033.4,572.0000000000002,3544.6999999999994,-311.3,1555.5,211.30000000000058,-225.3999999999994,1379.7,-1244.9000000000005,,,,,,,,,,,,,,,,,,,,,,,,,,,,,,,,,,,,,,,,,,-5406.700000000001,-2116.1000000000004,-3025.8,-1190.5000000000002,3495.5999999999995,,,,,,,,,,,,,,,,,,,,,,,,,,,,,,,,,,,,,,,,,,,,,,,,,,,,,,,,,,,,,,,,,,,,,,,,,,,,,,,,,,,,,
,FX,,,,,,,,,,,,,,,,,,,,,,,,,,,,,,,,,,,,,,,,,,,,,,,,,,,,,,,,,,,,,,,,,,,,,,,,,,,,,,,,,,,,,,,,,,,,,,,,,37.8,27.10000000000001,-119.8,-35.000000000000014,-66.7,54.300000000000004,16.199999999999996,212.2,-10.2,8.6,16.6,-220.7,33.6,-69.4,-3.5999999999999943,-128.2,24.8,9.2,5.299999999999997,129.3,-35.5,-59.599999999999994,226.9,-428.5,131.9,275.5,,,,,,,,,,,,,,,,,,,,,,,,,,,,,,,,,,,,,,,,,,-89.9,216.0,-205.7,-167.6,168.60000000000002,,,,,,,,,,,,,,,,,,,,,,,,,,,,,,,,,,,,,,,,,,,,,,,,,,,,,,,,,,,,,,,,,,,,,,,,,,,,,,,,,,,,,
,CIC,,,,,,,,,,,,,,,,,,,,,,,,,,,,,,,,,,,,,,,,,,,,,,,,,,,,,,,,,,,,,,,,,,,,,,,,,,,,,,,,,,,,,,,,,,,,,,,,,-5961.799999999997,253.79999999999927,-726.4000000000005,773.6999999999985,-638.4999999999999,666.0999999999995,1230.2000000000005,61.79999999999973,-654.7000000000005,217.5999999999999,568.2000000000003,30.300000000000182,-1359.3000000000002,163.69999999999993,-5.199999999999363,-550.7,1478.9,-851.4000000000001,-313.69999999999976,437.79999999999774,-358.4000000000004,763.3999999999995,145.4000000000004,-100.59999999999764,-175.09999999999954,282.5999999999988,,,,,,,,,,,,,,,,,,,,,,,,,,,,,,,,,,,,,,,,,,-5496.6,-1900.1000000000004,-3231.5,-1358.1000000000001,3664.1999999999994,,,,,,,,,,,,,,,,,,,,,,,,,,,,,,,,,,,,,,,,,,,,,,,,,,,,,,,,,,,,,,,,,,,,,,,,,,,,,,,,,,,,,
,,,,,,,,,,,,,,,,,,,,,,,,,,,,,,,,,,,,,,,,,,,,,,,,,,,,,,,,,,,,,,,,,,,,,,,,,,,,,,,,,,,,,,,,,,,,,,,,,,,,,,,,,,,,,,,,,,,,,,,,,,,,,,,,,,,,,,,,,,,,,,,,,,,,,,,,,,,,,,,,,,,,,,,,,,,,,,,,,,,,,,,,,,,,,,,,,,,,,,,,,,,,,,,,,,,,,,,,,,,,,,,,,,,,,,,,,,,,,,,,,,,,,,,,,,,,,,
,Headcount,,,,,,,,,,,,,,,,,,,,,,,,,,,,,,,,,,,,,,,,,,,,,,,,,,,,,,,,,,,,,,,,,,,,,,,,,,,,,,,,,,,,,,,,,,,,,,,,,,,,,,,,,,,,,,,,,,,,,,,,,,,,,,,,,,,,,,,,,,,,,,,29800.0,31300.0,35700.0,41100.0,43700.0,,,,,,,,,,,,,34790.0,35910.0,34750.0,33090.0,33625.0,,,,,,,,,,,,,,,,,,,,,,,,,,,,,,,,,,,,,,,,,,,,,,,,,,,,,,,,,,,,,,,,,,,,,,,,,,,,,,,,,,,,,,,,,
,Price (EOY),,,,,,,,,,,,,,,,,,,,,,,,,,,,,,,,,,,,,,,,,,,,,,,,,,,,,,,,,,,,,,,,,,,,,,,,,,,,,,,,,,,,,,,,,,,,,,,,,,,,,,,,161.91,179.9,222,224.2,268.9,279.95,318.03,318.2,361.02,339.99,465.5,534.29,580.91,776.64,905.38,885.94,770.67,825.91,779.53,,,,,,,,,,,,,,,,,,,,,,,,,,,,,,,,,,,,,,,,,,,,,,,,,,,,,,,,,,,,,,,,,,,,,,,,,,,,,,,,,,,,,,,,,,,,,,,,,,,,,,,,,,,,,,,,,,,,,,,,,,,,,,,,,,,
,MC,,,,,,,,,,,,,,,,,,,,,,,,,,,,,,,,,,,,,,,,,,,,,,,,,,,,,,,,,,,,,,,,,,,,,,,,,,,,,,,,,,,,,,,,,,,,,,,,,,,,,,,,147757.60881,164140.76,202105.248,204190.3742,244579.33949999997,253746.68,287162.0082,287583.4324,326626.34663999995,307107.18717,420206.3845,482303.04870999994,525131.0218,701928.78528,818688.0542400001,801799.6203800001,696731.1495299999,743814.546,702044.718,,,,,,,,,,,,,,,,,,,,,,,,,,,,,,,,,,,,,,,,,,,,,,,,,,,,,,,,,,,,,,,,,,,,,,,,,,,,,,,,,,,,,,,,,,,,,,,,,,,,,,,,,,,,,,,,,,,,,,,,,,,,,,,,,,,
,Dividend,,,,,,,,,,,,,,,,,,,,,,,,,,,,,,,,,,,,,,,,,,,,,,,,,,,,,,,,,,,,,,,,,,,,,,,,,,,,,,,,,,,,,,,,,,,,,,,,,,,,,,,,,,,,,,,,,,,,,,,,,,,,,,,,,,,,,,,,1.0,1.1,1.21,1.25,1.31,,,0.8,0.92,1.04,1.12,1.24,,,,,,,,,,,,,,,,,,,,,,,,,,,,,,,,,,,,,,,,,,,,,,,,,,,,,,,,,,,,,,,,,,,,,,,,,,,,,,,,,,,,,,,,,,,,,,,,,,,,,,,,,,
,,,,,,,,,,,,,,,,,,,,,,,,,,,,,,,,,,,,,,,,,,,,,,,,,,,,,,,,,,,,,,,,,,,,,,,,,,,,,,,,,,,,,,,,,,,,,,,,,,,,,,,,,,,,,,,,,,,,,,,,,,,,,,,,,,,,,,,,,,,,,,,,,,,,,,,,,,,,,,,,,,,,,,,,,,,,,,,,,,,,,,,,,,,,,,,,,,,,,,,,,,,,,,,,,,,,,,,,,,,,,,,,,,,,,,,,,,,,,,,,,,,,,,,,,,,,,,
,US,,,,,,,,,,,,,,,,,,,,,,,,,,,,,,,,,,,,,,,,,,,,,,,,,,,,,,,,,,,,,,,,,,,,,,,,,,,,,,,,,,,,,,,,,,,,,,,,,,,,,,,,,,,,16811,5174.6,3934.8,4422.1,4658.499999999998,4436.2,5531.4,5368.1,6455.300000000002,5694.4,7835,7813.6,9032.199999999999,8489.4,10814.2,,,,,,,,,,,,,,,,,,,,,,,,,,,,,,,,,,,,,,,,,,,,,,,,,,,,,,,,,,,,,,,,,,,,,,,,,,,,,,,,,,,,,,,,,,,,,,,,,,,,,,,,,,,,,,,,,,,,,,,,,,,,,,,,,,,
,Europe,,,,,,,,,,,,,,,,,,,,,,,,,,,,,,,,,,,,,,,,,,,,,,,,,,,,,,,,,,,,,,,,,,,,,,,,,,,,,,,,,,,,,,,,,,,,,,,,,,,,,,,,,,,,4776.8,1067.3,1101.1,1056.4,1074.3999999999999,1090.9,1177.6,2568.6,1337.6,1440.7,1404,1628.3,2447.7,2388.7,2574.4,,,,,,,,,,,,,,,,,,,,,,,,,,,,,,,,,,,,,,,,,,,,,,,,,,,,,,,,,,,,,,,,,,,,,,,,,,,,,,,,,,,,,,,,,,,,,,,,,,,,,,,,,,,,,,,,,,,,,,,,,,,,,,,,,,,
,Japan,,,,,,,,,,,,,,,,,,,,,,,,,,,,,,,,,,,,,,,,,,,,,,,,,,,,,,,,,,,,,,,,,,,,,,,,,,,,,,,,,,,,,,,,,,,,,,,,,,,,,,,,,,,,2367,410.2,454.4,487.7,394.99999999999994,387.2,455.6,390.8,438.99999999999994,363.9,463,429.1,558.9000000000002,402.2,521,,,,,,,,,,,,,,,,,,,,,,,,,,,,,,,,,,,,,,,,,,,,,,,,,,,,,,,,,,,,,,,,,,,,,,,,,,,,,,,,,,,,,,,,,,,,,,,,,,,,,,,,,,,,,,,,,,,,,,,,,,,,,,,,,,,
,China,,,,,,,,,,,,,,,,,,,,,,,,,,,,,,,,,,,,,,,,,,,,,,,,,,,,,,,,,,,,,,,,,,,,,,,,,,,,,,,,,,,,,,,,,,,,,,,,,,,,,,,,,,,,1661.4,406.5,352.1,343.4,350.80000000000007,372.7,399,390.8,377.2000000000001,376.2,395,459.9,429.3,450.8,465.9,,,,,,,,,,,,,,,,,,,,,,,,,,,,,,,,,,,,,,,,,,,,,,,,,,,,,,,,,,,,,,,,,,,,,,,,,,,,,,,,,,,,,,,,,,,,,,,,,,,,,,,,,,,,,,,,,,,,,,,,,,,,,,,,,,,
,ROW,,,,,,,,,,,,,,,,,,,,,,,,,,,,,,,,,,,,,,,,,,,,,,,,,,,,,,,,,,,,,,,,,,,,,,,,,,,,,,,,,,,,,,,,,,,,,,,,,,,,,,,,,,,,2702.2,751.5,645.7,632,822.8,673.1,748.5,780.3,744.2999999999996,892.9,1206,1108.2,1064.2999999999997,997.4,1182.1,,,,,,,,,,,,,,,,,,,,,,,,,,,,,,,,,,,,,,,,,,,,,,,,,,,,,,,,,,,,,,,,,,,,,,,,,,,,,,,,,,,,,,,,,,,,,,,,,,,,,,,,,,,,,,,,,,,,,,,,,,,,,,,,,,,
