Main,Unnamed: 1,Unnamed: 2,Unnamed: 3,Unnamed: 4,Unnamed: 5,Unnamed: 6,Unnamed: 7,Unnamed: 8,Unnamed: 9,Unnamed: 10,Unnamed: 11,Unnamed: 12,Unnamed: 13,Unnamed: 14,Unnamed: 15,Unnamed: 16,Unnamed: 17,Unnamed: 18,Unnamed: 19,Unnamed: 20,Unnamed: 21,Unnamed: 22,Unnamed: 23,Unnamed: 24,Unnamed: 25,Unnamed: 26,Unnamed: 27,Unnamed: 28,Unnamed: 29,Unnamed: 30,Unnamed: 31,Unnamed: 32,Unnamed: 33,Unnamed: 34,Unnamed: 35,Unnamed: 36,Unnamed: 37,Unnamed: 38,Unnamed: 39,Unnamed: 40,Unnamed: 41,Unnamed: 42,Unnamed: 43,Unnamed: 44,Unnamed: 45,Unnamed: 46,Unnamed: 47,Unnamed: 48,Unnamed: 49,Unnamed: 50,Unnamed: 51,Unnamed: 52,Unnamed: 53,Unnamed: 54,Unnamed: 55,Unnamed: 56,Unnamed: 57,Unnamed: 58,Unnamed: 59,Unnamed: 60,Unnamed: 61,Unnamed: 62,Unnamed: 63,Unnamed: 64,Unnamed: 65,Unnamed: 66,Unnamed: 67,Unnamed: 68,Unnamed: 69,Unnamed: 70,Unnamed: 71,Unnamed: 72,Unnamed: 73,Unnamed: 74,Unnamed: 75,Unnamed: 76,Unnamed: 77,Unnamed: 78,Unnamed: 79,Unnamed: 80,Unnamed: 81,Unnamed: 82,Unnamed: 83,Unnamed: 84,Unnamed: 85,Unnamed: 86,Unnamed: 87,Unnamed: 88,Unnamed: 89,Unnamed: 90,Unnamed: 91,Unnamed: 92,Unnamed: 93,Unnamed: 94,Unnamed: 95,Unnamed: 96,Unnamed: 97,Unnamed: 98,Unnamed: 99,Unnamed: 100,Unnamed: 101,Unnamed: 102,Unnamed: 103,Unnamed: 104,Unnamed: 105,Unnamed: 106,Unnamed: 107,Unnamed: 108,Unnamed: 109,Unnamed: 110,Unnamed: 111,Unnamed: 112,Unnamed: 113,Unnamed: 114,Unnamed: 115,Unnamed: 116,Unnamed: 117,Unnamed: 118,Unnamed: 119,Unnamed: 120,Unnamed: 121,Unnamed: 122,Unnamed: 123,Unnamed: 124,Unnamed: 125,Unnamed: 126,Unnamed: 127,Unnamed: 128,Unnamed: 129,Unnamed: 130,Unnamed: 131,Unnamed: 132,Unnamed: 133,Unnamed: 134,Unnamed: 135,Unnamed: 136,Unnamed: 137,Unnamed: 138,Unnamed: 139,Unnamed: 140,Unnamed: 141,Unnamed: 142,Unnamed: 143,Unnamed: 144,Unnamed: 145,Unnamed: 146,Unnamed: 147,Unnamed: 148,Unnamed: 149,Unnamed: 150,Unnamed: 151,Unnamed: 152,Unnamed: 153,Unnamed: 154,Unnamed: 155,Unnamed: 156,Unnamed: 157,Unnamed: 158,Unnamed: 159,Unnamed: 160,Unnamed: 161,Unnamed: 162,Unnamed: 163,Unnamed: 164,Unnamed: 165,Unnamed: 166,Unnamed: 167,Unnamed: 168,Unnamed: 169,Unnamed: 170,Unnamed: 171,Unnamed: 172,Unnamed: 173,Unnamed: 174,Unnamed: 175,Unnamed: 176,Unnamed: 177,Unnamed: 178,Unnamed: 179,Unnamed: 180,Unnamed: 181,Unnamed: 182,Unnamed: 183,Unnamed: 184,Unnamed: 185,Unnamed: 186,Unnamed: 187,Unnamed: 188,Unnamed: 189,Unnamed: 190,Unnamed: 191,Unnamed: 192,Unnamed: 193,Unnamed: 194,Unnamed: 195,Unnamed: 196,Unnamed: 197,Unnamed: 198,Unnamed: 199,Unnamed: 200,Unnamed: 201,Unnamed: 202,Unnamed: 203,Unnamed: 204,Unnamed: 205,Unnamed: 206,Unnamed: 207,Unnamed: 208,Unnamed: 209,Unnamed: 210
,,Q197,Q297,Q397,Q497,Q198,Q298,Q398,Q498,Q199,Q299,Q399,Q499,Q100,Q200,Q300,Q400,Q101,Q201,Q301,Q401,Q102,Q202,Q302,Q402,Q103,Q203,Q303,Q403,Q104,Q204,Q304,Q404,Q105,Q205,Q305,Q405,Q106,Q206,Q306,Q406,Q107,Q207,Q307,Q407,Q108,Q208,Q308,Q408,Q109,Q209,Q309,Q409,Q110,Q210,Q310,Q410,Q111,Q211,Q311,Q411,Q112,Q212,Q312,Q412,Q113,Q213,Q313,Q413,Q114,Q214,Q314,Q414,Q115,Q215,Q315,Q415,Q116,Q216,Q316,Q416,Q117,Q217,Q317,Q417,Q118,Q218,Q318,Q418,Q119,Q219,Q319,Q419,Q120,Q220,Q320,Q420,Q121,Q221,Q321,Q421,Q122,Q222,Q322,Q422,Q123,Q223,Q323,Q423,Q124,Q224,Q324,Q424,Q125,Q225,Q325,Q425,,,,,1991.0,1992.0,1993.0,1994,1995,1996,1997,1998,1999,2000,2001,2002,2003,2004,2005,2006,2007,2008,2009,2010,2011,2012.0,2013,2014.0,2015,2016,2017,2018,2019.0,2020.0,2021.0,2022.0,2023.0,2024.0,2025.0,2026.0,2027.0,2028.0,2029.0,2030.0,2031.0,2032.0,2033.0,2034.0,2035.0,,,,,,OM 2010,OM 2015,OM 2020,,Notes,,,,,,,,,,,,,,,,,,,,,,,,,,,,,,,,,,
,Comirnaty,,,,,,,,,,,,,,,,,,,,,,,,,,,,,,,,,,,,,,,,,,,,,,,,,,,,,,,,,,,,,,,,,,,,,,,,,,,,,,,,,,,,,,,,,,,,,,,,154,3462,7838,12977,12504,13227,8848,4402,11329,3064,1488,1306,5361,354,195,1422,3383,565,97.5,711,1691.5,,,,,,,,,,,,,,,,,,,,,,,,,,,,,,,,,,154.0,36781.0,37806.0,11219.0,5354.0,3065.0,1532.5,766.25,383.125,191.5625,95.78125,19.15625,3.8312500000000003,0.7662500000000001,0.15325000000000003,0.030650000000000007,,,,,,,,,,,,,,,,,,,,,,,,,,,,,,,,,,,,,,,,,,,,
,Eliquis (apixaban),,,,,,,,,,,,,,,,,,,,,,,,,,,,,,,,,,,,,,,,,,,,,,,,,,,,,,,,,,,,,,,,-,37,57,75,97,137,177,217,257,300,350,350,400,354,371,449,488,564,605,644,710,765,889,870,910,1011,1085,1025,1099,1300,1272,1114,1262,1643,1481,1346,1500,1793,1745,1464,1479,1874,1762,1498,1612,2040,1877,1617,1832,1923,2064.7000000000003,1778.7,2015.2000000000003,,,,,,,,,,,,,,,,,,,,,p3,p3,,0,0,,,788.0,,,,,4220.0,4948.0,5970.0,6481.0,6746.0,7366.0,7781.6,7859.416,7938.01016,8017.3902616,801.73902616,80.173902616,8.017390261600001,0.8017390261600001,0.08017390261600002,0.008017390261600003,0.0008017390261600004,,,,,,0,0,989.6,,,,,,,,,,,,,,,,,,,,,,,,,,,,,,,,,,,,
,"Prevnar, 2000 launch, vaccine",-,-,-,-,-,-,-,-,-,-,-,-,-,-,-,-,-,-,-,-,-,-,-,-,228.8,264.9,242.5,209.40000000000003,173.4,219.1,320.8,340.29999999999995,391.1,323.3,393.1,400.79999999999984,431.6,518.2,509.8,501.7,617,633,634,556,705.803,690.654,717,603,754.65,783.615,700,287,806,900,914,1049,1149,976,1104,916,1079,1000,949,1089,927,969,959,1119,927,1097,1139,1301,1306,1503,1576,1862,1509,1258,1536,1416,1392,1154,1522,1533,1380,1250,1660,1512,1486,1179,1603,1579,1450,1116,1534,1750,1284,1241,1447,1302,1565,1429,1607,1736,1602,1388,1854,1605,1691,1359,1803,1558,1660,1291.05,1712.85,1480.1,,,,,,,,,,,,,,460.6,798.2,647.5,945.6,1053.6,1508.3,1961.3,"2,439","2,716",1825.2649999999999,3669,4145,4117.0,3974,4464.0,6247,5719,5601,5802,5847.0,5850.0,5274.0,6337.0,6449.0,6411.0,6144.0,6205.4400000000005,6267.4944000000005,6330.169344000001,6393.471037440001,6457.405747814401,6521.979805292545,6587.199603345471,6653.071599378925,6719.602315372715,6786.7983385264415,,,,,,2568.2999999999997,4372.9,4094.9999999999995,,,,,,,,,,,,,,,,,,,,,,,,,,,,,,,,,,,,
,Paxlovid,,,,,,,,,,,,,,,,,,,,,,,,,,,,,,,,,,,,,,,,,,,,,,,,,,,,,,,,,,,,,,,,,,,,,,,,,,,,,,,,,,,,,,,,,,,,,,,,,0,0,0,76,1470,8115,7514,1834,4069,143,202,-3135,2035,251,2703,727,491,125.5,1351.5,363.5,,,,,,,,,,,,,,,,,,,,,,,,,,,,,,,,,,,76.0,18933.0,1279.0,5716.0,2331.5,1165.75,582.875,291.4375,145.71875,72.859375,7.2859375,0.72859375,0.072859375,0.007285937500000001,0.0007285937500000001,,,,,,,,,,,,,,,,,,,,,,,,,,,,,,,,,,,,,,,,,,,,
,Ibrance,,,,,,,,,,,,,,,,,,,,,,,,,,,,,,,,,,,,,,,,,,,,,,,,,,,,,,,,,,,,,,,,,,,,,,,,,38,140,230,315,429,514,550,643,679,853,878,716,933,1027,1025,1133,1133,1261,1283,1283,1248,1349,1357,1436,1254,1404,1381,1398,1237,1320,1283,1279,1144,1247,1244,1118,1054,1130,1087,1095,977,1107.4,1065.26,1073.1,,,,,,,,,,,,,,,,,,,,,,,,,,,,0.0,723,2136,3126,4118,4960.0,5390.0,5437.0,5119.0,4753.0,4366.0,4222.76,3378.2080000000005,2702.5664000000006,2162.0531200000005,1729.6424960000004,1383.7139968000004,1106.9711974400004,885.5769579520004,708.4615663616004,566.7692530892804,453.41540247142433,,,,,,,,,,,,,,,,,,,,,,,,,,,,,,,,,,,,,,,,,,,,
,Vyndaqel,,,,,,,,,,,,,,,,,,,,,,,,,,,,,,,,,,,,,,,,,,,,,,,,,,,,,,,,,,,,,,,,,,,,,,,,,,,,,,,,,,,,,,,37,39,41,63,156,213,231,277,351,429,453,501,501,561,612,552,602,680,686,782,892,961,1137,1323,1447,1545,1486,1521.4499999999998,1591.7,1699.5000000000002,,,,,,,,,,,,,,,,,,,,,,,,,,,,,,,,,473.0,1288.0,2016.0,2446.0,3321.0,5452.0,6298.65,6487.6095,5190.0876,4152.07008,3321.6560640000007,2657.324851200001,2125.8598809600007,1700.6879047680006,1360.5503238144006,1088.4402590515206,870.7522072412165,,,,,,,,,,,,,,,,,,,,,,,,,,,,,,,,,,,,,,,,,,,,
,Xeljanz (tofacitinib),,,,,,,,,,,,,,,,,,,,,,,,,,,,,,,,,,,,,,,,,,,,,,,,,,,,,,,,,,,,,,,,6,0,22,35,46,52,68,85,104,96,128,127,172,197,217,235,278,250,336,348,410,326,463,432,553,423,613,599,607,451,635,654,696,538,586,610,721,372,430,502,493,237,469,503,493,194,303,321,349,128,242.4,256.8,279.2,,,,,,,,,,,,,,,,,,,p2,p2,p3,p2,p3,p3,filed,103.0,,309.0,500,,,,2242.0,2436.0,2455.0,1797.0,1702.0,1167.0,906.4000000000001,725.1200000000001,580.0960000000001,464.0768000000001,371.2614400000001,297.0091520000001,237.6073216000001,190.08585728000008,152.06868582400008,121.65494865920007,97.32395892736007,,,,,,0,350,1461.6,,,,,,,,,,,,,,,,,,,,,,,,,,,,,,,,,,,,
,"Enbrel, 1998 launch, biologic",-,-,-,-,-,-,-,-,-,-,-,-,-,-,-,-,-,-,-,-,-,-,-,-,-,-,-,-,-,-,-,-,-,-,-,-,-,-,-,-,749,775,765,755,932,976,991,899,867,"1,050","1,050",378,802,808,799,865,870,914,957,925,899,988,893,957,877,960,932,1005,914,977,955,1004,759,822,844,907,733,766,701,708,588,617,613,634,506,551,531,524,451,420,415,414,347,337,321,345,319,286,283,297,280,257,230,236,199,219,208,203,159,179,169,183,140,143.20000000000002,135.20000000000002,146.4,,,,,,,,,,,-,-,-,-,-,-,-,-,-,"2,419","3,044","3,798",378,3274,3666,3737.0,3774,3850.0,3773,,,,1700.0,1350.0,1185.0,1003.0,829.0,690.0,564.8000000000001,508.32000000000005,457.48800000000006,411.73920000000004,370.56528000000003,333.508752,300.1578768,270.14208912,243.127880208,218.8150921872,196.93358296848,,,,,,1964.3999999999999,2263.7999999999997,810,,,,,,,,,,,,,,,,,,,,,,,,,,,,,,,,,,,,
,Xtandi,,,,,,,,,,,,,,,,,,,,,,,,,,,,,,,,,,,,,,,,,,,,,,,,,,,,,,,,,,,,,,,,,,,,,,,,,,,,,,,2,139,131,141,150,168,159,171,180,189,168,201,225,244,209,266,266,283,267,303,309,306,268,290,320,320,339,305,313,314,418,495,561,565,458,594,673.1999999999999,678,,,,,,,,,,,,,,,,,,,,,,,,,,,,,,,,,838.0,1024.0,1185.0,1198.0,1271.0,2039.0,2403.2,2162.88,1946.592,1751.9328,1576.73952,1419.0655680000002,1277.1590112000001,1149.4431100800002,1034.4987990720003,931.0489191648003,837.9440272483203,,,,,,,,,,,,,,,,,,,,,,,,,,,,,,,,,,,,,,,,,,,,
,Padcev,,,,,,,,,,,,,,,,,,,,,,,,,,,,,,,,,,,,,,,,,,,,,,,,,,,,,,,,,,,,,,,,,,,,,,,,,,,,,,,,,,,,,,,,,,,,,,,,,,,,,,,,,,0,,52,341,394,409,444,426,472.79999999999995,490.79999999999995,532.8,,,,,,,,,,,,,,,,,,,,,,,,,,,,,,,,,,,,,,1588.0,1922.3999999999999,1941.6239999999998,1961.0402399999998,1980.6506424,2000.457148824,2020.46172031224,2040.6663375153623,2061.073000890516,2081.6837308994213,2102.5005682084156,2123.5255738905,,,,,,,,,,,,,,,,,,,,,,,,,,,,,,,,,,,,,,,,,,,,
,Inlyta (axitinib),,,,,,,,,,,,,,,,,,,,,,,,,,,,,,,,,,,,,,,,,,,,,,,,,,,,,,,,,,,,,7,,,47,63,71,83,102,88,101,102,119,95,111,105,119,101,108,95,97,85,88,84,83,74,81,71,72,73,104,139,161,169,195,195,228,229,257,256,260,234,274,252,243,259,262,252,263,237,252,247,242,219,226.8,222.3,217.8,,,,,,,,,,,,,,,,,,,,,,,,,,,319,410.0,,,,,477.0,787.0,1002.0,1003.0,1036.0,978.0,885.9000000000001,797.3100000000001,717.5790000000001,645.8211000000001,581.2389900000002,523.1150910000001,470.8035819000001,423.72322371000007,381.3509013390001,343.21581120510007,308.89423008459005,,,,,,0,0,550.9,,,,,,,,,,,,,,,,,,,,,,,,,,,,,,,,,,,,
,Nurtec ODT/Vydura,,,,,,,,,,,,,,,,,,,,,,,,,,,,,,,,,,,,,,,,,,,,,,,,,,,,,,,,,,,,,,,,,,,,,,,,,,,,,,,,,,,,,,,,,,,,,,,,,,,,,,,,211,167,247,233,282,178,356,337,392,248,462.8,438.1,509.6,,,,,,,,,,,,,,,,,,,,,,,,,,,,,,,,,,,,,929.0,1263.0,1658.5,1824.3500000000001,2006.7850000000003,2207.4635000000003,2428.2098500000006,2671.030835000001,,,,,,,,,,,,,,,,,,,,,,,,,,,,,,,,,,,,,,,,,,,,,,,,,
,Adcetris,,,,,,,,,,,,,,,,,,,,,,,,,,,,,,,,,,,,,,,,,,,,,,,,,,,,,,,,,,,,,,,,,,,,,,,,,,,,,,,,,,,,,,,,,,,,,,,,,,,,,,,,,,0,,46,257,279,268,285,218,292.95,281.40000000000003,299.25,,,,,,,,,,,,,,,,,,,,,,,,,,,,,,,,,,,,,,1089.0,1091.6,1102.5159999999998,1113.5411599999998,1124.6765715999998,1135.9233373159998,1147.2825706891597,1158.7553963960513,1170.3429503600119,1182.046379863612,1193.8668436622481,1205.8055120988706,,,,,,,,,,,,,,,,,,,,,,,,,,,,,,,,,,,,,,,,,,,,
,Sulperazon,,,,,,,,,,,,,,,,,,,,,,,,,,,,,,,,,,,,,,,,,,,,,,,,,,,,,,,49,60,,49,51,63,58,71,62,71,71,73,78,87,88,92,90,85,98,80,72,89,96,105,102,93,122,110,114,126,168,150,145,149,177,165,163,179,187,102,143,186,192,141,181,169,210,210,178,189,320,177,122,138,167,144,156,170,164,142.56,154.44,168.3,,,,,,,,126,160,139,,,,,,,,,,,,,,,,262.0,309,355.0,319.5,287.55,,,684.0,618.0,683.0,787.0,757.0,637.0,629.3,566.37,509.733,458.7597,412.88373,371.59535700000004,334.43582130000004,300.99223917000006,270.89301525300004,243.80371372770006,219.42334235493004,,,,,,,,309,,,,,,,,,,,,,,,,,,,,,,,,,,,,,,,,,,,,
,Abrysvo,,,,,,,,,,,,,,,,,,,,,,,,,,,,,,,,,,,,,,,,,,,,,,,,,,,,,,,,,,,,,,,,,,,,,,,,,,,,,,,,,,,,,,,,,,,,,,,,,,,,,,,,,,0,375,515,145,56,356,198,131,56,356,198,,,,,,,,,,,,,,,,,,,,,,,,,,,,,,,,,,,,,,755.0,741.0,666.9,600.21,540.1890000000001,486.1701000000001,437.5530900000001,393.7977810000001,354.4180029000001,318.9762026100001,287.0785823490001,258.3707241141001,,,,,,,,,,,,,,,,,,,,,,,,,,,,,,,,,,,,,,,,,,,,
,Oncology Biosimilars,,,,,,,,,,,,,,,,,,,,,,,,,,,,,,,,,,,,,,,,,,,,,,,,,,,,,,,,,,,,,,,,,,,,,,,,,,,,63,66,78,34,30,27,27,28,30,29,29,,,,,,,,,,,,,,,,,,,412,0,310,322,264,,285,209,264,264,264,264,,,,,,,,,,,,,,,,,,,,,,,,,,,,,,,,,,,,,,758.0,1056.0,950.4,855.36,769.8240000000001,692.8416000000001,623.55744,561.2016960000001,505.0815264000001,454.5733737600001,409.1160363840001,368.2044327456001,,,,,,,,,,,,,,,,,,,,,,,,,,,,,,,,,,,,,,,,,,,,
,Zirabev,,,,,,,,,,,,,,,,,,,,,,,,,,,,,,,,,,,,,,,,,,,,,,,,,,,,,,,,,,,,,,,,,,,,,,,,,,,,,,,,,,,,,,,,,,,0,0,0,0,48,79,86,129,96,133,147,138,146,130,,106,100,88,,,,,,,,,,,,,,,,,,,,,,,,,,,,,,,,,,,,,,,,,0.0,127.0,444.0,561.0,294.0,,,,,,,,,,,,,,,,,,,,,,,,,,,,,,,,,,,,,,,,,,,,,,,,,,,,,,,,
,Inflectra,,,,,,,,,,,,,,,,,,,,,,,,,,,,,,,,,,,,,,,,,,,,,,,,,,,,,,,,,,,,,,,,,,,,,,,,,,,,,,,49,61,78,94,112,135,145,158,166,173,138,153,155,179,158,150,162,188,177,136,172,171,135,137,131,129,178,74,121,117,158,97,126,127,153,87.3,113.4,114.3,,,,,,,,,,,,,,,,,,,,,,,,,,,,,,,,,625.0,658.0,656.0,532.0,490.0,508.0,468.00000000000006,421.20000000000005,379.08000000000004,341.172,307.05480000000006,276.34932000000003,248.71438800000004,223.84294920000005,201.45865428000005,181.31278885200004,163.18150996680004,,,,,,,,,,,,,,,,,,,,,,,,,,,,,,,,,,,,,,,,,,,,
,Bosulif,,,,,,,,,,,,,,,,,,,,,,,,,,,,,,,,,,,,,,,,,,,,,,,,,,,,,,,,,,,,,,,,,,,,,,,,,,,,,,,43,46,47,59,57,70,60,77,69,89,80,97,90,98,100,113,111,126,123,136,136,145,128,156,141,150,150,154,160,182,145,167,161,171,151,175.35,169.05,179.55,,,,,,,,,,,,,,,,,,,,,,,,,,,,,,,,,365.0,450.0,540.0,575.0,646.0,644.0,674.95,607.455,546.7095,492.03855000000004,442.83469500000007,398.55122550000004,358.69610295000007,322.8264926550001,290.54384338950007,261.48945905055007,235.34051314549507,,,,,,,,,,,,,,,,,,,,,,,,,,,,,,,,,,,,,,,,,,,,
,Xalkori (crizotinib),,,,,,,,,,,,,,,,,,,,,,,,,,,,,,,,,,,,,,,,,,,,,,,,,,,,,,,,,,,,,17,,,45,53,67,73,89,88,108,112,129,111,119,122,135,139,137,140,145,142,155,146,152,153,137,127,107,123,133,130,145,149,138,122,135,134,120,116,122,127,118,118,103,,86,86,91,,,,,,,,,,,,,,,,,,,,,,,,,,,,,,,,,,,,437.0,480.70000000000005,528.7700000000001,581.6470000000002,639.8117000000002,531.0,544.0,492.0,466.0,263.0,,,,,,,,,,,,,,,,,,,336.49,380.79999999999995,,,,,,,,,,,,,,,,,,,,,,,,,,,,,,,,,,,,
,Zithromax 1995-2005,264,158,132,267,301,161,189,372,433,204,224,449,413,158,289,522,418,262,267,560,407,251,270,587,549,314,355,791,466,370,339,675,797,424,402,402,259,166,104,109,131,108,89,110,120,109,91,109,114,100,85,131,103,110,90,112,128,114,93,118,123,106,89,117,116,83,84,104,92,76,67,78,86,68,68,73,80,67,56,69,79,62,61,68,90,72,61,83,104,73,77,82,138,55,25,58,89,43,66,81,125,54,71,81,150,44,60,152,200,74,83,122,158,74,83,122,,,,,,,,206,406,619,821,1023,1310,1382,1507,1515,2009,1850,2025,638,438,429,430,415,453,435.0,387,313.0,297.34999999999997,282.48249999999996,268.35837499999997,254.94045624999995,336.0,276.0,279.0,331.0,406.0,479.0,437.0,393.3,353.97,318.57300000000004,286.7157,258.04413000000005,232.23971700000004,209.01574530000005,188.11417077000004,169.30275369300006,152.37247832370005,,,,,,124.5,89.20499999999998,82.8,,,,,,,,,,,,,,,,,,,,,,,,,,,,,,,,,,,,
,Ruxience,,,,,,,,,,,,,,,,,,,,,,,,,,,,,,,,,,,,,,,,,,,,,,,,,,,,,,,,,,,,,,,,,,,,,,,,,,,,,,,,,,,,,,,0,0,0,0,0,0,0,0,59,92,98,120,124,148,124,113,120,101,,100,88,88,,,,,,,,,,,,,,,,,,,,,,,,,,,,,,,,,,,,,,,,,0.0,151.0,490.0,458.0,276.0,,,,,,,,,,,,,,,,,,,,,,,,,,,,,,,,,,,,,,,,,,,,,,,,,,,,,,,,
,Retacrit,,,,,,,,,,,,,,,,,,,,,,,,,,,,,,,,,,,,,,,,,,,,,,,,,,,,,,,,,,,,,,,,,,,,,,,,,,,,,,,,,,,,,,,19,27,31,51,64,79,89,87,102,108,109,103,110,122,115,106,87,86,,87,82,79,,,,,,,,,,,,,,,,,,,,,,,,,,,,,,,,,,,,,,,,,225.0,386.0,444.0,394.0,248.0,,,,,,,,,,,,,,,,,,,,,,,,,,,,,,,,,,,,,,,,,,,,,,,,,,,,,,,,
,Cibinqo,,,,,,,,,,,,,,,,,,,,,,,,,,,,,,,,,,,,,,,,,,,,,,,,,,,,,,,,,,,,,,,,,,,,,,,,,,,,,,,,,,,,,,,,,,,,,,,,,,,,,,1,11,10,16,38,37,37,42,47,63,64,58,61,64,67,,,,,,,,,,,,,,,,,,,,,,,,,,,,,,,,,,,,,,216.0,250.0,225.0,202.5,182.25,164.025,147.6225,132.86025,119.57422500000001,107.61680250000002,96.85512225000002,87.16961002500003,,,,,,,,,,,,,,,,,,,,,,,,,,,,,,,,,,,,,,,,,,,,
,"Sutent, '18-'21",-,-,-,-,-,-,-,-,-,-,-,-,-,-,-,-,-,-,-,-,-,-,-,-,-,-,-,-,-,-,-,-,-,-,-,-,16,36,63,104,102,146,151,182,190,211,226,220,202,223,246,293,259,255,257,295,276,296,298,317,300,319,294,323,302,312,278,312,268,310,287,310,242,294,279,305,278,285,260,272,250,279,276,276,262,275,248,264,232,248,224,231,205,209,202,203,200,194,142,137,114,97,75,60,,45,42,44,,,,,,,,,,,,,,,,-,-,-,-,-,-,-,-,-,-,-,-,219,581,847,964,1066,1187,1236.0,1204,1175.0,1233.75,1295.4375,1360.2093750000001,408.0628125,935.0,819.0,673.0,346.0,131.0,,,,,,,,,,,,,,,,,,852.8000000000001,987,409.5,,,,,,,,,,,,,,,,,,,,,,,,,,,,,,,,,,,,
,BeneFIX,-,-,-,-,-,-,-,-,-,-,-,-,-,-,-,-,-,-,-,-,-,-,-,-,-,-,-,-,-,-,-,-,-,-,-,-,-,-,-,-,-,-,-,-,239,251,,,206,248,248,145,244,262,258,283,281,299,318,301,315,331,351,362,328,363,361,382,201,398,212,216,173,193,194,191,185,183,176,169,149,153,151,150,147,141,132,134,125,121,125,117,121,109,107,117,112,112,104,109,112,113,99,101,109,106,107,103,103,103,88,87,0,0,0,0,,,,,,,,-,-,-,-,-,-,-,-,-,-,-,-,663,768,950,145,1047,1199,1359.0,1434,1027.0,924.3000000000001,831.8700000000001,748.6830000000001,673.8147000000001,488.0,454.0,437.0,425.0,425.0,381.0,0.0,0.0,0.0,0.0,0.0,0.0,0.0,0.0,0.0,0.0,0.0,,,,,,732.9,647.01,317.79999999999995,,,,,,,,,,,,,,,,,,,,,,,,,,,,,,,,,,,,
,Immunoglobulin,,,,,,,,,,,,,,,,,,,,,,,,,,,,,,,,,,,,,,,,,,,,,,,,,,,,,,,,,,,,,,,,,,,,,,,,,,,,,,,,,,,,,,,,39,17,44,,76,74,63,88,105,105,107,99,119,107,125,124,135,,163,140,156,,104,221,109,,0,0,0,,,,,,,,,,,,,,,,,,,,,,,,,,,,,,,,,137.0,330.0,430.0,491.0,459.0,434.0,0.0,0.0,0.0,0.0,0.0,0.0,0.0,0.0,0.0,0.0,0.0,,,,,,,,,,,,,,,,,,,,,,,,,,,,,,,,,,,,,,,,,,,,
,Zavicefta,,,,,,,,,,,,,,,,,,,,,,,,,,,,,,,,,,,,,,,,,,,,,,,,,,,,,,,,,,,,,,,,,,,,,,,,,,,,,,,,,,,,,,,0,0,0,0,0,0,0,0,49,68,94,104,107,107,104,100,98,109,116,132,130,133,125,150,152,159,135,135,135,135,,,,,,,,,,,,,,,,,,,,,,,,,,,,,,,,,0.0,117.0,412.0,411.0,511.0,586.0,540.0,486.0,437.40000000000003,393.66,354.29400000000004,318.86460000000005,286.97814000000005,258.28032600000006,232.45229340000006,209.20706406000005,188.28635765400006,,,,,,,,,,,,,,,,,,,,,,,,,,,,,,,,,,,,,,,,,,,,
,Premarin,,,,,-,-,-,-,-,-,-,-,-,-,-,-,-,-,-,-,-,-,-,-,-,-,-,-,-,-,-,-,-,-,-,-,-,-,-,-,241,267,283,264,276,271,262,261,246,257,257,213,256,260,263,261,235,255,267,256,261,274,262,276,244,273,276,299,248,274,264,290,232,259,263,264,256,251,244,265,228,245,238,266,191,210,204,227,168,193,182,192,152,152,168,208,143,128,148,143,102,115,110,128,,95,92,98,,108,90,97,,0,0,0,,,,,,,,-,-,-,-,-,-,-,-,-,-,-,-,"1,051","1,055","1,070",213,1040,1013,1073.0,1092,1076.0,1065.24,1054.5876,1044.0417240000002,1033.6013067600002,735.0,680.0,562.0,455.0,285.0,295.0,0.0,0.0,0.0,0.0,0.0,0.0,0.0,0.0,0.0,0.0,0.0,,,,,,520,532.62,340,,,,,,,,,,,,,,,,,,,,,,,,,,,,,,,,,,,,
,Genotropin,,,,,-,-,-,-,-,-,-,-,-,-,-,-,-,-,-,-,117,133,136,165,140,89,187,205,179,180,176,200,203,201,200,204,197,191,198,209,201,202,216,224,206,238,225,229,197,207,232,251,206,233,211,235,209,230,215,235,195,212,212,213,189,198,183,202,166,194,173,190,138,167,142,169,125,152,147,154,104,135,136,157,132,140,143,142,107,125,124,142,103,106,107,112,80,109,95,106,80,91,90,99,147,74,158,160,120,119,119,112,,0,0,0,,,,,,,,-,-,-,-,-,-,-,-,551,481,736,808,795,843,898,887,885,889,832.0,772,723.0,730.23,737.5323000000001,744.9076230000001,752.3566992300001,498.0,428.0,390.0,360.0,539.0,470.0,0.0,0.0,0.0,0.0,0.0,0.0,0.0,0.0,0.0,0.0,0.0,,,,,,619.5,511.161,299.59999999999997,,,,,,,,,,,,,,,,,,,,,,,,,,,,,,,,,,,,
,Medrol,,,,,,,,,,,,,,,,,,,,,,,,,,,,,,,,,,,,,,,,,,,,,,,,,,,,,109,113,119,114,121,127,127,127,134,141,113,135,113,123,107,121,106,115,101,105,101,113,112,118,113,115,102,119,120,123,109,131,120,104,110,124,120,120,109,121,129,78,87,107,99,112,109,112,76,79,79,93,,80,89,76,,,,,,,,,,,,,,,,,,,,,,,,,,,,,,,,455,502,523.0,464,427.0,298.9,209.22999999999996,146.46099999999996,102.52269999999996,470.0,401.0,432.0,327.0,245.0,,,,,,,,,,,,,,,,,,,,40.1,,,,,,,,,,,,,,,,,,,,,,,,,,,,,,,,,,,,
,Nimenrix,,,,,,,,,,,,,,,,,,,,,,,,,,,,,,,,,,,,,,,,,,,,,,,,,,,,,,,,,,,,,,,,,,,,,,,,,,,,,,,,,,,,,,,46,44,50,58,52,70,75,56,50,40,46,49,51,48,77,65,79,48,,38,43,58,,,,,,,,,,,,,,,,,,,,,,,,,,,,,,,,,,,,,,,,,230.0,221.0,194.0,269.0,139.0,,,,,,,,,,,,,,,,,,,,,,,,,,,,,,,,,,,,,,,,,,,,,,,,,,,,,,,,
,Lorbrena,,,,,,,,,,,,,,,,,,,,,,,,,,,,,,,,,,,,,,,,,,,,,,,,,,,,,,,,,,,,,,,,,,,,,,,,,,,,,,,,,,,,,,,0,0,0,0,0,0,0,0,55,62,60,66,67,73,72,77,99,95,112,121,159,146,164,169,206,192,222,185.9,226.60000000000002,211.20000000000002,,,,,,,,,,,,,,,,,,,,,,,,,,,,,,,,,0.0,117.0,266.0,343.0,538.0,731.0,845.7,761.1300000000001,685.0170000000002,616.5153000000001,554.8637700000002,499.37739300000015,449.4396537000001,404.4956883300001,364.0461194970001,327.64150754730014,294.87735679257014,,,,,,,,,,,,,,,,,,,,,,,,,,,,,,,,,,,,,,,,,,,,
,Fragmin (dalteparin),,,,,,,,,,,,,,,,,,,,,,,,,,,,,,,,,,,,,,,,,,,,,,,,,,,,,90,84,84,83,91,97,95,99,91,101,91,98,86,94,83,96,81,95,90,98,74,88,84,89,78,82,80,79,71,71,79,85,70,74,76,72,60,63,62,68,59,58,60,75,71,77,74,82,70,72,60,67,,59,57,63,,,,,,,,,,,,,,,,,,,,,,,,,,,,,,,,341,382,381.0,359,364.0,364,364,364,364,253.0,252.0,304.0,269.0,179.0,,,,,,,,,,,,,,,,,,,,126,,LMWH.,,,,,,,,,,,,,,,,,,,,,,,,,,,,,,,,,,
,Somavert,,,,,,,,,,,,,,,,,,,,,,,,,,,,,,,,,,,,,,,,,,,,,,,,,,,,,,,,42,,,,50,,,,55,-,55,56,58,50,59,59,61,49,55,54,60,55,59,59,59,56,61,65,71,63,68,64,73,59,68,64,72,64,67,67,79,65,68,70,74,68,64,70,66,,65,69,67,,,,,,,,,,,,,,,,,,,,,,,,,,,,,,,,,,,,229.0,,,,,263.0,277.0,277.0,268.0,201.0,,,,,,,,,,,,,,,,,,,,,,,,,,,,,,,,,,,,,,,,,,,,,,,,,,,,,,,,
,BMP2,,,,,,,,,,,,,,,,,,,,,,,,,,,,,,,,,,,,,,,,,,,,,,,,,,,,,98,99,101,102,93,101,83,63,67,67,58,71,-,66,-,51,-,51,56,81,38,75,57,63,51,61,63,76,62,57,79,64,73,80,54,72,67,79,66,75,69,57,70,77,49,66,71,80,67,75,58,76,,84,82,86,,,,105,,0,0,0,,,,,,,,,,,,,,,,,,,,,,,,400,340,263.0,117,188.0,188,188,188,188,287.0,273.0,266.0,276.0,252.0,105.0,0.0,0.0,0.0,0.0,0.0,0.0,0.0,0.0,0.0,0.0,0.0,,,,,,,,136.5,,,,,,,,,,,,,,,,,,,,,,,,,,,,,,,,,,,,
,Oxbryta,,,,,,,,,,,,,,,,,,,,,,,,,,,,,,,,,,,,,,,,,,,,,,,,,,,,,,,,,,,,,,,,,,,,,,,,,,,,,,,,,,,,,,,,,,,,,,,,,,,,,,,,73,71,77,85,96,84,92,17,8,,,,,,,,,,,,,,,,,,,,,,,,,,,,,,,,,,,,,,,,,329.0,201.0,,,,,,,,,,,,,,,,,,,,,,,,,,,,,,,,,,,,,,,,,,,,,,,,,,,,,,,
,Bavencio,,,,,,,,,,,,,,,,,,,,,,,,,,,,,,,,,,,,,,,,,,,,,,,,,,,,,,,,,,,,,,,,,,,,,,,,,,,,,,,,,,,,,,,0,0,0,0,0,0,0,0,21,29,32,37,54,56,67,58,73,72,,83,18,4,,,,,,,,,,,,,,,,,,,,,,,,,,,,,,,,,,,,,,,,,0.0,50.0,179.0,270.0,105.0,,,,,,,,,,,,,,,,,,,,,,,,,,,,,,,,,,,,,,,,,,,,,,,,,,,,,,,,
,Refacto/Xyntha,,,,,,,,,,,,,,,,,,,,,,,,,,,,,,,,,,,,,,,,,,,,,,,,,,,,,,,,,,,,,,,,,,,,,145,171,160,154,120,142,130,141,129,139,140,146,130,139,140,142,130,141,117,125,106,108,104,107,89,91,92,97,89,77,69,69,66,64,58,52,,56,61,52,,,,,,,,,,,,,,,,,,,,,,,,,,,,,,,,,,,,,,,,,425.0,369.0,304.0,240.0,169.0,,,,,,,,,,,,,,,,,,,,,,,,,,,,,,,,,,,,,,,,,,,,,,,,,,,,,,,,
,Vfend 10/13,,,,,-,-,-,-,-,-,-,-,-,-,-,-,-,-,-,-,-,-,12,29,35,46,57,62,64,71,69,83,88,91,106,112,117,118,132,148,148,145,162,177,171,187,189,196,179,180,196,243,188,207,200,230,195,192,171,189,178,178,187,211,187,177,193,218,177,221,174,183,182,162,165,172,156,162,140,132,107,101,97,115,98,110,87,98,85,94,87,80,74,75,52,69,80,72,51,63,65,54,51,55,,56,46,34,,,,,,,,,,,,,,,,-,-,-,-,-,-,-,-,41,200,287,397,515,632,743,798,825,747,754.0,775,755.0,151,30.200000000000003,6.040000000000001,1.2080000000000002,346.0,270.0,266.0,225.0,136.0,,,,,,,,,,,,,,,,,,577.5,0,0,,,,,,,,,,,,,,,,,,,,,,,,,,,,,,,,,,,,
,Aromasin 4/11,,,,,-,-,-,-,-,-,-,-,-,-,-,-,-,-,-,-,-,-,-,-,-,-,-,-,24,,,49,55,58,63,71,70,75,84,91,93,92,102,114,104,117,121,123,110,114,123,136,128,122,111,122,114,95,85,67,56,55,51,48,51,-,-,50,,,,,,,,,,,0,0,0,0,0,0,0,0,0,0,0,0,0,0,0,0,35,41,52,51,56,53,62,59,66,61,,72,76,76,82,,,,108,,,,,,,,,,,-,-,-,-,-,-,-,-,-,50,143,247,320,401,465,483,483,241.5,210.0,101,0.0,0,0,0,0,0.0,76.0,212.0,248.0,224.0,,,,,,,,,,,,,,,,,,241.5,0,7.6000000000000005,,67% ex-US but price high and bad IP?,,,,,,,,,,,,,,,,,,,,,,,,,,,,,,,,,,
,Bicillin,,,,,,,,,,,,,,,,,,,,,,,,,,,,,,,,,,,,,,,,,,,,,,,,,,,,,,,,,,,,,,,,,,,,,,,,,,,,,,,,,,,,,,,,,,,,,,,,,,,,,,,36,38,,53,37,24,,,,,,,,,,,,,,,,,,,,,,,,,,,,,,,,,,,,,,,,,,,,,114.0,,,,,,,,,,,,,,,,,,,,,,,,,,,,,,,,,,,,,,,,,,,,,,,,,,,,,,,,
,Cresemba,,,,,,,,,,,,,,,,,,,,,,,,,,,,,,,,,,,,,,,,,,,,,,,,,,,,,,,,,,,,,,,,,,,,,,,,,,,,,,,,,,,,,,,,,,,,,,,,,,,,,,,41,41,,54,40,54,,,,,,,,,,,,,,,,,,,,,,,,,,,,,,,,,,,,,,,,,,,,,148.0,,,,,,,,,,,,,,,,,,,,,,,,,,,,,,,,,,,,,,,,,,,,,,,,,,,,,,,,
,Toviaz (fesoterodine),,,,,,,,,,,,,,,,,,,,,,,,,,,,,,,,,,,,,,,,,,,,,,,,,,,,,,,,43,,46,49,50,,53,52,57,52,65,57,62,63,79,69,77,63,71,59,73,64,67,60,67,63,62,62,70,60,70,67,74,60,65,61,64,60,64,59,69,57,62,56,64,54,45,30,16,,,,,,,,,,,,,,,,,,,,,,,,,,,,,,,,,,0,,,,,,288.0,259.2,233.28,209.952,188.95680000000002,250.0,252.0,239.0,145.0,0.0,,,,,,,,,,,,,,,,,,,,126,,Approved. US in 09. Eu in 08.,,,,,,,,,,,,,,,,,,,,,,,,,,,,,,,,,,
,Trazimera,,,,,,,,,,,,,,,,,,,,,,,,,,,,,,,,,,,,,,,,,,,,,,,,,,,,,,,,,,,,,,,,,,,,,,,,,,,,,,,,,,,,,,,0,0,0,0,0,0,0,0,0,36,45,41,0,66,52,46,51,54,,33,0,23,,,,,,,,,,,,,,,,,,,,,,,,,,,,,,,,,,,,,,,,,0.0,36.0,152.0,203.0,56.0,,,,,,,,,,,,,,,,,,,,,,,,,,,,,,,,,,,,,,,,,,,,,,,,,,,,,,,,
,Besponsa,,,,,,,,,,,,,,,,,,,,,,,,,,,,,,,,,,,,,,,,,,,,,,,,,,,,,,,,,,,,,,,,,,,,,,,,,,,,,,,,,,,,,,,0,0,0,0,0,0,0,0,44,48,50,45,50,47,51,58,55,55,,59,54,65,,,,,,,,,,,,,,,,,,,,,,,,,,,,,,,,,,,,,,,,,0.0,92.0,192.0,219.0,178.0,,,,,,,,,,,,,,,,,,,,,,,,,,,,,,,,,,,,,,,,,,,,,,,,,,,,,,,,
,Braftovi,,,,,,,,,,,,,,,,,,,,,,,,,,,,,,,,,,,,,,,,,,,,,,,,,,,,,,,,,,,,,,,,,,,,,,,,,,,,,,,,,,,,,,,0,0,0,0,0,30,37,36,42,45,47,42,47,51,48,51,58,37,103,50,56,57,116,148,173,170,136,141,146,151,,,,,,,,,,,,,,,,,,,,,,,,,,,,,,,,,30.0,160.0,187.0,194.0,266.0,607.0,574.0,516.6,464.94000000000005,418.4460000000001,376.60140000000007,338.94126000000006,305.0471340000001,274.54242060000007,247.08817854000006,222.37936068600007,200.14142461740008,,,,,,,,,,,,,,,,,,,,,,,,,,,,,,,,,,,,,,,,,,,,
,FSME,,,,,,,,,,,,,,,,,,,,,,,,,,,,,,,,,,,,,,,,,,,,,,,,,,,,,,,,,,,,,,,,,,,,,,,0,,,56,28,11,,42,33,12,,50,43,15,,73,57,22,0,0,64,23,0,0,77,27,53,61,47,24,42,68,67,23,,101,91,30,,100,81,34,,0,0,0,,,,,,,,,,,,,,,,,,,,,,,,,,,,,,,,,87.0,104.0,185.0,200.0,222.0,215.0,0.0,0.0,0.0,0.0,0.0,0.0,0.0,0.0,0.0,0.0,0.0,,,,,,,,,,,,,,,,,,,,,,,,,,,,,,,,,,,,,,,,,,,,
,Talzenna,,,,,,,,,,,,,,,,,,,,,,,,,,,,,,,,,,,,,,,,,,,,,,,,,,,,,,,,,,,,,,,,,,,,,,,,,,,,,,,,,,,,,,,,,,,,,,,,,,,,,,,,,10,12,0,,23,32,36,27,40,40,40,40,,,,,,,,,,,,,,,,,,,,,,,,,,,,,,,,,,,,,,118.0,160.0,144.0,129.6,116.64,104.976,94.47840000000001,85.03056000000001,76.52750400000001,68.8747536,61.98727824000001,55.78855041600001,,,,,,,,,,,,,,,,,,,,,,,,,,,,,,,,,,,,,,,,,,,,
,Tukysa,,,,,,,,,,,,,,,,,,,,,,,,,,,,,,,,,,,,,,,,,,,,,,,,,,,,,,,,,,,,,,,,,,,,,,,,,,,,,,,,,,,,,,,,,,,,,,,,,,,,,,,,,0,0,0,17,106,121,124,129,102,133.10000000000002,136.4,141.9,,,,,,,,,,,,,,,,,,,,,,,,,,,,,,,,,,,,,,480.0,513.4,539.07,566.0235000000001,594.3246750000002,624.0409087500002,655.2429541875002,688.0051018968753,722.4053569917191,758.5256248413051,796.4519060833704,836.274501387539,,,,,,,,,,,,,,,,,,,,,,,,,,,,,,,,,,,,,,,,,,,,
,Tivdak,,,,,,,,,,,,,,,,,,,,,,,,,,,,,,,,,,,,,,,,,,,,,,,,,,,,,,,,,,,,,,,,,,,,,,,,,,,,,,,,,,,,,,,,,,,,,,,,,,,,,,,,,0,0,0,4,28,33,34,36,33,35,37,39,,,,,,,,,,,,,,,,,,,,,,,,,,,,,,,,,,,,,,131.0,144.0,151.20000000000002,158.76000000000002,166.69800000000004,175.03290000000004,183.78454500000004,192.97377225000005,202.62246086250008,212.75358390562508,223.39126310090634,234.56082625595167,,,,,,,,,,,,,,,,,,,,,,,,,,,,,,,,,,,,,,,,,,,,
,Elrexfio,,,,,,,,,,,,,,,,,,,,,,,,,,,,,,,,,,,,,,,,,,,,,,,,,,,,,,,,,,,,,,,,,,,,,,,,,,,,,,,,,,,,,,,,,,,,,,,,,,,,,,,,,,,,6,13,,,57,60,62,64,66,,,,,,,,,,,,,,,,,,,,,,,,,,,,,,,,,,,,,,57.0,252.0,264.6,277.83000000000004,291.72150000000005,306.30757500000004,321.6229537500001,337.70410143750007,354.5893065093751,372.31877183484386,390.9347104265861,410.4814459479154,,,,,,,,,,,,,,,,,,,,,,,,,,,,,,,,,,,,,,,,,,,,
,Mektovi,,,,,,,,,,,,,,,,,,,,,,,,,,,,,,,,,,,,,,,,,,,,,,,,,,,,,,,,,,,,,,,,,,,,,,,,,,,,,,,,,,,,,,,0,0,0,0,0,30,37,32,34,39,35,36,41,42,40,44,45,46,,43,45,46,,,,,,,,,,,,,,,,,,,,,,,,,,,,,,,,,,,,,,,,,30.0,142.0,154.0,175.0,134.0,,,,,,,,,,,,,,,,,,,,,,,,,,,,,,,,,,,,,,,,,,,,,,,,,,,,,,,,
,Trumenba,,,,,,,,,,,,,,,,,,,,,,,,,,,,,,,,,,,,,,,,,,,,,,,,,,,,,,,,,,,,,,,,,,,,,,,,,,,,,,,,,,,,,,,61,0,0,0,73,0,0,0,48,26,0,0,52,16,0,0,60,15,,,58,17,,,,,,,,,,,,,,,,,,,,,,,,,,,,,,,,,,,,,,,,,73.0,74.0,68.0,75.0,75.0,,,,,,,,,,,,,,,,,,,,,,,,,,,,,,,,,,,,,,,,,,,,,,,,,,,,,,,,
,Chantix,,,,,-,-,-,-,-,-,-,-,-,-,-,-,-,-,-,-,-,-,-,-,-,-,-,-,-,-,-,-,-,-,-,-,-,0,33,68,162,200,241,280,277,207,182,180,177,192,155,176,189,170,163,233,199,190,156,175,178,172,146,174,166,166,154,162,147,170,158,172,158,173,159,180,220,213,198,211,239,248,240,271,251,277,261,296,273,276,276,282,270,235,223,191,217,184,7,-11,2,1,4,0,,,0,,,,,,,,,,,,,,,,,-,-,-,-,-,-,-,-,-,-,-,-,101,883,846,700,755,720,670.0,648,647.0,582.3000000000001,465.8400000000001,326.088,163.044,1107.0,919.0,397.0,7.0,,,,,,,,,,,,,,,,,,,151,116.46000000000002,0,,"Oral, nicotinic partial agonist.",,,,,,,,,,,,,,,,,,,,,,,,,,,,,,,,,,
,Zyvox 11/14,-,-,-,-,-,-,-,-,-,-,-,-,-,-,-,-,-,-,-,-,57,48,25,69,72,42,61,78,97,110,120,135,143,153,157,164,186,167,206,223,258,202,232,252,259,292,281,283,283,257,271,330,292,299,285,300,319,325,321,318,325,343,328,349,342,346,319,346,321,348,339,343,271,259,165,187,127,114,94,86,77,75,68,61,68,66,50,52,64,71,61,56,70,55,51,46,0,0,41,29,0,0,,,,,,,,,,,,,,,,,,,,,,-,-,-,-,-,-,-,-,199,253,462,618,782,944,1115,1141,1176,1283,1345.0,1353,1351.0,270.2,54.04,10.808,2.1616,252.0,222.0,70.0,0.0,,,,,,,,,,,,,,,,,,,588,27.02,0,,,,,,,,,,,,,,,,,,,,,,,,,,,,,,,,,,,,
,Effexor/Pristiq,-,-,-,-,-,-,-,-,-,-,-,-,-,-,-,-,-,-,-,-,-,-,-,-,-,-,-,-,-,-,-,-,-,-,-,-,-,-,-,-,891,977,958,968,"1,021","1,022",983,902,819,771,750,520,716,734,293,331,333,315,311,296,280,264,259,252,271,302,269,296,254,294,264,269,234,251,251,267,248,261,244,255,182,119,145,155,124,130,78,83,77,86,80,94,77,86,40,47,0,,43,43,0,,,,,,,,,,,,,,,,,,,,,,,-,-,-,-,-,-,-,-,-,-,-,-,"3,722","3,794","3,928",520,2074,1255,1055.0,1138,1081.0,540.5,270.25,135.125,67.5625,337.0,250.0,86.0,0.0,,,,,,,,,,,,,,,,,,,622.1999999999999,108.10000000000001,25,,"82% US.TEVA launches generic 7/1/2010. IPCI ANDA submitted 5/2010. 171 patent, 120 patent, 958 patent.",,,,,,,,,,,,,,,,,,,,,,,,,,,,,,,,,,
,Tygacil,,,,,,,,,,,,,,,,,,,,,,,,,,,,,,,,,,,,,,,,,,,,,,,,,,,,,84,,78,74,73,75,76,74,81,86,82,86,87,92,92,87,74,82,85,82,74,77,81,73,76,59,69,71,74,57,60,69,63,63,60,62,0,0,50,51,0,0,33,45,0,,56,47,0,,,,,,,,,,,,,,,,,,,,,,,,,,,,,,,,,,,,,,,236,298,335.0,358,323.0,258.40000000000003,206.72000000000003,165.37600000000003,132.30080000000004,101.0,78.0,103.0,0.0,,,,,,,,,,,,,,,,,,,,,15.600000000000001,,,,,,,,,,,,,,,,,,,,,,,,,,,,,,,,,,,,
,Precedex,,,,,,,,,,,,,,,,,,,,,,,,,,,,,,,,,,,,,,,,,,,,,,,,,,,,,,,,,,,,,,,,,,,,,,,,,,,,,,,64,65,64,67,51,61,55,64,0,0,0,40,0,0,0,114,55,48,0,,50,30,0,,,,,,,,,,,,,,,,,,,,,,,,,,,,,,,,,,,,,,,,,,,,,,,,40.0,217.0,80.0,0.0,,,,,,,,,,,,,,,,,,,,,,,,,,,,,,,,,,,,,,,,,,,,,,,,,,,,,,,,,
,EpiPen,,,,,,,,,,,,,,,,,,,,,,,,,,,,,,,,,,,,,,,,,,,,,,,,,,,,,,,0,-,,66,59,-,58,92,67,-,72,73,85,-,63,89,79,64,76,85,107,71,97,93,110,87,81,90,82,37,52,95,68,88,56,67,92,65,72,64,75,0,0,0,78,0,0,,,,,,,,,,,,,,,,,,,,,,,,,,,,,,,,,,,,,,,,,217.0,230,295.0,265.5,238.95000000000002,215.055,193.54950000000002,280.0,211.0,78.0,0.0,,,,,,,,,,,,,,,,,,,,,105.5,,,,,,,,,,,,,,,,,,,,,,,,,,,,,,,,,,,,
,Celebrex 12/31/1998-5/30/2014,-,-,-,-,-,-,-,-,-,-,-,-,-,-,-,-,-,-,-,-,607,807,824,812,585,344,701,810,769,728,797,1008,411,401,446,472,491,471,537,540,598,478,577,637,611,589,625,664,564,548,602,669,570,604,578,622,591,622,643,667,634,659,676,750,653,715,752,798,624,762,764,550,205,224,212,190,172,183,194,183,175,178,212,210,145,161,188,192,174,174,179,193,156,139,0,0,0,0,0,0,0,,,,,,,,,,,,,,,,,,,,,,,-,-,-,-,-,-,-,-,3050,2440,3302,1730,2039,2290,2489,2383,2374,2523,2719.0,2918,2700.0,1080,648,388.8,388.8,720.0,295.0,0.0,0.0,,,,,,,,,,,,,,,,,,,949.6,216,29.5,,40% OM? 70% US!,,,,,,,,,,,,,,,,,,,,,,,,,,,,,,,,,,
,Xalatan 3/11,,,,,-,-,-,-,-,-,-,-,-,-,-,-,-,-,-,-,220,209,256,243,239,103,254,266,279,291,304,353,333,341,338,361,337,351,374,391,360,389,402,453,405,436,450,454,407,395,436,499,422,449,416,462,392,291,277,290,227,209,181,189,147,147,140,155,119,128,124,124,102,99,98,100,89,94,91,90,77,81,83,94,72,85,76,85,62,72,68,80,61,65,0,0,0,0,0,0,0,,,,,,,,,,,,,,,,,,,,,,,-,-,-,-,-,-,-,-,928,862,1227,1372,1453,1604,1745,1737,1749,874.5,806.0,589,495.0,396,316.8,253.44000000000003,202.75200000000004,282.0,126.0,0.0,0.0,,,,,,,,,,,,,,,,,,,874.5,39.6,0,,,,,,,,,,,,,,,,,,,,,,,,,,,,,,,,,,,,
,Detrol LA 3/12,,,,,-,-,-,-,-,-,-,-,-,-,-,-,-,-,-,-,174,191,197,195,190,98,211,234,206,182,231,285,252,222,231,283,260,255,295,290,303,269,294,324,313,290,298,313,289,273,283,309,261,260,237,255,225,230,213,215,195,205,176,185,151,155,131,125,,57,,,,,,,,,,,,,,,,,0,0,0,0,0,0,0,0,0,0,0,0,0,0,0,,,,,,,,,,,,,,,,,,,,,,,-,-,-,-,-,-,-,-,757,544,904,988,1100,1190,1214,1154,1013,883,761.0,562,57.0,17.099999999999998,5.129999999999999,1.5389999999999997,0.4616999999999999,0.0,0.0,0.0,0.0,,,,,,,,,,,,,,,,,,,303.9,1.71,0,,Sued MYL and Sandoz 7/2010.,,,,,,,,,,,,,,,,,,,,,,,,,,,,,,,,,,
,Zoloft 1995-2006,394,323,395,395,452,390,480,481,517,453,520,507,514,484,555,587,608,515,598,646,740,574,653,775,758,630,831,898,810,789,802,959,845,796,807,808,779,706,459,166,146,127,124,134,122,151,135,131,115,125,128,148,120,144,126,142,135,146,139,153,130,139,129,143,116,109,116,128,101,104,104,113,86,93,95,100,79,77,72,76,68,69,78,76,74,77,72,75,69,73,74,78,78,79,0,0,0,0,0,0,0,,,,,,,,,,,,,,,,,,,,,,,718,1037,1337,1507,1803,1997,2140,2365,2742,3117,3361,3256,2110,531,539,516,532,573,541.0,469,422.0,379.8,341.82,307.638,276.8742,294.0,157.0,0.0,0.0,,,,,,,,,,,,,,,,,,,106.4,37.980000000000004,15.700000000000001,,86% ex-US.,,,,,,,,,,,,,,,,,,,,,,,,,,,,,,,,,,
,Zosyn,,,,,-,-,-,-,-,-,-,-,-,-,-,-,-,-,-,-,-,-,-,-,-,-,-,-,-,-,-,-,-,-,-,-,-,-,-,-,281,280,284,210,342,319,305,298,310,304,300,184,264,230,255,203,179,162,149,146,128,141,109,106,87,102,104,102,74,75,,,,,,,,,,38,37,40,,69,61,58,56,54,0,0,49,47,0,0,0,0,0,0,0,0,0,,,,,,,,,,,,,,,,,,,,,,,-,-,-,-,-,-,-,-,-,-,-,-,972,"1,137","1,264",184,952,636,484.0,395,149.0,104.3,73.00999999999999,51.10699999999999,35.774899999999995,96.0,0.0,0.0,0.0,,,,,,,,,,,,,,,,,,,571.1999999999999,10.43,0,,,,,,,,,,,,,,,,,,,,,,,,,,,,,,,,,,,,
,Relpax 8/13,,,,,-,-,-,-,-,-,-,-,-,-,-,-,-,-,-,-,0,4,0,0,32,9,15,28,30,38,47,54,53,50,67,63,66,67,72,81,83,66,81,85,77,80,83,81,79,75,81,,,,75,84,,84,86,91,85,89,92,102,86,94,83,96,87,98,92,105,80,82,91,98,78,87,83,75,,,50,43,,,,,,,,,,,,0,0,0,0,0,0,,,,,,,,,,,,,,,,,,,,,,,-,-,-,-,-,-,-,-,4,84,169,233,286,315,321,235,,,368.0,359,382.0,343.8,309.42,278.478,250.6302,0.0,0.0,0.0,0.0,,,,,,,,,,,,,,,,,,,,,0,,,,,,,,,,,,,,,,,,,,,,,,,,,,,,,,,,,,
,"Lipitor, 1997 launch, 11/11",49,151,257,408,375,536,578,719,767,900,995,1134,1119,1262,1216,1434,1467,1439,1660,1883,1852,1783,2020,2317,2099,2015,2468,2648,2497,2363,2738,3264,3075,2858,2897,3357,3107,3123,3321,3335,3358,2719,3170,3428,3137,2976,3142,3146,2721,2685,2853,3175,2757,2813,2534,2629,2385,2591,2602,1999,1395,1220,749,584,626,545,533,611,457,543,490,572,441,509,454,456,411,461,422,464,404,445,491,574,511,521,507,524,622,107,476,468,405,431,0,0,0,0,0,0,0,,,,,,,,,,,,,,,,,,,,,,,-,-,-,865,2208,3796,5031,6449,7972,9230,10862,12187,12886,12675,12401,11434,10733,9577,3948.0,2315,2062.0,1649.6000000000001,1319.6800000000003,1055.7440000000004,844.5952000000003,1673.0,836.0,0.0,0.0,,,,,,,,,,,,,,,,,,,8586.4,494.88,167.20000000000002,,80% OM? Only 8% in emerging markets and not growing (correct for SK change)! Astellas has Japanese rights. Norvasc has kept 25-30% since LOE.,,,,,,,,,,,,,,,,,,,,,,,,,,,,,,,,,,
,"Viagra, 1998 launch, 3/12",-,-,-,-,0,402,138,233,190,305,245,277,328,304,332,380,377,351,375,415,422,385,437,491,475,419,476,509,416,389,403,469,438,391,386,430,390,394,423,450,434,382,450,498,460,463,509,502,454,423,466,549,479,491,459,499,470,495,493,523,496,485,517,553,461,484,460,812,374,427,427,464,396,448,430,434,396,401,386,381,338,348,308,265,249,193,137,127,145,114,120,119,127,94,0,0,0,0,0,0,0,,,,,,,,,,,,,,,,,,,,,,,-,-,-,-,788,1016,1344,1518,1735,1879,1678,1645,1657,1764,1934,1892,1928,1981,2051.0,2217,1692.0,1522.8,1370.52,1233.468,1110.1212,498.0,221.0,0.0,0.0,,,,,,,,,,,,,,,,,,,578.4,304.56,22.1,,2012 expiry.,,,,,,,,,,,,,,,,,,,,,,,,,,,,,,,,,,
,"Norvasc 7/92-3/07, generic",498,521,574,624,559,610,662,710,694,713,778,807,782,805,847,928,860,879,881,962,931,886,963,1066,983,1003,1104,1245,1141,1032,1036,1253,1175,1156,1131,1244,1183,1158,1208,1317,1069,642,640,650,513,627,562,542,481,518,488,486,368,422,330,386,356,375,350,364,334,348,319,348,301,313,303,312,278,282,270,282,252,251,241,248,236,240,238,248,228,231,226,241,254,271,248,251,300,216,219,215,197,222,0,0,0,0,0,0,0,,,,,,,,,,,,,,,,,,,,77.68828788366179,189.55942243613475,415.1351351351351,768,1265,1795,2217,2541,2992,3362,3582,3846,4335,4462,4706,4866,3001,2244,1973,1506,1445,1349.0,1229,1112.0,889.6,711.6800000000001,569.344,455.4752000000001,950.0,419.0,0.0,0.0,,,,,,,,,,,,,,,,,,,301.2,88.96000000000001,20.950000000000003,,,,,,,,,,,,,,,,,,,,,,,,,,,,,,,,,,,,
,Eucrisa,,,,,,,,,,,,,,,,,,,,,,,,,,,,,,,,,,,,,,,,,,,,,,,,,,,,,,,,,,,,,,,,,,,,,,,,,,,,,,0,0,0,9,9,15,34,26,39,40,,,,43,,,,,,,,,,,,,,,,,,,,,,,,,,,,,,,,,,,,,,,,,,,,,,,,,,,,,,,,,,43.0,0.0,,,,,,,,,,,,,,,,,,,,,,,,,,,,,,,,,,,,,,,,,,,,,,,,,,,,,,,,,,,
,Revatio 3/12,,,,,-,-,-,-,-,-,-,-,-,-,-,-,-,-,-,-,-,-,-,-,-,,,,,,,,,,-,-,-,-,-,-,-,-,-,-,-,73,95,95,114,94,111,131,114,122,116,129,123,130,140,142,136,143,135,120,72,78,75,82,76,68,64,67,63,65,53,79,66,74,73,72,65,67,58,62,56,54,53,,,,24,,,,,,,,,,,,,,,,,,,,,,,,,,,,,,,,,-,-,-,-,-,-,-,-,-,-,-,-,-,-,-,336,481,535,534.0,307,275.0,137.5,68.75,34.375,17.1875,24.0,0.0,0.0,0.0,,,,,,,,,,,,,,,,,,,96.2,13.75,0,,,,,,,,,,,,,,,,,,,,,,,,,,,,,,,,,,,,
,Cardura,154,148,160,164,167,157,172,183,191,185,195,213,202,197,210,186,143,132,127,149,131,132,132,136,135,141,152,167,148,161,150,168,153,155,132,146,126,139,133,140,134,125,119,128,121,132,125,121,107,114,109,127,107,110,95,101,96,101,92,91,84,91,79,84,76,75,70,75,66,68,64,64,52,55,52,52,45,48,,,,,,,,,,,,,,,,,,,,,,,,,,,,,,,,,,,,,,,,,,,,,,313,413,533,626,679,784,795,551,531,595,627,586,538,506,499,457,413,380,338.0,296,262.0,222.7,189.295,160.90075,136.7656375,0.0,0.0,0.0,0.0,,,,,,,,,,,,,,,,,,,82.60000000000001,22.27,0,,93% ex-US.,,,,,,,,,,,,,,,,,,,,,,,,,,,,,,,,,,
,Rapamune,,,,,,,,,,,,,,,,,,,,,,,,,,,,,,,,,,,,,,,,,,,,,,,,,,,,,91,97,104,96,89,100,96,87,82,85,92,87,84,86,91,89,88,87,96,69,53,53,32,59,45,47,,,,,,,,,,,,,,,,,,,,,,,,,,,,,,,,,,,,,,,,,,,,,,,,,,,,,,,,,,,,,,388,372,346.0,350,340.0,340,340,340,340,0.0,0.0,0.0,0.0,,,,,,,,,,,,,,,,,,,,,0,,,,,,,,,,,,,,,,,,,,,,,,,,,,,,,,,,,,
,Aricept '10,,,,,6,11,15,21,19,22,23,28,25,30,30,34,34,36,30,47,45,50,53,56,55,58,67,74,71,74,77,87,85,86,85,90,82,88,90,98,85,100,100,116,104,121,131,126,95,108,108,121,107,103,100,107,99,106,117,115,94,84,71,77,62,59,52,62,-,-,,,,,,,,,,,,,,,,,,,,,,,,,,,,,,,,,,,,,,,,,,,,,,,,,,,,,,-,-,-,-,53,92,119,147,204,254,309,346,358,401,482,432,417,437,326.0,235,0.0,0,0,0,0,0.0,0.0,0.0,0.0,,,,,,,,,,,,,,,,,,,83.4,0,0,,,,,,,,,,,,,,,,,,,,,,,,,,,,,,,,,,,,
,Geodon 3/07 (maybe 2012),,,,,-,-,-,-,-,-,-,-,-,-,-,-,65,22,23,39,38,48,57,79,78,74,96,105,88,110,125,143,138,145,148,159,182,165,201,210,216,178,228,232,241,232,258,276,230,231,252,289,254,247,262,264,232,258,263,269,181,84,57,31,-,-,-,77,-,-,,,,,,,,,,,,,,,,,,,,,,,,,,,,,,,,,,,,,,,,,,,,,,,,,,,,,,-,-,-,-,-,-,-,149,222,353,466,589,758,854,1007,1002,1027,1022,353.0,77,0.0,0,0,0,0,0.0,0.0,0.0,0.0,,,,,,,,,,,,,,,,,,,513.5,0,0,,84% US!,,,,,,,,,,,,,,,,,,,,,,,,,,,,,,,,,,
,Caduet,,,,,-,-,-,-,-,-,-,-,-,-,-,-,-,-,-,-,-,-,-,-,-,-,-,-,28,2,5,15,31,41,48,65,77,80,98,115,146,119,149,154,147,146,148,148,134,128,130,156,135,126,127,139,142,143,150,103,65,58,68,67,56,56,52,59,50,-,,,,,,,,,,,,,,,,,,,,,,,,,,,,,,,,,,,,,,,,,,,,,,,,,,,,,,-,-,-,-,-,-,-,-,-,-,50,185,370,568,589,548,527,538,258.0,223,50.0,45,40.5,36.45,32.80500000000001,0.0,0.0,0.0,0.0,,,,,,,,,,,,,,,,,,,105.4,4.5,0,,,,,,,,,,,,,,,,,,,,,,,,,,,,,,,,,,,,
,Arthrotec,,,,,,,,,,,,,,,,,,,,,,,,,,,,,,,,,,,,,,,,,,,,,,,,,,,,,,,61,65,,62,61,60,56,53,50,-,-,-,-,-,-,-,,,,,,,,,,,,,,,,,,,,,,,,,,,,,,,,,,,,,,,,,,,,,,,,,,,,,,,,,,,,,,,,,,,,,,,,159.0,0,0.0,0,0,0,0,0.0,0.0,0.0,0.0,,,,,,,,,,,,,,,,,,,,,0,,,,,,,,,,,,,,,,,,,,,,,,,,,,,,,,,,,,
,Neurontin,,,,,96,122,132,164,176,206,237,294,300,328,335,371,379,432,442,498,568,458,567,676,624,592,698,788,696,782,764,481,182,161,155,141,127,123,126,120,110,105,106,110,89,104,102,92,78,82,82,,,,80,84,,84,67,67,58,62,52,63,52,56,50,58,49,58,51,52,55,48,45,48,44,47,,,,,,,,,,,,,,,,,,,,,,,,,,,,,,,,,,,,,,,,,,,,,,-,-,-,292,514,913,1334,1751,2269,2702,2723,639,496,431,387,242,,,235.0,216,210.0,189,170.1,153.09,137.781,0.0,0.0,0.0,0.0,,,,,,,,,,,,,,,,,,,,,0,,,,,,,,,,,,,,,,,,,,,,,,,,,,,,,,,,,,
,Diflucan,218,216,220,227,226,208,225,245,242,225,246,276,244,237,254,279,264,248,263,292,268,245,281,318,285,262,309,319,304,285,217,139,138,129,103,128,107,110,109,109,111,104,96,104,89,98,93,93,78,74,93,,,,74,73,65,64,72,64,57,67,61,74,-,60,59,78,52,46,,76,,,,50,,,,,,,,,,,,,,,,,,,,,,,,,,,,,,,,,,,,,,,,,,,,,,,,721,878,910,881,904,989,1014,1067,1112,1175,945,498,435,415,373,245,,,259.0,197,174.0,156.6,140.94,126.846,114.1614,0.0,0.0,0.0,0.0,,,,,,,,,,,,,,,,,,,,,0,,,,,,,,,,,,,,,,,,,,,,,,,,,,,,,,,,,,
,"Lyrica, 2005 launch, '20???",-,-,-,-,-,-,-,-,-,-,-,-,-,-,-,-,-,-,-,-,-,-,-,-,-,-,-,-,0,0,0,13,20,38,80,153,192,271,340,353,395,405,465,564,582,614,675,702,684,629,708,820,723,762,757,821,826,908,961,998,955,1035,1036,1132,1066,1134,1135,1260,1150,1315,1318,1385,1187,1219,1220,1213,1229,1262,1240,1235,1272,1255,1284,1255,1213,1222,1213,1320,1186,1175,527,433,357,349,,,,,,,,,,,,,,,,,,,,,,,,,,,,,,-,-,-,-,-,-,-,-,-,-,13,291,1156,1829,2573,2841,3063,3693,4158.0,4595,5168.0,5426.400000000001,5697.720000000001,5811.674400000002,2905.837200000001,3321.0,706.0,0.0,0.0,,,,,,,,,,,,,,,,,,,1837.8,3798.48,141.20000000000002,,60% OM?,,,,,,,,,,,,,,,,,,,,,,,,,,,,,,,,,,
,Xanax/XR,,,,,-,-,-,-,-,-,-,-,-,-,-,-,-,-,-,-,86,87,60,81,82,64,77,96,86,86,100,106,102,104,101,102,82,79,74,81,75,79,85,86,86,90,91,83,75,74,81,,,,72,83,,79,77,74,68,69,66,71,70,65,69,72,59,68,63,63,54,54,55,60,52,55,55,59,55,52,58,60,54,56,52,,,,50,,,,,,,,,,,,,,,,,,,,,,,,,,,,,,,,,-,-,-,-,-,-,-,-,314,237,378,409,316,325,350,230,,,274.0,276,253.0,227.70000000000002,204.93,184.437,165.9933,50.0,0.0,0.0,0.0,,,,,,,,,,,,,,,,,,,,,0,,,,,,,,,,,,,,,,,,,,,,,,,,,,,,,,,,,,
,Unasyn,,,,,,,,,,,,,,,,,,,,,,,,,,,,,,,,,,,,,,,,,,,,,,,,,,,,,,,61,62,,61,58,59,54,57,54,63,56,53,-,54,46,54,52,29,55,50,50,42,,,,,,,,,,,,,,,,,,,,,,,,,,,,,,,,,,,,,,,,,,,,,,,,290,333,326,,,,,,,,,,,,,,,,228.0,163,181.0,162.9,146.61,131.949,118.75410000000001,0.0,0.0,0.0,0.0,,,,,,,,,,,,,,,,,,,,,0,,,,,,,,,,,,,,,,,,,,,,,,,,,,,,,,,,,,
,Skelaxin,,,,,,,,,,,,,,,,,,,,,,,,,,,,,,,,,,,,,,,,,,,,,,,,,,,,,,,0,0,,79,58,58,-,61,55,74,-,66,-,-,-,-,-,-,,,,,,,,,,,,,,,,,,,,,,,,,,,,,,,,,,,,,,,,,,,,,,,,,,,,,,,,,,,,,,,,,,,,,,,,0.0,,,,,0.0,0.0,0.0,0.0,,,,,,,,,,,,,,,,,,,,,,,,,,,,,,,,,,,,,,,,,,,,,,,,,,,,,,,,,
,Protonix (expired),,,,,-,-,-,-,-,-,-,-,-,-,-,-,-,-,-,-,-,-,-,-,-,-,-,-,-,-,-,-,-,-,-,-,-,,-,-,474,550,425,462,159,228,234,185,215,237,230,200,-,-,203,155,59,44,65,0,-,-,50,-,-,-,-,-,-,50,-,-,,,,,,,,,,,,,,,,,,,,,,,,,,,,,,,,,,,,,,,,,,,,,,,,,,,,-,-,-,-,-,-,-,-,-,-,-,-,"1,795","1,911",806,0,358,168,151.20000000000002,-,50.0,-,-,-,-,0.0,0.0,0.0,0.0,,,,,,,,,,,,,,,,,,,0,0,0,,Generics by Teva and Sun - some litigation still pending.,,,,,,,,,,,,,,,,,,,,,,,,,,,,,,,,,,
,Inspra,,,,,,,,,,,,,,,,,,,,,,,,,,,,,,,,,,,,,,,,,,,,,,,,,,,,,,,37,44,,49,51,53,-,58,51,58,52,59,53,69,61,62,53,69,,,,,,,,,,,,,,,,,,,,,,,,,,,,,,,,,,,,,,,,,,,,,,,,,,,,,,,,,,,,,,,,,,,,,,,,245.0,,,,,0.0,0.0,0.0,0.0,,,,,,,,,,,,,,,,,,,,,,,,,,,,,,,,,,,,,,,,,,,,,,,,,,,,,,,,,
,Cleocin,,,,,,,,,,,,,,,,,,,,,,,,,,,,,,,,,,,,,,,,,,,,,,,,,,,,,,,54,46,,52,51,53,-,53,74,56,50,-,50,-,-,-,50,-,,,,,,,,,,,,,,,,,,,,,,,,,,,,,,,,,,,,,,,,,,,,,,,,,,,,,,,,,,,,,,,,,,,,,,,,50.0,,,,,0.0,0.0,0.0,0.0,,,,,,,,,,,,,,,,,,,,,,,,,,,,,,,,,,,,,,,,,,,,,,,,,,,,,,,,,
,Depo-Provera,,,,,,,,,,,,,,,,,,,,,,,,,,,,,,,,,,,,,,,,,,,,,,,,,,,,,,,,,,,,,,,,-,-,54,-,52,53,40,54,54,51,51,45,37,,34,,,,,,,,,,,,,,,,,,,,,,,,,,,,,,,,,,,,,,,,,,,,,,,,,,,,,,,,,,,,,,,,,,201.0,,,,,0.0,0.0,0.0,0.0,,,,,,,,,,,,,,,,,,,,,,,,,,,,,,,,,,,,,,,,,,,,,,,,,,,,,,,,,
,Tikosyn,,,,,,,,,,,,,,,,,,,,,,,,,,,,,,,,,,,,,,,,,,,,,,,,,,,,,,,,,,,,,,,,,,,,,,,,40,,42,,57,61,55,,,,,,,,,,,,,,,,,,,,,,,,,,,,,,,,,,,,,,,,,,,,,,,,,,,,,,,,,,,,,,,,,,,,,,,,,,,,,,,,,,,,,,,,,,,,,,,,,,,,,,,,,,,,,,,,,,,,,,,,,,,,,,,,,,,
,methotrexate,,,,,,,,,,,,,,,,,,,,,,,,,,,,,,,,,,,,,,,,,,,,,,,,,,,,,,,,43,,,,57,-,-,50,-,-,-,-,-,,-,-,-,,,,,,,,,,,,,,,,,,,,,,,,,,,,,,,,,,,,,,,,,,,,,,,,,,,,,,,,,,,,,,,,,,,,,,,,0.0,,,,,0.0,0.0,0.0,0.0,,,,,,,,,,,,,,,,,,,,,,,,,,,,,,,,,,,,,,,,,,,,,,,,,,,,,,,,,
,Capsugel,,,,,,,,,,,,,,,,,,,,,,,,,,,,,,,,,,,-,-,136,159,-,-,-,-,-,-,-,-,-,203,154,,,223,174,195,176,207,-,-,-,-,-,-,-,-,-,-,-,-,,-,-,-,,,,,,,,,,,,,,,,,,,,,,,,,,,,,,,,,,,,,,,,,,,,,,,,,,,,,,,,,,,,,,,,,,,223,752, ,,,0.0,,,,,0.0,0.0,0.0,0.0,,,,,,,,,,,,,,,,,,,225.6,0,0,,,,,,,,,,,,,,,,,,,,,,,,,,,,,,,,,,,,
,Accupril/Accuretic 2005,,,,,98,119,120,116,116,127,135,136,129,142,131,151,144,141,153,166,176,140,162,191,170,150,179,208,191,158,157,165,100,73,77,44,68,69,61,68,,,,,,,,,,,,,,,,,-,-,-,-,-,-,-,-,-,-,-,-,,-,-,-,,,,,,,,,,,,,,,,,,,,,,,,,,,,,,,,,,,,,,,,,,,,,,,,,,,,-,-,-,378,453,514,553,604,669,707,671,294,266,,,0,,,,,0.0,,,,,0.0,0.0,0.0,0.0,,,,,,,,,,,,,,,,,,,,,,,,,,,,,,,,,,,,,,,,,,,,,,,,,,,,,,,,,
,Procardia XL,239,168,223,192,193,,,,,,,,,,,,,,,,,,,,,,,,,,,,,,,,,,,,,,,,,,,,,,,,,,,,-,-,-,-,-,-,-,-,-,-,-,-,,-,-,-,,,,,,,,,,,,,,,,,,,,,,,,,,,,,,,,,,,,,,,,,,,,,,,,,,,,1177,1133,1005,822,,,,,,,,,,,,,,,,,0.0,,,,,0.0,0.0,0.0,0.0,,,,,,,,,,,,,,,,,,,,,,,,,,,,,,,,,,,,,,,,,,,,,,,,,,,,,,,,,
,Trovan,0,,,,41,,,,,,,,,,,,,,,,,,,,,,,,,,,,,,,,,,,,,,,,,,,,,,,,,,,,-,-,-,-,-,-,-,-,-,-,-,-,,-,-,-,,,,,,,,,,,,,,,,,,,,,,,,,,,,,,,,,,,,,,,,,,,,,,,,,,,,,,,,,,,,,,,,,,,,,,,,0.0,,,,,0.0,0.0,0.0,0.0,,,,,,,,,,,,,,,,,,,,,,,,,,,,,,,,,,,,,,,,,,,,,,,,,,,,,,,,,
,Camptosar 8/07,,,,,-,-,-,-,-,-,-,-,-,-,-,-,-,-,-,-,91,193,153,137,117,111,105,83,91,147,126,189,212,233,229,237,212,238,218,235,229,241,243,256,192,137,122,112,109,85,82,-,-,-,-,-,-,-,-,-,-,-,-,-,-,-,-,-,,-,-,-,,,,,,,,,,,,,,,,,,,,,,,,,,,,,,,,,,,,,,,,,,,,,,,,,,,,-,-,-,-,-,-,-,-,574,416,553,910,903,969,563,276,,,,,0.0,,,,,0.0,0.0,0.0,0.0,,,,,,,,,,,,,,,,,,,,,0,,,,,,,,,,,,,,,,,,,,,,,,,,,,,,,,,,,,
,Zyrtec/Reactine,0,,,,82,,,,,,,,,,,,,,,,,,,,,,,,,,,,342,,,,,,,,,,,,,,,,,,,,,,,,-,-,-,-,-,-,-,-,-,-,-,-,,-,-,-,,,,,,,,,,,,,,,,,,,,,,,,,,,,,,,,,,,,,,,,,,,,,,,,,,,,11,10,146,265,,,,,,,,,,,,,,,,,0.0,,,,,0.0,0.0,0.0,0.0,,,,,,,,,,,,,,,,,,,,,,,,,,,,,,,,,,,,,,,,,,,,,,,,,,,,,,,,,
,Ellence - TEVA generic,,,,,-,-,-,-,-,-,-,-,-,-,-,-,-,-,-,-,-,-,-,-,-,40,81,94,80,88,86,90,90,96,86,94,73,86,77,76,,,,,,,,,,,,,,,,,-,-,-,-,-,-,-,-,-,-,-,-,,-,-,-,,,,,,,,,,,,,,,,,,,,,,,,,,,,,,,,,,,,,,,,,,,,,,,,,,,,-,-,-,-,-,-,-,-,-,215,344,367,312,,,0,,,,,0.0,,,,,0.0,0.0,0.0,0.0,,,,,,,,,,,,,,,,,,,,,,,,,,,,,,,,,,,,,,,,,,,,,,,,,,,,,,,,,
,Other Cardio,,,,,,,,,,,,,,,,,,,,,,,,,,,,,50,50,50,212,192,,,,,,,,,,,,,,,,,,,,,,,,,,,,,,,,,,,,,,,,,,,,,,,,,,,,,,,,,,,,,,,,,,,,,,,,,,,,,,,,,,,,,,,,,,,,,,,,,,,,979,744,774,844,759.6,0,,,,,,,,,,,0.0,0.0,0.0,0.0,,,,,,,,,,,,,,,,,,,,,,,,,,,,,,,,,,,,,,,,,,,,,,,,,,,,,,,,,
,Other Rare,,,,,,,,,,,,,,,,,,,,,,,,,,,,,,,,,,,,,,,,,,,,,,,,,,,,,,,,,,,,,,,,,,,,,,,,,,26,,,,33,64,73,67,74,77,82,76,81,38,47,31,35,28,35,31,31,27,31,26,29,30,31,25,25,,,,,,,,,,,,,,,,,,,,,,,,,,,,,,,,,,,,,,,,,,,,,,,129.0,120.0,116.0,50.0,,,,,,,,,,,,,,,,,,,,,,,,,,,,,,,,,,,,,,,,,,,,,,,,,,,,,,,,,
,Other Vaccines,,,,,,,,,,,,,,,,,,,,,,,,,,,,,,,,,,,,,,,,,,,,,,,,,,,,,,,,,,,,,,,,,,,,,,,50,68,21,,75,99,117,65,72,67,73,66,85,69,83,77,21,25,77,138,16,19,86,75,8,3,49,46,10,19,29,49.4,,,,,,,,,,,,,,,,,,,,,,,,,,,,,,,,,,,,,,,,,,,,,,,250.0,172.0,124.0,78.4,,,,,,,,,,,,,,,,,,,,,,,,,,,,,,,,,,,,,,,,,,,,,,,,,,,,,,,,,
,Other Immunology,,,,,,,,,,,,,,,,,,,,,,,,,,,,,,,,,,,,,,,,,,,,,,,,,,,,,,,,,,,,,,,,,,,,,,,,,16,,,,,16,24,35,24,0,23,25,11,0,14,9,25,34,15,5,22,26,35,38,31,33,28,41,35,25.4,,,,,,,,,,,,,,,,,,,,,,,,,,,,,,,,,,,,,,,,,,,,,,,79.0,121.0,133.0,60.4,,,,,,,,,,,,,,,,,,,,,,,,,,,,,,,,,,,,,,,,,,,,,,,,,,,,,,,,,
,Other Oncology,,,,,,,,,,,,,,,,,,,,,,,,,,,,,,,,125,122,,,,,,,,,,,,,,,,,,,,,,,,,,,,,,,,,,,,,,,,49,,,,,57,15,15,14,14,26,39,57,53,101,104,122,140,194,166,192,221,69,32,41,60,98,83,81,82.4,80,113,467,90,110,129,397,457,453,440,345,457,453,440,,,,,,,,,,,,,,,,,,460,472,437,0,0,,,,,,,,,,,622.0,514.0,282.0,356.4,796.0,1747.0,1695.0,1525.5,1372.95,1235.655,1112.0895,1000.8805500000001,900.7924950000001,810.7132455000002,729.6419209500002,656.6777288550002,591.0099559695002,,,,,,,,,,,,,,,,,,,,,,,,,,,,,,,,,,,,,,,,,,,,
,CentreOne,,,,,,,,,,,,,,,,,,,,,,,,,,,,,,,,,,,,,,,,,,,,,,,,,,,,,,,,,,,,,,,,,,,,,,,121,83,111,133,116,146,188,196,156,178,279,171,161,192,171,209,159,215,138,204,176,254,158,224,242,308,391,437,521,382,338,317.4,319,368,312,316,302,382,275,278,310,351,257,278,310,351,,,,,,,,,,,,,,,,,,,,,,,,,,,,,,,,,772.0,932.0,1731.0,1342.4,1312.0,1214.0,1196.0,1076.4,968.7600000000001,871.8840000000001,784.6956000000001,706.2260400000001,635.6034360000001,572.0430924000001,514.83878316,463.35490484400003,417.01941435960003,,,,,,,,,,,,,,,,,,,,,,,,,,,,,,,,,,,,,,,,,,,,
,Other Infectious & Respiratory,,,,,,,,,,,,,,,,,,,,,159,147,158,146,153,179,243,281,303,289,270,307,316,304,,,,,,,,,,,,,,,,,,,,,,,,,,,,,,,,,,,,,,,,,,,,,,,,31,,,,11,300,252,405,420,335,292,444,367,301,358,455,474,355,372,380.8,367.4,374,348,188,269,270,272,205,234,218,250,409,234,218,250,,,,,,,,,,,,,,,,609,856,1172,1232,1104,1126.08,0,,,,,,,,,,,1452.0,1470.0,1656.0,1470.2,999.0,907.0,1111.0,999.9,899.91,809.919,728.9271,656.03439,590.430951,531.3878559000001,478.2490703100001,430.4241632790001,387.38174695110007,,,,,,,,,,,,,,,,,,,,,,,,,,,,,,,,,,,,,,,,,,,,
,Other Pharma,,,,,,,,,,,,,,,,,,,,,,,,,10,48,80,75,68,78,70,1199,1155,,2944,3324,2903,1949,2346,2431,2543,2437,2335,2365,2073,2077,1921,1591,1764,1513,1832,2892,2626,2668,2049,2452,2334,2529,1764,1747,2037,1934,1705,2164,1931,1902,1969,1925,1940,1865,2154,1504,1295,1302,1753,1511,1448,1386,1464,1500,1443,1444,1367,1467,1318,1299,1138,1434,1082,1131,976,1288,972,974,411,453,484.3,482,426,416,422.8,424.4,451.4,452,452,463,452,457,770,651,652,584,694,651,652,584,,,,,,,,,,,,,,,,6,2010,2579,2703,2798,2881.94,,8001,9795,8374,7840.0,7727,7463.0,7089.849999999999,6735.357499999999,6398.589624999999,6078.6601437499985,4477.0,2810.0,1808.3,1750.6,1824.0,2657.0,2581.0,2322.9,2090.61,1881.5490000000002,1693.3941000000002,1524.0546900000002,1371.6492210000001,1234.4842989,1111.0358690100002,999.9322821090002,899.9390538981002,,,,,,3918,2835.94,2694.143,,,,,,,,,,,,,,,,,,,,,,,,,,,,,,,,,,,,
,Hospital,,,,,,,,,,,,,,,,,,,,,,,,,,,,,,,,,,,,,,,,,,,,,,,,,,,,,,,,,,,,,,,,,,,,,,,,495,396,407,330,1449,1465,1431,1325,1348,1063,1043,860,862,823,874,669,673,620,544,656,634,684,603,529,695,700.3,613,577,597,582.8,537.4,586.4,561,1197,606,527,558,1149,1114,1108,1152,1155,1091.72,1085.84,1128.96,,,,,,,,,,,,,,,,,,,,,,,,,,,,,,,,,2454.0,2511.0,2487.3,2267.6,2888.0,4523.0,4461.52,4015.3680000000004,3613.8312000000005,3252.4480800000006,2927.2032720000007,2634.4829448000005,2371.0346503200003,2133.9311852880005,1920.5380667592005,1728.4842600832806,1555.6358340749525,,,,,,,,,,,,,,,,,,,,,,,,,,,,,,,,,,,,,,,,,,,,
,Other Arthritis,,,,,,,,,,,,,,,,,,,,,64,50,72,55,89,119,141,155,137,143,153,182,170,45,,,,,,,,,,,,,,,,,,,,,,,,,,,,,,,,,,,,,,,,,,,,,,,,,,,,,,,,,,,,,,,,,,,,,,,,,,,,,,,,,,,,,,,,,,,,,,,,,,241,504,1910,656,672,0,0,,,,,,,,,,,0.0,,,,,,,,,,,,,,,,,,,,,,,,,,,,,,,,,,,,,,,,,,,,,,,,,,,,,,,,,,,,
,Other CNS,,,,,,,,,,,,,,,,,,,,,111,108,134,140,96,152,209,208,166,157,175,179,166,157,,,,,,,,,,,,,,,,,,,,,,,,,,,,,,,,,,,,,,,,,,,,,,,,,,,,,,,,,,,,,,,,,,,,,,,,,,,,293,,,,,,,,,,,,,,,,,,,,,,493,628,674,628,558,0,0,,,,,,,,,,,0.0,,,,,,,,,,,,,,,,,,,,,,,,,,,,,,,,,,,,,,,,,,,,,,,,,,,,,,,,,,,,
,Other Urology,,,,,,,,,,,,,,,,,,,,,80,94,104,61,0,8,14,14,14,12,13,15,12,13,,,,,,,,,,,,,,,,,,,,,,,,,,,,,,,,,,,,,,,,,,,,,,,,,,,,,,,,,,,,,,,,,,,,,,,,,,,,,,,,,,,,,,,,,,,,,,,,,,339,36,52,51,52,0,0,,,,,,,,,,,0.0,,,,,,,,,,,,,,,,,,,,,,,,,,,,,,,,,,,,,,,,,,,,,,,,,,,,,,,,,,,,
,WYE Consumer/Animal,,,,,,,,,,,,,,,,,,,,,,,,,,,,,,,,,,,-,-,-,-,-,-,887,902,950,"1,039",952,978,950,,889,917,917,494,663,678,673,758,745,721,774,817,735,768,780,936,811,800,788,943,761,912,821,953,808,840,817,930,822,837,798,950,848,846,829,950,905,886,839,974,858,862,377,0,0,0,,,,,,,,,,,,,,,,,,,,,,,,,,,,,,,,,,,,,,,,,,"3,467","3,778","3,809",494,2772,3057,3219.0,3342,3447.0,3550.4100000000003,3656.9223000000006,3766.6299690000005,3879.628868070001,2097.0,,,,,,,,,,,,,,,,,,,,,,831.6,1065.123,1097.07669,,,,,,,,,,,,,,,,,,,,,,,,,,,,,,,,,,,,
,WYE Nutrition,,,,,,,,,,,,,,,,,,,,,,,,,,,,,,,,,,,-,-,-,-,-,-,347,358,346,392,411,430,407,386,415,436,436,191,458,476,441,492,470,493,577,687,579,,,,,,,,,,,,,,,,,,,,,,,,,,,,,,,,,,,,,,,,,,,,,,,,,,,,,,,,,,,,,,,,,,,,,,,,,,,"1,201","1,443","1,634",191,1867,2227,579.0,,,,,,,0.0,,,,,,,,,,,,,,,,,,,,,,560.1,,,,,,,,,,,,,,,,,,,,,,,,,,,,,,,,,,,,,,
,Alliance (Spiriva),,,,,,,,,,,,,,,,,,,,,,,,,,,,,,,,,,,267,308,324,324,336,390,398,392,457,542,488,563,571,629,582,598,692,1053,1004,1061,1042,977,884,875,919,952,836,862,879,915,747,756,684,441,213,235,233,233,,,,,,,,,,,,,,,,,,,,,,,,,,,,,,,,,,,,,,,,,,,,,,,,,,,,,,,,,,,,,759,722,1065,1374,1511.4,1879,2925,4084,3630,3492.0,2628,914.0,904.86,895.8114,886.853286,877.9847531400001,0.0,,,,,,,,,,,,,,,,,,,,,,1225.2,271.45799999999997,268.74342,,"Enbrel, Aricept, Spiriva, Exforge, Rebif",,,,,,,,,,,,,,,,,,,,,,,,,,,,,,,,,,
,Animal,,,,,,,,,,,,,,,,,,247,,,,,,,,,,,,,,566,496,,503,630,511,583,562,655,586,632,636,785,619,715,708,867,537,921,678,901,846,893,860,976,982,1055,1041,1106,1026,1085,1017,1171,1090,,,,,,,,,,,,,,,,,,,,,,,,,,,,,,,,,,,,,,,,,,,,,,,,,,,,,,,,,,,,,,,,,,,1118,2362,2867,3136,3288,3452.4,2672,3037,3575,4184,4299.0,1090,0.0,0,0,0,0,0.0,,,,,,,,,,,,,,,,,,,,,,1430,0,0,,,,,,,,,,,,,,,,,,,,,,,,,,,,,,,,,,,,
,Sales,1816,1685,1961,2277,2596,2716,2711,3244,3345,3340,3598,4121,4056,3947,4199,4872,4759,4704,4819,5657,7344,7023,7726,8825,8279.8,7374.9,9413.5,10650.4,9672.4,9384.1,9920.8,13508.3,12481.1,9245.3,12582.1,13992.8,13091.6,12259.2,12789.8,13104.7,12474,11084,11950,12990,12501.803,12765.654,12159,12311,11599.65,11749.615,11603,16520,17113,17607,16729,18290,16565,17751,17242,16746,15429,15057,13976,15245,13500,12973,12576,13829,11391,12873,12635,13029,10942,11892,12088,14027,13005,13145,13047,13625,12780,12897,13169,13700,12906,13463,13297,14012,13081,12963,12682,12734,12033,11799,10277,11629,14515.599999999999,18899,24091,23836,25661.399999999998,27742.80000000001,22725.800000000003,24376,18150,12733,13232,14249,14881,13284,17703,17760,13714,12946.479999999998,15416.539999999999,15637.159999999996,,,,,,,,7977,10021,11306,12504,13544,27376.093693693692,29574,26593,22254,30232,35261,34369,36444,33469.42,27953,36779,43686,41620,34396.2,51583,48441.0,44307.990000000005,38516.736099999995,37413.10512700001,33456.937077200004,51460.0,45738.0,81341.6,100043.99999999999,56793.0,63335.0,57606.18000000001,52324.336500000005,47343.59916000002,43674.872724600005,33583.13719049001,30605.996595669305,25751.05495971994,24055.410202188752,22640.318248409058,21445.907449548937,20436.88409279024,,,,,,,,,,,,,,,,,,,,,,,,,,,,,,,,,,,,,,,,,,,,
,COGS,,,,,,,,,,,,,,,,,,1150,,,940,1197,1314,1178,1058,1588,2007,2189,1794,1752,1640,2316,2131,,1908,2346,1671,1686,1962,2217,1793,1894,1810,2266,1800,2036,1760,1444,1314,1686,1787,2886,2935,2951,2959,3775,3092,3257,3325,3362,2885,2665,2565,3106,2615,2194,2178,2672,1986,2320,2527,2605.7999999999993,1807,2123,2108,2983,2565,3174,2957,3046,,2592,2699,3062,,2876,2673,3044,2415,2556,2459,2600,2350,2236,2007,2842,4127,6949,9899,9710,9958,8625,6038,9475,4719,3310.58,3306,7265,3036,3300,4874,5742,2593,2589.2959999999985,3083.307999999999,3127.431999999999,,,,,,,,1722,2164,2176,2274,2094,5464,4907,3823,4014,6842,6391,7232,7640,,,-7020.264999999999,-13433,-13648,-14089.800000000003,8364,,,,,,,9435.0,30685.0,34096.0,18600.58,17100.450000000004,11393.035999999996,13081.084125000001,11362.463798400007,10045.220726658,7388.2901819078,6427.259285090553,5407.721541541185,5051.636142459636,4754.466832165901,4503.640564405276,4291.745659485949,,,,,,,,,,,,,,,,,,,,,,,,,,,,,,,,,,,,,,,,,,,,
,Gross Margin,,,,,,,,,,,,,,,,,,3554,,,6404,5826,6412,7647,7221.799999999999,5786.9,7406.5,8461.4,7878.4,7632.1,8280.8,11192.3,10350.1,,10674.1,11646.8,11420.6,10573.2,10827.8,10887.7,10681,9190,10140,10724,10701.803,10729.654,10399,10867,10285.65,10063.615,9816,13634,14178,14656,13770,14515,13473,14494,13917,13384,12544,12392,11411,12139,10885,10779,10398,11157,9405,10553,10108,10423.2,9135,9769,9980,11044,10440,9971,10090,10579,12780,10305,10470,10638,12906,10587,10624,10968,10666,10407,10223,10134,9683,9563,8270,8787,10388.599999999999,11950,14192,14126,15703.399999999998,19117.80000000001,16687.800000000003,14901,13431,9422.42,9926,6984,11845,9984,12829,12018,11121,10357.184,12333.232,12509.727999999997,,,,,,,,6255,7857,9130,10230,11450,21912.093693693692,24667,22770,18240,23390,28870,27137,28804,26775.536,43799.265,43799.265,57119,55268,48486.0,43219,,,,,,,36303.0,50656.600000000006,65947.99999999999,38192.42,46234.549999999996,46213.144000000015,39243.252375000004,35981.13536160001,33629.651997942005,26194.84700858221,24178.737310578752,20343.333418178754,19003.774059729116,17885.851416243157,16942.26688514366,16145.13843330429,,,,,,,,,,,,,,,,,,,,,,,,,,,,,,,,,,,,,,,,,,,,
,SG&A,,,,,,,,,,,,,,,,,,2810,,,2545,2983,2936,2982,2740,3744,3994,4629,3933,4258,4036,4676,4083,,3931,4755,3395,3846,3751,4562,3312,3765,3638,4532,3409,3696,3429,3510,2830,3264,3225,5345,4375,4727,4615,5743,4501,4950,4560,5347,4111,3937,3729,4658,3494,3550,3351,4093,3020,3486,3183.45,3888.35,3078,3372,3276,4598,3368,3471,3531,4402,,3390,3478,4318,,3507,3471,3968,3311,3464,3196,4070,2745,2808,2658,3580,2643,2778,2719,3941,2496,2900,3239,4414,2620.8,3045,3205,4471,3454,3717,3219,4275,3010,3236.6199999999994,3854.1349999999998,3909.289999999999,,,,,,,,3184,3855,4366,4956,5568,10810,11442,9717,10829,15107,15304,15313,15589,15247,14044,14664,19460,19358,16435.0,14488,,,,,,,11791.0,12081.0,13049.0,13341.8,12007.619999999999,14010.044999999998,12609.0405,11348.13645,10213.322805,9191.9905245,8272.791472050001,7445.512324845001,6700.9610923605005,6030.86498312445,5427.778484812005,4885.000636330805,,,,,,,,,,,,,,,,,,,,,,,,,,,,,,,,,,,,,,,,,,,,
,R&D,,,,,,,,,,,,,,,,,,1116,,,1181,1257,1263,1511,1218,1713,1869,2407,1649,1806,1888,2328,1764,,1783,2020,1543,1702,1902,2412,1634,1834,1730,2160,1638,1869,1769,2212,1672,1656,1619,2799,2196,2182,2160,2800,2017,2059,2034,2327,1755,1664,1935,2000,1708,1521,1625,1790,1612,1714,1543.75,1700.5,1877,1732,1725,2318,1723,1748,1873,2505,,1777,1851,2300,,1789,1998,2436,1693,1825,1940,2530,1727,1895,2300,3068,1992,2237,2681,3503,2295,2811,2696,3615,2409.75,2951.55,2711,2770,2477,2696,2598,2986,2203,,,,,,,,,,,1126,1442,1684,1928,2279,4036,4435,4896,5153,7279,7513,7256,7599,7358,7488,7746,9338,8250,7354.0,,,,,,,,8990.0,10413.0,11417.0,10842.3,9758.07,,,,,,,,,,,,,,,,,,,,,,,,,,,,,,,,,,,,,,,,,,,,,,,,,,,,,,,
,Operating Margin,,,,,,,,,,,,,,,,,,-372,,,2678,1586,2213,3154,3263.7999999999993,329.89999999999964,1543.5,1425.3999999999996,2296.3999999999996,1568.1000000000004,2356.7999999999993,4188.299999999999,4503.1,,4960.1,4871.799999999999,6482.6,5025.200000000001,5174.799999999999,3913.7000000000007,5735,3591,4772,4032,5654.803,5164.654,5201,5145,5783.65,5143.615,4972,5490,7607,7747,6995,5972,6955,7485,7323,5710,6678,6791,5747,5481,5683,5708,5422,5274,4773,5353,5380.8,4834.35,4180,4665,4979,4128,5349,4752,4686,3672,12780,5138,5141,4020,12906,5291,5155,4564,5662,5118,5087,3534,5211,4860,3312,2139,5753.5999999999985,6935,8792,6682,10912.399999999998,13406.80000000001,10752.800000000003,6872,8400.45,3425.87,4010,-257,5914,3571,7012,4757,5908,7120.564,8479.097,8600.437999999998,,,,,,,,1945,2560,3080,3346,3603,7066.093693693692,8790,8157,2258,1004,6053,4568,5616,4170.536,22267.265,21389.265,28321,27660,24697.0,,,,,,,,15522.0,28162.600000000006,41481.999999999985,14008.32,24468.859999999993,32203.099000000017,26634.211875000005,24632.998911600014,23416.329192942005,17002.856484082207,15905.94583852875,12897.821093333754,12302.812967368616,11854.986433118705,11514.488400331655,11260.137796973486,,,,,,32743.6,19547.406999999996,15085.513110000002,,,,,,,,,,,,,,,,,,,,,,,,,,,,,,,,,,,,
,Interest Income,,,,,,,,,,,,,,,,,,0,,,,,,,,,,,,,,,,,,,,,,,,,,,,,,,,,,,,,,,,,,,-313,-144,-186,-181,-307,-142,-42,201,19,95,,,167,153,90,-1,149,1068,168,182,,179,261,180,,519,217,-15,135,100,-32,97,186,361,1878,-102,-98,49,1696,728,49,103,515,656,350,350,-172,494,-296,-626,-667,-234,-246,,,,,,,,,,,-123,-158,-135,-156,-185,-427,-558,-539,-382,-346,-299,-300,904,1538,0,,,,-824.0,,,,,,,,2323.0,2375.0,1323.0,1022.0,919.8000000000001,-246.0,-221.4,-199.26000000000002,-179.33400000000003,-161.40060000000003,-145.26054000000002,-130.73448600000003,-117.66103740000003,-105.89493366000002,-95.30544029400002,-85.77489626460002,,,,,,,,,,,,,,,,,,,,,,,,,,,,,,,,,,,,,,,,,,,,
,Interest Expense,,,,,,,,,,,,,,,,,,0,,,,,,,,,,,,,,,,,,,,,,,,,,,,,,,,,,,,,,,,,,,,,,,,,,,,,,,,,5069,4127,5498,5820,4854,3854,12780,5317,5402,4200,,,,,,,,,,,,,,,,,,,,,,,,,,,,,,,,,,,,,,,,127,192,165,147,136,363,386,266,251,270,299,263,0,0,0,,,,,,,,,,,,,,,,,,,,,,,,,,,,,,,,,,,,,,,,,,,,,,,,,,,,,,,,,,,,,,,,,,,,,,,
,Other Income,,,,,,,,,,,,,,,,,,-22,,,,,,,,,,,,,,,,,163,323,217,360,343,54,402,424,319,393,333,190,220,643,57,192,142,-110,-210,-157,-131,-107,-178,-13,-246,-105,,,,,,,,,,,,,,,,,,,,,,,,,,,,,,,,,,,,,,,,,,,,,,,,,,,,,,,,,,,,,,,,97,181,177,171,1029,59,-137,-155,-84,-517,-198,-400,0,0,1386,281,-605,-605,,,,,,,,,,,,,,,,,,,,,,,,,,,,,,,,,,,,,,,,,,,,,,,,,,,,,,,,,,,,,,,,,,,,
,Pretax Income,,,,,,,,,,,,,,,,,,-394,,,,,,,,,,,,,,,,,5123.1,5194.799999999999,6699.6,5385.200000000001,5517.799999999999,3967.7000000000007,6137,4015,5091,4425,5987.803,5354.654,5421,5788,5840.65,5335.615,5114,5380,7397,7590,6864,5865,6777,7472,7077,5605,6365,6647,5561,5300,5376,5566,5380,5475,4792,5448,5380.8,4834.35,4347,4818,5069,4127,5498,5820,4854,3854,12780,5317,5402,4200,12906,5810,5372,4549,5797,5218,5055,3631,5397,5221,5190,2037,5655.5999999999985,6984,10488,7410,10961.399999999998,13509.80000000001,11267.800000000003,7528,8750.45,3775.87,3838,237,5618,2945,6345,4523,5662,7120.564,8479.097,8600.437999999998,,,,,,,,1792,2391,2957,3214,4311,6335.093693693692,7709,7197,1541,-129,5257,3605,6520,5708.536,23653.265,21670.265,27716,27055,23873.0,,,,,,,,17845.0,30537.600000000006,42804.999999999985,15030.32,25388.659999999993,31957.099000000017,26412.811875000003,24433.738911600016,23236.995192942006,16841.455884082206,15760.685298528751,12767.086607333755,12185.151929968617,11749.091499458706,11419.182960037655,11174.362900708886,,,,,,,,,,,,,,,,,,,,,,,,,,,,,,,,,,,,,,,,,,,,
,Taxes,,,,,,,,,,,,,,,,,,590,,,,,,,,,,,,,,,,,595,617,262,1217,717,860.9909000000001,1322,1264,1099,834,1156,931,1205,1354,1551,1276,1619,1508,2119,2301,1897,1326,1878,1945,2160,1678,1821,1903,1564,1579,1465,1563,1493,1473,1227,1468,1452.8160000000003,1305.2745000000002,1039,1222,1298,807,1304,375,1058,922,,1207,1267,356,,908,720,683,881,933,767,408,808,749,347,-80,1001,1285,1918,804,1975,2120,465,812,1312.5675,566.3805,0,35.55,,100,234,234,630,1068.0846,1271.86455,1290.0656999999997,,,,,,,,549,738,869,865,642,1968,2049,2433,2842,3524,4489,4400,4229,1198.7925599999999,4646,5954,7643,7845.95,6923.169999999999,,,,,,,,1824.0,5008.0,5372.0,1914.498,3808.2989999999986,4260.01485,3961.92178125,3665.0608367400023,3485.5492789413006,2526.218382612331,2364.1027947793127,1915.062991100063,1827.7727894952925,1762.3637249188057,1712.8774440056482,1676.1544351063328,,,,,,,,,,,,,,,,,,,,,,,,,,,,,,,,,,,,,,,,,,,,
,Net Income,,,,,,,,,,,,,,,,,,-984,,,,,,,,,,,0,0,0,0,4815,,4528.1,4577.799999999999,6437.6,4168.200000000001,4800.799999999999,3106.7091000000005,4815,2751,3992,3591,4831.803,4423.654,4216,4434,4289.65,4059.615,3495,3872,5278,5289,4967,4539,4899,5527,4917,3927,4544,4744,3997,3721,3911,4003,3887,4002,3565,3980,3927.984,3529.0755,3308,3596,3771,3320,4194,5445,3796,2932,12780,4110,4135,3844,12906,4902,4652,3866,4916,4285,4288,3223,4589,4472,4843,2117,4654.5999999999985,5699,8570,6606,8986.399999999998,11389.80000000001,10802.800000000003,6716,7437.882500000001,3209.4894999999997,3838,201.45,5618,2845,6111,4289,5032,6052.4794,7207.2324499999995,7310.372299999999,,,,,,,,1243,1653,2088,2349,3669,4367.093693693692,5660,4764,-1301,-3653,768,-795,2291,4509.74344,19007.265,15716.265,20073,19209.05,16949.83,,,,,,,,16021.0,25529.600000000006,37432.999999999985,13115.822,21580.360999999994,27697.084150000017,22450.890093750004,20768.678074860014,19751.445914000706,14315.237501469875,13396.58250374944,10852.023616233691,10357.379140473324,9986.7277745399,9706.305516032007,9498.208465602553,9308.2442962905,9122.079410364691,8939.637822157398,8760.84506571425,8585.628164399965,8413.915601111965,8245.637289089726,8080.724543307931,7919.110052441772,7760.727851392936,7605.513294365077,7453.4030284777755,7304.33496790822,7158.248268550055,7015.083303179054,6874.781637115473,6737.286004373163,6602.5402842857,6470.489478599986,6341.079689027986,6214.258095247426,6089.9729333424775,5968.173474675628,5848.810005182116,5731.833805078473,5617.1971289769035,5504.853186397366,5394.756122669419,5286.86100021603,5181.123780211709,5077.5013046074755,4975.951278515326,4876.432252945019,4778.903607886119,4683.325535728397,4589.659025013829,4497.8658445135525,4407.908527623282,4319.750357070816,4233.355349929399,4148.688242930812,4065.714478072195,3984.400188510751,3904.712184740536
,EPS,,,,,,,,,,,,,,,,,,,,,,,,,,,,,,,,,,,0.613397453264698,0.6213083604777415,0.878973238667395,0.5705954825462013,0.6640110650069155,0.4332323385859713,0.680565371024735,0.39356223175965666,0.5790542500725269,0.5287102473498233,0.7145523513753327,0.6555503852993481,0.6258907363420427,0.6579611218281645,0.6352213830889974,0.6012462973933649,0.5168589174800355,0.493436982286224,0.6543515993057277,0.6552279484638256,0.6153369672943508,0.5639910536779325,0.609707529558183,0.6965343415248897,0.6295774647887324,0.510862495121634,0.5980521189786786,0.6294281544381053,0.5323654768247204,0.5031778228532793,0.5380382446003577,0.5624560910495996,0.583984375,0.6107126506943384,0.5504941321803583,0.6176288019863438,0.5994176712955898,0.5385434915305967,0.5257469802924348,0.5760051257408297,0.6040365209034119,0.5312850056008962,0.6749275828773736,0.8872413231220466,0.6172357723577235,0.4772135416666667,,0.6808017227099553,0.6844893229597748,0.6339050131926122,2.1560307383895756,0.8235887096774194,0.7771466755763448,0.6539242219215156,0.8549565217391304,0.7554654442877292,0.7590724021950788,0.5723672527082223,0.8175663637983254,0.795871151450436,0.8597550150896502,0.37389614977039914,0.8220770045920167,1.0036984853821769,1.496943231441048,1.1452843273231623,1.560680791941646,1.9940126050420186,1.8892619797131869,1.1694236461779557,1.2951214522026817,0.5588524290440535,0.6797732908253631,0.035391777933942374,0.9869992972593113,0.49947331460674155,1.0711656441717792,0.7520603191302823,0.8812609457092819,1.0599788791593696,1.2622123380035026,1.2802753590192644,,,,,,,,0.33,0.44,0.54,0.6,0.93,0.69,0.89,0.75,-0.21,-0.5,0.1,-0.11,0.3149573824580698,0.65,2.82,2.24,2.49,2.44,2.26,,,,,,,,2.844764060904692,4.472403976700391,6.529675984475162,2.298601822642832,3.7820471433578677,4.85062769702277,3.9318546573993003,3.6372465980490394,3.4590973579686,2.507046847893148,2.346161559325646,1.9005295299883873,1.8139017759147678,1.7489891023712612,1.6998783740861658,1.6634340570232142,,,,,,,,,,,,,,,,,,,,,,,,,,,,,,,,,,,,,,,,,,,,
,Shares,,,,,,,,,,,,,,,,,,,,,6305.9,6276.5,6204.199999999999,6179,6161.7,7453.4,7791.2,7668.3,7678.5,7664,7568.7,7510.6,7473.8,,7382,7368,7324,7305,7230,7171,7075,6990,6894,6792,6762,6748,6736,6739,6753,6752,6762,7847,8066,8072,8072,8048,8035,7935,7810,7687,7598,7537,7508,7395,7269,7117,6656,6553,6476,6444,6553,6553,6292,6243,6243,6249,6214,6137,6150,6144,,6037,6041,6064,5986,5952,5986,5912,5750,5672,5649,5631,5613,5619,5633,5662,5662,5678,5725,5768,5758,5712,5718,5743,5743,5743,5646,5692,5692,5696,5705,5703,5710,5710,5710,5710,,,,,,,,3729,3777,3864,3909,3945,6317,6368,6361,6241,7285.6,7605,7399,7274,6937.75,6746.25,7028.5,8064.5,7866.75,7509.5,,,,,,,,5631.75,5708.25,5732.75,5706.0,5706.0,5710.0,5710.0,5710.0,5710.0,5710.0,5710.0,5710.0,5710.0,5710.0,5710.0,5710.0,,,,,,,,,,,,,,,,,,,,,,,,,,,,,,,,,,,,,,,,,,,,
,,,,,,,,,,,,,,,,,,,,,,,,,,,,,,,,,,,,,,,,,,,,,,,,,,,,,,,,,,,,,,,,,,,,,,,,,,,,,,,,,,,,,,,,,,,,,,,,,,,,,,,,,,,,,,,,,,,,,,,,,,,,,,,,,,,,,,,,,,,,,,,,,,,,,,,,,,,,,,,,,,,,,,,,,,,,,,,,,,,,,,,,,,,,,,,,,,,,,,,,,,,,,,,,,,
,Gross Margin,,,,,,,,,,,,,,,,,,,,,0.8720043572984749,0.8295600170867151,0.8299249288118044,0.8665155807365439,,,,,,,,,,,0.8483559978064075,0.8323423474929964,0.8723609031745547,0.8624706342991386,0.8465965065911898,0.8308240554915413,0.8562610229276896,0.8291230602670516,0.8485355648535565,0.8255581216320247,0.8560207675644865,0.8405095422451525,0.8552512542149848,0.8827065226220453,0.8867207200217248,0.8565059365774964,0.8459881065241748,0.8253026634382566,0.8284929585695086,0.8323962060544102,0.82312152549465,0.7936030617823947,0.8133413824328404,0.8165173793025745,0.8071569423500754,0.7992356383613998,0.8130144533022231,0.8230059108720197,0.8164710933028048,0.7962610692030174,0.8062962962962963,0.8308795190010021,0.8268129770992366,0.8067828476390194,0.8256518303924151,0.8197778295657578,0.8,0.8,0.8348565161762018,0.8214766229397914,0.8256121773659828,0.7873387039281385,0.8027681660899654,0.7585393685812096,0.7733578600444546,0.7764403669724771,,0.7990230286113049,0.7950489786620093,0.7764963503649635,1,0.786377479016564,0.7989772129051665,0.7827576363117328,0.8153810870728537,0.8028234205045128,0.8061031383062608,0.7958222082613475,0.804703731405302,0.8104924146114078,0.8047095455872336,0.7556109725685786,0.7156851938603984,0.6323085877559659,0.5890996637748537,0.5926329921127707,0.6119463474323302,0.6891085254552534,0.7343107833387604,0.61129799803085,0.74,0.74,0.7501511487303507,0.4901396589234332,0.7959814528593508,0.7515808491418248,0.7246794328644862,0.6766891891891892,0.8109231442321715,0.8,0.8,0.8,,,,,,,,0.78412937194434,0.7840534876758807,0.8075358216875995,0.8181381957773513,0.8453927938570585,0.8004098005677605,0.8340772299993238,0.8562403640055654,0.8196279320571582,0.7736835141571844,0.8187515952468734,0.7895778172190056,0.7903632971133794,0.8,1.5668896004006725,0.845,1.3074898136702835,1.3279192695819317,1.409632459399585,0.8378535564042418,,,,,,,0.7937163846254756,0.6227637518809563,0.6591899564191755,0.6724846371912031,0.73,0.8022254556715965,0.75,0.7599999999999999,0.77,0.78,0.79,0.7900000000000001,0.79,0.79,0.79,0.79,,,,,,,-0.0897594145314885,,,Management Grading,,,,,,,,,,,,,,,,,,,,,,,,,,,,,,,,,,
,SG&A % of Revenue,,,,,,,,,,,,,,,,,,,,,,,,,,,,,0.4066209007071668,0.4537462303257638,0.4068220304814128,0.3461575475818571,,,0.31242797307285747,0.339817620490538,0.259326591096581,0.3137235708692247,0.2932805829645499,0.348119377017406,0.26551226551226553,0.3396788163118008,0.30443514644351466,0.34888375673595073,0.27268066854036976,0.2895268820539864,0.2820133234641007,0.28511087645195354,0.24397287849202348,0.27779633630548745,0.27794535895888994,0.32354721549636806,0.2556535966808859,0.2684727665133186,0.27586825273477195,0.31399671951886277,0.27171747660730455,0.27885752915328715,0.2644704790627537,0.3193001313746566,0.2664463024175254,0.2614730690044498,0.2668145392100744,0.30554280091833386,0.25881481481481483,0.27364526323903493,0.26645992366412213,0.29597223226552893,0.2651215872179791,0.2707993474714519,0.2519548872180451,0.2984380996239159,0.28130140742094684,0.28355196770938446,0.27101257445400395,0.3277963926712768,0.2589773164167628,0.2640547736782046,0.27063692802943207,0.32308256880733943,,0.2628518260060479,0.26410509529956716,0.31518248175182484,0,0.26049171804204113,0.26103632398285326,0.2831858407079646,0.25311520525953674,0.267222093651161,0.2520107238605898,0.31961677399089056,0.2281226626776365,0.2379862700228833,0.25863578865427655,0.307851062000172,0.182079969136653,0.14699190433356263,0.112863725042547,0.1653381439838899,0.09726671187074751,0.10453162622374089,0.14252523563526914,0.18107975057433542,0.14439669421487605,0.23914238592633316,0.24221584038694075,0.31377640536177975,0.2321080572542168,0.279810298102981,0.1818335875275377,0.24070945945945946,0.2194837392445676,,,,,,,,,,,0.3991475492039614,0.38469214649236605,0.38616663718379624,0.3963531669865643,0.4111045481393975,0.3948700687888927,0.3868938932846419,0.3653969089610048,0.4866091489170486,0.49970230219634826,0.43402058931964493,0.44554685908813174,0.4277521677093623,0.45555017087239635,0.5024147676456909,0.39870578319149513,0.44545163210181754,0.46511292647765495,0.47781440973130757,0.2808677277397592,0.0,0,0,0,,,0.2577943941580305,0.14852178958859918,0.13043260965175324,0.2349197964537883,0.18958901081550483,0.24320385416981297,0.24097850719999092,0.23969737517522516,0.23384894260372543,0.27370851247044803,0.2702996926171189,0.2891342640715632,0.27856357617841804,0.2663772177119569,0.2530915745850692,0.2390286412621063,,,,,,,,,,Animal guidance controversy.,,,,,,,,,,,,,,,,,,,,,,,,,,,,,,,,,,
,R&D % of Revenue,,,,,,,,,,,,,,,,,,,,,,,,,,,,,0.19245319210153344,0.1903072332876381,0.17233848818874323,0.14133369654918235,,,0.14170925362220932,0.1443599565490824,0.11786183506981576,0.1388345079613678,0.1487122550782655,0.1840561020092028,0.13099246432579767,0.1654637315048719,0.14476987447698744,0.16628175519630484,0.1310211015163173,0.14640848012957267,0.1454889382350522,0.17967671188368126,0.1441422801550047,0.140940788272637,0.1395328794277342,0.16943099273607748,0.1283234967568515,0.12392798318850458,0.12911710203837648,0.1530891197375615,0.12176275279203139,0.11599346515689257,0.1179677531608862,0.13895855726740713,0.1137468403655454,0.11051338247990967,0.13845163136805952,0.13119055428009183,0.12651851851851853,0.11724350574269637,0.12921437659033078,0.12943813724781256,0.14151523132297428,0.1331468966052979,0.12218045112781954,0.13051654002609564,0.17154085176384573,0.14564413050790448,0.14270350761085374,0.16525272688386683,0.1324875048058439,0.13297831875237734,0.14355790603203802,0.18385321100917432,,0.13778398077072188,0.14055736958007442,0.1678832116788321,0,0.1328827155908787,0.15025945702038054,0.17385098487011133,0.1294243559360905,0.1407853120419656,0.15297271723702885,0.19868069734568872,0.1435219812183163,0.16060683108738028,0.22380072005449062,0.2638232006191418,0.13723166799856706,0.11836605111381554,0.1112863725042547,0.14696257761369358,0.0894339357946176,0.10132358666032264,0.11863168733333919,0.14830160813915327,0.13276859504132232,0.2318031885651457,0.20488210399032647,0.1943996069899642,0.1664538673476245,0.20295091839807286,0.14675478732418235,0.16813063063063063,0.1606387633075689,,,,,,,,,,,0.1411558229910994,0.14389781458936235,0.14894746152485405,0.15419065898912349,0.1682663910218547,0.14742789987344782,0.1499628051667005,0.18410860000752077,0.23155387795452503,0.24077136808679545,0.21306826238620571,0.21112048648491374,0.20851168916694107,0.2198424711273754,0.2678782241619862,0.21060931509828978,0.21375268964885777,0.19822200864968764,0.21380268750617804,,,,,,,,0.19655428746337839,0.1280156770951149,0.11411978729359083,0.1909090909090909,0.1540707349806584,0.0,0.0,0.0,0.0,0.0,0.0,0.0,0.0,0.0,0.0,0.0,,,,,,,,,,2012 guidance controversy.,,,,,,,,,,,,,,,,,,,,,,,,,,,,,,,,,,
,Operating Margin,,,,,,,,,,,,,,,,,,,,,,,,,,,,,0.23741780736942225,0.16710179985294277,0.23756148697685664,0.3100538187632788,,,0.39421877111134074,0.348164770453376,0.4951724770081579,0.4099125554685461,0.40460366854837443,0.2986485764649325,0.4597562930896264,0.3239805124503789,0.3993305439330544,0.31039260969976906,0.45231899750779947,0.4045741800615934,0.42774899251583187,0.4179189342864105,0.49860556137469664,0.4377688119993719,0.42850986813755065,0.33232445520581116,0.44451586513177116,0.439995456352587,0.4181361707215016,0.3265172225259705,0.41986115303350435,0.4216663849923948,0.4247187101264355,0.34097694971933595,0.43282131051915224,0.45101945938766025,0.41120492272467085,0.35952771400459166,0.420962962962963,0.4399907500192708,0.43113867684478374,0.3813724781256779,0.41901501185146167,0.415831585489008,0.42586466165413533,0.37104536034998853,0.38201425699140923,0.3922805247225025,0.4118960953011251,0.29428958437299496,0.4113033448673587,0.36150627615062764,0.3591630259829846,0.2695045871559633,,0.3983872218345352,0.39038651378236766,0.2934306569343066,1,0.39300304538364406,0.38768143190193277,0.3257208107336569,0.4328415258772265,0.39481601481138623,0.40111969720864216,0.2775247369247683,0.4330590875093493,0.41189931350114417,0.3222730368784665,0.18393670994926478,0.3963735567251784,0.36695063230858777,0.36494956622805197,0.2803322705151871,0.42524569976696514,0.4832533125711898,0.47315386037015206,0.28191663931736133,0.46283471074380167,0.26905442550852116,0.3030532043530834,-0.01803635342831076,0.3974195282575096,0.26881963264077086,0.3960910580127662,0.2678490990990991,0.430800641680035,,,,,,,,,,,0.24382599974927918,0.2554635265941523,0.27242172297894923,0.26759436980166346,0.26602185469580625,0.2581118319054199,0.29722053154798134,0.30673485503703984,0.10146490518558461,0.03320984387404075,0.17166274354102265,0.13291047164596,0.15409944023707606,0.12460735800022828,0.7965966085929954,0.5815618967345496,0.6482854919196082,0.6645843344545891,0.7180153621620994,0,0.0,0,0,0,,,0.33936770300406666,0.3462262851972423,0.4146375594738314,0.24665574982832392,0.3863402542038366,0.5590216015017835,0.5090214928000091,0.5203026248247749,0.5361510573962746,0.506291487529552,0.5197003073828811,0.500865735928437,0.511436423821582,0.5236227822880432,0.5369084254149308,0.5509713587378938,,,,,,,,,,Dimebon license (B-).,,,,,,,,,,,,,,,,,,,,,,,,,,,,,,,,,,
,Tax Rate,,,,,,,,,,,,,,,,,,,,,,,,,,,,,,,,,,,0.11614061798520427,0.11877261877261878,0.03910681234700579,0.22598974968431995,0.12994309326180725,0.217,0.2154146977350497,0.3148194271481943,0.21587114515812217,0.18847457627118644,0.19305912368860498,0.1738674431625274,0.22228371149234458,0.23393227366966138,0.2655526354087302,0.2391476896290306,0.3165819319515057,0.28029739776951673,0.28646748681898065,0.3031620553359684,0.27636946386946387,0.22608695652173913,0.2771137671536078,0.2603051391862955,0.3052140737600678,0.29937555753791256,0.2860958366064415,0.28629456897848654,0.28124438050710304,0.2979245283018868,0.27250744047619047,0.2808120733021919,0.2775092936802974,0.269041095890411,0.25605175292153587,0.26945668135095446,0.27,0.27,0.2390154129284564,0.2536322125363221,0.25606628526336556,0.1955415556094015,0.23717715532921063,0.06443298969072164,0.21796456530696334,0.239231966787753,,0.22700771111529058,0.23454276194002222,0.08476190476190476,0,0.15628227194492256,0.1340282948622487,0.1501428885469334,0.1519751595652924,0.17880413951705634,0.15173095944609297,0.11236573946571192,0.14971280340930146,0.14345910745067994,0.06685934489402698,-0.039273441335297005,0.17699271518494947,0.18399198167239406,0.18287566742944317,0.10850202429149798,0.18017771452551684,0.15692312247405577,0.04126803812634231,0.10786397449521785,0.15,0.15,0,0.15,0,0.03395585738539898,0.03687943262411347,0.051735573734247184,0.11126810314376545,,,,,,,,,,,0.30636160714285715,0.3086574654956085,0.29387893134934057,0.26913503422526447,0.1489213639526792,0.3106504962916425,0.2657932286937346,0.3380575239683201,1.8442569759896172,-27.31782945736434,0.8539090736161309,1.2205270457697641,0.6486196319018405,0.21,0.225,0.2747543696396883,0.27576129311588976,0.29,0.29,0.275,0.275,0.27,0.27,0.27,,,0.1022135051835248,0.16399455097977572,,,,,,,,,,,,,,,,,,,,,,,,Figitumumab (C-).,,,,,,,,,,,,,,,,,,,,,,,,,,,,,,,,,,
,Net Margin,,,,,,,,,,,,,,,,,,,,,,,,,,,,,,,,,,,0.35988428004864054,0.32715396489623233,0.4917351584221944,0.34000587314017233,0.3753616162879794,0.23706831136920345,0.386002886002886,0.24819559725730783,0.33405857740585776,0.2764434180138568,0.38648849289978415,0.3465278002991465,0.34673904103955916,0.3601657054666558,0.3698085718103563,0.34551046991752493,0.3012152029647505,0.2343825665859564,0.3084204990358207,0.30039188958936786,0.296909558252137,0.2481683980317113,0.2957440386356776,0.3113627401273168,0.28517573367358773,0.23450376209243998,0.2945103376758053,0.3150694029355117,0.28599026903262736,0.24408002623811087,0.2897037037037037,0.30856394049179064,0.30908078880407125,0.28939185769036085,0.31296637696427004,0.3091742406587431,0.3108812030075188,0.2708631130554916,0.30232133065253153,0.30238816010763536,0.3119622766379881,0.23668639053254437,0.32249134948096886,0.41422594142259417,0.29094811067678394,0.21519266055045871,,0.31867876250290766,0.31399498822993394,0.28058394160583944,1,0.36410903958998736,0.34985335037978493,0.275906365972024,0.3758122467701246,0.3305561984108617,0.3381170162434947,0.2531019318360295,0.38136790492811434,0.3790151707771845,0.47124647270604264,0.18204488778054864,0.3206619085673344,0.30155034657918406,0.355734506662239,0.2771438160765229,0.3501913379628547,0.41054976426316037,0.47535400293939056,0.2755169018706925,0.4098006887052342,0.25206074766355135,0.2900544135429262,0.014137834233981331,0.3775283919091459,0.2141674194519723,0.34519572953736655,0.24149774774774774,0.36692431092314426,,,,,,,,,,,0.1558229910994108,0.16495359744536472,0.18468070051300195,0.1878598848368522,0.27089486119314826,0.15952216348162515,0.1913843240684385,0.17914488775241605,-0.05846140019771726,-0.12083223074887536,0.021780437310342873,-0.023131310192324478,0.0628635715069696,0.13474220467519307,0.6799722748899939,0.42731626743522116,0.45948358741931056,0.46153411821239787,0.49278205150568966,0,0.0,0,0,0,,,,,,,,,,,,,,,,,,,,,,,,,,,,Coley (D-).,,,,,,,,,,,,,,,,,,,,,,,,,,,,,,,,,,
,COVID % of sales,,,,,,,,,,,,,,,,,,,,,,,,,,,,,,,,,,,,,,,,,,,,,,,,,,,,,,,,,,,,,,,,,,,,,,,,,,,,,,,,,,,,,,,,,,,,,,,,,,,,,,,,,,,,,,,,,,,,,,,,,,,,,,,,,,,,,,,,,,,,,,,,,,,,,,0.003367003367003367,0.45311378187790746,0.5671404581983928,0.22006233162537636,0.17478487408226098,0.09367918511520812,0.05156778242185641,0.02849646042837947,0.015445093664120757,0.01004317280088742,0.005510051746652235,0.0010268389990763928,0.00018955585091561273,3.706261395238844e-05,7.485621108720047e-06,1.5353903074231267e-06,,,,,,,,,,,,,,,,,,,,,,,,,,,,,,,,,,,,,,,,,,,,
,,,,,,,,,,,,,,,,,,,,,,,,,,,,,,,,,,,,,,,,,,,,,,,,,,,,,,,,,,,,,,,,,,,,,,,,,,,,,,,,,,,,,,,,,,,,,,,,,,,,,,,,,,,,,,,,,,,,,,,,,,,,,,,,,,,,,,,,,,,,,,,,,,,,,,,,,,,,,,,,,,,,,,,,,,,,,,,,Vicuron (D-).,,,,,,,,,,,,,,,,,,,,,,,,,,,,,,,,,,
,FX Impact,,,,,,,,,,,,,,,,,,,,,,,,,,,,,,,,,,,,,,,,,,,,,,,,,,,-0.05,0.04,0.07,,,,,,,,,,,,,,,,,,,,,,,,,,,,,,,,,,,,,,,,,,,,,,,,,,,,,,,,,,,,,,,,,,,,,,,,,,,,,,,,,,,,,,-0.04,,,,,,,,,,,,,,,,,,,,,,,,,,,,,,,,,,,,Esperion (F).,,,,,,,,,,,,,,,,,,,,,,,,,,,,,,,,,,
,Revenues y/y,,,,,,,,,,,,,,,,,,,,,,,,,,,,,,,,,,,,0.03586683742587882,0.04891395790435138,0.325992666544082,0.016507578226210073,-0.06346835515407911,-0.04717528797091264,-0.09586269903419475,-0.06566169916652331,-0.008752584950437736,0.0022288760622093395,0.15171905449296297,0.017489539748954064,-0.05227097767513467,-0.07216183137744214,-0.07959161355932098,-0.04572744469117529,0.34188936723255625,0.475303134146289,0.498517185456715,0.44178229768163413,0.1071428571428572,-0.03202243908140012,0.00817856534332928,0.030665311734114464,-0.08441771459814107,-0.0685783277995774,-0.15176609768463745,-0.18942118083748982,-0.08963334527648392,-0.12502430488041993,-0.13840738526930996,-0.10017172295363486,-0.092882912430305,-0.15622222222222226,-0.0077083172743389605,0.004691475826972047,-0.05784944681466486,-0.0394170836625406,-0.07620601258447912,-0.04329244163039181,0.07659835751016963,0.18853957229025764,0.10536495122771616,0.07933487756452684,-0.028659014757253853,-0.01730103806228378,-0.018866489159376165,0.009350808615007367,0.005504587155963359,0.009859154929577452,0.0438861750794759,0.009719796491761024,0.022773722627737136,0.013559584689291748,-0.03713882492757925,-0.04625103406783482,-0.09120753639737367,-0.08011619906734957,-0.08979402915991663,-0.18963885822425486,-0.08677556148892729,0.20631596443114764,0.6017459106703957,1.3441665855794493,1.0497033278871788,0.7678497616357574,0.4679506852214408,-0.0566684654020172,0.022654807853666803,-0.29271201103603073,-0.5410340701010714,-0.417754270476727,-0.4154496225795865,-0.18011019283746554,0.04327338412000303,0.33789298669891177,0.24640325636886806,-0.07842214904912304,-0.02540800963565204,-0.12915664011749428,-0.11952927927927948,,,,,,,,,0.25623668045631187,0.12823071549745535,0.10596143640544842,0.08317338451695466,1.021270946078979,0.0802856072490945,-0.10079799824169877,-0.16316323844620761,0.35849734879122863,0.1663469171738554,-0.025297070417741985,0.060374174401349956,-0.08162056854351885,-0.16481970706394067,0.31574428504990526,0.18779738437695426,-0.04729203863938103,-0.17356559346468048,0.4996714753373921,-0.06091154062384896,-0.08532049297083044,-0.13070450498882957,-0.02865328386430921,-0.10574284161580982,0.5380965651834457,-0.11119315973571708,0.7784249420613059,0.22992417164157053,-0.4323197792971092,0.11519025231982805,-0.09045267229809728,-0.0916888344271396,-0.09518968940963035,-0.07749149833330948,-0.2310650244534267,-0.08864986549451259,-0.15862713768439518,-0.06584758411581704,-0.05882634891218519,-0.05275591914190747,-0.04704969277389659,,,,,,,0,,,Sutent extension.,,,,,,,,,,,,,,,,,,,,,,,,,,,,,,,,,,
,CC y/y,,,,,,,,,,,,,,,,,,,,,,,,,,,,,,,,,,,,,,,,,,,,,,,,,,,,,,,,,,,,,,,,,,,,,,,,,0.02,-0.01,0.06,,,,,,,,,,,,,,,,,-0.01,,,,,,,,1.06,0.82,0.53,-0.02,0.05,,,,,,,0.32,0.11,-0.06,,,,,,,,,,,,,,,,,,,,,,,,,,,,,,,,,,,,,,0.92,,,0.12,,,,,,,,,,,,,,,,,,,,,PCH (F).,,,,,,,,,,,,,,,,,,,,,,,,,,,,,,,,,,
,SG&A y/y,,,,,,,,,,,,,,,,,,,,,,,,,,,,,,,,,,,,,,,,,-0.02444771723122241,-0.021060842433697324,-0.03012529992002133,-0.006576063130206089,0.029287439613526534,-0.018326693227091684,-0.057449147883452456,-0.22550750220653137,-0.16984452918744497,-0.11688311688311692,-0.05949256342957132,0.5227920227920229,0.5459363957597174,0.4482230392156863,0.43100775193798446,0.07446211412535075,0.028799999999999937,0.04717579860376553,-0.011917659804983716,-0.06895350861918859,-0.08664741168629198,-0.20464646464646463,-0.18223684210526314,-0.1288573031606508,-0.15008513743614693,-0.09829819659639316,-0.10136765888978283,-0.12129669386002573,-0.135661133371494,-0.01802816901408455,-0.050000000000000044,-0.050000000000000044,0.01920529801324511,-0.03270223752151458,,,,,,,,,,,,,,,,,-0.07922788821665228,0.025705645161290258,-0.17094533373603138,-0.18937644341801385,-0.16833541927409257,-0.12039312039312045,-0.03715846994535521,-0.010683760683760646,0.022949586155003754,0.1008379888268156,-0.055618615209988675,0.043916486681065514,0.19124678190511224,0.1200202994163917,0.050000000000000044,0.050000000000000044,-0.010497066995986404,0.012913457181694676,,,,,,,,,,,,,,,,,,,,,,,,,,,,,,,,,,,,,,,,,,,0.02459503010770936,0.08012581739922187,0.02243850103456202,-0.09999999999999998,0.16676285558670245,-0.09999999999999998,-0.09999999999999998,-0.09999999999999998,-0.09999999999999987,-0.09999999999999998,-0.09999999999999998,-0.10000000000000009,-0.10000000000000009,-0.09999999999999998,-0.09999999999999998,,,,,,,,,,Ratiopharm (C-).,,,,,,,,,,,,,,,,,,,,,,,,,,,,,,,,,,
,Prevnar y/y,,,,,,,,,,,,,,,,,,,,,,,,,,,,,,,,,,,,,,,,,,,,,,,,,,,,-0.5240464344941957,0.06804478897502153,0.14852319059742336,0.3057142857142856,2.6550522648083623,0.4255583126550868,0.08444444444444454,0.20787746170678334,-0.12678741658722592,-0.060922541340295955,0.024590163934426146,-0.1403985507246377,0.18886462882096078,-0.14087117701575536,-0.031000000000000028,0.010537407797681864,0.02754820936639124,0,0.13209494324045412,0.18769551616266944,0.162645218945487,0.4088457389428264,0.3701002734731085,,,,,,,,,,,,,,,,,-0.034337349397590367,0.0443121693121693,-0.024226110363391617,-0.05343511450381677,-0.04304429195258885,0.10829639012032932,-0.11448275862068968,0.11200716845878134,-0.05671447196870927,-0.256,0.21884735202492211,0.15149073327961315,0.11057360055286791,0.33333333333333326,0.023642172523961724,-0.028691392582225306,0.15370255133789668,-0.07546082949308752,,,,,,,,,,,,,,,,,,,,,,,,,0.4603861003861005,0.1142131979695431,0.43156795747911936,0.3003381290194258,0.24356294294600533,0.11357113571135713,-0.3279583946980855,1.010119078599546,0.12973562278550022,-0.006755126658624877,-0.034734029633228025,0.12330145948666327,0.3994175627240144,-0.08452056987353929,-0.020632977793320517,,,0.0005130836326321386,-0.09846153846153849,0.201554797117937,0.01767397822313388,-0.005892386416498696,-0.041647168928404255,0.010000000000000009,0.010000000000000009,0.010000000000000009,0.010000000000000009,0.010000000000000009,0.010000000000000009,0.010000000000000009,0.010000000000000009,0.010000000000000009,0.010000000000000009,,,,,,,,,,Exubera (F).,,,,,,,,,,,,,,,,,,,,,,,,,,,,,,,,,,
,Eliquis y/y,,,,,,,,,,,,,,,,,,,,,,,,,,,,,,,,,,,,,,,,,,,,,,,,,,,,,,,,,,,,,,,,,,,,,,,,,,,,,,,,,,,,,,,,,,,0.17816091954022983,0.20769230769230762,0.28585558852621173,0.17235023041474662,0.086829268292683,0.14831665150136497,0.26384615384615384,0.16430817610062887,0.2082585278276481,0.18858954041204434,0.09129640900791225,0.1782579338284942,0.08766716196136692,-0.014000000000000012,0.04517568321249299,0.009742120343839478,0.023224043715847076,0.08992562542258287,,,,,,,,,,,,,,,,,,,,,,,,,,,,,,,,,,,,,-1,,,,,0.17251184834123223,0.20654810024252224,0.08559463986599658,0.040888751735843165,0.0919063148532464,0.056421395601411906,0.010000000000000009,0.010000000000000009,0.010000000000000009,-0.9,-0.9,-0.9,-0.9,-0.9,-0.9,-0.9,,,,,,,,,,"Shedlarz, Kindler debacles (D-).",King (B).,Tueto (A).,,,,,,,,,,,,,,,,,,,,,,,,,,,,,,,,
,Ibrance y/y,,,,,,,,,,,,,,,,,,,,,,,,,,,,,,,,,,,,,,,,,,,,,,,,,,,,,,,,,,,,,,,,,,,,,,,,,,,,,,,,,,,,,,,,,,,0.25170731707317073,0.13239187996469548,0.10150044130626656,0.06978588421887388,0.05767731878409976,0.11925175370226038,0.004807692307692291,0.04077094143810234,0.017686072218128235,-0.026462395543175532,-0.013556618819776767,-0.05982905982905984,-0.07096307023895732,-0.08512160228898424,-0.07518189167340339,-0.0553030303030303,-0.030397505845674244,-0.12587959343236899,,,,,,,,,,,,,,,,,,,,,,,,,,,,,,,,,,,,,,,,,,0.08669354838709675,0.008719851576994397,-0.05848813684016918,-0.0714983395194374,-0.08142225962549965,-0.03280806229958766,-0.19999999999999996,-0.19999999999999996,-0.19999999999999996,-0.19999999999999996,-0.19999999999999996,-0.19999999999999996,-0.19999999999999996,-0.19999999999999996,-0.19999999999999996,-0.19999999999999996,,,,,,,,,,Biocon (D).,,,,,,,,,,,,,,,,,,,,,,,,,,,,,,,,,,
,EPS y/y,,,,,,,,,,,,,,,,,,,,,,,,,,,,,,,,,,,,,,,,,,,,,,,,,,,-0.1742026403829413,-0.25005146061640426,0.030115825326443746,0.08978292474230942,0.1905317804991129,0.14298496854616127,-0.06822642413484203,0.06304125634125723,0.02314260031702209,-0.0942010661513748,-0.0191163960004731,-0.0963429698812438,-0.15440830303008635,-0.015042545384986616,-0.10034890350494774,-0.10640144219206737,0.09696139291968975,0.21371138185558514,0.023150561702639738,0.09809247657676967,0.02642758429211356,-0.11817203898050976,,,,,,,,,,,,,,,,,,,,,,,,,,,,,,,,,,,,,,,,,,,,,,,,,,,,,,,,,,,,,,,,,,,,0.1116071428571428,-0.0200803212851407,-0.07377049180327877,,,,,,,,,,,,,,,,,,,,,,,,,,,,,,,,,Ergonex (F).,,,,,,,,,,,,,,,,,,,,,,,,,,,,,,,,,,
,Yield On Cash,,,,,,,,,,,,,,,,,,,,,,,,,,,,,,,,,,,,,,,,,,,,,0.07898481973434535,0.042269187986651836,0.04643554429845391,,0.011571254567600487,0.032474946086515286,0.021784152795888623,0.05253104106972302,0.0532049657968077,,,,,,,0.15654118524040253,0.28040313549832024,0.1549636803874092,,,,-0.043451652386780906,-0.013063763608087092,0.06523326572008113,,,,,,,,,,,,,,,,,,,,,,,,,,,,,,,,,,,,,,,,,,,,,,,,,,,,,,,,,,,,,,,,,,,,,,,,,,,,,,,,,,,,,,,,,,,,,,,,,,,,,,,,,,,,,,,,,,,,,,,,,,,,,,,,,,,,,,,,,,,,,
,DSO,,,,,,,,,,,,,,,,,,,,,,,,,,,,,,,,,,,,,,,,,,,,,,,74.30432190147215,,75.48805351885618,81.12584965549935,82.9845729552702,80.89323547215496,72.57662303511951,0,0,0,0,0,0,74.15084199211752,83.8750081016268,78.0688384140267,,,,81.0509327063902,82.50665951017811,61.74172029792465,,,,,,,,,,,,,,,,,,,,,,,,,,,,,,,,,,,,,,,,,,,,,,,,,,,,,,,,,,,,,,,,,,,,,,,,,,,,,,,,,,,,,,,,,,,,,,,,,,,,,,,,,,,,,,,,,,,,,,,,,,,,,,,,,,,,,,,,,,,,,
,,,,,,,,,,,,,,,,,,,,,,,,,,,,,,,,,,,,,,,,,,,,,,,,,,,,,,,,,,,,,,,,,,,,,,,,,,,,,,,,,,,,,,,,,,,,,,,,,,,,,,,,,,,,,,,,,,,,,,,,,,,,,,,,,,,,,,,,,,,,,,,,,,,,,,,,,,,,,,,,,,,,,,,,,,,,ROI,0.05,,,"Assumes health dividend/repo, good mgmt/R&D, etc - 1% is the safest assumption!.",,,,,,,,,,,,,,,,,,,,,,,,,,,,,,,,,,
,Net Cash,,,,,,,,,,,,,,,,,,,,,,,,,,,,,,,,,,,,,,,,,20.340000000000003,19.651,19.2,17809,16864,17980,18951,0,19704,23649,26074,-8376,-15788,,,,,,,-2683,-4465,-3717,,,,13072,12860,12325,,,,,,,,,,,,,,,,,,,,,,,,,,,,,,,,,8333,11982,13342,,,,,,,-51202,0,-41647,-42779,,,,,,,,,,,,,,,,,,,,,,,,,,,,,,,,,,,,,,,,,,,,,,,,,,,,,,,,,,Disc,0.09,,,Note debt is trading 100bps above TSYs. Personal coc may influence this #!.,,,,,,,,,,,,,,,,,,,,,,,,,,,,,,,,,,
,Cash,,,,,,,,,,,,,,,,,,,,,,,,,,,,,,,,,,,,,,,,,27.749000000000002,27.86,27.9,30948,33916,34325,35296,,48381,63158,65430,40286,30262,,,,,,,36266,34604,34854,,,,49818,49410,48814,,,,,,,,,,,,,,,,,,,,,,,,,,,,,,,,,44634,52266,50011,,,,,,,18248,,22704,19330,,,,,,,,,,,,,,,,,,,,,,,,,,,,,,,,,,,,,,,,,,,,,,,,,,,,,,,,,,Mat,-0.02,,,"There is substantial risk to the high-OM franchises such as Enbrel, Prevnar, etc.",,,,,,,,,,,,,,,,,,,,,,,,,,,,,,,,,,
,A/R,,,,,,,,,,,,,,,,,,,,,,,,,,,,,,,,,,,,,,,,,10455,9947,,9843,10432,10245,9901,,9596,10446,10552,14645,13611,,,,,,,13608,14182,12882,,,,11523,11371,9357,,,,,,,,,,,,,,,,,,,,,,,,,,,,,,,,,13225,15155,16076,,,,,,,11393,,11463,11845,,,,,,,,,,,,,,,,,,,,,,,,,,,,,,,,,,,,,,,,,,,,,,,,,,,,,,,,,,NPV,118138.57817896281,,,,,,,,,,,,,,,,,,,,,,,,,,,,,,,,,,,,,
,Inventories,,,,,,,,,,,,,,,,,,,,,,,,,,,,,,,,,,,,,,,,,,,,5302,5148,5334,4788,,4458,4993,5058,12403,10132,,,,,,,6969,7189,7001,,,,6282,6482,6166,,,,,,,,,,,,,,,,,,,,,,,,,,,,,,,,,9979,10454,9513,,,,,,,11447,,10851,10852,,,,,,,,,,,,,,,,,,,,,,,,,,,,,,,,,,,,,,,,,,,,,,,,,,,,,,,,,,,20.689768507699267,,,,,,,,,,,,,,,,,,,,,,,,,,,,,,,,,,,,,
,Taxes/OCA,,,,,,,,,,,,,,,,,,,,,,,,,,,,,,,,,,,,,,,,,,,,5498,5939,5711,6486,,5055,5310,4679,6962,7502,,,,,,,9441,9361,9215,,,,9819,7835,9791,,,,,,,,,,,,,,,,,,,,,,,,,,,,,,,,,12987,15555,19583,,,,,,,7884,,7567,5847,,,,,,,,,,,,,,,,,,,,,,,,,,,,,,,,,,,,,,,,,,,,,,,,,,,,,,,,,,,,,,,,,,,,,,,,,,,,,,,,,,,,,,,,,,,,,,,,
,Held For Sale,,,,,,,,,,,,,,,,,,,,,,,,,,,,,,,,,,,,,,,,,,,,114,87,141,186,,299,219,231,496,490,,,,,,,101,159,5361,,,,100,133,76,,,,,,,,,,,,,,,,,,,,,,,,,,,,,,,,,0,0,0,,,,,,,0,,,,,,,,,,,,,,,,,,,,,,,,,,,,,,,,,,,,,,,,,,,,,,,,,,,,,,,,,,,,,,,,,,,,,,,,,,,,,,,,,,,,,,,,,,,,,,,,,,,
,PP&E,,,,,,,,,,,,,,,,,,,,,,,,,,,,,,,,,,,,,,,,,,,,15734,15383,14925,14332,,12936,13194,13173,22780,21651,,,,,,,16938,16192,14756,,,,12443,12359,12397,,,,,,,,,,,,,,,,,,,,,,,,,,,,,,,,,15109,15244,15441,,,,,,,18957,,18393,18347,,,,,,,,,,,,,,,,,,,,,,,,,,,,,,,,,,,,,,,,,,,,,,,,,,,,,,,,,,,,,,,,,,,,,,,,,,,,,,,,,,,,,,,,,,,,,,,,
,Goodwill + Intangibles,,,,,,,,,,,,,,,,,,,,,,,,,,,,,,,,,,,,,,,,,,,,41880,41452,41579,40331,,38405,38405,37921,110391,107128,,,,,,,98900,98053,92967,,,,84207,82949,81904,,,,,,,,,,,,,,,,,,,,,,,,,,,,,,,,,80027,78956,77592,,,,,,,129685,,123938,122420,,,,,,,,,,,,,,,,,,,,,,,,,,,,,,,,,,,,,,,,,,,,,,,,,,,,,,,,,,,,,,,,,,,,,,,,,,,,,,,,,,,,,,,,,,,,,,,,
,Other Assets,,,,,,,,,,,,,,,,,,,,,,,,,,,,,,,,,,,,,,,,,,,,5949,6193,4255,3929,,3802,3614,4520,4986,4337,,,,,,,5779,5943,5806,,,,5143,4982,3596,,,,,,,,,,,,,,,,,,,,,,,,,,,,,,,,,7879,7659.5,7136,,,,,,,18577,,18479,19387,,,,,,,,,,,,,,,,,,,,,,,,,,,,,,,,,,,,,,,,,,,,,,,,,,,,,,,,,,,,,,,,,,,,,,,,,,,,,,,,,,,,,,,,,,,,,,,,
,Total Assets,,,,,,,,,,,,,,,,,,,,,,,,,,,,,,,,,,,,,,,,,,,,115268,118550,116515,115249,,122932,139339,141564,212949,195113,,,,,,,188002,185683,182842,,,,179335,175521,172101,,,,,,,,,,,,,,,,,,,,,,,,,,,,,,,,,183840,195289.5,195352,,,,,,,216191,,213395,208028,,,,,,,,,,,,,,,,,,,,,,,,,,,,,,,,,,,,,,,,,,,,,,,,,,,,,,,,,,,,,,,,,,,,,,,,,,,,,,,,,,,,,,,,,,,,,,,,
,,,,,,,,,,,,,,,,,,,,,,,,,,,,,,,,,,,,,,,,,,,,,,,,,,,,,,,,,,,,,,,,,,,,,,,,,,,,,,,,,,,,,,,,,,,,,,,,,,,,,,,,,,,,,,,,,,,,,,,,,,,,,,,,,,,,,,,,,,,,,,,,,,,,,,,,,,,,,,,,,,,,,,,,,,,,,,,,,,,,,,,,,,,,,,,,,,,,,,,,,,,,,,,,,,
,Debt,,,,,,,,,,,,,,,,,,,,,,,,,,,,,,,,,,,,,,,,,7.409,8.209,8.7,13139,17052,16345,16345,,28677,39509,39356,48662,46050,,,,,,,38949,39069,38571,,,,36746,36550,36489,,,,,,,,,,,,,,,,,,,,,,,,,,,,,,,,,36301,40284,36669,,,,,,,69450,,64351,62109,,,,,,,,,,,,,,,,,,,,,,,,,,,,,,,,,,,,,,,,,,,,,,,,,,,,,,,,,,,,,,,,,,,,,,,,,,,,,,,,,,,,,,,,,,,,,,,,
,Accounts Payable,,,,,,,,,,,,,,,,,,,,,,,,,,,,,,,,,,,,,,,,,,,,,,,1649,,1573,2595,2481,4370,3028,,,,,,,3836,3091,3165,,,,1978,2287,3234,,,,,,,,,,,,,,,,,,,,,,,,,,,,,,,,,5506,6208,6267,,,,,,,5106,,5633,5240,,,,,,,,,,,,,,,,,,,,,,,,,,,,,,,,,,,,,,,,,,,,,,,,,,,,,,,,,,,,,,,,,,,,,,,,,,,,,,,,,,,,,,,,,,,,,,,,
,Dividends Payable,,,,,,,,,,,,,,,,,,,,,,,,,,,,,,,,,,,,,,,,,,,,,,,1,,1,1081,1,1454,1,,,,,,,1796,1,1826,,,,1685,1,1663,,,,,,,,,,,,,,,,,,,,,,,,,,,,,,,,,0,2245,2245,,,,,,,2380,,2437,0,,,,,,,,,,,,,,,,,,,,,,,,,,,,,,,,,,,,,,,,,,,,,,,,,,,,,,,,,,,,,,,,,,,,,,,,,,,,,,,,,,,,,,,,,,,,,,,,
,Taxes Payable,,,,,,,,,,,,,,,,,,,,,,,,,,,,,,,,,,,,,,,,,,,,,,,735,,542,607,2301,10107,13066,,,,,,,1013,1930,2098,,,,904,802,678,,,,,,,,,,,,,,,,,,,,,,,,,,,,,,,,,3177,3350,3071,,,,,,,2884,,2910,3105,,,,,,,,,,,,,,,,,,,,,,,,,,,,,,,,,,,,,,,,,,,,,,,,,,,,,,,,,,,,,,,,,,,,,,,,,,,,,,,,,,,,,,,,,,,,,,,,
,Accrued Compensation,,,,,,,,,,,,,,,,,,,,,,,,,,,,,,,,,,,,,,,,,,,,,,,1752,,1565,1549,1678,2242,2060,,,,,,,2169,1752,1493,,,,1430,1750,1792,,,,,,,,,,,,,,,,,,,,,,,,,,,,,,,,,2249,1997,2852,,,,,,,2566,,3838,2607,,,,,,,,,,,,,,,,,,,,,,,,,,,,,,,,,,,,,,,,,,,,,,,,,,,,,,,,,,,,,,,,,,,,,,,,,,,,,,,,,,,,,,,,,,,,,,,,
,DR,,,,,,,,,,,,,,,,,,,,,,,,,,,,,,,,,,,,,,,,,,,,,,,,,,,,,,,,,,,,,,,,,,,,,,,,,,,,,,,,,,,,,,,,,,,,,,,,,,,,,3108,3804,6191,,,,,,,2528,,1511,1012,,,,,,,,,,,,,,,,,,,,,,,,,,,,,,,,,,,,,,,,,,,,,,,,,,,,,,,,,,,,,,,,,,,,,,,,,,,,,,,,,,,,,,,,,,,,,,,,
,OCL,,,,,,,,,,,,,,,,,,,,,,,,,,,,,,,,,,,,,,,,,,,,,,,8173,,12046,12632,10577,13583,0,,,,,,,15237,14794,14513,,,,12239,10774,9972,,,,,,,,,,,,,,,,,,,,,,,,,,,,,,,,,24583,23816,19647,,,,,,,16410,,19720,20016,,,,,,,,,,,,,,,,,,,,,,,,,,,,,,,,,,,,,,,,,,,,,,,,,,,,,,,,,,,,,,,,,,,,,,,,,,,,,,,,,,,,,,,,,,,,,,,,
,Pension/Postretirement,,,,,,,,,,,,,,,,,,,,,,,,,,,,,,,,,,,,,,,,,,,,,,,4172,,5642,5761,6252,6392,9358,,,,,,,9699,9527,9793,,,,10988,11011,7303,,,,,,,,,,,,,,,,,,,,,,,,,,,,,,,,,3494,3257,2960,,,,,,,2040,,2115,2021,,,,,,,,,,,,,,,,,,,,,,,,,,,,,,,,,,,,,,,,,,,,,,,,,,,,,,,,,,,,,,,,,,,,,,,,,,,,,,,,,,,,,,,,,,,,,,,,
,Deferred Taxes,,,,,,,,,,,,,,,,,,,,,,,,,,,,,,,,,,,,,,,,,,,,,,,5824,,2849,2356,2419,3243,17460,,,,,,,19597,19739,18487,,,,22338,22432,25590,,,,,,,,,,,,,,,,,,,,,,,,,,,,,,,,,655,558,616,,,,,,,8759,,2122,2258,,,,,,,,,,,,,,,,,,,,,,,,,,,,,,,,,,,,,,,,,,,,,,,,,,,,,,,,,,,,,,,,,,,,,,,,,,,,,,,,,,,,,,,,,,,,,,,,
,Other Taxes Payable,,,,,,,,,,,,,,,,,,,,,,,,,,,,,,,,,,,,,,,,,,,,,,,6594,,6770,7029,6843,26839,8338,,,,,,,6886,6984,7099,,,,6819,7024,3993,,,,,,,,,,,,,,,,,,,,,,,,,,,,,,,,,11574,10990,9701,,,,,,,,,6112,5724,,,,,,,,,,,,,,,,,,,,,,,,,,,,,,,,,,,,,,,,,,,,,,,,,,,,,,,,,,,,,,,,,,,,,,,,,,,,,,,,,,,,,,,,,,,,,,,,
,Other Noncurrent Liabilities,,,,,,,,,,,,,,,,,,,,,,,,,,,,,,,,,,,,,,,,,,,,,,,2513,,2826,2985,3136,5611,5670,,,,,,,6199,5119,5836,,,,5231,4536,4767,,,,,,,,,,,,,,,,,,,,,,,,,,,,,,,,,10508,11311.5,12239,,,,,,,16095,,14150,13297,,,,,,,,,,,,,,,,,,,,,,,,,,,,,,,,,,,,,,,,,,,,,,,,,,,,,,,,,,,,,,,,,,,,,,,,,,,,,,,,,,,,,,,,,,,,,,,,
,Total Liabilities,,,,,,,,,,,,,,,,,,,,,,,,,,,,,,,,,,,,,,,,,,,,,,,47758,,62491,76104,75044,122503,105031,,,,,,,105381,102006,102881,,,,100358,97167,95481,,,,,,,,,,,,,,,,,,,,,,,,,,,,,,,,,101155,107820.5,102458,,,,,,,,,,,,,,,,,,,,,,,,,,,,,,,,,,,,,,,,,,,,,,,,,,,,,,,,,,,,,,,,,,,,,,,,,,,,,,,,,,,,,,,,,,,,,,,,,,,,,,,,,,
,S/E,,,,,,,,,,,,,,,,,,,,,,,,,,,,,,,,,,,,,,,,,,,,,,,,,,,,90446,90082,,,,,,,82621,83677,79961,,,,78977,78354,76620,,,,,,,,,,,,,,,,,,,,,,,,,,,,,,,,,82685,87469,92891,,,,,,,87975,,88497,90637,,,,,,,,,,,,,,,,,,,,,,,,,,,,,,,,,,,,,,,,,,,,,,,,,,,,,,,,,,,,,,,,,,,,,,,,,,,,,,,,,,,,,,,,,,,,,,,,
,L+S/E,,,,,,,,,,,,,,,,,,,,,,,,,,,,,,,,,,,,,,,,,,,,,,,,,,,,212949,195113,,,,,,,188002,185683,182842,,,,179335,175521,172101,,,,,,,,,,,,,,,,,,,,,,,,,,,,,,,,,183840,195289.5,195349,,,,,,,216193,,213396,208026,,,,,,,,,,,,,,,,,,,,,,,,,,,,,,,,,,,,,,,,,,,,,,,,,,,,,,,,,,,,,,,,,,,,,,,,,,,,,,,,,,,,,,,,,,,,,,,,
,,,,,,,,,,,,,,,,,,,,,,,,,,,,,,,,,,,,,,,,,,,,,,,,,,,,,,,,,,,,,,,,,,,,,,,,,,,,,,,,,,,,,,,,,,,,,,,,,,,,,,,,,,,,,,,,,,,,,,,,,,,,,,,,,,,,,,,,,,,,,,,,,,,,,,,,,,,,,,,,,,,,,,,,,,,,,,,,,,,,,,,,,,,,,,,,,,,,,,,,,,,,,,,,,,
,NI,,,,,,,,,,,,,,,,,,,,,,,,,,,,,,,,,,,,,,,,,4815,2751,3992,3591,4831.803,4423.654,4216,4434,4289.65,4059.615,3495,3872,5278,5289,4967,4539,4899,5527,4917,3927,4544,4744,,,,,,,,,,,,,,,,,,,,,,,,,,,,,,,,,,,,,,,8986.399999999998,11389.80000000001,10802.800000000003,,,,,,,,,,5032,,,,,,,,,,,,,,,,,,,,,,,,,,,,,,,,,,,,,,,,,,,,,,,,,,,,,,,,,,,,,,,,,,,,,,,,,,,,,,,,,,,,,,,,,,,,,,,,
,Reported NI,,,,,,,,,,,,,,,,,,,,,,,,,,,,,,,,,,,,,,,,,3392,,,,2784,2776,2278,,2730,2266,2881,767,2035,,,,,,,,1803,3260,,,,,,,,,,,,,,,,,,,,,,,,,,,,,,,,,,,,,,,7879,9877,8644,,,,,,,,,,2973,,,,,,,,,,,,,,,,,,,,,,,,,,,,,,,,,,,,,,,,,,,,,,,,,,,,,,,,,,,,,,,,,,,,,,,,,,,,,,,,,,,,,,,,,,,,,,,,
,D&A,,,,,,,,,,,,,,,,,,,,,,,,,,,,,,,,,,,,,,,,,1271,,,,1487,1229,1196,,1008,1006,969,1774,2051,,,,,,,,2252,1750,,,,,,,,,,,,,,,,,,,,,,,,,,,,,,,,,,,,,,,1187,1175,1183,,,,,,,,,,1618,,,,,,,,,,,,,,,,,,,,,,,,,,,,,,,,,,,,,,,,,,,,,,,,,,,,,,,,,,,,,,,,,,,,,,,,,,,,,,,,,,,,,,,,,,,,,,,,
,Share Based Compensation,,,,,,,,,,,,,,,,,,,,,,,,,,,,,,,,,,,,,,,,,,,,,101,65,97,,71,98,89,91,138,,,,,,,,130,117,,,,,,,,,,,,,,,,,,,,,,,,,,,,,,,,,,,,,,,86,287,135,,,,,,,,,,344,,,,,,,,,,,,,,,,,,,,,,,,,,,,,,,,,,,,,,,,,,,,,,,,,,,,,,,,,,,,,,,,,,,,,,,,,,,,,,,,,,,,,,,,,,,,,,,,
,IPR&D,,,,,,,,,,,,,,,,,,,,,,,,,,,,,,,,,,,,,,,,,,,,,398,156,13,,0,20,0,-622,74,,,,,,,,650,108,,,,,,,,,,,,,,,,,,,,,,,,,,,,,,,,,,,,,,,31,27,229,,,,,,,,,,-663,,,,,,,,,,,,,,,,,,,,,,,,,,,,,,,,,,,,,,,,,,,,,,,,,,,,,,,,,,,,,,,,,,,,,,,,,,,,,,,,,,,,,,,,,,,,,,,,
,Deferred Taxes,,,,,,,,,,,,,,,,,,,,,,,,,,,,,,,,,,,,,,,,,,,,,544,-105,141,,533,198,390,-10703,840,,,,,,,,-404,284,,,,,,,,,,,,,,,,,,,,,,,,,,,,,,,,,,,,,,,-2321,-1140,62,,,,,,,,,,170,,,,,,,,,,,,,,,,,,,,,,,,,,,,,,,,,,,,,,,,,,,,,,,,,,,,,,,,,,,,,,,,,,,,,,,,,,,,,,,,,,,,,,,,,,,,,,,,
,Other Non-Cash Adjustments,,,,,,,,,,,,,,,,,,,,,,,,,,,,,,,,,,,,,,,,,,,,,242,267,140,,-296,274,47,479,319,,,,,,,,-28,42,,,,,,,,,,,,,,,,,,,,,,,,,,,,,,,,,,,,,,,815,455,211,,,,,,,,,,40,,,,,,,,,,,,,,,,,,,,,,,,,,,,,,,,,,,,,,,,,,,,,,,,,,,,,,,,,,,,,,,,,,,,,,,,,,,,,,,,,,,,,,,,,,,,,,,,
,Benefit Contributions,,,,,,,,,,,,,,,,,,,,,,,,,,,,,,,,,,,,,,,,,,,,,,,,,,,,,,,,,,,,,-71,51,,,,,,,,,,,,,,,,,,,,,,,,,,,,,,,,,,,,,,,-404,258,-386,,,,,,,,,,-229,,,,,,,,,,,,,,,,,,,,,,,,,,,,,,,,,,,,,,,,,,,,,,,,,,,,,,,,,,,,,,,,,,,,,,,,,,,,,,,,,,,,,,,,,,,,,,,,
,Gain on disposal,,,,,,,,,,,,,,,,,,,,,,,,,,,,,,,,,,,,,,,,,,,,,-23,23,,,0,0,0,0,,,,,,,,,,,,,,,,,,,,,,,,,,,,,,,,,,,,,,,,,,,,,,,,,0,0,0,,,,,,,,,,0,,,,,,,,,,,,,,,,,,,,,,,,,,,,,,,,,,,,,,,,,,,,,,,,,,,,,,,,,,,,,,,,,,,,,,,,,,,,,,,,,,,,,,,,,,,,,,,,
,Changes in A&L,,,,,,,,,,,,,,,,,,,,,,,,,,,,,,,,,,,,,,,,,-3587,,,,-2262,631,87,,-899,652,-275,-5869,-11817,,,,,,,,-1558,-1591,,,,,,,,,,,,,,,,,,,,,,,,,,,,,,,,,,,,,,,-730,-2771,-4104,,,,,,,,,,-1919,,,,,,,,,,,,,,,,,,,,,,,,,,,,,,,,,,,,,,,,,,,,,,,,,,,,,,,,,,,,,,,,,,,,,,,,,,,,,,,,,,,,,,,,,,,,,,,,
,CFFO,,,,,,,,,,,,,,,,,,,,,,,,,,,,,,,,,,,,,,,,,1243,3665,,,3271,5042,3952,,3147,4514,4101,-14083,-6360,,,,,,,,2774,4021,,,,,,,,,,,,,,,,,,,,,,,,,,,,,,,,,,,,,,,6543,8168,5974,,,,,,,,,,2334,,,,,,,,,,,,,,,,,,,,,,,,,,,,,,,,,,,,,,,,,,,,,,,,,,,,,,,,,,,,,,,,,,,,,,,,,,,,,,,,,,,,,,,,,,,,,,,,
,,,,,,,,,,,,,,,,,,,,,,,,,,,,,,,,,,,,,,,,,,,,,,,,,,,,,,,,,,,,,,,,,,,,,,,,,,,,,,,,,,,,,,,,,,,,,,,,,,,,,,,,,,,,,,,,,,,,,,,,,,,,,,,,,,,,,,,,,,,,,,,,,,,,,,,,,,,,,,,,,,,,,,,,,,,,,,,,,,,,,,,,,,,,,,,,,,,,,,,,,,,,,,,,,,
,CapEx,,,,,,,,,,,,,,,,,,,,,,,,,,,,,,,,,,,,,,,,,,,,,,,,,-253,-269,-261,-422,-305,,,,,,,,-254,-294,,,,,,,,,,,,,,,,,,,,,,,,,,,,,,,,,,,,,,,-643,-751,-841,,,,,,,,,,-564,,,,,,,,,,,,,,,,,,,,,,,,,,,,,,,,,,,,,,,,,,,,,,,,,,,,,,,,,,,,,,,,,,,,,,,,,,,,,,,,,,,,,,,,,,,,,,,,
,Investments,,,,,,,,,,,,,,,,,,,,,,,,,,,,,,,,,,,,,,,,,,,,,,,,,,,,,,,,,,,,,,,,,,,,,,,,,,,,,,,,,,,,,,,,,,,,,,,,,,,,,7435,-10472,-3835,,,,,,,,,,-2472,,,,,,,,,,,,,,,,,,,,,,,,,,,,,,,,,,,,,,,,,,,,,,,,,,,,,,,,,,,,,,,,,,,,,,,,,,,,,,,,,,,,,,,,,,,,,,,,
,Acquisitions,,,,,,,,,,,,,,,,,,,,,,,,,,,,,,,,,,,,,,,,,,,,,,,,,,,,,,,,,,,,,,,,,,,,,,,,,,,,,,,,,,,,,,,,,,,,,,,,,,,,,-6225,-91,91,,,,,,,,,,0,,,,,,,,,,,,,,,,,,,,,,,,,,,,,,,,,,,,,,,,,,,,,,,,,,,,,,,,,,,,,,,,,,,,,,,,,,,,,,,,,,,,,,,,,,,,,,,,
,Haleon,,,,,,,,,,,,,,,,,,,,,,,,,,,,,,,,,,,,,,,,,,,,,,,,,,,,,,,,,,,,,,,,,,,,,,,,,,,,,,,,,,,,,,,,,,,,,,,,,,,,,0,0,4051,,,,,,,,,,6311,,,,,,,,,,,,,,,,,,,,,,,,,,,,,,,,,,,,,,,,,,,,,,,,,,,,,,,,,,,,,,,,,,,,,,,,,,,,,,,,,,,,,,,,,,,,,,,,
,CFFI,,,,,,,,,,,,,,,,,,,,,,,,,,,,,,,,,,,,,,,,,,,,,,,,,,,,,,,,,,,,,,,,,,,,,,,,,,,,,,,,,,,,,,,,,,,,,,,,,,,,,567,-11314,-534,,,,,,,,,,3275,,,,,,,,,,,,,,,,,,,,,,,,,,,,,,,,,,,,,,,,,,,,,,,,,,,,,,,,,,,,,,,,,,,,,,,,,,,,,,,,,,,,,,,,,,,,,,,,
,,,,,,,,,,,,,,,,,,,,,,,,,,,,,,,,,,,,,,,,,,,,,,,,,,,,,,,,,,,,,,,,,,,,,,,,,,,,,,,,,,,,,,,,,,,,,,,,,,,,,,,,,,,,,,,,,,,,,,,,,,,,,,,,,,,,,,,,,,,,,,,,,,,,,,,,,,,,,,,,,,,,,,,,,,,,,,,,,,,,,,,,,,,,,,,,,,,,,,,,,,,,,,,,,,
,Debt,,,,,,,,,,,,,,,,,,,,,,,,,,,,,,,,,,,,,,,,,,,,,,,,,,,,,,,,,,,,,,,,,,,,,,,,,,,,,,,,,,,,,,,,,,,,,,,,,,,,,-1829,2782,-1692,,,,,,,,,,-2434,,,,,,,,,,,,,,,,,,,,,,,,,,,,,,,,,,,,,,,,,,,,,,,,,,,,,,,,,,,,,,,,,,,,,,,,,,,,,,,,,,,,,,,,,,,,,,,,
,Buyback,,,,,,,,,,,,,,,,,,,,,,,,,,,,,,,,,,,,,,,,,,,,,,,,,,,,,,,,,,,,,,,,,,,,,,,,,,,,,,,,,,,,,,,,,,,,,,,,,,,,,-2000,0,0,,,,,,,,,,0,,,,,,,,,,,,,,,,,,,,,,,,,,,,,,,,,,,,,,,,,,,,,,,,,,,,,,,,,,,,,,,,,,,,,,,,,,,,,,,,,,,,,,,,,,,,,,,,
,Dividends,,,,,,,,,,,,,,,,,,,,,,,,,,,,,,,,,,,,,,,,,,,,,,,,,,,,,,,,,,,,,,,,,,,,,,,,,,,,,,,,,,,,,,,,,,,,,,,,,,,,,-2249,-2244,-2245,,,,,,,,,,-2437,,,,,,,,,,,,,,,,,,,,,,,,,,,,,,,,,,,,,,,,,,,,,,,,,,,,,,,,,,,,,,,,,,,,,,,,,,,,,,,,,,,,,,,,,,,,,,,,
,Other,,,,,,,,,,,,,,,,,,,,,,,,,,,,,,,,,,,,,,,,,,,,,,,,,,,,,,,,,,,,,,,,,,,,,,,,,,,,,,,,,,,,,,,,,,,,,,,,,,,,,-501,154,5,,,,,,,,,,-356,,,,,,,,,,,,,,,,,,,,,,,,,,,,,,,,,,,,,,,,,,,,,,,,,,,,,,,,,,,,,,,,,,,,,,,,,,,,,,,,,,,,,,,,,,,,,,,,
,CFFF,,,,,,,,,,,,,,,,,,,,,,,,,,,,,,,,,,,,,,,,,,,,,,,,,,,,,,,,,,,,,,,,,,,,,,,,,,,,,,,,,,,,,,,,,,,,,,,,,,,,,-6579,692,-3932,,,,,,,,,,-5227,,,,,,,,,,,,,,,,,,,,,,,,,,,,,,,,,,,,,,,,,,,,,,,,,,,,,,,,,,,,,,,,,,,,,,,,,,,,,,,,,,,,,,,,,,,,,,,,
,CapEx,,,,,,,,,,,,,,,,,,,,,,,,,,,,,,,,,,,,,,,,,,,,,,,,,,,,,,,,,,,,,,,,,,,,,,,,,,,,,,,,,,,,,,,,,,,,,,,,,,,,,-1,-67,-139,,,,,,,,,,-7,,,,,,,,,,,,,,,,,,,,,,,,,,,,,,,,,,,,,,,,,,,,,,,,,,,,,,,,,,,,,,,,,,,,,,,,,,,,,,,,,,,,,,,,,,,,,,,,
,CIC,,,,,,,,,,,,,,,,,,,,,,,,,,,,,,,,,,,,,,,,,,,,,,,,,,,,,,,,,,,,,,,,,,,,,,,,,,,,,,,,,,,,,,,,,,,,,,,,,,,,,530,-2521,1369,,,,,,,,,,375,,,,,,,,,,,,,,,,,,,,,,,,,,,,,,,,,,,,,,,,,,,,,,,,,,,,,,,,,,,,,,,,,,,,,,,,,,,,,,,,,,,,,,,,,,,,,,,,
,,,,,,,,,,,,,,,,,,,,,,,,,,,,,,,,,,,,,,,,,,,,,,,,,,,,,,,,,,,,,,,,,,,,,,,,,,,,,,,,,,,,,,,,,,,,,,,,,,,,,,,,,,,,,,,,,,,,,,,,,,,,,,,,,,,,,,,,,,,,,,,,,,,,,,,,,,,,,,,,,,,,,,,,,,,,,,,,,,,,,,,,,,,,,,,,,,,,,,,,,,,,,,,,,,
,FCF,,,,,,,,,,,,,,,,,,,,,,,,,,,,,,,,,,,,,,,,,,,,,,,,,2894,4245,3840,-14505,-6665,,,,,,,,2520,3727,,,,,,,,,,,,,,,,,,,,,,,,,,,,,,,,,,,,,,,5900,7417,5133,,,,,,,,,,,,,,,,,,,,,,,,,,,,,,,,,,,,,,,,,,,,,,,,,,,,,,,,,,,,,,,,,,,,,,,,,,,,,,,,,,,,,,,,,,,,,,,,,,,,,,,,,,
,Acquisitions,,,,,,,,,,,,,,,,,,,,,,,,,,,,,,,,,,,,,,,,,,,,,,,,,,,,,,,,,,,,,-782,,,,,,,,,,,,,,,,,,,,,,,,,,,,,,,,,,,,,,,,,,,,,,,,,,,,,,,,,,,,,,,,,,,,,,,,,,,,,,,,,,,,,,,,,,,,,,,,,,,,,,,,,,,,,,,,,,,,,,,,,,,,,,,,,,,,,,,,,,,,,,,,,,,,
,Delta,,,,,,,,,,,,,,,,,,,,,,,,,,,,,,,,,,,,,,,,,,,,,1560.8029999999999,-618.3459999999995,264,,1395.6499999999996,-185.38500000000022,-345,18377,11943,,,,,,,,,,,,,,,,,,,,,,,,,,,,,,,,,,,,,,,,,,,,,,,,,,,,,,,,,,,,,,,,,,,,,,,,,,,,,,,,,,,,,,,,,,,,,,,,,,,,,,,,,,,,,,,,,,,,,,,,,,,,,,,,,,,,,,,,,,,,,,,,,,,,,,,,,,,,
,,,,,,,,,,,,,,,,,,,,,,,,,,,,,,,,,,,,,,,,,,,,,,,,,,,,,,,,,,,,,,,,,,,,,,,,,,,,,,,,,,,,,,,,,,,,,,,,,,,,,,,,,,,,,,,,,,,,,,,,,,,,,,,,,,,,,,,,,,,,15716.265,20073,19209.05,16949.83,0,0.0,0,0,0,0,,,,,,,,,,,,,,,,,,,,,,,,,,,,,,,,,,,,,,,,,,,,,,,,,,,,,,,,,,,,,
,Heads,,,,,,,,,,,,,,,,,,,,,,,,,,,,,,,,,,,,,,,,,,,,,,,,,,,75100,116500,113800,113800,,,,,,,,,,,,,,,,,,,,,,,,,,,,,,,,,,,,,,,,,,,,,,,,,,,,,,,,,,,,,,,,,,,,,,,,,,,,,,,,,,,,,,113800,113800,113800.0,113800,113800.0,113800,113800,113800,113800,,,,,,,,,,,,,,,,,,,,,,,,,,,,,,,,,,,,,,,,,,,,,,,,,,,,,,,,,,,,,
,SG&A/Heads,,,,,,,,,,,,,,,,,,,,,,,,,,,,,,,,,,,,,,,,,,,,,,,,,,,42942.743009320904,45879.82832618026,38444.63971880492,41537.7855887522,,,,,,,,,,,,,,,,,,,,,,,,,,,,,,,,,,,,,,,,,,,,,,,,,,,,,,,,,,,,,,,,,,,,,,,,,,,,,,,,,,,,,,171001.7574692443,170105.4481546573,144420.0351493849,127311.07205623902,0.0,0,0,0,0,,,,,,,,,,,,,,,,,,,,,,,,,,,,,,,,,,,,,,,,,,,,,,,,,,,,,,,,,,,,,
,SG&A,,,,,,,,,,,,,,,,,,,,,,,,,,,,,,,,,,,,,,,,,,,,,,,,,,,3225,5345,4375,4727,,,,,,,,,,,,,,,,,,,,,,,,,,,,,,,,,,,,,,,,,,,,,,,,,,,,,,,,,,,,,,,,,,,,,,,,,,,,,,,,,,,,,,19460,19358,16435.0,14488,0.0,0,0,0,0,,,,,,,,,,,,,,,,,,,,,,,,,,,,,,,,,,,,,,,,,,,,,,,,,,,,,,,,,,,,,
,Revenue,,,,,,,,,,,,,,,,,,,,,,,,,,,,,,,,,,,,,,,,,,,,,,,,,,,11603,16520,17113,17607,,,,,,,,,,,,,,,,,,,,,,,,,,,,,,,,,,,,,,,,,,,,,,,,,,,,,,,,,,,,,,,,,,,,,,,,,,,,,,,,,,,,,,43686,41620,34396.2,51583,48441.0,44307.990000000005,38516.736099999995,37413.10512700001,33456.937077200004,,,,,,,,,,,,,,,,,,,,,,,,,,,,,,,,,,,,,,,,,,,,,,,,,,,,,,,,,,,,,
,Revenue/SG&A,,,,,,,,,,,,,,,,,,,,,,,,,,,,,,,,,,,,,,,,,,,,,,,,,,,3.597829457364341,3.0907390084190833,3.911542857142857,3.7247725830336367,,,,,,,,,,,,,,,,,,,,,,,,,,,,,,,,,,,,,,,,,,,,,,,,,,,,,,,,,,,,,,,,,,,,,,,,,,,,,,,,,,,,,,2.244912641315519,2.150015497468747,2.092862792820201,3.5603948094975153,,,,,,,,,,,,,,,,,,,,,,,,,,,,,,,,,,,,,,,,,,,,,,,,,,,,,,,,,,,,,,,,,,
,Revenue/Heads,,,,,,,,,,,,,,,,,,,,,,,,,,,,,,,,,,,,,,,,,,,,,,,,,,,154.50066577896138,141.80257510729612,150.37785588752197,154.7188049209139,,,,,,,,,,,,,,,,,,,,,,,,,,,,,,,,,,,,,,,,,,,,,,,,,,,,,,,,,,,,,,,,,,,,,,,,,,,,,,,,,,,,,,,,,,,,,,,,,,,,,,,,,,,,,,,,,,,,,,,,,,,,,,,,,,,,,,,,,,,,,,,,,,,,,,,,,,,
,,,,,,,,,,,,,,,,,,,,,,,,,,,,,,,,,,,,,,,,,,,,,,,,,,,,,,,,,,,,,,,,,,,,,,,,,,,,,,,,,,,,,,,,,,,,,,,,,,,,,,,,,,,,,,,,,,,,,,,,,,,,,,,,,,,,,,,,,,,,,,,,,,,,,,,,,,,,,,,,,,,,,,,,,,,,,,,,,,,,,,,,,,,,,,,,,,,,,,,,,,,,,,,,,,
,Consensus/Actual Revenue 1/1/2011,,,,,,,,,,,,,,,,,,,,,,,,,,,,,,,,,,,12189,13592,12660,11741,12280,12603,12474,11084,11950,12990,11796,12075,12159,12311,10845,10966,11603,16520,16750,16707,16674,16970,16751,16950,16194,,15460,,,,,,,,,,,,,,,,,,,,,,,,,,,,,,,,,,,,,,,,,,,,,,,,,,,,,,,,,,,,,,,,,,,,,,,,,,,,47546.93,48296,49934,67279,66210,62514.0,61732,61614.0,61332,,,,,,,,,,,,,,,,,,,,,,,,,,,,,,,,,,,,,,,,,,,,,,,,,,,,,,,,,,,,,,,,
,Delta,,,,,,,,,,,,,,,,,,,,,,,,,,,,,,,,,,,393.10000000000036,400.7999999999993,431.60000000000036,518.2000000000007,509.7999999999993,501.7000000000007,0,0,0,0,705.8029999999999,690.6540000000005,0,0,754.6499999999996,783.6149999999998,0,0,363,900,55,1320,,,,,-31,,,,,,,,,,,,,,,,,,,,,,,,,,,,,,,,,,,,,,,,,,,,,,,,,,,,,,,,,,,,,,,,,,,,,,,,,,,,-14077.510000000002,-20343,-13155,-23593,-24590,-28117.800000000003,,,,,,,,,,,,,,,,,,,,,,,,,,,,,,,,,,,,,,,,,,,,,,,,,,,,,,,,,,,,,,,,,,,
,Consensus EPS,,,,,,,,,,,,,,,,,,,,,,,,,,,,,,,,,,,,,,,,,,0.42,0.58,0.52,0.61,0.55,0.62,0.65,0.54,0.48,0.51,0.49,0.6,0.52,,,,,,,0.58,,,,,,,,,,,,,,,,,,,,,,,,,,,,,,,,,,,,,,,,,,,,,,,,,,,,,,,,,,,,,,,,,,,,,,,,,,,,2.12,2.42,2.02,2.61,2.43,,,,,,,,,,,,,,,,,,,,,,,,,,,,,,,,,,,,,,,,,,,,,,,,,,,,,,,,,,,,,,,,,,,,
,Delta,,,,,,,,,,,,,,,,,,,,,,,,,,,,,,,,,,,,,,,,,,-0.02643776824034333,-0.000945749927473094,0.008710247349823286,0.1045523513753327,0.10555038529934802,0.005890736342042735,0.007961121828164441,0.09522138308899741,0.1212462973933649,0.006858917480035531,0.003436982286224022,0.05435159930572775,,,,,,,,0.018052118978678644,,,,,,,,,,,,,,,,,,,,,,,,,,,,,,,,,,,,,,,,,,,,,,,,,,,,,,,,,,,,,,,,,,,,,,,,,,,,,0.3999999999999999,0.2200000000000002,,,,,,,,,,,,,,,,,,,,,,,,,,,,,,,,,,,,,,,,,,,,,,,,,,,,,,,,,,,,,,,,,,,,,,
