UTC Date,PFE,NVO,LLY,NVS,AMGN,MRK,GSK,SNY,BMY,AZN,PFE LN,NVO LN,LLY LN,NVS LN,AMGN LN,MRK LN,GSK LN,SNY LN,BMY LN,AZN LN,PFE-NVO,PFE-LLY,PFE-NVS,PFE-AMGN,PFE-MRK,PFE-GSK,PFE-SNY,PFE-BMY,PFE-AZN,NVO-LLY,NVO-NVS,NVO-AMGN,NVO-MRK,NVO-GSK,NVO-SNY,NVO-BMY,NVO-AZN,LLY-NVS,LLY-AMGN,LLY-MRK,LLY-GSK,LLY-SNY,LLY-BMY,LLY-AZN,NVS-AMGN,NVS-MRK,NVS-GSK,NVS-SNY,NVS-BMY,NVS-AZN,AMGN-MRK,AMGN-GSK,AMGN-SNY,AMGN-BMY,AMGN-AZN,MRK-GSK,MRK-SNY,MRK-BMY,MRK-AMGN,GSK-SNY,GSK-BMY,GSK-AZN,SNY-BMY,SNY-AZN,BMY-AZN
Average,,,,,,,,,,,,,,,,,,,,,-0.0005810314906244607,-0.0015675593333139908,-0.0007413739430878624,-0.0005338377308896033,-0.00027014990700645683,-0.00015206421635772006,-0.0006150984465309401,-0.001159398855499843,-0.0005434403364695279,-0.0009865278426895302,-0.00016034245246340152,4.719375973485687e-05,0.0003108815836180041,0.0004289672742667407,-3.406695590647913e-05,-0.0005783673648753817,3.7591154154933284e-05,0.0008261853902261282,0.0010337216024243867,0.0012974094263075344,0.00141549511695627,0.0009524608867830503,0.0004081604778141466,0.001024118996844462,0.00020753621219825915,0.00047122403608140513,0.0005893097267301425,0.00012627549655692226,-0.0004180249124119802,0.00019793360661833466,0.0002636878238831471,0.00038177351453188386,-8.126071564133659e-05,-0.0006255611246102402,-9.602605579924067e-06,0.00011808569064873653,-0.000344948539524483,-0.0008892489484933848,-0.0002732904294630713,-0.0004630342301732207,-0.0010073346391421217,-0.0003913761201118077,-0.0005443004089689031,7.165811006141294e-05,0.0006159585190303173
STDEV,,,,,,,,,,,,,,,,,,,,,0.024142752059036352,0.02442472957062396,0.016402531996791512,0.01863650237023861,0.019105399458573286,0.017301964700557063,0.01793992761772329,0.01940613938766484,0.018383704044315732,0.017231632045876806,0.020484578622147746,0.022548714475690814,0.02240201636201091,0.021197483357125114,0.021929977352713532,0.02614238783909108,0.020872907378318928,0.020297103224514668,0.023361977398904086,0.02087435173070341,0.021030068299718045,0.022860986138804017,0.026738073243712458,0.020793787226395306,0.017230480864225566,0.015116746150294869,0.013688896303389656,0.013075559117507818,0.019196653648635258,0.012047970896519464,0.018898485847376707,0.018660594404945836,0.01913673533205319,0.021362593141993135,0.018839214016803763,0.016695590082903906,0.016665809041059985,0.021392346678756637,0.015644740386713585,0.015673192308760044,0.02054338895261739,0.015489377190157845,0.021639299274499372,0.014647094107175022,0.02148290050198371
,,,,,,,,,,,,,,,,,,,,,,,,,,,,,,,,,,,,,,,,,,,,,,,,,,,,,,,,,,,,,,,,,
2024-12-02 00:00:00,25.8,108.66,797.92,104.68,277.93,100.81,34.23,47.96,60.05,67.36,-0.015766525407743204,0.01726581459728245,0.0032260724534428392,-0.01035884767801631,-0.017618144722789848,-0.008199601386113097,0.002925689623478022,-0.010990260957947447,0.01391822585254725,-0.003852427345668675,-0.033032340005025654,-0.018992597861186043,-0.005407677729726893,0.0018516193150466438,-0.007566924021630107,-0.018692215031221225,-0.004776264449795757,-0.02968475126029045,-0.01191409806207453,0.014039742143839611,0.02762466227529876,0.034883959320072294,0.025465415983395547,0.014340124973804429,0.028256075555229895,0.003347588744735201,0.021118241942951126,0.01358492013145915,0.020844217176232686,0.011425673839555936,0.00030038282996481744,0.014216333411390286,-0.01069215339910441,0.007078499799111514,0.007259297044773537,-0.0021592462919032135,-0.013284537301494332,0.0006314132799311364,-0.02427707353056356,-0.006506420332347636,-0.00941854333667675,-0.02054383434626787,-0.0066278837648424006,-0.0315363705753371,-0.013765717377121173,-0.011125291009591119,0.00279065957183435,-0.022117827238660348,-0.004347174040444423,0.013915950581425468,-0.010992536229069228,0.006778116969146697,-0.024908486810494696,-0.0071378336122787725,0.017770653198215924
"Fri, 29 Nov 2024 00:00:00 GMT",26.21,106.8,795.35,105.77,282.87,101.64,34.13,48.49,59.22,67.62,0.014604410227566022,0.006293168752363425,0.009043091799193423,0.008545437493647622,0.009947856221238694,-0.014456200178968608,-0.005842844550984836,-0.004732032284380627,-0.0008439531263016558,0.006230549750636163,0.008311241475202596,0.005561318428372599,0.006058972733918399,0.004656554006327328,0.02906061040653463,0.020447254778550857,0.019336442511946647,0.015448363353867678,0.008373860476929859,-0.002749923046829998,-0.002252268741284197,-0.0036546874688752687,0.020749368931332033,0.01213601330334826,0.011025201036744052,0.0071371218786650805,6.26190017272623e-05,0.0004976543055458006,-0.0009047644220452709,0.02349929197816203,0.014885936350178259,0.01377512408357405,0.00988704492549508,0.00281254204855726,-0.0014024187275910715,0.023001637672616232,0.014388282044632458,0.01327746977802825,0.009389390619949279,0.0023148877430114595,0.0244040564002073,0.01579070077222353,0.014679888505619321,0.01079180934754035,0.003717306470602531,-0.008613355627983772,-0.00972416789458798,-0.013612247052666952,-0.020686749929604772,-0.0011108122666042084,-0.00499889142468318,-0.012073394301620998,-0.0038880791580789714,-0.01096258203501679,-0.007074502876937818
"Wed, 27 Nov 2024 00:00:00 GMT",25.83,106.13,788.19,104.87,280.07,103.12,34.33,48.72,59.27,67.2,0.0023255824434754366,0.0,-0.0014326377560489772,0.01015918264115983,0.00021425510723294892,0.014652992465346047,0.00907102050188492,0.009072227172310859,0.00898235002927279,0.012578782206860185,0.0023255824434754366,0.003758220199524414,-0.007833600197684393,0.0021113273362424875,-0.01232741002187061,-0.006745438058409483,-0.006746644728835422,-0.006656767585797354,-0.010253199763384749,0.0014326377560489772,-0.01015918264115983,-0.00021425510723294892,-0.014652992465346047,-0.00907102050188492,-0.009072227172310859,-0.00898235002927279,-0.012578782206860185,-0.011591820397208807,-0.001646892863281926,-0.016085630221395024,-0.010503658257933897,-0.010504864928359836,-0.010414987785321768,-0.014011419962909163,0.009944927533926881,-0.004493809824186217,0.0010881621392749095,0.0010869554688489706,0.0011768326118870385,-0.002419599565700356,-0.014438737358113098,-0.008856765394651972,-0.00885797206507791,-0.008768094922039843,-0.012364527099627237,0.005581971963461127,0.005580765293035188,0.005670642436073256,0.002074210258485861,-1.2066704259388467e-06,8.867047261212901e-05,-0.0035077617049752655,8.987714303806786e-05,-0.0035065550345493267,-0.0035964321775873945
"Tue, 26 Nov 2024 00:00:00 GMT",25.77,106.13,789.32,103.81,280.01,101.62,34.02,48.28,58.74,66.36,-0.015402691877780846,0.014903688457764632,0.04445406605220041,0.0026042937313987317,-0.04875445052145767,0.004536944363821514,-0.0038139990490832607,-0.001448825669972604,-0.0006807352202972319,-0.0006025911601445004,-0.030306380335545478,-0.059856757929981255,-0.018006985609179578,0.03335175864367683,-0.01993963624160236,-0.011588692828697586,-0.013953866207808242,-0.014721956657483614,-0.014800100717636346,-0.02955037759443578,0.0122993947263659,0.0636581389792223,0.010366744093943118,0.018717687506847894,0.016352514127737236,0.015584423678061864,0.015506279617909131,0.04184977232080168,0.09320851657365808,0.039917121688378895,0.048268065101283675,0.04590289172217302,0.045134801272497645,0.04505665721234491,0.05135874425285641,-0.0019326506324227823,0.006418292780481992,0.0040531194013713355,0.0032850289516959635,0.003206884891543232,-0.05329139488527919,-0.04494045147237441,-0.04730562485148507,-0.04807371530116044,-0.04815185936131317,0.008350943412904774,0.005985770033794118,0.005217679584118746,0.0051395355239660144,-0.002365173379110657,-0.003133263828786029,-0.00321140788893876,-0.0007680904496753722,-0.0008462345098281036,-7.814406015273147e-05
"Mon, 25 Nov 2024 00:00:00 GMT",26.17,104.56,755.0,103.54,294.0,101.16,34.15,48.35,58.78,66.4,0.020070144925276034,-0.004770546209849004,0.0093014023799543,-0.007121577591545609,-0.001801098136967127,0.019767040740776582,0.005579224573652543,0.0014488256699726498,-0.0015299620493986225,0.011664147996756878,0.024840691135125038,0.010768742545321735,0.027191722516821643,0.02187124306224316,0.0003031041844994524,0.014490920351623492,0.018621319255303383,0.021600106974674658,0.008405996928519156,-0.014071948589803304,0.002351031381696605,-0.002969448072881877,-0.024537586950625585,-0.010349770783501546,-0.006219371879821654,-0.0032405841604503816,-0.01643469420660588,0.01642297997149991,0.011102500516921427,-0.010465638360822283,0.0037221778063017564,0.00785257670998165,0.01083136442935292,-0.002362745616802579,-0.005320479454578482,-0.02688861833232219,-0.012700802165198151,-0.00857040326151826,-0.0055916155421469865,-0.018785725588302486,-0.021568138877743708,-0.00738032271061967,-0.0032499238069397768,-0.0002711360875685045,-0.013465246133724004,0.01418781616712404,0.01831821507080393,0.021297002790175205,0.008102892744019704,0.0041303989036798935,0.007109186623051165,-0.006084923423104335,0.0029787877193712723,-0.010215322326784229,-0.013194110046155502
"Fri, 22 Nov 2024 00:00:00 GMT",25.65,105.06,748.01,104.28,294.53,99.18,33.96,48.28,58.87,65.63,0.020481220061277672,0.023401327868192608,-0.002550187305325557,0.004132038743179658,0.015844829548039036,-0.006832824011475379,0.007685524084830416,0.006233138817782339,0.010930937191141328,0.021095554797918834,-0.002920107806914936,0.02303140736660323,0.016349181318098014,0.004636390513238636,0.02731404407275305,0.012795695976447256,0.014248081243495333,0.009550282870136343,-0.0006143347366411624,0.025951515173518167,0.01926928912501295,0.007556498320153572,0.030234151879667985,0.01571580378336219,0.017168189050410267,0.01247039067705128,0.0023057730702737735,-0.006682226048505215,-0.018395016853364594,0.004282636706149822,-0.010235711390155973,-0.008783326123107896,-0.013481124496466886,-0.02364574210324439,-0.011712790804859378,0.010964862754655037,-0.0035534853416507584,-0.0021011000746026815,-0.006798898447961671,-0.016963516054739176,0.022677653559514413,0.00815930546320862,0.009611690730256696,0.004913892356897707,-0.005250725249879799,-0.014518348096305795,-0.013065962829257718,-0.017763761202616708,-0.027928378809394215,0.0014523852670480768,-0.0032454131063109123,-0.013410030713088418,-0.004697798373358989,-0.014862415980136495,-0.010164617606777506
"Thu, 21 Nov 2024 00:00:00 GMT",25.13,102.63,749.92,103.85,289.9,99.86,33.7,47.98,58.23,64.26,0.007589411303610287,-0.02539819060561046,-0.0046430341571242414,0.007345157213827878,0.007027046587184668,0.02453240111087634,0.010440064996683422,0.004177115513885019,0.006028784085745266,0.01663305253490075,0.032987601909220746,0.012232445460734528,0.0002442540897824091,0.0005623647164256186,-0.016942989807266055,-0.002850653693073135,0.003412295789725268,0.0015606272178650214,-0.009043641231290464,-0.020755156448486217,-0.032743347819438336,-0.03242523719279513,-0.0499305917164868,-0.03583825560229388,-0.02957530611949548,-0.031426974691355726,-0.04203124314051121,-0.011988191370952118,-0.011670080744308909,-0.029175435268000583,-0.015083099153807664,-0.008820149671009261,-0.010671818242869507,-0.021276086692024992,0.00031811062664320947,-0.017187243897048465,-0.0030949077828555443,0.003168041699942859,0.0013163731280826122,-0.009287895321072874,-0.017505354523691674,-0.003413018409498754,0.0028499310732996493,0.0009982625014394028,-0.009606005947716083,0.01409233611419292,0.02035528559699132,0.018503617025131078,0.00789934857597559,0.006262949482798403,0.0044112809109381566,-0.006192987538217329,-0.0018516685718602465,-0.012455937021015731,-0.010604268449155485
"Wed, 20 Nov 2024 00:00:00 GMT",24.94,105.27,753.41,103.09,287.87,97.44,33.35,47.78,57.88,63.2,-0.00639490588584776,0.025398190605610403,0.031934965618976636,-0.001744524575019237,0.027897973545522706,0.009279373729239999,-0.0032929231970451854,-0.004593869010227393,-0.006028784085745414,-0.009448889197932396,-0.031793096491458166,-0.0383298715048244,-0.004650381310828523,-0.034292879431370465,-0.015674279615087758,-0.0031019826888025745,-0.0018010368756203668,-0.000366121800102346,0.0030539833120846365,-0.006536775013366233,0.02714271518062964,-0.0024997829399123032,0.016118816876370404,0.02869111380265559,0.029992059615837795,0.031426974691355816,0.0348470798035428,0.033679490193995874,0.00403699207345393,0.022655591889736638,0.03522788881602182,0.03652883462920403,0.03796374970472205,0.04138385481690903,-0.029642498120541944,-0.011023898304259237,0.0015483986220259484,0.002849344435208156,0.004284259510726177,0.007704364622913159,0.018618599816282708,0.031190896742567892,0.0324918425557501,0.03392675763126812,0.037346862743455105,0.012572296926285184,0.013873242739467391,0.015308157814985412,0.018728262927172397,0.0013009458131822077,0.0027358608887002285,0.006155966000887211,0.0014349150755180208,0.004855020187705003,0.0034201051121869825
"Tue, 19 Nov 2024 00:00:00 GMT",25.1,102.63,729.73,103.27,279.95,96.54,33.46,48.0,58.23,63.8,0.009607760055173163,0.027861908959127872,0.0034730598492743597,0.0022296553272690683,0.004259819224584178,-0.0002071465569291345,-0.006850361859783527,-0.0105689513492342,0.024864360121922856,0.006447070054669029,-0.018254148903954708,0.006134700205898803,0.0073781047279040946,0.0053479408305889846,0.009814906612102298,0.01645812191495669,0.02017671140440736,-0.015256600066749693,0.003160690000504134,0.024388849109853512,0.025632253631858802,0.023602089734543693,0.028069055516057005,0.0347122708189114,0.03843086030836207,0.0029975488372050163,0.021414838904458843,0.0012434045220052915,-0.0007867593753098185,0.003680206406203494,0.010323421709057886,0.01404201119850856,-0.021391300272648496,-0.002974010205394669,-0.00203016389731511,0.0024368018841982027,0.009080017187052595,0.012798606676503269,-0.022634704794653786,-0.004217414727399961,0.004466965781513313,0.011110181084367704,0.01482877057381838,-0.020604540897338677,-0.0021872508300848506,0.006643215302854392,0.010361804792305066,-0.02507150667885199,-0.006654216611598164,0.003718589489450674,-0.031714721981706384,-0.013297431914452556,-0.03543331147115705,-0.01701602140390323,0.018417290067253827
"Mon, 18 Nov 2024 00:00:00 GMT",24.86,99.81,727.2,103.04,278.76,96.56,33.69,48.51,56.8,63.39,0.002416432911628584,-0.019152160696123813,-0.025792117923788396,-0.00019408054403471453,-0.017248858396891012,0.0025924212165030994,0.010143285056828714,0.01119414674315249,0.0102637602487199,0.002527248225553306,0.021568593607752398,0.02820855083541698,0.0026105134556632984,0.019665291308519597,-0.00017598830487451558,-0.00772685214520013,-0.008777713831523905,-0.007847327337091318,-0.00011081531392472194,0.0066399572276645835,-0.018958080152089097,-0.0019033022992328008,-0.02174458191262691,-0.029295445752952527,-0.030346307439276302,-0.029415920944843715,-0.021679408921677117,-0.02559803737975368,-0.008543259526897384,-0.028384539140291494,-0.03593540298061711,-0.03698626466694088,-0.0360558781725083,-0.0283193661493417,0.017054777852856296,-0.002786501760537814,-0.010337365600863428,-0.011388227287187204,-0.010457840792754615,-0.0027213287695880203,-0.01984127961339411,-0.027392143453719726,-0.0284430051400435,-0.027512618645610915,-0.019776106622444316,-0.007550863840325614,-0.00860172552664939,-0.007671339032216801,6.517299094979364e-05,-0.0010508616863237757,-0.00012047519189118706,0.0076160368312754075,0.0009303864944325887,0.008666898517599183,0.007736512023166595
"Fri, 15 Nov 2024 00:00:00 GMT",24.8,101.74,746.2,103.06,283.61,96.31,33.35,47.97,56.22,63.23,-0.048021819913422664,-0.03458279523348973,-0.05225570970215384,-0.003293619174250584,-0.0425228849030264,-0.021062061775218882,-0.03070805208254207,0.00313185348379388,-0.039754188759424984,-0.028223593169033414,-0.013439024679932937,0.004233889788731175,-0.04472820073917208,-0.005498935010396264,-0.026959758138203782,-0.017313767830880594,-0.05115367339721654,-0.00826763115399768,-0.01979822674438925,0.017672914468664112,-0.03128917605923914,0.007940089669536674,-0.013520733458270845,-0.003874743150947657,-0.037714648717283604,0.005171393525935257,-0.006359202064456313,-0.048962090527903256,-0.009732824799127439,-0.031193647926934957,-0.02154765761961177,-0.055387563185947716,-0.012501520942728855,-0.024032116533120425,0.03922926572877582,0.0177684426009683,0.027414432908291486,-0.006425472658044464,0.0364605695851744,0.02492997399478283,-0.02146082312780752,-0.01181483282048433,-0.04565473838682028,-0.0027686961436014165,-0.014299291733992987,0.009645990307323188,-0.024193915259012762,0.018692126984206102,0.007161531393814532,-0.03383990556633595,0.009046136676882914,-0.002484458913508656,0.04288604224321886,0.031355446652827294,-0.01153059559039157
"Thu, 14 Nov 2024 00:00:00 GMT",26.02,105.32,786.23,103.4,295.93,98.36,34.39,47.82,58.5,65.04,-0.0265468755840857,-0.014984024397299933,-0.032016952144717364,-0.00443887634184403,-0.01844805151776279,-0.0014223308300514341,-0.020720165736166012,-0.03473070734315298,0.0015396461855928362,-0.0038364199589869617,-0.011562851186785768,0.005470076560631663,-0.02210799924224167,-0.00809882406632291,-0.025124544754034268,-0.005826709847919689,0.008183831759067277,-0.028086521769678536,-0.02271045562509874,0.01703292774741743,-0.010545148055455903,0.003464027120462858,-0.013561693567248498,0.0057361413388660795,0.019746682945853043,-0.01652367058289277,-0.011147604438312971,-0.027578075802873334,-0.013568900626954573,-0.03059462131466593,-0.011296786408551352,0.0027137551984356134,-0.0335565983303102,-0.028180532185730404,0.014009175175918761,-0.003016545511792596,0.016281289394321982,0.030291831001308948,-0.005978522527436867,-0.0006024563828570684,-0.017025720687711358,0.0022721142184032213,0.016282655825390187,-0.019987697703355626,-0.01461163155877583,0.01929783490611458,0.03330837651310154,-0.0029619770156442704,0.0024140891289355275,0.014010541606986966,-0.022259811921758847,-0.01688374577717905,-0.036270353528745816,-0.030894287384166018,0.005376066144579798
"Wed, 13 Nov 2024 00:00:00 GMT",26.72,106.91,811.81,103.86,301.44,98.5,35.11,49.51,58.41,65.29,0.020034690148824304,-0.0014020659398267415,-0.008646806436264242,-0.01015431658250009,0.008662678280397835,-0.0008118530991884938,-0.01160992794362856,-0.012644423356815688,-0.010389261462575494,0.0015328022620943174,0.021436756088651046,0.028681496585088548,0.030189006731324394,0.01137201186842647,0.0208465432480128,0.031644618092452864,0.03267911350563999,0.030423951611399797,0.018501887886729986,0.0072447404964375,0.008752250642673348,-0.010064744220224577,-0.0005902128406382477,0.010207862003801818,0.011242357416988947,0.008987195522748752,-0.002934868201921059,0.0015075101462358482,-0.017309484716662077,-0.007834953337075748,0.002963121507364318,0.0039976169205514465,0.0017424550263112522,-0.010179608698358558,-0.018816994862897923,-0.009342463483311596,0.00145561136112847,0.0024901067743155984,0.000234944880075404,-0.011687118844594408,0.009474531379586329,0.020272606224026393,0.021307101637213523,0.01905193974297333,0.007129876018303518,0.010798074844440066,0.011832570257627194,0.009577408363387,-0.002344655361282811,0.0010344954131871285,-0.001220666481053066,-0.013142730205722878,-0.0022551618942401944,-0.014177225618910005,-0.01192206372466981
"Tue, 12 Nov 2024 00:00:00 GMT",26.19,107.06,818.86,104.92,298.84,98.58,35.52,50.14,59.02,65.19,-0.0019073055562676962,-0.01878380464443016,-0.01644801811501727,-0.007122875454266458,-0.07405299616984712,-0.021575268677358067,-0.02309828585555901,-0.009527662386830648,-0.013463683687008586,0.006154812474581876,0.016876499088162463,0.014540712558749572,0.005215569897998762,0.07214569061357942,0.01966796312109037,0.021190980299291312,0.007620356830562952,0.01155637813074089,-0.008062118030849573,-0.0023357865294128914,-0.011660929190163701,0.055269191525416955,0.0027914640329279074,0.004314481211128849,-0.009256142257599511,-0.005320120957421574,-0.024938617119012036,-0.00932514266075081,0.05760497805482985,0.005127250562340799,0.00665026774054174,-0.00692035572818662,-0.0029843344280086823,-0.022602830589599145,0.06693012071558066,0.014452393223091609,0.01597541040129255,0.0024047869325641907,0.006340808232742128,-0.013277687928848335,-0.05247772749248905,-0.05095471031428811,-0.06452533378301648,-0.06058931248283853,-0.080207808644429,0.0015230171782009416,-0.012047606290527419,-0.008111584990349481,-0.027730081151939943,-0.01357062346872836,-0.009634602168550423,-0.029253098330140885,0.003936021300177938,-0.015682474861412526,-0.019618496161590462
"Mon, 11 Nov 2024 00:00:00 GMT",26.24,109.09,832.44,105.67,321.81,100.73,36.35,50.62,59.82,64.79,-0.018127384592556715,0.01747698097296371,0.0010817438764443089,-0.007354360886549061,-0.010725040602588873,-0.021508317458953617,0.001651982754549392,-0.013733784630457773,0.09976676901564674,0.004641097439580003,-0.03560436556552042,-0.019209128469001024,-0.010773023706007655,-0.0074023439899678425,0.003380932866396902,-0.019779367347106107,-0.004393599962098942,-0.11789415360820346,-0.022768482032136717,0.0163952370965194,0.02483134185951277,0.028202021575552582,0.03898529843191732,0.015824998218414318,0.03121076560342148,-0.08228978804268303,0.012835883533383706,0.00843610476299337,0.011806784479033182,0.022590061335397926,-0.000570238878105083,0.014815528506902082,-0.09868502513920244,-0.003559353563135694,0.003370679716039812,0.014153956572404557,-0.009006343641098452,0.006379423743908713,-0.1071211299021958,-0.011995458326129064,0.010783276856364744,-0.012377023357138264,0.0030087440278689006,-0.11049180961823561,-0.015366138042168876,-0.02316030021350301,-0.007774532828495844,-0.12127508647460036,-0.02614941489853362,0.015385767385007165,-0.09811478626109735,-0.002989114685030611,-0.11350055364610451,-0.018374882070037776,0.09512567157606673
"Fri, 08 Nov 2024 00:00:00 GMT",26.72,107.2,831.54,106.45,325.28,102.92,36.29,51.32,54.14,64.49,-0.027318051671380066,-0.004003170639505214,0.04186026654000302,-0.005900827312663271,0.01041434650949119,0.01714971719574438,-0.010144021186579923,-0.007957344267987977,-0.010473223889579405,-0.00309645703360811,-0.023314881031874853,-0.0691783182113831,-0.021417224358716794,-0.037732398180871256,-0.044467768867124446,-0.017174030484800144,-0.01936070740339209,-0.01684482778180066,-0.024221594637771956,-0.045863437179508235,0.0018976566731580572,-0.014417517148996403,-0.021152887835249594,0.006140850547074709,0.003954173628482763,0.006470053250074191,-0.0009067136058971037,0.04776109385266629,0.03144592003051183,0.02471054934425864,0.05200428772658294,0.049817610807991,0.05233349042958243,0.044956723573611135,-0.01631517382215446,-0.023050544508407652,0.004243193873916652,0.002056516955324706,0.004572396576916134,-0.002804370279055161,-0.006735370686253191,0.02055836769607111,0.018371690777479167,0.020887570399070597,0.0135108035430993,0.027293738382324302,0.025107061463732358,0.027622941085323788,0.02024617422935249,-0.002186676918591946,0.0003292027029994822,-0.007047564152971813,0.002515879621591428,-0.0048608872343798674,-0.0073767668559712955
"Thu, 07 Nov 2024 00:00:00 GMT",27.46,107.63,797.45,107.08,321.91,101.17,36.66,51.73,54.71,64.69,0.0036483075854753817,0.02131636184118116,0.026777045723268514,0.0025246635505476148,0.0003728444970952445,0.004358600263209276,0.020948946917325628,0.009127163079498573,-0.010364671383679941,0.013070047577345664,-0.01766805425570578,-0.023128738137793134,0.0011236440349277669,0.003275463088380137,-0.0007102926777338946,-0.01730063933185025,-0.005478855494023192,0.014012978969155323,-0.009421739991870282,-0.0054606838820873554,0.018791698290633544,0.020943517344085914,0.01695776157797188,0.0003674149238555302,0.012189198761682585,0.0316810332248611,0.008246314263835494,0.0242523821727209,0.02640420122617327,0.022418445460059236,0.005828098805942886,0.01764988264376994,0.037141717106948455,0.01370699814592285,0.0021518190534523703,-0.0018339367126616614,-0.018424283366778014,-0.006602499528950959,0.012889334934227555,-0.01054538402679805,-0.003985755766114032,-0.020576102420230384,-0.00875431858240333,0.010737515880775185,-0.01269720308025042,-0.01659034665411635,-0.004768562816289297,0.014723271646889217,-0.008711447314136388,0.011821783837827055,0.03131361830100557,0.007878899339979964,0.019491834463178516,-0.003942884497847091,-0.023434718961025607
"Wed, 06 Nov 2024 00:00:00 GMT",27.36,105.36,776.38,106.81,321.79,100.73,35.9,51.26,55.28,63.85,-0.022765210773012433,-0.04427842874182698,-0.0375160903778337,-0.023776502817022517,0.007799378152387354,-0.009091870119765907,-0.03072101165111842,-0.030546991380321693,-0.012047255298519776,-0.03720072362158713,0.02151321796881455,0.014750879604821264,0.0010112920440100842,-0.030564588925399788,-0.013673340653246525,0.007955800878105986,0.0077817806073092605,-0.010717955474492656,0.014435512848574694,-0.006762338363993287,-0.020501925924804466,-0.05207780689421434,-0.035186558622061076,-0.013557417090708564,-0.01373143736150529,-0.032231173443307205,-0.007077705120239856,-0.01373958756081118,-0.04531546853022105,-0.02842422025806779,-0.006795078726715278,-0.0069690989975120035,-0.02546883507931392,-0.0003153667562465698,-0.03157588096940987,-0.01468463269725661,0.006944508834095902,0.006770488563299176,-0.01172924751850274,0.01342422080456461,0.016891248272153263,0.03852038980350577,0.03834636953270905,0.01984663345090713,0.04500010177397448,0.02162914153135251,0.021455121260555786,0.002955385178753869,0.02810885350182122,-0.00017402027079672575,-0.018673756352598644,0.006479711970468708,-0.018499736081801915,0.006653732241265434,0.02515346832306735
"Tue, 05 Nov 2024 00:00:00 GMT",27.99,110.13,806.06,109.38,319.29,101.65,37.02,52.85,55.95,66.27,0.008251167888758237,0.003729820107450004,-9.924327014723324e-05,-0.01036844213658912,0.007481958826254883,-0.002161950527619365,0.001351534196810965,-0.0018903597311688953,0.008976720961558125,-0.07498064306674575,0.004521347781308234,0.00835041115890547,0.018619610025347358,0.0007692090625033548,0.010413118416377602,0.0068996336919472726,0.010141527619927133,-0.000725553072799888,0.08323181095550398,0.0038290633775972375,0.014098262244039124,-0.0037521387188048784,0.00589177063506937,0.002378285910639039,0.0056201798386188995,-0.0052469008541081216,0.07871046317419575,0.010269198866441887,-0.007581202096402116,0.0020627072574721317,-0.0014507774669581983,0.001791116461021662,-0.009075964231705359,0.07488139979659851,-0.017850400962844,-0.008206491608969756,-0.011719976333400085,-0.008478082405420225,-0.019345163098147246,0.06461220093015663,0.009643909353874248,0.006130424629443918,0.009372318557423778,-0.0014947621353032427,0.08246260189300063,-0.00351348472443033,-0.00027159079645046975,-0.01113867148917749,0.07281869253912639,0.0032418939279798605,-0.0076251867647471605,0.07633217726355672,-0.010867080692727021,0.07309028333557685,0.08395736402830387
"Mon, 04 Nov 2024 00:00:00 GMT",27.76,109.72,806.14,110.52,316.91,101.87,36.97,52.95,55.45,71.43,-0.011817505477548451,-0.020031347393811082,-0.015741185421347906,0.010642752932438871,-0.007262698359604663,-9.815950928119693e-05,0.0024373742601474235,-0.0060252488814922945,0.020589230545935498,0.0001400070005787283,0.008213841916262631,0.003923679943799455,-0.022460258409987322,-0.0045548071179437885,-0.011719345968267254,-0.014254879737695875,-0.005792256596056157,-0.03240673602348395,-0.01195751247812718,-0.004290161972463177,-0.030674100326249953,-0.012768649034206419,-0.019933187884529885,-0.022468721653958506,-0.014006098512318788,-0.04062057793974658,-0.02017135439438981,-0.026383938353786777,-0.008478487061743242,-0.015643025912066708,-0.01817855968149533,-0.009715936539855611,-0.036330415967283404,-0.015881192421926635,0.017905451292043535,0.010740912441720069,0.008205378672291447,0.016668001813931167,-0.009946477613496627,0.010502745931860142,-0.007164538850323466,-0.009700072619752087,-0.0012374494781123681,-0.02785192890554016,-0.007402705360183391,-0.0025355337694286206,0.005927089372211098,-0.020687390055216696,-0.00023816650985992522,0.008462623141639718,-0.018151856285788075,0.0022973672595686953,-0.02661447942742779,-0.006165255882071023,0.02044922354535677
"Fri, 01 Nov 2024 00:00:00 GMT",28.09,111.94,818.93,109.35,319.22,101.88,36.88,53.27,54.32,71.42,-0.007448163533039671,-8.932958155036441e-05,-0.01311378858979864,0.008725658117230922,-0.002940350581010887,-0.004309507159330933,0.0032591012009069243,0.007348125385476889,-0.026343607151021697,0.0037876176304409044,-0.007358833951489307,0.005665625056758969,-0.016173821650270592,-0.004507812952028784,-0.0031386563737087385,-0.010707264733946596,-0.01479628891851656,0.018895443617982025,-0.011235781163480577,0.013024459008248276,-0.008814987698781286,0.0028510209994605227,0.0042201775777805685,-0.0033484307824572885,-0.007437454967027253,0.02625427756947133,-0.0038769472119912687,-0.021839446707029562,-0.010173438008787753,-0.008804281430467707,-0.016372889790705565,-0.02046191397527553,0.013229818561223057,-0.016901406220239543,0.011666008698241808,0.013035165276561855,0.005466556916323998,0.0013775327317540331,0.03506926526825262,0.0049380404867900175,0.0013691565783200458,-0.006199451781917812,-0.010288475966487775,0.02340325657001081,-0.006727968211451791,-0.007568608360237857,-0.011657632544807821,0.022034099991690766,-0.008097124789771837,-0.0040890241845699645,0.02960270835192862,-0.0005285164295339801,0.033691732536498584,0.0035605077550359843,-0.0301312247814626
"Thu, 31 Oct 2024 00:00:00 GMT",28.3,111.95,829.74,108.4,320.16,102.32,36.76,52.88,55.77,71.15,-0.007743790896903177,-0.011457117198934979,-0.020387567420282908,-0.013833760075263112,0.014535414006115525,-0.024234833193894113,-0.006777848910578346,-0.010721441927623419,0.05737993633329915,-0.023337633693962346,0.0037133263020318018,0.01264377652337973,0.006089969178359935,-0.022279204903018702,0.016491042296990936,-0.0009659419863248314,0.002977651030720242,-0.06512372723020232,0.015593842797059169,0.008930450221347929,0.0023766428763281333,-0.025992531205050504,0.012777715994959134,-0.004679268288356633,-0.0007356752713115599,-0.06883705353223413,0.011880516495027367,-0.006553807345019796,-0.034922981426398436,0.0038472657736112054,-0.013609718509704563,-0.009666125492659489,-0.07776750375358206,0.002950066273679438,-0.028369174081378637,0.010401073118631001,-0.0070559111646847665,-0.003112318147639693,-0.07121369640856226,0.009503873618699234,0.03877024720000964,0.02131326291669387,0.025256855933738942,-0.04284452232718362,0.03787304770007787,-0.01745698428331577,-0.013513391266270694,-0.08161476952719326,-0.0008971994999317674,0.003943593017045073,-0.0641577852438775,0.016559784783384,-0.06810137826092257,0.012616191766338927,0.0807175700272615
"Wed, 30 Oct 2024 00:00:00 GMT",28.52,113.24,846.83,109.91,315.54,104.83,37.01,53.45,52.66,72.83,0.0021060028843887936,0.011189176322951567,-0.06486468453651727,-0.005625128242055051,-0.0014567567576042537,0.01054862102074454,-0.030861720359073842,-0.007084295101811575,0.0030429844705852005,-0.03228919481236652,-0.009083173438562773,0.06697068742090606,0.0077311311264438454,0.0035627596419930472,-0.008442618136355747,0.032967723243462636,0.009190297986200368,-0.0009369815861964069,0.034395197696755316,0.07605386085946883,0.01681430456500662,0.01264593308055582,0.000640555302207026,0.04205089668202541,0.01827347142476314,0.008146191852366366,0.04347837113531809,-0.05923955629446222,-0.06340792777891302,-0.0754133055572618,-0.034002964177443425,-0.05778038943470569,-0.06790766900710246,-0.032575489724150745,-0.004168371484450798,-0.016173749262799592,0.025236592117018793,0.0014591668597565234,-0.008668112712640251,0.026664066570311472,-0.012005377778348795,0.02940496360146959,0.005627538344207321,-0.004499741228189454,0.030832438054762268,0.04141034137981838,0.017632916122556117,0.00750563655015934,0.04283781583311106,-0.02377742525726227,-0.033904704829659044,0.0014274744532926792,-0.010127279572396775,0.025204899710554948,0.03533217928295172
"Tue, 29 Oct 2024 00:00:00 GMT",28.46,111.98,903.58,110.53,316.0,103.73,38.17,53.83,52.5,75.22,-0.013956960684018428,-0.0033877183152957006,0.008881931698132077,-0.04510846081800639,-0.003695694147448066,-0.0048086263074941975,0.007626598439260753,-0.00979765671007712,-0.002663117419483662,-0.010447757535758818,-0.010569242368722727,-0.022838892382150505,0.031151500133987958,-0.010261266536570363,-0.00914833437652423,-0.02158355912327918,-0.004159303973941307,-0.011293843264534767,-0.00350920314825961,-0.012269650013427778,0.041720742502710684,0.0003079758321523655,0.0014209079921984969,-0.011014316754556453,0.00640993839478142,-0.0007246008958120389,0.007060039220463117,0.05399039251613846,0.012577625845580143,0.013690558005626276,0.0012553332588713245,0.0186795884082092,0.011545049117615738,0.019329689233890897,-0.04141276667055832,-0.04029983451051219,-0.05273505925726714,-0.035310804107929264,-0.042445343398522725,-0.034660703282247574,0.0011129321600461314,-0.011322292586708818,0.006101962562629054,-0.0010325767279644044,0.006752063388310752,-0.012435224746754951,0.004989030402582923,-0.0021455088880105357,0.00563913122826462,0.017424255149337875,0.010289715858744414,0.018074355975019572,-0.007134539290593459,0.0006501008256816973,0.007784640116275156
"Mon, 28 Oct 2024 00:00:00 GMT",28.86,112.36,895.59,115.63,317.17,104.23,37.88,54.36,52.64,76.01,0.014308392773384936,-0.00903700666011473,0.0032321407779736483,0.016040793771953065,0.0005992273300805664,0.002401422795661181,0.009549144179853645,0.00036798528474127427,0.01377221462122709,0.012710352498478317,0.023345399433499666,0.011076251995411287,-0.0017324009985681295,0.01370916544330437,0.011906969977723754,0.004759248593531291,0.013940407488643662,0.0005361781521578454,0.0015980402749066185,-0.01226914743808838,-0.025077800432067796,-0.009636233990195297,-0.011438429455775912,-0.018586150839968375,-0.009404991944856004,-0.022809221281341822,-0.02174735915859305,-0.012808652993979416,0.0026329134478930817,0.0008307179823124674,-0.006317003401879996,0.002864155493232374,-0.010540073843253442,-0.009478211720504668,0.015441566441872499,0.013639370976291884,0.00649164959209942,0.01567280848721179,0.002268579150725975,0.003330441273474748,-0.0018021954655806144,-0.008949916849773079,0.00023124204533929215,-0.013172987291146524,-0.012111125168397751,-0.0071477213841924635,0.0020334375109199066,-0.011370791825565909,-0.010308929702817136,0.009181158895112371,-0.004223070441373445,-0.003161208318624672,-0.013404229336485817,-0.012342367213737044,0.0010618621227487732
"Fri, 25 Oct 2024 00:00:00 GMT",28.45,113.38,892.7,113.79,316.98,103.98,37.52,54.34,51.92,75.05,-0.006656181520104998,-0.0047514387675080625,0.0015470681665489634,0.00581704443054187,0.004077960983449002,-0.01810780440333074,-0.0058464158023802445,0.043055808937223966,-0.01907726685092034,-0.011262126322113403,-0.0019047427525969354,-0.008203249686653962,-0.012473225950646868,-0.010734142503554,0.01145162288322574,-0.0008097657177247534,-0.049711990457328964,0.012421085330815342,0.004605944802008405,-0.006298506934057026,-0.010568483198049932,-0.008829399750957066,0.013356365635822676,0.001094977034872182,-0.04780724770473203,0.014325828083412278,0.00651068755460534,-0.0042699762639929065,-0.002530892816900039,0.019654872569879703,0.007393483968929208,-0.041508740770675005,0.020624335017469304,0.012809194488662367,0.0017390834470928677,0.02392484883387261,0.011663460232922114,-0.03723876450668209,0.02489431128146221,0.017079170752655273,0.02218576538677974,0.009924376785829248,-0.038977847953774965,0.02315522783436934,0.015340087305562404,-0.012261388600950494,-0.0611636133405547,0.0009694624475896016,-0.006845678081217336,-0.04890222473960421,0.013230851048540096,0.005415710519733158,0.06213307578814431,0.05431793525933737,-0.007815140528806937
"Thu, 24 Oct 2024 00:00:00 GMT",28.64,113.92,891.32,113.13,315.69,105.88,37.74,52.05,52.92,75.9,-0.007652211253279929,-0.01584984848202703,-0.01329586000898207,-0.0082746951014311,0.002505591313851639,-0.004711211955270976,-0.006339165443735542,-0.01600949001691072,-0.0026420094628386965,-0.013739175883303933,0.0081976372287471,0.005643648755702141,0.0006224838481511709,-0.010157802567131568,-0.002940999298008953,-0.001313045809544387,0.008357278763630792,-0.005010201790441232,0.006086964630024004,-0.002553988473044959,-0.007575153380595929,-0.01835543979587867,-0.011138636526756052,-0.009510683038291487,0.00015964153488369145,-0.013207839019188332,-0.0021106725987230963,-0.00502116490755097,-0.01580145132283371,-0.008584648053711095,-0.006956694565246528,0.0027136300079286507,-0.010653850546143373,0.00044331587432186285,-0.010780286415282739,-0.003563483146160124,-0.0019355296576955578,0.007734794915479621,-0.005632685638592403,0.005464480781872833,0.007216803269122615,0.008844756757587181,0.018515081330762358,0.005147600776690336,0.01624476719715557,0.0016279534884645662,0.011298278061639744,-0.0020692024924322794,0.009027963928032956,0.009670324573175178,-0.0036971559808968457,0.007400010439568391,-0.013367480554072024,-0.002270314133606788,0.011097166420465236
"Wed, 23 Oct 2024 00:00:00 GMT",28.86,115.74,903.25,114.07,314.9,106.38,37.98,52.89,53.06,76.95,0.0006932409289764863,-0.00628743296886777,-0.00651072703765412,-0.002189238581805515,-0.015002802833528572,-0.002441086556281744,-0.0005264543422460844,-0.00697129530789756,0.005670020860479921,-0.004796794055241752,0.006980673897844256,0.007203967966630607,0.002882479510782001,0.01569604376250506,0.0031343274852582304,0.0012196952712225707,0.007664536236874046,-0.004976779931503435,0.0054900349842182386,0.0002232940687863505,-0.004098194387062255,0.008715369864660802,-0.0038463464125860257,-0.005760978626621685,0.0006838623390297898,-0.011957453829347691,-0.0014906389136260176,-0.0043214884558486055,0.008492075795874451,-0.004069640481372376,-0.0059842726954080355,0.00046056827024343935,-0.012180747898134042,-0.001713932982412368,0.012813564251723057,0.00025184797447622923,-0.0016627842395594305,0.004782056726092045,-0.007859259442285436,0.0026075554734362374,-0.012561716277246827,-0.014476348491282487,-0.008031507525631011,-0.020672823694008493,-0.01020600877828682,-0.0019146322140356597,0.004530208751615816,-0.008111107416761666,0.002355707498960008,0.006444840965651475,-0.006196475202726006,0.0042703397129956674,-0.012641316168377482,-0.0021745012526558074,0.010466814915721673
"Tue, 22 Oct 2024 00:00:00 GMT",28.84,116.47,909.15,114.32,319.66,106.64,38.0,53.26,52.76,77.32,-0.0031158065712953765,-0.007356748320971955,0.003327313457102921,-0.012258358238374486,0.00917668287692754,0.002817167794260832,-0.00420168685369997,-0.007482264611691875,0.01220457559246945,-0.0015507886281914927,0.004240941749676579,-0.006443120028398298,0.00914255166707911,-0.012292489448222916,-0.005932974365556209,0.0010858802824045932,0.004366458040396499,-0.015320382163764827,-0.0015650179431038838,-0.010684061778074877,0.00490160991740253,-0.016533431197899497,-0.010173916115232787,-0.0031550614672719857,0.0001255162907199195,-0.019561323913441404,-0.005805959692780463,0.015585671695477407,-0.005849369419824618,0.000510145662842089,0.007529000310802891,0.010809578068794796,-0.008877262135366529,0.004878102085294414,-0.021435041115302027,-0.015075526032635317,-0.008056671384674516,-0.004776093626682611,-0.024462933830843935,-0.010707569610182993,0.006359515082666707,0.01337836973062751,0.016658947488619416,-0.0030278927155419112,0.010727471505119032,0.007018854647960802,0.010299432405952706,-0.009387407798208618,0.004367956422452325,0.003280577757991905,-0.01640626244616942,-0.002650898225508477,-0.019686840204161324,-0.005931475983500382,0.013755364220660943
"Mon, 21 Oct 2024 00:00:00 GMT",28.93,117.33,906.13,115.73,316.74,106.34,38.16,53.66,52.12,77.44,-0.009974287334509686,-0.006456568177657851,-0.012981926739633276,-0.012451322256656253,-0.015413839003921579,-0.02195028605097133,-0.010168253429252682,-0.02339180235705103,-0.020885513292898807,-0.0105331738139449,-0.0035177191568518344,0.0030076394051235904,0.002477034922146567,0.005439551669411893,0.011975998716461645,0.0001939660947429967,0.013417515022541345,0.010911225958389122,0.0005588864794352135,0.006525358561975425,0.005994754078998401,0.008957270826263727,0.01549371787331348,0.003711685251594831,0.01693523417939318,0.014428945115240956,0.004076605636287048,-0.0005306044829770235,0.0024319122642883027,0.008968359311338055,-0.0028136733103805937,0.010409875617417755,0.007903586553265531,-0.002448752925688377,0.002962516747265326,0.009498963794315078,-0.00228306882740357,0.010940480100394778,0.008434191036242555,-0.0019181484427113534,0.006536447047049752,-0.005245585574668896,0.007977963353129452,0.005471674288977229,-0.0048806651899766795,-0.011782032621718648,0.0014415163060797,-0.0010647727580725234,-0.011417112237026432,0.013223548927798348,0.010717259863646125,0.0003649203846922168,-0.0025062890641522236,-0.012858628543106132,-0.010352339478953908
"Fri, 18 Oct 2024 00:00:00 GMT",29.22,118.09,917.97,117.18,321.66,108.7,38.55,54.93,53.22,78.26,-0.0017096943812410614,-0.0011002497830331986,0.0009263851481817758,0.005734107884792889,0.001026454622853461,-0.009613257828116917,-0.010579378764995977,0.0012751618450718876,0.000751879734669453,0.0030714127037560256,-0.0006094445982078628,-0.002636079529422837,-0.00744380226603395,-0.0027361490040945227,0.007903563446875856,0.008869684383754916,-0.002984856226312949,-0.0024615741159105145,-0.004781107084997087,-0.0020266349312149743,-0.006834357667826087,-0.0021267044058866594,0.008513008045083719,0.009479128981962778,-0.002375411628105086,-0.0018521295177026517,-0.004171662486789224,-0.004807722736611113,-0.00010006947467168525,0.010539642976298693,0.011505763913177753,-0.0003487766968901118,0.00017450541351232284,-0.0021450275555742497,0.004707653261939428,0.015347365712909806,0.016313486649788864,0.004458946039721001,0.004982228150123435,0.002662695181036863,0.010639712450970378,0.011605833387849438,-0.0002487072222184265,0.0002745748881840081,-0.0020449580809025645,0.0009661209368790596,-0.010888419673188805,-0.01036513756278637,-0.012684670531872944,-0.011854540610067864,-0.011331258499665429,-0.013650791468752001,0.0005232821104024346,-0.001796250858684138,-0.0023195329690865727
"Thu, 17 Oct 2024 00:00:00 GMT",29.27,118.22,917.12,116.51,321.33,109.75,38.96,54.86,53.18,78.02,-0.013573333598936059,0.0016084659552457943,0.0007635503277909359,-0.0005148446998911144,-0.000933184091610172,-0.006086224900617796,-0.006396337529905883,0.0076853077261919535,-0.0035664045309796505,-0.0037101046843358815,-0.015181799554181852,-0.014336883926726995,-0.013058488899044944,-0.012640149507325886,-0.007487108698318263,-0.007176996069030175,-0.021258641325128013,-0.010006929067956409,-0.009863228914600177,0.0008449156274548584,0.002123310655136909,0.0025416500468559665,0.007694690855863591,0.008004803485151677,-0.006076841770946159,0.005174870486225445,0.005318570639581676,0.0012783950276820503,0.001696734419401108,0.006849775228408732,0.007159887857696819,-0.006921757398401018,0.004329954858770586,0.004473655012126817,0.0004183393917190576,0.005571380200726682,0.005881492830014769,-0.008200152426083069,0.0030515598310885362,0.003195259984444767,0.005153040809007624,0.0054631534382957115,-0.008618491817802125,0.0026332204393694787,0.0027769205927257092,0.0003101126292880873,-0.01377153262680975,-0.0025198203696381455,-0.0023761202162819145,-0.014081645256097838,-0.002829932998926233,-0.002686232845570002,0.011251712257171604,0.011395412410527835,0.000143700153356231
"Wed, 16 Oct 2024 00:00:00 GMT",29.67,118.03,916.42,116.57,321.63,110.42,39.21,54.44,53.37,78.31,0.007782140442054949,0.0018656721829496967,0.0033884628046608137,0.003007004284781395,-0.010700250534284427,-0.010002336150547016,0.006396337529905869,-0.002385103414875268,0.01149546249673955,0.005891410482839129,0.005916468259105252,0.004393677637394135,0.0047751361572735546,0.018482390976339375,0.017784476592601964,0.0013858029121490796,0.010167243856930217,-0.0037133220546846013,0.0018907299592158203,-0.001522790621711117,-0.0011413321018316981,0.012565922717234123,0.011868008333496712,-0.004530665346956173,0.004250775597824965,-0.009629790313789854,-0.004025738299889432,0.0003814585198794189,0.014088713338945241,0.01339079895520783,-0.0030078747252450556,0.005773566219536081,-0.008106999692078736,-0.002502947678178315,0.013707254819065822,0.013009340435328412,-0.0033893332451244746,0.005392107699656663,-0.008488458211958155,-0.002884406198057734,-0.0006979143837374108,-0.017096588064190295,-0.00831514711940916,-0.022195713031023977,-0.016591661017123557,-0.016398673680452884,-0.007617232735671749,-0.021497798647286567,-0.015893746633386146,0.008781440944781137,-0.005099124966833681,0.0005049270470667408,-0.013880565911614818,-0.008276513897714397,0.005604052013900422
"Tue, 15 Oct 2024 00:00:00 GMT",29.44,117.81,913.32,116.22,325.09,111.53,38.96,54.57,52.76,77.85,0.012303641195356952,-0.01658356957828843,-0.017571253508623125,-0.0006881128776592042,0.0014467995936180214,0.01663540758320282,-0.004353957447986774,-0.006393299701629745,0.001707294353815723,-0.0032061585656329612,0.02888721077364538,0.029874894703980075,0.012991754073016155,0.01085684160173893,-0.004331766387845869,0.016657598643343725,0.018696940896986695,0.010596346841541229,0.015509799760989913,0.0009876839303346943,-0.015895456700629227,-0.018030369171906452,-0.03321897716149125,-0.012229612130301656,-0.010190269876658685,-0.018290863932104155,-0.01337741101265547,-0.01688314063096392,-0.019018053102241146,-0.03420666109182595,-0.01321729606063635,-0.01117795380699338,-0.01927854786243885,-0.014365094942990164,-0.0021349124712772257,-0.017323520460862024,0.0036658445703275696,0.00570518682397054,-0.0023954072314749273,0.002518045687973757,-0.0151886079895848,0.005800757041604795,0.007840099295247767,-0.00026049476019770167,0.004652958159250983,0.020989365031189595,0.023028707284832566,0.014928113229387098,0.019841566148835782,0.0020393422536429708,-0.006061251801802497,-0.0011477988823538126,-0.008100594055445467,-0.0031871411359967834,0.004913452919448684
"Mon, 14 Oct 2024 00:00:00 GMT",29.08,119.78,929.51,116.3,324.62,109.69,39.13,54.92,52.67,78.1,-0.002747254475138807,-0.00216829373585006,-0.00273962471991683,0.0006881128776592925,-0.01142484516005724,-0.0003645975794650037,0.0076962924787453485,-0.0007280670143236201,0.008963538606704813,0.00964947982656512,-0.0005789607392887469,-7.629755221976852e-06,-0.0034353673527980997,0.008677590684918433,-0.0023826568956738033,-0.010443546953884155,-0.0020191874608151868,-0.01171079308184362,-0.012396734301703925,0.00057133098406677,-0.0028564066135093524,0.00925655142420718,-0.0018036961563850564,-0.009864586214595409,-0.00144022672152644,-0.011131832342554873,-0.011817773562415179,-0.0034277375975761224,0.008685220440140409,-0.0023750271404518264,-0.010435917198662178,-0.00201155770559321,-0.011703163326621644,-0.01238910454648195,0.012112958037716531,0.0010527104571242962,-0.007008179601086056,0.0014161798919829125,-0.008275425729045521,-0.008961366948905827,-0.011060247580592236,-0.019121137638802587,-0.01069677814573362,-0.020388383766762053,-0.02107432498662236,-0.008060890058210353,0.0003634694348586164,-0.009328136186169816,-0.010014077406030122,0.008424359493068969,-0.0012672461279594647,-0.0019531873478197707,-0.009691605621028433,-0.010377546840888738,-0.000685941219860306
"Fri, 11 Oct 2024 00:00:00 GMT",29.16,120.04,932.06,116.22,328.35,109.73,38.83,54.96,52.2,77.35,-0.0061538655743782235,0.021131400427403628,0.023194636346755452,0.012206358541238934,0.022607837344224384,0.0030119130148268405,-0.00973867256066442,0.0034630491184638222,-0.0038240964384033942,0.006224893658034337,-0.02728526600178185,-0.029348501921133675,-0.018360224115617156,-0.028761702918602607,-0.009165778589205064,0.0035848069862861962,-0.009616914692842045,-0.0023297691359748293,-0.012378759232412561,-0.002063235919351824,0.008925041886164694,-0.0014764369168207558,0.01811948741257679,0.03087007298806805,0.017668351308939807,0.024955496865807024,0.01490650676936929,0.010988277805516517,0.0005867990025310681,0.020182723331928613,0.03293330890741987,0.01973158722829163,0.027018732785158844,0.016969742688721114,-0.01040147880298545,0.009194445526412093,0.021945031101903354,0.008743309422775111,0.01603045497964233,0.005981464883204598,0.019595924329397545,0.032346509904888805,0.019144788225760562,0.02643193378262778,0.016382943686190046,0.01275058557549126,-0.0004511361036369818,0.006836009453230235,-0.003212980643207496,-0.013201721679128243,-0.0059145761222610255,-0.015963566218698756,0.0072871455568672165,-0.0027618445395705144,-0.01004899009643773
"Thu, 10 Oct 2024 00:00:00 GMT",29.34,117.53,910.69,114.81,321.01,109.4,39.21,54.77,52.4,76.87,-0.028558971003911776,0.004519685347006578,-0.00988846745698589,-0.007203329042424762,-0.004351752228414449,-0.007921013782706252,-0.02592970948724356,-0.006914146903881383,-0.007604599385219304,-0.008226767046216875,-0.033078656350918355,-0.018670503546925885,-0.021355641961487013,-0.02420721877549733,-0.020637957221205525,-0.002629261516668216,-0.021644824100030394,-0.02095437161869247,-0.020332203957694903,0.014408152803992467,0.01172301438943134,0.008871437575421026,0.01244069912971283,0.03044939483425014,0.011433832250887961,0.012124284732225881,0.012746452393223452,-0.0026851384145611277,-0.005536715228571441,-0.0019674536742796383,0.01604124203025767,-0.0029743205531045066,-0.0022838680717665863,-0.0016617004107690146,-0.002851576814010313,0.0007176847402814894,0.018726380444818797,-0.00028918213854337883,0.00040127034279454146,0.001023438003792113,0.0035692615542918023,0.021577957258829113,0.002562394675466934,0.0032528471568048544,0.003875014817802426,0.01800869570453731,-0.0010068668788248683,-0.000316414397486948,0.00030575326351062367,-0.019015562583362178,-0.018325110102024256,-0.017702942441026687,0.0006904524813379203,0.001312620142335492,0.0006221676609975716
"Wed, 09 Oct 2024 00:00:00 GMT",30.19,117.0,919.74,115.64,322.41,110.27,40.24,55.15,52.8,77.505,0.034027200624107794,-0.0017079423451561474,0.006566842618402028,0.016303050596520152,0.014779440698175689,0.015997415979856214,0.056749188731200564,0.005454558978272139,0.0060790460763821925,0.008226767046216903,0.035735142969263944,0.027460358005705766,0.01772415002758764,0.019247759925932105,0.01802978464425158,-0.02272198810709277,0.028572641645835655,0.0279481545477256,0.025800433577890892,-0.008274784963558176,-0.0180109929416763,-0.016487383043331836,-0.01770535832501236,-0.058457131076356715,-0.007162501323428286,-0.00778698842153834,-0.00993470939137305,-0.009736207978118125,-0.008212598079773661,-0.009430573361454187,-0.05018234611279854,0.0011122836401298896,0.0004877965420198357,-0.0016599244278148748,0.0015236098983444635,0.00030563461666393774,-0.04044613813468041,0.010848491618248014,0.010224004520137959,0.00807628355030325,-0.0012179752816805257,-0.041969748033024876,0.00932488171990355,0.008700394621793495,0.006552673651958786,-0.04075177275134435,0.010542857001584076,0.009918369903474021,0.0077706489336393115,0.05129462975292842,0.050670142654818374,0.04852242168498366,-0.0006244870981100539,-0.0027722080679447644,-0.0021477209698347105
"Tue, 08 Oct 2024 00:00:00 GMT",29.18,117.2,913.72,113.77,317.68,108.52,38.02,54.85,52.48,76.87,-0.0006851661795965015,-0.004851692710544825,0.01690877536343546,-0.0007907569713107279,0.0007242612065370751,-0.0006448344380781145,-0.015916839617906846,0.001642186300991111,-0.018127384592556715,0.0,0.004166526530948323,-0.01759394154303196,0.00010559079171422643,-0.0014094273861335765,-4.033174151838695e-05,0.015231673438310344,-0.0023273524805876127,0.017442218412960214,-0.0006851661795965015,-0.021760468073980285,-0.004060935739234097,-0.0055759539170819,-0.00420685827246671,0.01106514690736202,-0.0064938790115359355,0.01327569188201189,-0.004851692710544825,0.017699532334746186,0.016184514156898384,0.017553609801513576,0.0328256149813423,0.015266589062444349,0.03503615995599217,0.01690877536343546,-0.001515018177847803,-0.00014592253323261338,0.015126082646596118,-0.002432943272301839,0.01733662762124599,-0.0007907569713107279,0.0013690956446151896,0.016641100824443922,-0.000917925094454036,0.01885164579909379,0.0007242612065370751,0.015272005179828732,-0.002287020739069226,0.0174825501544786,-0.0006448344380781145,-0.017559025918897957,0.0022105449746498695,-0.015916839617906846,0.019769570893547826,0.001642186300991111,-0.018127384592556715
"Mon, 07 Oct 2024 00:00:00 GMT",29.2,117.77,898.4,113.86,317.45,108.59,38.63,54.76,53.44,76.87,0.021461536772514764,0.02275850727434472,0.012590054067224531,-0.0007901321687574845,-0.006937605324048574,-0.010807945470415938,-0.004906401062674212,-0.012882333646895061,-0.009683502111164892,-0.007775081282770424,-0.0012969705018299575,0.008871482705290232,0.02225166894127225,0.028399142096563336,0.032269482242930705,0.026367937835188975,0.034343870419409825,0.031145038883679657,0.02923661805528519,0.01016845320712019,0.023548639443102207,0.029696112598393297,0.03356645274476066,0.027664908337018932,0.035640840921239786,0.03244200938550961,0.030533588557115146,0.013380186235982016,0.019527659391273107,0.02339799953764047,0.017496455129898742,0.025472387714119592,0.02227355617838942,0.020365135349994956,0.0061474731552910895,0.010017813301658454,0.004116268893916727,0.012092201478137577,0.008893369942407407,0.0069849491140129396,0.0038703401463673643,-0.0020312042613743623,0.005944728322846487,0.0027458967871163177,0.00083747595872185,-0.0059015444077417266,0.002074388176479123,-0.0011244433592510466,-0.0030328641876455143,0.00797593258422085,0.00477710104849068,0.0028686802200962123,-0.0031988315357301695,-0.005107252364124637,-0.0019084208283944677
"Fri, 04 Oct 2024 00:00:00 GMT",28.58,115.12,887.16,113.95,319.66,109.77,38.82,55.47,53.96,77.47,0.00843293823918697,0.0003475238957653251,0.001816428454367699,0.0015808891400682238,0.0068431067178327115,-0.0037281243453454855,0.011659673482003223,-0.0012611478115103084,-0.004437877106045445,-0.005920223211658532,0.008085414343421644,0.006616509784819271,0.006852049099118746,0.0015898315213542583,0.012161062584532456,-0.003226735242816253,0.009694086050697277,0.012870815345232415,0.014353161450845503,-0.0014689045586023738,-0.0012333652443028986,-0.006495582822067386,0.00407564824111081,-0.011312149586237897,0.0016086717072756336,0.00478540100181077,0.006267747107423858,0.00023553931429947522,-0.0050266782634650125,0.005544552799713184,-0.009843245027635523,0.0030775762658780074,0.006254305560413144,0.007736651666026231,-0.005262217577764488,0.005309013485413709,-0.010078784341934998,0.002842036951578532,0.0060187662461136686,0.007501112351726756,0.010571231063178197,-0.004816566764170511,0.008104254529343019,0.011280983823878156,0.012763329929491245,-0.015387797827348709,-0.002466976533835177,0.0007097527606999593,0.002192098866313047,0.012920821293513532,0.016097550588048667,0.017579896693661754,0.0031767292945351364,0.004659075400148224,0.0014823461056130876
"Thu, 03 Oct 2024 00:00:00 GMT",28.34,115.08,885.55,113.77,317.48,110.18,38.37,55.54,54.2,77.93,-0.009482072799484499,-0.012092045765028746,-0.006214066894121656,-0.006133913378759853,-0.007062065413713524,-0.017097509984180956,-0.027758143033022407,-0.012702559205876002,0.008151212230706558,-0.020951817143312942,0.0026099729655442473,-0.003268005905362843,-0.003348159420724646,-0.002420007385770975,0.007615437184696457,0.01827607023353791,0.0032204864063915036,-0.017633285030191057,0.011469744343828444,-0.00587797887090709,-0.005958132386268893,-0.0050299803513152224,0.00500546421915221,0.01566609726799366,0.0006105134408472563,-0.020243257995735304,0.008859771378284196,-8.015351536180305e-05,0.0008479985195918678,0.0108834430900593,0.02154407613890075,0.0064884923117543465,-0.014365279124828214,0.014737750249191287,0.0009281520349536708,0.010963596605421103,0.021624229654262556,0.00656864582711615,-0.01428512560946641,0.01481790376455309,0.010035444570467431,0.020696077619308882,0.005640493792162479,-0.01521327764442008,0.013889751729599418,0.010660633048841451,-0.004394950778304953,-0.025248722214887512,0.0038543071591319866,-0.015055583827146404,-0.035909355263728966,-0.006806325889709464,-0.020853771436582562,0.00824925793743694,0.0291030293740195
"Wed, 02 Oct 2024 00:00:00 GMT",28.61,116.48,891.07,114.47,319.73,112.08,39.45,56.25,53.76,79.58,-0.0020949728332597083,-0.013049782189281496,0.007423086097567242,-0.0006986289691196047,-0.0018436064904672966,-0.023455797144973416,-0.021317421660753854,-0.01866908747911659,0.016126357350640427,0.011500916657631385,0.010954809356021788,-0.00951805893082695,-0.0013963438641401036,-0.0002513663427924117,0.021360824311713707,0.019222448827494146,0.016574114645856883,-0.018221330183900136,-0.013595889490891093,-0.020472868286848737,-0.01235115322016189,-0.0112061756988142,0.01040601495569192,0.008267639471472358,0.005619305289835095,-0.029176139539921923,-0.024550698846912883,0.008121715066686847,0.00926669258803454,0.030878883242540657,0.028740507758321095,0.026092173576683832,-0.008703271253073186,-0.004077830560064143,0.0011449775213476917,0.022757168175853812,0.02061879269163425,0.017970458509996987,-0.01682498631976003,-0.01219954562675099,0.02161219065450612,0.019473815170286558,0.016825480988649295,-0.017969963841107724,-0.013344523148098681,-0.0021383754842195617,-0.004786709665856825,-0.03958215449561384,-0.0349567138026048,-0.002648334181637263,-0.037443779011394285,-0.03281833831838524,-0.03479544482975702,-0.030170004136747974,0.004625440693009042
"Tue, 01 Oct 2024 00:00:00 GMT",28.67,118.01,884.48,114.55,320.32,114.74,40.3,57.31,52.9,78.67,-0.00937344130805932,-0.0089421888254263,-0.001649326522482948,-0.004094617386103561,-0.005883010757607556,0.010337367568954417,-0.01428947694281185,-0.005568136884928878,0.022172162106370536,0.009707573998384532,-0.0004312524826330204,-0.007724114785576373,-0.00527882392195576,-0.003490430550451765,-0.019710808877013736,0.004916035634752529,-0.003805304423130443,-0.03154560341442986,-0.019081015306443853,-0.0072928623029433525,-0.00484757143932274,-0.0030591780678187446,-0.01927955639438072,0.00534728811738555,-0.0033740519404974224,-0.031114350931796837,-0.018649762823810832,0.0024452908636206127,0.004233684235124608,-0.011986694091437364,0.012640150420328903,0.00391881036244593,-0.023821488628853485,-0.01135690052086748,0.0017883933715039952,-0.014431984955057977,0.01019485955670829,0.0014735194988253174,-0.026266779492474097,-0.013802191384488093,-0.016220378326561972,0.008406466185204294,-0.0003148738726786778,-0.028055172863978094,-0.015590584755992088,0.024626844511766267,0.015905504453883293,-0.01183479453741612,0.0006297935705698848,-0.008721340057882972,-0.036461639049182384,-0.023997050941196384,-0.027740298991299414,-0.01527571088331341,0.012464588107986004
"Mon, 30 Sep 2024 00:00:00 GMT",28.94,119.07,885.94,115.02,322.21,113.56,40.88,57.63,51.74,77.91,-0.005169751303772442,-0.014093549375554498,0.00924184314909103,-0.005116431401622175,-0.0014266222491563546,-0.0011441145362447278,0.004167183380561477,-0.0003469812664930351,0.016171808843638648,0.003729188402006331,0.008923798071782056,-0.014411594452863472,-5.331990215026727e-05,-0.0037431290546160877,-0.004025636767527714,-0.00933693468433392,-0.0048227700372794075,-0.02134156014741109,-0.008898939705778774,-0.02333539252464553,-0.008977117973932323,-0.012666927126398143,-0.01294943483930977,-0.018260732756115974,-0.013746568109061462,-0.030265358219193145,-0.01782273777756083,0.014358274550713205,0.010668465398247385,0.010385957685335758,0.005074659768529554,0.009588824415584066,-0.006929965694547617,0.0055126547470847,-0.0036898091524658204,-0.003972316865377447,-0.009283614782183652,-0.00476945013512914,-0.021288240245260822,-0.008845619803628507,-0.00028250771291162685,-0.005593805629717832,-0.0010796409826633194,-0.017598431092795002,-0.005155810651162686,-0.005311297916806205,-0.0007971332697516927,-0.017315923379883375,-0.004873302938251059,0.004514164647054512,-0.012004625463077172,0.0004379949785551459,-0.016518790110131683,-0.004076169668499366,0.012442620441632317
"Fri, 27 Sep 2024 00:00:00 GMT",29.09,120.76,877.79,115.61,322.67,113.69,40.71,57.65,50.91,77.62,0.004133660725851376,-0.02889289367802733,-0.035289682358557964,0.0,0.011125595849421757,0.0052914842577795355,-0.0046563005338685235,0.011338978880517806,0.015639237886377007,-0.007188734424048523,0.03302655440387871,0.03942334308440934,0.004133660725851376,-0.006991935123570381,-0.0011578235319281592,0.0087899612597199,-0.0072053181546664295,-0.01150557716052563,0.0113223951498999,0.006396788680530632,-0.02889289367802733,-0.04001848952744909,-0.034184377935806864,-0.024236593144158807,-0.040231872558545136,-0.04453213156440434,-0.021704159253978807,-0.035289682358557964,-0.04641527820797972,-0.0405811666163375,-0.03063338182468944,-0.04662866123907577,-0.05092892024493497,-0.02810094793450944,-0.011125595849421757,-0.0052914842577795355,0.0046563005338685235,-0.011338978880517806,-0.015639237886377007,0.007188734424048523,0.005834111591642222,0.01578189638329028,-0.00021338303109604863,-0.00451364203695525,0.01831433027347028,0.009947784791648059,-0.00604749462273827,-0.01034775362859747,0.012480218681828059,-0.01599527941438633,-0.02029553842024553,0.0025324338901799998,-0.004300259005859201,0.018527713304566328,0.02282797231042553
"Thu, 26 Sep 2024 00:00:00 GMT",28.97,124.3,909.32,115.61,319.1,113.09,40.9,57.0,50.12,78.18,0.0013816927932151948,-0.021095309634022053,-0.016620881236040295,-0.007067776361694355,0.019748727150573554,-0.01439757992781606,0.008347703765828326,0.006159280360534867,0.0033976249333050167,0.00821992812202577,0.02247700242723725,0.01800257402925549,0.00844946915490955,-0.01836703435735836,0.015779272721031256,-0.006966010972613131,-0.004777587567319672,-0.002015932140089822,-0.006838235328810574,-0.004474428397981758,-0.014027533272327699,-0.04084403678459561,-0.0066977297062059925,-0.02944301339985038,-0.02725458999455692,-0.024492934567327068,-0.029315237756047823,-0.009553104874345941,-0.03636960838661385,-0.0022233013082242348,-0.02496858500186862,-0.022780161596575164,-0.020018506169345314,-0.024840809358066065,-0.026816503512267907,0.007329803566121706,-0.01541548012752268,-0.013227056722229222,-0.010465401294999371,-0.015287704483720124,0.034146307078389615,0.011401023384745228,0.013589446790038687,0.016351102217268536,0.011528799028547785,-0.022745283693644387,-0.02055686028835093,-0.01779520486112108,-0.02261750804984183,0.0021884234052934586,0.004950078832523309,0.00012777564380255652,0.0027616554272298505,-0.002060647761490902,-0.004822303188720753
"Wed, 25 Sep 2024 00:00:00 GMT",28.93,126.95,924.56,116.43,312.86,114.73,40.56,56.65,49.95,77.54,-0.019511144357730444,0.011965751548589872,0.00014061731022250984,8.589220533520892e-05,-0.056120848188357886,-0.0020026999597178114,-0.010301783527825832,-0.016977742182367094,-0.01962596445674834,0.008678248881742406,-0.031476895906320315,-0.019651761667952954,-0.01959703656306565,0.03660970383062744,-0.01750844439801263,-0.009209360829904612,-0.0025334021753633494,0.00011482009901789617,-0.02818939323947285,0.011825134238367362,0.011879859343254662,0.06808659973694775,0.013968451508307684,0.022267535076415705,0.028943493730956966,0.03159171600533821,0.0032875026668474656,5.472510488730093e-05,0.056261465498580396,0.0021433172699403214,0.010442400838048342,0.017118359492589604,0.01976658176697085,-0.008537631571519896,0.0562067403936931,0.0020885921650530205,0.010387675733161041,0.017063634387702302,0.019711856662083548,-0.008592356676407197,-0.05411814822864008,-0.04581906466053205,-0.03914310600599079,-0.03649488373160954,-0.06479909707010029,0.008299083568108021,0.014975042222649282,0.017623264497030527,-0.010680948841460217,0.006675958654541262,0.009324180928922508,-0.018980032409568238,0.0026482222743812456,-0.0256559910641095,-0.028304213338490744
"Tue, 24 Sep 2024 00:00:00 GMT",29.5,125.44,924.43,116.42,330.92,114.96,40.98,57.62,50.94,76.87,0.0064615086229732055,0.013968277203655365,0.006413652306293795,0.0004295717236040167,-0.014073117204966654,-0.005811196370100908,0.00293255342127772,0.0033029147801771296,0.018425484120498728,-0.0035062694190410157,-0.007506768580682159,4.785631667941076e-05,0.006031936899369188,0.02053462582793986,0.012272704993074113,0.0035289552016954857,0.003158593842796076,-0.011963975497525522,0.009967778042014222,0.00755462489736157,0.013538705480051347,0.02804139440862202,0.01977947357375627,0.011035723782377644,0.010665362423478235,-0.004457206916843363,0.01747454662269638,0.005984080582689778,0.02048676951126045,0.012224848676394702,0.003481098885016075,0.003110737526116665,-0.012011831814204933,0.009919921725334811,0.014502688928570671,0.006240768093704925,-0.002502981697673703,-0.002873343056573113,-0.01799591239689471,0.003935841142645033,-0.008261920834865747,-0.017005670626244373,-0.017376031985143783,-0.03249860132546538,-0.010566847785925638,-0.008743749791378628,-0.009114111150278038,-0.024236680490599634,-0.002304926951059892,-0.0003703613588994098,-0.015492930699221008,0.006438822840318735,-0.015122569340321598,0.006809184199218145,0.021931753539539744
"Mon, 23 Sep 2024 00:00:00 GMT",29.31,123.7,918.52,116.37,335.61,115.63,40.86,57.43,50.01,77.14,-0.003745960450490463,-0.03033551349700841,-0.0032282461283785063,0.00370195420839864,-0.005260120005216476,-0.013230433539193872,0.001469507979359978,-0.0034764505723698766,0.01207015257315379,-0.015946839991403578,0.026589553046517948,-0.0005177143221119567,-0.007447914658889103,0.0015141595547260127,0.00948447308870341,-0.005215468429850441,-0.00026950987812058647,-0.015816113023644253,0.012200879540913114,-0.027107267368629905,-0.034037467705407054,-0.025075393491791935,-0.017105079957814538,-0.03180502147636839,-0.026859062924638535,-0.042405666070162204,-0.014388673505604833,-0.006930200336777146,0.0020318738768379694,0.010002187410815365,-0.004697754107738484,0.0002482044439913703,-0.015298398701532297,0.012718593863025072,0.008962074213615116,0.016932387747592512,0.002232446229038662,0.007178404780768517,-0.00836819836475515,0.019648794199802217,0.007970313533977397,-0.0067296279845764535,-0.0017836694328465992,-0.017330272578370266,0.010686719986187102,-0.01469994151855385,-0.009753982966823995,-0.025300586112347662,0.0027164064522097065,0.004945958551729855,-0.010600644593793812,0.017416347970763555,-0.015546603145523667,0.012470389419033702,0.02801699256455737
"Fri, 20 Sep 2024 00:00:00 GMT",29.42,127.51,921.49,115.94,337.38,117.17,40.8,57.63,49.41,78.38,-0.008124621536494523,-0.05619070135809474,0.007024145012042025,-0.0003449465367077428,0.004247552166006303,-0.0005119454036726769,-0.019898739555372327,-0.010872486082713463,0.00792445475769197,-0.00661243508034334,0.048066079821600216,-0.015148766548536547,-0.00777967499978678,-0.012372173702500825,-0.007612676132821846,0.011774118018877804,0.0027478645462189408,-0.016049076294186494,-0.0015121864561511824,-0.06321484637013676,-0.055845754821387,-0.06043825352410104,-0.05567875595442206,-0.036291961802722414,-0.045318215275381275,-0.0641151561157867,-0.049578266277751394,0.007369091548749768,0.002776592846035722,0.007536090415714702,0.026922884567414353,0.017896631094755488,-0.0009003097456499456,0.013636580092385366,-0.004592498702714046,0.00016699886696493405,0.019553793018664584,0.01052753954600572,-0.008269401294399714,0.006267488543635597,0.00475949756967898,0.02414629172137863,0.015120038248719766,-0.0036769025916856676,0.010859987246349644,0.019386794151699648,0.010360540679040787,-0.008436400161364647,0.006100489676670664,-0.009026253472658863,-0.0278231943130643,-0.013286304475028987,-0.018796940840405434,-0.004260051002370123,0.014536889838035312
"Thu, 19 Sep 2024 00:00:00 GMT",29.66,134.88,915.04,115.98,335.95,117.23,41.62,58.26,49.02,78.9,-0.0030297952818526745,0.021129129487120046,0.011065986187796431,8.622547968261264e-05,0.009060118488264445,-0.011955880745939677,-0.01927483824874513,0.013652679011638441,-0.014581060275292103,0.004064013721514839,-0.02415892476897272,-0.014095781469649106,-0.0031160207615352872,-0.01208991377011712,0.008926085464087002,0.016245042966892456,-0.016682474293491116,0.011551264993439428,-0.007093809003367514,0.010063143299323615,0.021042904007437434,0.0120690109988556,0.03308501023305972,0.04040396773586517,0.0074764504754816045,0.03571018976241215,0.017065115765605206,0.01097976070811382,0.002005867699531986,0.023021866933736108,0.030340824436541562,-0.00258669282384201,0.025647046463088533,0.007001972466281592,-0.008973893008581833,0.012042106225622289,0.019361063728427743,-0.01356645353195583,0.014667285754974715,-0.0039777882418322264,0.021015999234204122,0.028334956737009576,-0.004592560523373996,0.02364117876355655,0.004996104766749606,0.0073189575028054545,-0.025608559757578118,0.0026251795293524265,-0.016019894467454516,-0.03292751726038357,-0.004693777973453028,-0.02333885197025997,0.028233739286930543,0.009588665290123602,-0.01864507399680694
"Wed, 18 Sep 2024 00:00:00 GMT",29.75,132.06,904.97,115.97,332.92,118.64,42.43,57.47,49.74,78.58,-0.0026854665350183296,0.0004544421800544764,-0.001336167827095713,0.0023309027689808713,0.00036051193084094154,0.0029544612720311825,-0.003059185819155529,0.009791999904617718,0.005038809411463883,0.0006364967435304277,-0.003139908715072806,-0.0013492987079226167,-0.0050163693039992005,-0.0030459784658592713,-0.005639927807049512,0.00037371928413719923,-0.012477466439636048,-0.007724275946482213,-0.0033219632785487572,0.0017906100071501895,-0.001876460588926395,9.393024921353489e-05,-0.0025000190919767062,0.003513627999210005,-0.009337557724563243,-0.004584367231409406,-0.0001820545634759513,-0.0036670705960765845,-0.0016966797579366544,-0.004290629099126896,0.0017230179920598159,-0.01112816773171343,-0.006374977238559596,-0.001972664570626141,0.0019703908381399297,-0.0006235585030503112,0.0053900885881364,-0.007461097135636847,-0.0027079066424830116,0.0016944060254504437,-0.002593949341190241,0.0034196977499964705,-0.009431487973776777,-0.004678297480622941,-0.0002759848126894862,0.006013647091186711,-0.006837538632586536,-0.0020843481394327004,0.002317964528500755,-0.012851185723773247,-0.008097995230619413,-0.0036956825626859565,0.0047531904931538355,0.00915550316108729,0.004402312667933455
"Tue, 17 Sep 2024 00:00:00 GMT",29.83,132.0,906.18,115.7,332.8,118.29,42.56,56.91,49.49,78.53,-0.008013398473780594,-0.03644880970803244,-0.01897615037630873,-0.010745858830557122,-0.007364641256078244,0.0027936526105700075,-0.022994858265122792,-0.007352974305258918,-0.01005235646168432,-0.00647333605282914,0.02843541123425184,0.010962751902528137,0.0027324603567765275,-0.0006487572177023507,-0.010807051084350601,0.014981459791342197,-0.0006604241685216764,0.002038957987903725,-0.0015400624209514543,-0.017472659331723706,-0.025702950877475317,-0.029084168451954193,-0.03924246231860244,-0.013453951442909645,-0.02909583540277352,-0.026396453246348116,-0.029975473655203297,-0.00823029154575161,-0.011611509120230488,-0.02176980298687874,0.00401870788881406,-0.011623176071049814,-0.008923793914624412,-0.012502814323479591,-0.0033812175744788783,-0.013539511441127128,0.01224899943456567,-0.003392884525298204,-0.0006935023688728024,-0.004272522777727982,-0.010158293866648252,0.015630217009044548,-1.1666950819325637e-05,0.002687715205606076,-0.0008913052032491035,0.0257885108756928,0.010146626915828925,0.012846009072254326,0.009266988663399148,-0.015641883959863875,-0.012942501803438472,-0.01652152221229365,0.0026993821564254014,-0.0008796382524297779,-0.0035790204088551793
"Mon, 16 Sep 2024 00:00:00 GMT",30.07,136.9,923.54,116.95,335.26,117.96,43.55,57.33,49.99,79.04,0.026964896296643278,-0.0007301935337216764,-0.00018405738311546728,0.011091640300115961,0.008416877354667764,0.017963018278597375,0.01247705650286681,0.003494674183920099,0.017353139244922062,0.009789665622865821,0.027695089830364953,0.027148953679758746,0.015873255996527315,0.018548018941975514,0.009001878018045903,0.014487839793776469,0.02347022211272318,0.009611757051721216,0.017175230673777457,-0.0005461361506062092,-0.011821833833837638,-0.00914707088838944,-0.01869321181231905,-0.013207250036588486,-0.004224867717641775,-0.018083332778643737,-0.010519859156587498,-0.01127569768323143,-0.008600934737783231,-0.018147075661712843,-0.012661113885982277,-0.0036787315670355663,-0.01753719662803753,-0.009973723005981289,0.002674762945448198,-0.006871377978481414,-0.0013854162027508478,0.007596966116195862,-0.0062614989448061,0.0013019746772501405,-0.009546140923929611,-0.004060179148199046,0.004922203170747664,-0.008936261890254298,-0.0013727882681980573,0.005485961775730566,0.014468344094677276,0.0006098790336753132,0.008173352655731554,0.00898238231894671,-0.004876082742055253,0.0026873908800009883,-0.013858465061001963,-0.0062949914389457216,0.007563473622056241
"Fri, 13 Sep 2024 00:00:00 GMT",29.27,137.0,923.71,115.66,332.45,115.86,43.01,57.13,49.13,78.27,0.003765193563337074,0.002484836475492641,-0.012169749868518343,-0.000518627377862217,0.007215016733042197,0.005278883791720161,-0.002322341963398309,0.006673716374859259,0.018281293761626828,-0.008777007308479407,0.0012803570878444329,0.015934943431855416,0.004283820941199291,-0.0034498231697051226,-0.0015136902283830866,0.0060875355267353826,-0.0029085228115221847,-0.014516100198289753,0.01254220087181648,0.014654586344010984,0.003003463853354858,-0.004730180257549555,-0.0027940473162275195,0.00480717843889095,-0.004188879899366617,-0.015796457286134186,0.011261843783972048,-0.011651122490656127,-0.01938476660156054,-0.017448633660238504,-0.009847407905120033,-0.018843466243377602,-0.03045104363014517,-0.003392742560038936,-0.007733644110904414,-0.005797511169582378,0.001803714585536092,-0.007192343752721476,-0.018799921139489046,0.00825837993061719,0.001936132941322036,0.009537358696440505,0.0005413003581829379,-0.01106627702858463,0.015992024041521603,0.007601225755118469,-0.0013948325831390981,-0.013002409969906668,0.014055891100199568,-0.008996058338257567,-0.020603635725025136,0.006454665345081097,-0.01160757738676757,0.015450723683338666,0.027058301070106233
"Thu, 12 Sep 2024 00:00:00 GMT",29.16,136.66,935.02,115.72,330.06,115.25,43.11,56.75,48.24,78.96,-0.017001429569328694,0.010519056867363756,0.015227325708224207,0.0038095284166676487,0.0002424095521232607,0.004696477583581719,-0.015193662443760804,-0.012433397189631488,-0.007229195998881635,-0.019688390682227525,-0.02752048643669245,-0.0322287552775529,-0.02081095798599634,-0.017243839121451953,-0.021697907152910412,-0.0018077671255678895,-0.004568032379697206,-0.00977223357044706,0.0026869611128988308,-0.0047082688408604505,0.006709528450696107,0.010276647315240495,0.005822579283782037,0.02571271931112456,0.022952454056995246,0.01774825286624539,0.03020744754959128,0.011417797291556557,0.014984916156100946,0.010530848124642488,0.03042098815198501,0.027660722897855695,0.022456521707105843,0.03491571639045173,0.003567118864544388,-0.00088694916691407,0.019003190860428454,0.016242925606299138,0.011038724415549284,0.023497919098895172,-0.004454068031458458,0.015436071995884065,0.01267580674175475,0.007471605551004896,0.019930800234350784,0.019890140027342525,0.017129874773213205,0.011925673582463353,0.024384868265809243,-0.002760265254129316,-0.007964466444879168,0.00449472823846672,-0.005204201190749853,0.007254993492596036,0.01245919468334589
"Wed, 11 Sep 2024 00:00:00 GMT",29.66,135.23,920.89,115.28,329.98,114.71,43.77,57.46,48.59,80.53,-0.0026936043222229563,0.04113632329224604,0.021557905126864788,-0.014724509368243427,0.0031870843932607362,-0.0053903799446710764,-0.0075111312499962805,-0.01159282816211573,-0.014100570807452698,-0.007792729150160454,-0.043829927614469,-0.024251509449087744,0.01203090504602047,-0.0058806887154836925,0.00269677562244812,0.004817526927773324,0.008899223839892775,0.011406966485229743,0.005099124827937498,0.019578418165381254,0.05586083266048947,0.037949238898985306,0.04652670323691712,0.04864745454224232,0.05272915145436177,0.055236894099698744,0.048929052442406494,0.03628241449510822,0.018370820733604052,0.026948285071535863,0.02906903637686107,0.03315073328898052,0.035658475934317486,0.029350634277025243,-0.017911593761504162,-0.00933412942357235,-0.007213378118247147,-0.0031316812061276973,-0.0006239385607907291,-0.006931780218082973,0.008577464337931813,0.010698215643257018,0.014779912555376466,0.017287655200713434,0.010979813543421191,0.002120751305325204,0.006202448217444654,0.008710190862781622,0.002402349205489378,0.0040816969121194495,0.006589439557456418,0.00028159790016417385,0.002507742645336968,-0.0038000990119552757,-0.006307841657292244
"Tue, 10 Sep 2024 00:00:00 GMT",29.74,129.78,901.25,116.99,328.93,115.33,44.1,58.13,49.28,81.16,0.011158188466105263,-0.016279162667805956,-0.007759002628548853,-0.0014520609000225964,0.009193009691541933,-0.000693421194466106,0.003634715496336144,-0.006515798086885501,0.0159545212818269,0.0033323079277527974,0.02743735113391122,0.018917191094654118,0.01261024936612786,0.00196517877456333,0.01185160966057137,0.007523472969769119,0.017673986552990763,-0.004796332815721638,0.007825880538352465,-0.008520160039257103,-0.01482710176778336,-0.02547217235934789,-0.01558574147333985,-0.0199138781641421,-0.009763364580920454,-0.03223368394963286,-0.019611470595558754,-0.006306941728526257,-0.016952012320090786,-0.007065581434082747,-0.011393718124884997,-0.0012432045416633517,-0.023713523910375754,-0.01109131055630165,-0.01064507059156453,-0.0007586397055564904,-0.00508677639635874,0.005063737186862905,-0.017406582181849498,-0.004784368827775394,0.00988643088600804,0.005558294195205789,0.015708807778427435,-0.006761511590284968,0.0058607017637891355,-0.00432813669080225,0.005822376892419395,-0.016647942476293007,-0.004025729122218904,0.010150513583221644,-0.012319805785490757,0.0003024075685833464,-0.022470319368712403,-0.009848106014638298,0.012622213354074104
"Mon, 09 Sep 2024 00:00:00 GMT",29.41,131.91,908.27,117.16,325.92,115.41,43.94,58.51,48.5,80.89,0.029327615094520136,0.005854417025355179,0.006140341107478931,0.004362523492093773,0.016582486150606597,-0.02083676672206142,0.006163699458994552,0.01342071072730258,-0.004115232145106655,-0.0263526290294426,0.02347319806916496,0.023187273987041207,0.024965091602426364,0.012745128943913539,0.05016438181658156,0.023163915635525584,0.015906904367217554,0.03344284723962679,0.05568024412396273,-0.00028592408212375214,0.0014918935332614057,-0.010728069125251418,0.0266911837474166,-0.0003092824336393737,-0.007566293701947401,0.009969649170461833,0.03220704605479778,0.0017778176153851579,-0.010442145043127666,0.026977107829540353,-2.335835151562153e-05,-0.007280369619823649,0.010255573252585585,0.03249297013692153,-0.012219962658512825,0.025199290214155193,-0.0018011759669007794,-0.009058187235208806,0.008477755637200428,0.030715152521536372,0.03741925287266802,0.010418786691612045,0.003161775423304017,0.020697718295713253,0.042935115180049194,-0.027000466181055973,-0.034257477449364,-0.016721534576954765,0.005515862307381179,-0.0072570112683080275,0.010278931604101208,0.03251632848843715,0.017535942872409234,0.03977333975674518,0.022237396884335944
"Fri, 06 Sep 2024 00:00:00 GMT",28.56,131.14,902.71,116.65,320.56,117.84,43.67,57.73,48.7,83.05,0.001752234546802866,0.0019081790318453999,-0.011060670415517485,0.0013725660557533312,-0.011784543748467506,-0.006344393822329033,0.012442556837717849,-0.008795434815588457,-0.022335953942063076,0.0006022282627059191,-0.0001559444850425338,0.012812904962320352,0.0003796684910495349,0.013536778295270373,0.0080966283691319,-0.010690322290914982,0.010547669362391324,0.02408818848886594,0.001150006284096947,0.012968849447362884,0.0005356129760920687,0.013692722780312905,0.008252572854174432,-0.01053437780587245,0.010703613847433856,0.024244132973908476,0.0013059507691394808,-0.012433236471270816,0.0007238733329500216,-0.004716276593188452,-0.023503227253235334,-0.0022652355999290275,0.01127528352654559,-0.011662898678223404,0.013157109804220838,0.007716959878082364,-0.011069990781964517,0.010168000871341789,0.023708519997816407,0.0007703377930474121,-0.005440149926138473,-0.024227100586185355,-0.002989108932879049,0.010551410193595569,-0.012386772011173426,-0.018786950660046882,0.002451040993259424,0.015991560119734044,-0.0069466220850349526,0.021237991653306306,0.034778510779780926,0.01184032857501193,0.013540519126474618,-0.009397663078294377,-0.022938182204768995
"Thu, 05 Sep 2024 00:00:00 GMT",28.51,130.89,912.75,116.49,324.36,118.59,43.13,58.24,49.8,83.0,0.004217932439700864,-0.027429946693823676,-0.03610819039592243,-0.02450625032881819,-0.019176160127120246,0.023807600837808918,-0.025862523963151782,-0.004967039414699028,-0.0032077012267697313,-0.032595478249451346,0.03164787913352454,0.0403261228356233,0.028724182768519055,0.02339409256682111,-0.019589668398108055,0.030080456402852646,0.009184971854399891,0.007425633666470595,0.03681341068915221,0.008678243702098756,-0.002923696365005484,-0.00825378656670343,-0.05123754753163259,-0.0015674227306718934,-0.022462907279124648,-0.024222245467053944,0.00516553155562767,-0.01160194006710424,-0.016932030268802186,-0.05991579123373135,-0.01024566643277065,-0.031141150981223404,-0.032900489169152704,-0.0035127121464710864,-0.005330090201697946,-0.048313851166627106,0.0013562736343335907,-0.019539210914119164,-0.02129854910204846,0.008089227920633154,-0.04298376096492916,0.006686363836031536,-0.014209120712421218,-0.015968458900350514,0.0134193181223311,0.0496701248009607,0.028774640252507946,0.02701530206457865,0.05640307908726026,-0.020895484548452754,-0.02265482273638205,0.006732954286299563,-0.0017593381879292967,0.027628438834752318,0.029387777022681614
"Wed, 04 Sep 2024 00:00:00 GMT",28.39,134.53,946.31,119.38,330.64,115.8,44.26,58.53,49.96,85.75,0.003175165835687813,-0.01277760284807045,-0.010741941805977635,0.007398722165317906,0.0003932541833937476,-0.006713167478508913,0.01870065899722358,0.017232892427927426,-0.011146612224913434,0.0003499154406731386,0.015952768683758264,0.013917107641665448,-0.004223556329630093,0.0027819116522940653,0.009888333314196727,-0.015525493161535767,-0.014057726592239613,0.014321778060601247,0.0028252503950146743,-0.0020356610420928147,-0.020176325013388355,-0.013170857031464197,-0.006064435369561537,-0.03147826184529403,-0.030010495275997875,-0.0016309906231570161,-0.013127518288743588,-0.018140663971295542,-0.011135195989371382,-0.004028774327468722,-0.029442600803201213,-0.02797483423390506,0.0004046704189357986,-0.011091857246650773,0.007005467981924159,0.014111889643826819,-0.011301936831905675,-0.00983417026260952,0.01854533439023134,0.007048806724644767,0.00710642166190266,-0.018307404813829833,-0.01683963824453368,0.01153986640830718,4.3338742720609e-05,-0.025413826475732492,-0.023946059906436338,0.004433444746404521,-0.007063082919182052,0.0014677665692961542,0.029847271222137012,0.01835074355655044,0.028379504652840858,0.016882976987254286,-0.011496527665586571
"Tue, 03 Sep 2024 00:00:00 GMT",28.3,136.26,956.53,118.5,330.51,116.58,43.44,57.53,50.52,85.72,-0.024778793484120706,-0.021059524938219266,-0.003641964840557995,-0.019968080638714716,-0.009994965345362997,-0.015913197987390798,-0.010761408947946029,0.022322747813491365,0.011346792387727865,-0.021923111780376165,-0.00371926854590144,-0.02113682864356271,-0.00481071284540599,-0.014783828138757709,-0.008865595496729908,-0.014017384536174677,-0.04710154129761207,-0.03612558587184857,-0.0028556817037445406,-0.01741756009766127,-0.00109144429950455,-0.01106455959285627,-0.005146326950828468,-0.010298115990273237,-0.04338227275171063,-0.032406317325947134,0.0008635868421568993,0.01632611579815672,0.006353000504805002,0.012271233146832802,0.007119444107388034,-0.02596471265404936,-0.01498875722828586,0.01828114693981817,-0.009973115293351719,-0.004054882651323918,-0.009206671690768687,-0.04229082845220608,-0.03131487302644258,0.0019550311416614494,0.005918232642027801,0.0007664436025830324,-0.03231771315885436,-0.02134175773309086,0.011928146435013168,-0.005151789039444769,-0.03823594580088216,-0.027259990375118663,0.006009913792985367,-0.033084156761437396,-0.022108201335673892,0.011161702832430136,0.0109759554257635,0.04424585959386753,0.033269904168104034
"Fri, 30 Aug 2024 00:00:00 GMT",29.01,139.16,960.02,120.89,333.83,118.45,43.91,56.26,49.95,87.62,0.010046853953289395,0.011854989209147463,0.02086149898817409,0.0038954091775987468,0.00848329496437839,0.008393080510421124,0.0038790693250041,-0.0012434498449117645,0.0046152384520522245,0.003658819540195868,-0.001808135255858068,-0.010814645034884695,0.006151444775690648,0.0015635589889110048,0.0016537734428682706,0.006167784628285294,0.01129030379820116,0.005431615501237171,0.006388034413093527,-0.009006509779026627,0.007959580031548716,0.003371694244769073,0.0034619086987263386,0.007975919884143362,0.013098439054059227,0.007239750757095239,0.008196169668951595,0.016966089810575343,0.0123782040237957,0.012468418477752966,0.01698242966316999,0.022104948833085857,0.016246260536121868,0.017202679447978222,-0.004587885786779643,-0.004497671332822377,1.6339852594646556e-05,0.005138859022510512,-0.0007198292744534777,0.0002365896374028789,9.02144539572658e-05,0.00460422563937429,0.009726744809290155,0.003868056512326166,0.004824475424182522,0.004514011185417024,0.009636530355332889,0.0037778420583689,0.004734260970225257,0.005122519169915865,-0.0007361691270481243,0.00022024978480823234,-0.005858688296963989,-0.004902269385107632,0.0009564189118563566
"Thu, 29 Aug 2024 00:00:00 GMT",28.72,137.52,940.2,120.42,331.01,117.46,43.74,56.33,49.72,87.3,-0.0010440230633360385,0.022353871974233795,-0.009252953574362075,0.003660569811354622,0.004602581932703606,0.0005109427003772283,-0.003651304832503859,0.00391320314374195,0.013363227812167158,-0.0006870491510383883,-0.023397895037569835,0.008208930511026037,-0.004704592874690661,-0.005646604996039644,-0.0015549657637132668,0.0026072817691678205,-0.004957226207077989,-0.014407250875503198,-0.0003569739122976502,0.03160682554859587,0.018693302162879174,0.01775129004153019,0.021842929273856566,0.026005176806737654,0.018440668830491846,0.008990644162066637,0.023040921125272184,-0.012913523385716698,-0.01385553550706568,-0.009763896274739304,-0.005601648741858216,-0.013166156718104026,-0.02261618138652923,-0.008565904423323686,-0.0009420121213489837,0.003149627110977394,0.007311874643858482,-0.0002526333323873281,-0.009702658000812537,0.00434761896239301,0.004091639232326378,0.008253886765207465,0.0006893787889616556,-0.008760645879463552,0.005289631083741994,0.004162247532881087,-0.003402260443364722,-0.01285228511178993,0.0011979918514156166,-0.00756450797624581,-0.017014532644671017,-0.0029642556814654707,-0.009450024668425209,0.004600252294780338,0.014050276963205547
"Wed, 28 Aug 2024 00:00:00 GMT",28.75,134.48,948.94,119.98,329.49,117.4,43.9,56.11,49.06,87.36,-0.0024318233280166226,-0.005191734571848063,-0.005821117403152597,0.0011675424560376464,0.0077999237650685374,0.007695634388240929,-0.005678606968843344,-0.003735662086906387,0.01934614772386514,0.0017185087577006358,0.00275991124383144,0.0033892940751359744,-0.0035993657840542688,-0.01023174709308516,-0.010127457716257551,0.0032467836408267216,0.0013038387588897643,-0.021777971051881763,-0.0041503320857172584,0.0006293828313045343,-0.006359277027885709,-0.0129916583369166,-0.01288736896008899,0.00048687239699528144,-0.0014560724849416759,-0.0245378822957132,-0.006910243329548699,-0.006988659859190244,-0.013621041168221135,-0.013516751791393526,-0.00014251043430925283,-0.00208545531624621,-0.025167265127017738,-0.0075396261608532324,-0.006632381309030891,-0.006528091932203282,0.006846149424880991,0.004903204542944033,-0.018178605267827493,-0.0005509663016629895,0.00010428937682760864,0.013478530733911882,0.011535585851974924,-0.011546223958796602,0.006081415007367901,0.013374241357084274,0.011431296475147316,-0.01165051333562421,0.005977125630540293,-0.0019429448819369573,-0.025024754692708484,-0.0073971157265439805,-0.023081809810771525,-0.005454170844607023,0.017627638966164504
"Tue, 27 Aug 2024 00:00:00 GMT",28.82,135.18,954.48,119.84,326.93,116.5,44.15,56.32,48.12,87.21,-0.003463806719188007,-0.0008873115045343685,0.004146965801528233,0.005774316224158225,0.00045891910061838273,0.0019762003252384503,0.03714811727787794,0.0008881784045993077,-0.002490661312451919,0.006788267452413423,-0.0025764952146536384,-0.007610772520716241,-0.009238122943346232,-0.00392272581980639,-0.0054400070444264575,-0.040611923997065945,-0.004351985123787315,-0.0009731454067360883,-0.010252074171601431,-0.005034277306062602,-0.006661627728692593,-0.0013462306051527512,-0.002863511829772819,-0.038035428782412305,-0.0017754899091336762,0.0016033498079175504,-0.007675578956947792,-0.0016273504226299914,0.0036880467009098505,0.002170765476289783,-0.0330011514763497,0.0032587873969289255,0.006637627113980152,-0.00264130165088519,0.005315397123539842,0.0037981158989197745,-0.031373801053719716,0.004886137819558917,0.008264977536610143,-0.0010139512282551985,-0.0015172812246200677,-0.036689198177259554,-0.000429259303980925,0.0029495804130703017,-0.00632934835179504,-0.035171916952639486,0.0010880219206391426,0.004466861637690369,-0.004812067127174973,0.03625993887327863,0.039638778590329854,0.030359849825464514,0.0033788397170512264,-0.005900089047814115,-0.009278928764865342
"Mon, 26 Aug 2024 00:00:00 GMT",28.92,135.3,950.53,119.15,326.78,116.27,42.54,56.27,48.24,86.62,0.0006918021721774718,-0.012267388569987398,-0.0023223200000443123,0.004964041996974343,-0.006162501579347468,-0.0028342012358751373,-0.002113421005027858,0.0010668564312041337,0.002698496707567711,-0.0004616805252826127,0.01295919074216487,0.003014122172221784,-0.004272239824796871,0.00685430375152494,0.003526003408052609,0.00280522317720533,-0.000375054259026662,-0.002006694535390239,0.0011534826974600844,-0.009945068569943085,-0.01723143056696174,-0.00610488699063993,-0.009433187334112261,-0.01015396756495954,-0.013334245001191531,-0.014965885277555109,-0.011805708044704785,-0.007286361997018655,0.003840181579303156,0.000511881235830825,-0.0002088989950164541,-0.003389176431248446,-0.005020816707612024,-0.0018606394747616997,0.011126543576321812,0.007798243232849481,0.007077463002002201,0.0038971855657702094,0.0022655452894066322,0.005425722522256956,-0.003328300343472331,-0.00404908057431961,-0.007229358010551602,-0.00886099828691518,-0.005700821054064856,-0.0007207802308472791,-0.003901057667079271,-0.005532697943442848,-0.0023725207105925244,-0.003180277436231992,-0.004811917712595569,-0.0016517404797452455,-0.0016316402763635772,0.0015285369564867464,0.0031601772328503238
"Fri, 23 Aug 2024 00:00:00 GMT",28.9,136.97,952.74,118.56,328.8,116.6,42.63,56.21,48.11,86.66,0.004160893659164718,0.0006572941627918395,-0.0014998088720040153,0.006770506567210707,0.013071681388152612,0.00042890843462583926,0.016079797863903764,0.017588393100887435,0.010237214652645717,0.00892500853362985,0.0035035994963728786,0.005660702531168733,-0.002609612908045989,-0.008910787728987894,0.003731985224538879,-0.011918904204739046,-0.013427499441722716,-0.0060763209934809985,-0.004764114874465132,0.0021571030347958546,-0.006113212404418868,-0.012414387225360772,0.0002283857281660002,-0.015422503701111924,-0.016931098938095596,-0.009579920489853877,-0.00826771437083801,-0.008270315439214722,-0.014571490260156628,-0.0019287173066298545,-0.01757960673590778,-0.01908820197289145,-0.011737023524649733,-0.010424817405633866,-0.006301174820941905,0.006341598132584868,-0.009309291296693056,-0.010817886533676727,-0.0034667080854350095,-0.002154501966419143,0.012642772953526773,-0.003008116475751152,-0.004516711712734822,0.0028344667355068957,0.004146672854522762,-0.015650889429277923,-0.017159484666261594,-0.009808306218019877,-0.008496100099004011,-0.0015085952369836703,0.005842583211258048,0.007154789330273914,0.007351178448241718,0.008663384567257584,0.0013122061190158664
"Thu, 22 Aug 2024 00:00:00 GMT",28.78,136.88,954.17,117.76,324.53,116.55,41.95,55.23,47.62,85.89,-0.008649076577316719,0.014126191346225128,0.0023083309482741904,0.0012745891176208937,-0.014135592120013413,0.004471587122312083,0.0023866359777309533,0.00018107741108780773,-0.01707307762617476,0.0038495235639284054,-0.02277526792354185,-0.01095740752559091,-0.009923665694937613,0.005486515542696694,-0.013120663699628802,-0.011035712555047672,-0.008830153988404527,0.008424001048858041,-0.012498600141245125,0.011817860397950937,0.012851602228604235,0.02826178346623854,0.009654604223913045,0.011739555368494175,0.01394511393513732,0.03119926897239989,0.010276667782296724,0.0010337418306532967,0.016443923068287604,-0.0021632561740378927,-7.830502945676285e-05,0.0021272535371863826,0.01938140857444895,-0.001541192615654215,0.015410181237634307,-0.0031969980046911897,-0.0011120468601100596,0.001093511706533086,0.018347666743795656,-0.002574934446307512,-0.018607179242325494,-0.016522228097744368,-0.014316669531101221,0.0029374855061613473,-0.01798511568394182,0.00208495114458113,0.004290509711224275,0.021544664748486844,0.0006220635583836778,0.0022055585666431454,0.019459713603905714,-0.001462887586197452,0.017254155037262568,-0.0036684461528405975,-0.020922601190103165
"Wed, 21 Aug 2024 00:00:00 GMT",29.03,134.96,951.97,117.61,329.15,116.03,41.85,55.22,48.44,85.56,0.004488182918152226,-0.006278411878264033,0.002103116541198009,0.00408963678116201,0.0018245405700088254,0.007699999111790578,0.005991629668266761,0.00800004266707615,-0.01108613283913018,0.005038384318239388,0.01076659479641626,0.0023850663769542173,0.00039854613699021654,0.002663642348143401,-0.003211816193638351,-0.001503446750114535,-0.0035118597489239237,0.015574315757282407,-0.0005502014000871615,-0.008381528419462042,-0.010368048659426043,-0.008102952448272858,-0.013978410990054611,-0.012270041546530795,-0.014278454545340182,0.004807720960866148,-0.011316796196503422,-0.001986520239964001,0.00027857597118918363,-0.005596882570592569,-0.0038885131270687523,-0.0058969261258781415,0.01318924938032819,-0.002935267777041379,0.0022650962111531846,-0.0036103623306285677,-0.0019019928871047516,-0.00391040588591414,0.015175769620292191,-0.000948747537077378,-0.005875458541781752,-0.004167089098257936,-0.006175502097067325,0.012910673409139007,-0.0032138437482305627,0.0017083694435238161,-0.00030004355528557257,0.018786131950920756,0.0026616147935511897,-0.0020084129988093887,0.01707776250739694,0.0009532453500273735,0.01908617550620633,0.0029616583488367623,-0.016124517157369567
"Tue, 20 Aug 2024 00:00:00 GMT",28.9,135.81,949.97,117.13,328.55,115.14,41.6,54.78,48.98,85.13,0.0034662079764861075,0.004131932389386079,0.030091276580823726,0.010297868399473045,0.0017668925574004053,0.0062728904072807375,0.001924928409584418,0.004757557006600191,-0.006512029524622742,0.004119833971474447,-0.0006657244128999719,-0.02662506860433762,-0.006831660422986937,0.0016993154190857022,-0.00280668243079463,0.0015412795669016894,-0.0012913490301140833,0.00997823750110885,-0.0006536259949883392,-0.025959344191437646,-0.0061659360100869655,0.002365039831985674,-0.002140958017894658,0.0022070039798016616,-0.0006256246172141114,0.01064396191400882,1.20984179116327e-05,0.019793408181350683,0.02832438402342332,0.02381838617354299,0.028166348171239308,0.025333719574223534,0.036603306105446466,0.02597144260934928,0.00853097584207264,0.004024977992192307,0.008372939989888627,0.005540311392872854,0.016809897924095787,0.006178034427998598,-0.004505997849880332,-0.00015803585218401276,-0.0029906644491997855,0.008278922082023146,-0.0023529414140740414,0.00434796199769632,0.0015153334006805467,0.01278491993190348,0.0021530564358062908,-0.002832628597015773,0.00843695793420716,-0.002194905561890029,0.011269586531222932,0.0006377230351257441,-0.01063186349609719
"Mon, 19 Aug 2024 00:00:00 GMT",28.8,135.25,921.81,115.93,327.97,114.42,41.52,54.52,49.3,84.78,0.01751358249270821,0.002665286245002567,-0.00033623836362628754,0.010666536546985097,0.02011123971985212,0.006576375141763499,0.005797117684325915,0.008288103434418336,-0.0012162985484880202,0.0043737879288625,0.014848296247705645,0.0178498208563345,0.006847045945723114,-0.0025976572271439076,0.010937207350944712,0.011716464808382296,0.009225479058289875,0.01872988104119623,0.013139794563845711,0.0030015246086288546,-0.00800125030198253,-0.017445953474849552,-0.003911088896760932,-0.0031318314393233475,-0.005622817189415769,0.003881584793490587,-0.0017085016838599325,-0.011002774910611385,-0.020447478083478406,-0.006912613505389787,-0.0061333560479522025,-0.008624341798044624,0.0008800601848617327,-0.0047100262924887875,-0.009444703172867022,0.004090161405221598,0.004869418862659182,0.0023784331125667607,0.011882835095473117,0.006292748618122597,0.01353486457808862,0.014314122035526204,0.011823136285433782,0.02132753826834014,0.01573745179098962,0.0007792574574375846,-0.001711728292654837,0.007792673690251519,0.0022025872129009996,-0.0024909857500924216,0.0070134162328139345,0.001423329755463415,0.009504401982906356,0.003914315505555837,-0.0055900864773505195
"Fri, 16 Aug 2024 00:00:00 GMT",28.3,134.89,922.12,114.7,321.44,113.67,41.28,54.07,49.36,84.41,-0.014383689483780696,-0.019673246991315955,-0.010206702406949285,0.012192598742849795,-0.012213561838595314,0.003172088306143979,0.006456652102482151,0.0009251550294438215,0.0050776995459790985,-0.005788215321673123,0.005289557507535259,-0.004176987076831411,-0.02657628822663049,-0.0021701276451853817,-0.017555777789924676,-0.020840341586262846,-0.015308844513224517,-0.019461389029759794,-0.008595474162107573,-0.00946654458436667,-0.031865845734165746,-0.007459685152720641,-0.022845335297459933,-0.026129899093798106,-0.020598402020759778,-0.02475094653729505,-0.013885031669642832,-0.02239930114979908,0.0020068594316460294,-0.013378790713093263,-0.016663354509431436,-0.011131857436393106,-0.015284401952928383,-0.004418487085276162,0.02440616058144511,0.009020510436705816,0.005735946640367644,0.011267443713405973,0.007114899196870696,0.01798081406452292,-0.015385650144739294,-0.018670213941077464,-0.013138716868039135,-0.017291261384574413,-0.006425346516922191,-0.0032845637963381715,0.0022469332767001576,-0.0019056112398351194,0.008960303627817103,0.005531497073038329,0.001378952556503052,0.012244867424155273,-0.004152544516535277,0.006713370351116944,0.010865914867652222
"Thu, 15 Aug 2024 00:00:00 GMT",28.71,137.57,931.58,113.31,325.39,113.31,41.014328,54.02,49.11,84.9,-0.00590381989165281,0.02316365193108437,-0.00010733875046520992,-0.0019396937839671281,0.00820840256561024,-0.0023800090568112326,-0.0050021063914877425,0.00911210395917959,0.014356276099550197,0.013518526755020136,-0.02906747182273718,-0.0057964811411876,-0.003964126107685682,-0.01411222245726305,-0.0035238108348415774,-0.0009017135001650675,-0.0150159238508324,-0.020260095991203007,-0.019422346646672944,0.02327099068154958,0.025103345715051496,0.01495524936547413,0.0255436609878956,0.028165758322572114,0.01405154797190478,0.008807375831534172,0.009645125176064234,0.0018323550335019182,-0.008315741316075449,0.002272670306346023,0.004894767641022532,-0.009219442709644799,-0.014463614850015407,-0.013625865505485345,-0.010148096349577368,0.00044031527284410445,0.003062412607520614,-0.011051797743146718,-0.016295969883517326,-0.015458220538987264,0.010588411622421471,0.013210508957097982,-0.0009037013935693505,-0.006147873533939958,-0.005310124189409897,0.00262209733467651,-0.011492113015990821,-0.01673628515636143,-0.015898535811831368,-0.014114210350667332,-0.01935838249103794,-0.018520633146507877,-0.005244172140370608,-0.004406422795840546,0.0008377493445300612
"Wed, 14 Aug 2024 00:00:00 GMT",28.88,134.42,931.68,113.53,322.73,113.58,41.22,53.53,48.41,83.76,0.0010393210705168148,0.006343541552805847,0.025689964924302238,0.008847266414536656,-0.0022284821503850086,-0.007106228088295582,0.0009708738626696503,-0.0009336197111726733,-0.013337634878740427,0.004667034139759361,-0.005304220482289033,-0.024650643853785424,-0.007807945344019841,0.0032678032209018234,0.008145549158812396,6.844720784716452e-05,0.001972940781689488,0.014376955949257243,-0.003627713069242546,-0.01934642337149639,-0.002503724861730809,0.008572023703190856,0.01344976964110143,0.0053726676901361976,0.00727716126397852,0.019681176431546273,0.0016765074130464866,0.01684269850976558,0.02791844707468725,0.03279619301259782,0.024719091061632587,0.02662358463547491,0.03902759980304266,0.021022930784542877,0.011075748564921665,0.01595349450283224,0.007876392551867006,0.00978088612570933,0.022184901293277083,0.004180232274777295,0.004877745937910573,-0.003199356013054659,-0.0012948624392123353,0.011109152728355418,-0.0068955162901443694,-0.008077101950965232,-0.006172608377122909,0.006231406790444845,-0.011773262228054943,0.0019044935738423236,0.014308508741410077,-0.0036961602770897105,0.012404015167567754,-0.005600653850932034,-0.018004669018499786
"Tue, 13 Aug 2024 00:00:00 GMT",28.85,133.57,908.05,112.53,323.45,114.39,41.18,53.58,49.06,83.37,0.01396183238176876,0.027937746569821346,0.026412608638639777,0.009913008169236327,0.010723546696222169,0.007987052596931466,0.021105077836530248,0.026476584407880234,0.04162065553112684,0.010247844219470987,-0.013975914188052586,-0.012450776256871018,0.004048824212532432,0.0032382856855465905,0.005974779784837294,-0.007143245454761488,-0.012514752026111475,-0.027658823149358084,0.003713988162297772,0.0015251379311815687,0.01802473840058502,0.01721419987359918,0.01995069397288988,0.006832668733291098,0.0014611621619411118,-0.013682908961305498,0.01768990235035036,0.01649960046940345,0.015689061942417606,0.018425556041708313,0.005307530802109529,-6.397576924045689e-05,-0.015208046892487066,0.016164764419168788,-0.0008105385269858417,0.0019259555723048615,-0.01119206966729392,-0.016563576238643907,-0.031707647361890516,-0.00033483605023466,0.002736494099290703,-0.010381531140308079,-0.015753037711658063,-0.030897108834904673,0.00047570247675118166,-0.013118025239598782,-0.01848953181094877,-0.03363360293419538,-0.0022607916225395215,-0.005371506571349986,-0.020515577694596596,0.01085723361705926,-0.01514407112324661,0.016228740188409245,0.031372811311655854
"Mon, 12 Aug 2024 00:00:00 GMT",28.45,129.89,884.38,111.42,320.0,113.48,40.32,52.18,47.06,82.52,-0.0035087755296793655,-0.02718879506686761,-0.00822048929535852,-0.004209401226960309,-0.007751132209366721,-0.009384798958853925,0.0014892035514678331,-0.0036346285828139295,0.007251044779244822,0.016248601328696006,0.023680019537188245,0.004711713765679155,0.0007006256972809433,0.004242356679687356,0.00587602342917456,-0.004997979081147199,0.000125853053134564,-0.010759820308924188,-0.01975737685837537,-0.01896830577150909,-0.0229793938399073,-0.01943766285750089,-0.017803996108013684,-0.028677998618335445,-0.02355416648405368,-0.03443983984611243,-0.04343739639556361,-0.004011088068398211,-0.00046935708599179886,0.001164309663495405,-0.009709692846826353,-0.00458586071254459,-0.015471534074603343,-0.024469090624054526,0.003541730982406412,0.005175397731893616,-0.005698604778428142,-0.0005747726441463793,-0.011460446006205131,-0.020458002555656316,0.0016336667494872038,-0.009240335760834554,-0.004116503626552791,-0.015002176988611542,-0.02399973353806273,-0.010874002510321758,-0.005750170376039995,-0.016635843738098746,-0.02563340028754993,0.005123832134281763,-0.005761841227776989,-0.014759397777228173,-0.010885673362058751,-0.019883229911509936,-0.008997556549451183
"Fri, 09 Aug 2024 00:00:00 GMT",28.55,133.47,891.68,111.89,322.49,114.55,40.26,52.37,46.72,81.19,-0.007328596750826724,0.04051922574432754,0.05340389983683534,0.007805880557614551,-0.006798752972025753,0.0055149612358387995,0.0059790910560580095,0.004977039370273066,-0.002778670164459673,-0.00809621694278874,-0.04784782249515427,-0.06073249658766207,-0.015134477308441276,-0.0005298437788009711,-0.012843557986665524,-0.013307687806884735,-0.01230563612109979,-0.004549926586367051,0.000767620191962015,-0.012884674092507799,0.03271334518671299,0.04731797871635329,0.035004264508488744,0.03454013468826953,0.03554218637405448,0.043297895908787215,0.04861544268711628,0.04559801927922079,0.0602026528088611,0.04788893860099654,0.04742480878077733,0.04842686046656228,0.056182570001295014,0.06150011677962408,0.014604633529640304,0.0022909193217757516,0.0018267895015565416,0.0028288411873414855,0.010584550722074225,0.015902097500403292,-0.012313714207864552,-0.012777844028083763,-0.011775792342298818,-0.00402008280756608,0.001297463970762986,-0.00046412982021921,0.0005379218655657339,0.008293631400298472,0.013611178178627538,0.001002051685784944,0.008757761220517683,0.014075307998846749,0.0077557095347327385,0.013073256313061804,0.005317546778329066
"Thu, 08 Aug 2024 00:00:00 GMT",28.76,128.17,845.31,111.02,324.69,113.92,40.02,52.11,46.85,81.85,-0.003124460101262669,0.07230310692369186,0.0905375432507624,-0.0012602396122877771,0.03826641179870848,0.012632118858931268,0.01637522419994142,0.005966719655685838,0.007498696091120604,0.015141546128124128,-0.07542756702495454,-0.09366200335202507,-0.001864220488974892,-0.04139087189997115,-0.01575657896019394,-0.019499684301204086,-0.009091179756948507,-0.010623156192383274,-0.018266006229386796,-0.01823443632707053,0.07356334653597964,0.034036695124983384,0.059670988064760594,0.05592788272375045,0.06633638726800603,0.06480441083257125,0.05716156079556774,0.09179778286305017,0.052271131452053914,0.07790542439183112,0.07416231905082098,0.08457082359507656,0.08303884715964178,0.07539599712263827,-0.03952665141099626,-0.013892358471219045,-0.017635463812229194,-0.007226959267973615,-0.00875893570340838,-0.016401785740411904,0.025634292939777214,0.021891187598767063,0.03229969214302264,0.030767715707587878,0.023124865670584353,-0.0037431053410101507,0.00666539920324543,0.0051334227678106635,-0.0025094272691928605,0.01040850454425558,0.008876528108820815,0.0012336780718172902,-0.0015319764354347664,-0.00917482647243829,-0.007642850037003524
"Wed, 07 Aug 2024 00:00:00 GMT",28.85,119.23,772.14,111.16,312.5,112.49,39.37,51.8,46.5,80.62,-0.016159884064342104,-0.0874027007871101,-0.026884301272391237,0.009944933242690197,-0.05130129435555067,0.01198368839452892,0.017681434370552487,0.015368457330602266,-0.01726937704974618,0.01713934493162986,0.071242816722768,0.010724417208049133,-0.0261048173070323,0.03514141029120857,-0.028143572458871023,-0.03384131843489459,-0.03152834139494437,0.0011094929854040744,-0.033299228995971965,-0.060518399514718865,-0.09734763402980029,-0.03610140643155943,-0.09938638918163901,-0.10508413515766259,-0.10277115811771237,-0.07013332373736392,-0.10454204571873996,-0.03682923451508144,0.024416993083159432,-0.03886798966692016,-0.04456573564294372,-0.042252758602993504,-0.009614924222645059,-0.0440236462040211,0.06124622759824087,-0.002038755151838722,-0.00773650112786229,-0.005423524087912069,0.027214310292436376,-0.0071944116889396635,-0.06328498275007959,-0.06898272872610316,-0.06666975168615294,-0.03403191730580449,-0.06844063928718053,-0.005697745976023568,-0.003384768936073347,0.029253065444275098,-0.005155656537100942,0.002312977039950221,0.03495081142029867,0.0005420894389226265,0.032637834380348445,-0.0017708876010275945,-0.03440872198137604
"Tue, 06 Aug 2024 00:00:00 GMT",29.32,130.12,793.18,110.06,328.95,111.15,38.68,51.01,47.31,79.25,-0.014223064013558185,0.03217519465367268,0.02285172504383584,0.0019098728009936175,0.011403887134430492,-0.010382264564739138,-0.017935402625885954,-0.008588770345223472,-0.0059009654899624606,-0.0010089545565215286,-0.046398258667230866,-0.037074789057394024,-0.0161329368145518,-0.02562695114798868,-0.003840799448819047,0.003712338612327769,-0.0056342936683347125,-0.008322098523595724,-0.013214109457036657,0.009323469609836842,0.030265321852679064,0.02077130751924219,0.04255745921841182,0.05011059727955863,0.04076396499889615,0.03807616014363514,0.03318414921019421,0.020941852242842222,0.011447837909405349,0.03323398960857498,0.0407871276697218,0.03144049538905931,0.0287526905337983,0.02386067960035737,-0.009494014333436876,0.012292137365732755,0.019845275426879572,0.010498643146217089,0.007810838290956078,0.002918827357515146,0.02178615169916963,0.029339289760316446,0.019992657479653966,0.017304852624392953,0.01241284169095202,0.007553138061146816,-0.0017934942195156657,-0.004481299074776677,-0.00937331000821761,-0.009346632280662482,-0.012034437135923493,-0.016926448069364424,-0.0026878048552610116,-0.007579815788701943,-0.004892010933440932
"Mon, 05 Aug 2024 00:00:00 GMT",29.74,126.0,775.26,109.85,325.22,112.31,39.38,51.45,47.59,79.33,-0.022936022876870767,-0.011756023198552797,-0.03697278791097573,-0.027120915136915794,-0.026609176011149153,-0.02540684328684611,-0.026066638764495498,-0.030624402779933464,-0.024492714588942102,-0.030783118211695323,-0.01117999967831797,0.014036765034104965,0.004184892260045026,0.0036731531342783855,0.002470820409975344,0.0031306158876247304,0.007688379903062696,0.0015566917120713349,0.007847095334824555,0.025216764712422936,0.015364891938362997,0.014853152812596356,0.013650820088293315,0.014310615565942701,0.018868379581380667,0.012736691390389306,0.019027095013142526,-0.009851872774059939,-0.01036361189982658,-0.011565944624129621,-0.010906149146480235,-0.006348385131042269,-0.01248007332203363,-0.00618966969928041,-0.0005117391257666408,-0.0017140718500696824,-0.0010542763724202958,0.00350348764301767,-0.0026282005479736914,0.003662203074779529,-0.0012023327243030416,-0.000542537246653655,0.004015226768784311,-0.0021164614222070506,0.00417394220054617,0.0006597954776493865,0.005217559493087352,-0.000914128697904009,0.0053762749248492114,0.004557764015437966,-0.0015739241755533956,0.004716479447199825,-0.006131688190991361,0.00015871543176185915,0.0062904036227532205
"Fri, 02 Aug 2024 00:00:00 GMT",30.43,127.49,804.46,112.87,333.99,115.2,40.42,53.05,48.77,81.81,-0.007203698473340707,-0.038242782906802594,-0.03418990231205064,0.006845383889420829,-0.004600318783333531,0.01205149508681321,0.019486002513687668,0.026551077392297673,0.012378949079831838,0.007484238357974608,0.031039084433461886,0.026986203838709935,-0.014049082362761535,-0.002603379690007176,-0.019255193560153917,-0.026689700987028372,-0.03375477586563838,-0.019582647553172544,-0.014687936831315314,-0.004052880594751951,-0.04508816679622342,-0.033642464123469065,-0.050294277993615806,-0.05772878542049026,-0.06479386029910027,-0.05062173198663443,-0.0457270212647772,-0.04103528620147147,-0.029589583528717114,-0.046241397398863855,-0.05367590482573831,-0.060740979704348316,-0.04656885139188248,-0.04167414067002525,0.01144570267275436,-0.005206111197392381,-0.012640618624266839,-0.019705693502876844,-0.005533565190411009,-0.0006388544685537794,-0.01665181387014674,-0.0240863212970212,-0.031151396175631202,-0.01697926786316537,-0.012084557141308138,-0.007434507426874458,-0.014499582305484463,-0.0003274539930186275,0.004567256728838602,-0.007065074878610005,0.00710705343385583,0.012001764155713059,0.014172128312465835,0.019066839034323064,0.004894710721857229
"Thu, 01 Aug 2024 00:00:00 GMT",30.65,132.46,832.44,112.1,335.53,113.82,39.64,51.66,48.17,81.2,0.003595362591734097,-0.0012825834494280537,0.03442611348593755,0.005546127464366761,0.009161740730630958,0.00608065323660249,0.022191957778949375,-0.0028993931590026124,0.01274434881954823,0.025570460840611056,0.004877946041162151,-0.03083075089420345,-0.0019507648726326638,-0.005566378138896861,-0.0024852906448683933,-0.01859659518721528,0.006494755750736709,-0.009148986227814133,-0.02197509824887696,-0.0357086969353656,-0.006828710913794814,-0.010444324180059012,-0.007363236686030544,-0.02347454122837743,0.0016168097095745587,-0.014026932268976285,-0.02685304429003911,0.028879986021570787,0.02526437275530659,0.02834546024933506,0.012234155706988173,0.03732550664494016,0.021681764666389318,0.008855652645326492,-0.0036156132662641975,-0.0005345257722357295,-0.016645830314582614,0.008445520623369373,-0.00719822135518147,-0.020024333376244294,0.003081087494028468,-0.013030217048318417,0.01206113388963357,-0.003582608088917272,-0.016408720109980096,-0.016111304542346886,0.008980046395605103,-0.00666369558294574,-0.019489807604008567,0.02509135093795199,0.009447608959401145,-0.0033785030616616807,-0.015643741978550844,-0.02846985399961367,-0.012826112021062826
"Wed, 31 Jul 2024 00:00:00 GMT",30.54,132.63,804.27,111.48,332.47,113.13,38.77,51.81,47.56,79.15,-0.027452071063375844,0.025969533969161598,0.017636300778012006,-0.004028473287428727,-0.0024333470512336946,-0.018566081938382495,-0.02546610753676154,0.0023188416187490735,-0.03084811418879094,0.015918833450318484,-0.05342160503253744,-0.04508837184138785,-0.023423597775947116,-0.02501872401214215,-0.00888598912499335,-0.0019859635266143046,-0.02977091268212492,0.0033960431254150963,-0.043370904513694325,0.008333233191149592,0.029998007256590326,0.02840288102039529,0.044535615907544096,0.05143564150592314,0.023650692350412523,0.05681764815795254,0.010050700518843114,0.021664774065440734,0.0200696478292457,0.036202382716394504,0.04310240831477355,0.015317459159262933,0.04848441496680295,0.001717467327693522,-0.0015951262361950324,0.014537608650953767,0.021437634249332812,-0.006347314906177801,0.026819640901362213,-0.019947306737747212,0.0161327348871488,0.023032760485527846,-0.004752188669982768,0.028414767137557247,-0.018352180501552177,0.006900025598379045,-0.02088492355713157,0.012282032250408446,-0.03448491538870098,-0.027784949155510615,0.005382006652029401,-0.041384940987080024,0.03316695580754001,-0.013599991831569411,-0.04676694763910942
"Tue, 30 Jul 2024 00:00:00 GMT",31.39,129.23,790.21,111.93,333.28,115.25,39.77,51.69,49.05,77.9,0.021575462574390913,0.009172949891565498,-0.022003390829620117,0.011320875624482293,0.002313042681032479,-0.10320635329743938,-0.006016563649544252,-0.007708652549152301,0.001428134487350466,-0.00588764019963736,0.012402512682825415,0.043578853404011034,0.01025458694990862,0.019262419893358435,0.12478181587183029,0.027592026223935164,0.029284115123543213,0.020147328087040447,0.027463102774028275,0.031176340721185615,-0.002147925732916795,0.006859907210533019,0.11237930318900488,0.015189513541109749,0.016881602440717798,0.0077448154042150325,0.015060590091202858,-0.033324266454102414,-0.024316433510652595,0.08120296246781926,-0.015986827180075866,-0.014294738280467817,-0.023431525316970583,-0.01611575062998276,0.009007832943449815,0.11452722892192167,0.017337439274026544,0.019029528173634593,0.009892741137131827,0.017208515824119655,0.10551939597847186,0.00832960633057673,0.01002169523018478,0.0008849081936820131,0.00820068288066984,-0.09718978964789513,-0.09549770074828708,-0.10463448778478984,-0.09731871309780202,0.001692088899608049,-0.007444698136894717,-0.00012892344990689166,-0.009136787036502766,-0.0018210123495149408,0.007315774686987826
"Mon, 29 Jul 2024 00:00:00 GMT",30.72,128.05,807.79,110.67,332.51,127.78,40.01,52.09,48.98,78.36,-0.001626281054479031,0.010361973551561512,0.003932007472287894,0.003167566791647661,-0.00701273552442997,0.019918458076930313,0.0037561080844949798,-0.005933599569896242,-0.029570695275596387,0.0029394870676870367,-0.011988254606040543,-0.005558288526766925,-0.004793847846126692,0.005386454469950939,-0.021544739131409342,-0.005382389138974011,0.004307318515417211,0.027944414221117354,-0.004565768122166068,0.006429966079273618,0.007194406759913851,0.017374709075991483,-0.009556484525368801,0.006605865467066532,0.016295573121457754,0.0399326688271579,0.007422486483874475,0.0007644406806402329,0.010944742996717865,-0.01598645060464242,0.0001758993877929143,0.009865607042184137,0.03350270274788428,0.0009925204046008574,0.010180302316077632,-0.016750891285282652,-0.0005885412928473186,0.009101166361543903,0.03273826206724405,0.00022807972396062448,-0.026931193601360284,-0.010768843608924949,-0.0010791359545337283,0.022557959751166416,-0.009952222592117007,0.016162349992435335,0.025852057646826555,0.049489153352526696,0.016978971009243275,0.00968970765439122,0.03332680336009137,0.0008166210168079431,0.023637095705700144,-0.008873086637583278,-0.03251018234328342
"Fri, 26 Jul 2024 00:00:00 GMT",30.77,126.73,804.62,110.32,334.85,125.26,39.86,52.4,50.45,78.13,0.01936073599424759,-0.008877076244607974,-0.02038439149053175,0.003541433894273817,0.0016438769300063927,-0.004699144484058001,0.020018405717669427,-0.013270336920896698,0.10833818535175073,-0.004979263399607338,0.028237812238855565,0.03974512748477934,0.015819302099973773,0.017716859064241197,0.024059880478305592,-0.0006576697234218359,0.03263107291514429,-0.08897744935750314,0.02433999939385493,0.011507315245923775,-0.01241851013888179,-0.010520953174614366,-0.004177931760549973,-0.0288954819622774,0.004393260676288724,-0.1172152615963587,-0.003897812845000636,-0.023925825384805567,-0.022028268420538143,-0.015685247006473748,-0.040402797208201176,-0.007114054569635051,-0.12872257684228247,-0.015405128090924411,0.0018975569642674243,0.008240578378331817,-0.01647697182339561,0.016811770815170515,-0.10479675145747691,0.008520697293881154,0.006343021414064394,-0.018374528787663033,0.01491421385090309,-0.10669430842174434,0.006623140329613731,-0.024717550201727428,0.008571192436838697,-0.11303732983580873,0.00028011891554933707,0.03328874263856613,-0.0883197796340813,0.024997669117276765,-0.12160852227264743,-0.00829107352128936,0.11331744875135807
"Thu, 25 Jul 2024 00:00:00 GMT",30.18,127.86,821.19,109.93,334.3,125.85,39.07,53.1,45.27,78.52,0.0066489606652511924,-0.028831103552636062,-0.04603833685881027,0.005838899902190344,-0.003910978100895916,-0.0005560630877682801,-0.005869609808236303,0.03643739620243105,0.013566315035855592,-0.015041679031571433,0.035480064217887256,0.05268729752406146,0.0008100607630608485,0.010559938766147109,0.007205023753019473,0.012518570473487495,-0.029788435537179855,-0.006917354370604399,0.021690639696822625,0.01720723330617421,-0.034670003454826404,-0.024920125451740147,-0.02827504046486778,-0.02296149374439976,-0.06526849975506711,-0.04239741858849165,-0.013789424521064629,-0.05187723676100062,-0.04212735875791436,-0.04548227377104199,-0.04016872705057397,-0.08247573306124131,-0.059604651894665864,-0.030996657827238837,0.00974987800308626,0.006394962989958624,0.011708509710426647,-0.030598496300240703,-0.007727415133665248,0.020880578933761777,-0.0033549150131276352,0.0019586317073403874,-0.04034837430332697,-0.017477293136751507,0.011130700930675518,0.005313546720468023,-0.03699345929019933,-0.014122378123623871,0.014485615943803154,-0.04230700601066735,-0.019435924844091894,0.00917206922333513,0.022871081166575456,0.05147907523400248,0.028607994067427027
"Wed, 24 Jul 2024 00:00:00 GMT",29.98,131.6,859.88,109.29,335.61,125.92,39.3,51.2,44.66,79.71,0.01614022932867747,-0.0126851595273158,-0.02118399059898665,0.014655315526239325,0.007086820420240322,0.012305388993349983,0.011773875452091178,0.015153295956828254,0.038343355197647436,0.006797609256489276,0.02882538885599327,0.03732421992766412,0.0014849138024381446,0.009053408908437147,0.003834840335327487,0.004366353876586291,0.0009869333718492152,-0.022203125868969966,0.009342620072188194,0.008498831071670852,-0.027340475053555125,-0.019771979947556122,-0.024990548520665783,-0.024459034979406977,-0.027838455484144056,-0.05102851472496324,-0.019482768783805074,-0.03583930612522598,-0.028270811019226974,-0.03348937959233664,-0.03295786605107783,-0.036337286555814904,-0.05952734579663409,-0.02798159985547593,0.007568495105999003,0.0023499265328893425,0.0028814400741481467,-0.0004979804305889294,-0.02368803967140811,0.00785770626975005,-0.00521856857310966,-0.004687055031850856,-0.008066475536587932,-0.03125653477740711,0.00028921116375104673,0.0005315135412588042,-0.002847906963478272,-0.026037966204297453,0.005507779736860707,-0.003379420504737076,-0.026569479745556256,0.004976266195601903,-0.023190059240819183,0.008355686700338979,0.03154574594115816
"Tue, 23 Jul 2024 00:00:00 GMT",29.5,133.28,878.29,107.7,333.24,124.38,38.84,50.43,42.98,79.17,-0.0033840979842405684,0.0007505817360561783,0.014126569296868048,-0.009518160847315224,-0.008158919156003391,-0.010477162261002924,-0.014061333559690251,-0.012415175724703856,0.007238794014455679,0.00012631844897744864,-0.004134679720296746,-0.017510667281108616,0.006134062863074656,0.004774821171762823,0.007093064276762356,0.010677235575449683,0.009031077740463288,-0.010622891998696246,-0.003510416433218017,-0.01337598756081187,0.010268742583371402,0.00890950089205957,0.011227743997059102,0.01481191529574643,0.013165757460760034,-0.006488212278399501,0.0006242632870787296,0.023644730144183272,0.02228548845287144,0.024603731557870972,0.028187902856558297,0.026541745021571903,0.006887775282412369,0.014000250847890599,-0.001359241691311833,0.0009590014136876997,0.004543172712375027,0.002897014877388632,-0.016756954861770902,-0.009644479296292674,0.0023182431049995327,0.00590241440368686,0.004256256568700465,-0.01539771317045907,-0.00828523760498084,0.003584171298687327,0.0019380134637009324,-0.017715956275458602,-0.010603480709980373,-0.0016461578349863948,-0.02130012757414593,-0.0141876520086677,-0.019653969739159536,-0.012541494173681306,0.00711247556547823
"Mon, 22 Jul 2024 00:00:00 GMT",29.6,133.18,865.97,108.73,335.97,125.69,39.39,51.06,42.67,79.16,-0.012422519998557096,0.012390608809271378,0.009864072924703357,0.02420298723592715,0.014027745535562705,-0.0006362841223180121,0.001016002119402263,0.008654656696359854,0.0007033173423194904,0.005700908580006336,-0.024813128807828475,-0.022286592923260455,-0.036625507234484246,-0.0264502655341198,-0.011786235876239084,-0.013438522117959359,-0.02107717669491695,-0.013125837340876587,-0.01812342857856343,0.002526535884568021,-0.011812378426655773,-0.0016371367262913265,0.01302689293158939,0.011374606689869116,0.0037359521129115246,0.011687291466951888,0.0066897002292650425,-0.014338914311223794,-0.004163672610859348,0.01050035704702137,0.008848070805301094,0.0012094162283435034,0.009160755582383866,0.004163164344697021,0.010175241700364447,0.024839271358245162,0.023186985116524887,0.015548330539567298,0.02349966989360766,0.018502078655920816,0.014664029657880717,0.013011743416160442,0.005373088839202851,0.013324428193243214,0.008326836955556369,-0.001652286241720275,-0.009290940818677866,-0.0013396014646375027,-0.006337192702324348,-0.007638654576957591,0.0003126847770827726,-0.004684906460604073,0.007951339354040363,0.002953748116353518,-0.004997591237686845
"Fri, 19 Jul 2024 00:00:00 GMT",29.97,131.54,857.47,106.13,331.29,125.77,39.35,50.62,42.64,78.71,0.008713191854055403,0.011853463453276994,0.01004479926142812,-0.010218040625660542,0.000966387898722997,0.012159177082326078,-0.0002540973206404316,0.005149545940831637,0.00588029449304336,0.008292450401889867,-0.003140271599221591,-0.0013316074073727174,0.018931232479715947,0.007746803955332406,-0.0034459852282706753,0.008967289174695834,0.0035636459132237664,0.002832897361012043,0.00042074145216553643,0.0018086641918488734,0.022071504078937536,0.010887075554553996,-0.0003057136290490845,0.012107560773917425,0.006703917512445357,0.005973168960233634,0.0035610130513871272,0.020262839887088664,0.009078411362705124,-0.002114377820897958,0.010298896582068551,0.004895253320596484,0.004164504768384761,0.0017523488595382539,-0.01118442852438354,-0.02237721770798662,-0.009963943305020111,-0.015367586566492179,-0.016098335118703903,-0.01851049102755041,-0.011192789183603082,0.0012204852193634286,-0.00418315804210864,-0.004913906594320363,-0.00732606250316687,0.01241327440296651,0.007009631141494442,0.0062788825892827185,0.0038667266804362117,-0.0054036432614720685,-0.006134391813683792,-0.008546547722530298,-0.0007307485522117232,-0.00314290446105823,-0.0024121559088465068
"Thu, 18 Jul 2024 00:00:00 GMT",29.71,129.99,848.9,107.22,330.97,124.25,39.36,50.36,42.39,78.06,-0.010713192520722607,-0.04092353563757138,-0.0646452712412018,-0.04182876232160715,-0.014100797659313363,-0.01311284480142983,-0.012121360532344963,0.0029829991295321993,-0.017769932164891145,-0.021544363901113965,0.030210343116848774,0.05393207872047919,0.031115569800884542,0.0033876051385907553,0.0023996522807072235,0.0014081680116223554,-0.013696191650254807,0.007056739644168537,0.010831171380391358,0.023721735603630417,0.0009052266840357676,-0.02682273797825802,-0.02781069083614155,-0.028802175105226417,-0.04390653476710358,-0.023153603472680237,-0.019379171736457416,-0.02281650891959465,-0.05054447358188843,-0.05153242643977197,-0.052523910708856834,-0.067628270370734,-0.046875339076310654,-0.043100907340087834,-0.027727964662293787,-0.02871591752017732,-0.029707401789262185,-0.04481176145113935,-0.024058830156716005,-0.020284398420493184,-0.0009879528578835318,-0.0019794371269684,-0.017083796788845564,0.003669134505577782,0.0074435662418006025,-0.000991484269084868,-0.016095843930962028,0.004657087363461314,0.008431519099684134,-0.015104359661877162,0.005648571632546182,0.009423003368769002,0.020752931294423342,0.024527363030646163,0.0037744317362228205
"Wed, 17 Jul 2024 00:00:00 GMT",30.03,135.42,905.59,111.8,335.67,125.89,39.84,50.21,43.15,79.76,0.017806618649464815,-0.03945641921471627,-0.03899389096094314,0.011424583398134635,0.007565712438777818,0.0035809531760702517,0.023877182091997042,0.003191704285384607,0.04624416117395607,0.014777660775499404,0.05726303786418109,0.05680050961040796,0.00638203525133018,0.010240906210686997,0.014225665473394563,-0.006070563442532227,0.014614914364080208,-0.028437542524491256,0.003028957873965411,-0.0004625282537731312,-0.050881002612850904,-0.04702213165349409,-0.043037372390786525,-0.06333360130671331,-0.04264812350010088,-0.08570058038867234,-0.05423407999021568,-0.05041847435907777,-0.046559603399720956,-0.042574844137013394,-0.06287107305294018,-0.04218559524632775,-0.08523805213489921,-0.05377155173644255,0.0038588709593568166,0.007843630222064383,-0.012452598693862407,0.008232879112750028,-0.03481957777582144,-0.003353077377364769,0.003984759262707567,-0.016311469653219224,0.004374008153393212,-0.038678448735178256,-0.007211948336721586,-0.020296228915926792,0.0003892488906856446,-0.04266320799788582,-0.011196707599429152,0.020685477806612434,-0.02236697908195903,0.009099521316497638,-0.04305245688857146,-0.011585956490114797,0.031466500398456665
"Tue, 16 Jul 2024 00:00:00 GMT",29.5,140.87,941.6,110.53,333.14,125.44,38.9,50.05,41.2,78.59,0.013652089168327263,-0.0036845503315335207,-0.009365521982747345,0.0018111025506493243,0.009015725408381406,-0.021139768138859715,0.005930145005194733,-0.0019960086467149273,0.02581581596271013,0.005998358869605254,0.017336639499860782,0.023017611151074608,0.011840986617677938,0.004636363759945857,0.03479185730718698,0.00772194416313253,0.01564809781504219,-0.012163726794382866,0.007653730298722009,0.005680971651213824,-0.005495652882182845,-0.012700275739914927,0.017455217807326194,-0.009614695336728254,-0.0016885416848185933,-0.02950036629424365,-0.009682909201138774,-0.01117662453339667,-0.01838124739112875,0.01177424615611237,-0.015295666987942078,-0.007369513336032418,-0.035181337945457476,-0.015363880852352598,-0.0072046228577320815,0.02295087068950904,-0.004119042454545409,0.003807111197364252,-0.024004713412060806,-0.00418725631895593,0.03015549354724112,0.0030855804031866725,0.011011734055096332,-0.016800090554328725,0.003017366538776152,-0.02706991314405445,-0.019143759492144787,-0.046955584101569844,-0.02713812700846497,0.00792615365190966,-0.019885670957515394,-6.821386441052072e-05,-0.027811824609425058,-0.007994367516320182,0.019817457093104875
"Mon, 15 Jul 2024 00:00:00 GMT",29.1,141.39,950.46,110.33,330.15,128.12,38.67,50.15,40.15,78.12,0.00620477688688287,-0.004868249640110925,0.002169723737564053,-0.012340831302940343,-0.002057551635145927,0.0028138208342003085,-0.012591712043103795,-0.023256862164267235,-0.007691391346828766,-0.014235115821871872,0.011073026526993796,0.004035053149318816,0.01854560818982321,0.008262328522028796,0.003390956052682561,0.018796488929986664,0.029461639051150103,0.013896168233711636,0.020439892708754744,-0.0070379733776749775,0.007472581662829418,-0.002810698004964998,-0.0076820704743112336,0.0077234624029928695,0.01838861252415631,0.002823141706717841,0.009366866181760948,0.014510555040504396,0.00422727537270998,-0.0006440970966362556,0.014761435780667848,0.02542658590183129,0.00986111508439282,0.016404839559435926,-0.010283279667794416,-0.01515465213714065,0.00025088074016345156,0.010916030861326892,-0.004649439956111577,0.0018942845189315292,-0.004871372469346236,0.010534160407957868,0.021199310529121308,0.005633839711682839,0.012177564186725946,0.015405532877304104,0.026070682998467543,0.010505212181029074,0.01704893665607218,0.01066515012116344,-0.004900320696275029,0.0016434037787680777,-0.015565470817438469,-0.009021746342395363,0.006543724475043106
"Fri, 12 Jul 2024 00:00:00 GMT",28.92,142.08,948.4,111.7,330.83,127.76,39.16,51.33,40.46,79.24,0.009030974890538092,0.01624898276082303,0.015150034261612221,0.01080118511734748,0.01750258120518379,-0.00942631526954281,0.006661567037908936,0.0023405510977528485,-0.007142007947272289,0.016541921919787008,-0.00721800787028494,-0.006119059371074129,-0.0017702102268093885,-0.008471606314645698,0.0184572901600809,0.002369407852629156,0.006690423792785243,0.01617298283781038,-0.007510947029248916,0.0010989484992108105,0.005447797643475551,-0.0012535984443607581,0.02567529803036584,0.009587415722914095,0.013908431663070183,0.02339099070809532,-0.0002929391589639764,0.004348849144264741,-0.0023525469435715686,0.02457634953115503,0.008488467223703285,0.012809483163859372,0.022292042208884512,-0.0013918876581747869,-0.0067013960878363095,0.02022750038689029,0.004139618079438545,0.008460634019594631,0.01794319306461977,-0.005740736802439528,0.0269288964747266,0.010841014167274853,0.01516203010743094,0.024644589152456077,0.0009606592853967817,-0.016087882307451746,-0.011766866367295658,-0.0022843073222705203,-0.025968237189329817,0.004321015940156088,0.013803574985181224,-0.009880354881878071,0.009482559045025138,-0.014201370822034159,-0.0236839298670593
"Thu, 11 Jul 2024 00:00:00 GMT",28.66,139.79,934.14,110.5,325.09,128.97,38.9,51.21,40.75,77.94,0.010875392226264725,-0.020883497059884272,-0.0060194853889874635,0.005080758525293173,0.01057589175905804,0.01303331361293908,0.008778780882055713,0.0035211303985787394,-0.00903878146003792,0.0024407488512195956,0.031758889286149,0.01689487761525219,0.005794633700971552,0.0002995004672066842,-0.002157921386674354,0.002096611344209012,0.007354261827685986,0.019914173686302647,0.008434643375045129,-0.014864011670896808,-0.025964255585177447,-0.031459388818942315,-0.03391681067282335,-0.029662277941939985,-0.024404627458463012,-0.011844715599846352,-0.023324245911103866,-0.011100243914280637,-0.016595377148045504,-0.019052799001926544,-0.014798266271043177,-0.009540615787566202,0.0030192960710504566,-0.00846023424020706,-0.005495133233764868,-0.007952555087645906,-0.00369802235676254,0.0015596281267144336,0.014119539985331093,0.0026400096740735774,-0.0024574218538810384,0.0017971108770023277,0.0070547613604793015,0.019614673219095963,0.008135142907838445,0.004254532730883366,0.009512183214360339,0.022072095072977,0.010592564761719483,0.005257650483476974,0.017817562342093633,0.006338032030836117,0.01255991185861666,0.0010803815473591437,-0.011479530311257516
"Wed, 10 Jul 2024 00:00:00 GMT",28.35,142.74,939.78,109.94,321.67,127.3,38.56,51.03,41.12,77.75,0.02247285585205879,0.016315649562832386,0.007776653800654988,0.0156761701254592,0.018068812417261312,0.009947188674286874,-0.0010368067284402492,0.018991668734026804,0.006343031757433644,0.01398805348854052,0.006157206289226405,0.014696202051403803,0.006796685726599593,0.004404043434797479,0.012525667177771918,0.023509662580499042,0.003481187118031987,0.01612982409462515,0.00848480236351827,0.008538995762177398,0.0006394794373731881,-0.001753162854428926,0.006368460888545513,0.017352456291272637,-0.002676019171194418,0.009972617805398742,0.0023275960742918655,-0.00789951632480421,-0.010292158616606324,-0.0021705348736318856,0.008813460529095237,-0.011215014933371816,0.0014336220432213439,-0.006211399687885533,-0.002392642291802114,0.0057289814511723245,0.01671297685389945,-0.003315498608567606,0.009333138368025554,0.0016881166369186774,0.008121623742974439,0.019105619145701563,-0.000922856316765492,0.011725780659827668,0.0040807589287207915,0.010983995402727122,-0.00904448005973993,0.0036041569168532295,-0.004040864814253647,-0.020028475462467055,-0.007379838485873894,-0.01502486021698077,0.01264863697659316,0.0050036152454862835,-0.0076450217311068765
"Tue, 09 Jul 2024 00:00:00 GMT",27.72,140.43,932.5,108.23,315.91,126.04,38.6,50.07,40.86,76.67,-0.007547205635382966,-0.018624876998153718,0.01567176089748016,0.0015719638911353287,0.014186443827030588,0.0020649677737166134,-0.002845688118771513,-0.0033894958180898708,0.02152216653074884,-0.005981812375104701,0.011077671362770752,-0.023218966532863126,-0.009119169526518294,-0.021733649462413553,-0.009612173409099579,-0.004701517516611454,-0.004157709817293095,-0.029069372166131806,-0.001565393260278265,-0.03429663789563388,-0.020196840889289046,-0.03281132082518431,-0.02068984477187033,-0.015779188879382205,-0.015235381180063847,-0.040147043528902554,-0.012643064623049018,0.014099797006344832,0.0014853170704495714,0.013606793123763547,0.018517449016251672,0.01906125671557003,-0.00585040563326868,0.02165357327258486,-0.012614479935895258,-0.0004930038825812846,0.004417652009906842,0.004961459709225199,-0.01995020263961351,0.00755377626624003,0.012121476053313974,0.017032131945802102,0.01757593964512046,-0.0073357227037182515,0.02016825620213529,0.004910655892488127,0.005454463591806484,-0.019457198757032227,0.008046780148821315,0.0005438076993183579,-0.024367854649520352,0.0031361242563331883,-0.02491166234883871,0.0025923165570148304,0.02750397890585354
"Mon, 08 Jul 2024 00:00:00 GMT",27.93,143.07,918.0,108.06,311.46,125.78,38.71,50.24,39.99,77.13,-0.004287252011619924,0.004904718352588092,0.003743381159086565,-0.0006475785415259986,0.0018639334380627327,-0.00531262400061682,-0.003352678833567472,0.011611742079922728,0.008286299767077154,-0.002718976233243339,-0.009191970364208015,-0.00803063317070649,-0.003639673470093925,-0.0061511854496826565,0.0010253719889968963,-0.0009345731780524519,-0.01589899409154265,-0.012573551778697078,-0.001568275778376585,0.001161337193501527,0.005552296894114091,0.0030407849145253595,0.010217342353204912,0.008257397186155565,-0.0067070237273346356,-0.003381581414489062,0.0076236945858314305,0.0043909597006125635,0.0018794477210238325,0.009056005159703385,0.007096059992654037,-0.007868360920836162,-0.004542918607990588,0.006462357392329904,-0.0025115119795887314,0.004665045459090821,0.0027051002920414732,-0.012259320621448726,-0.008933878308603153,0.00207139769171734,0.007176557438679553,0.005216612271630205,-0.009747808641859996,-0.006422366329014421,0.004582909671306071,-0.001959945167049348,-0.016924366080539547,-0.013598923767693973,-0.0025936477673734813,-0.0149644209134902,-0.011638978600644626,-0.0006337026003241332,0.0033254423128455737,0.014330718313166067,0.011005276000320493
"Fri, 05 Jul 2024 00:00:00 GMT",28.05,142.37,914.57,108.13,310.88,126.45,38.84,49.66,39.66,77.34,0.012556218775412464,0.024891058914365542,0.01817258878449978,0.012563563885405577,0.004836690820611141,0.004756251534649276,0.009831903262490492,0.016240714250426107,0.0050556224971806014,0.007006646025524582,-0.012334840138953078,-0.005616370009087317,-7.345109993112456e-06,0.007719527954801323,0.0077999672407631886,0.002724315512921972,-0.0036844954750136424,0.007500596278231863,0.005549572749887883,0.006718470129865761,0.012327495028959965,0.020054368093754403,0.020134807379716266,0.01505915565187505,0.008650344663939435,0.01983543641718494,0.01788441288884096,0.005609024899094204,0.01333589796388864,0.013416337249850505,0.008340685522009289,0.0019318745340736743,0.01311696628731918,0.0111659427589752,0.007726873064794436,0.007807312350756301,0.0027316606229150844,-0.00367715036502053,0.007507941388224975,0.005556917859880995,8.043928596186516e-05,-0.004995212441879351,-0.011404023429814966,-0.0002189316765694605,-0.0021699552049134407,-0.005075651727841217,-0.011484462715776831,-0.00029937096253132567,-0.002250394490875306,-0.006408810987935614,0.004776280765309891,0.0028252572369659107,0.011185091753245505,0.009234068224901526,-0.0019510235283439802
"Wed, 03 Jul 2024 00:00:00 GMT",27.7,138.87,898.1,106.78,309.38,125.85,38.46,48.86,39.46,76.8,-0.004682162344506608,-0.02916651662741685,-0.00954124292057388,0.003189196962551777,-0.004482793929601447,-0.014749646265256397,0.006521478701825022,0.006570865531139048,-0.024779142910031426,-0.0024709031363316465,0.024484354282910244,0.004859080576067271,-0.007871359307058385,-0.00019936841490516156,0.010067483920749788,-0.01120364104633163,-0.011253027875645655,0.02009698056552482,-0.002211259208174962,-0.01962527370684297,-0.03235571358996863,-0.024683722697815404,-0.014416870362160454,-0.03568799532924187,-0.0357373821585559,-0.004387373717385425,-0.026695613491085204,-0.012730439883125656,-0.005058448990972433,0.005208403344682517,-0.016062721622398902,-0.016112108451712927,0.015237899989457546,-0.007070339784242233,0.007671990892153224,0.017938843227808175,-0.0033322817392732454,-0.003381668568587271,0.027968339872583202,0.0056601000988834235,0.01026685233565495,-0.011004272631426469,-0.011053659460740495,0.02029634898042998,-0.0020118907932698002,-0.021271124967081417,-0.021320511796395443,0.010029496644775029,-0.012278743128924751,-4.938682931402566e-05,0.03130062161185645,0.00899238183815667,0.031350008441170474,0.009041768667470695,-0.02230823977369978
"Tue, 02 Jul 2024 00:00:00 GMT",27.83,142.98,906.71,106.44,310.77,127.72,38.21,48.54,40.45,76.99,-0.01391637088686855,-0.01692134688320499,-0.008412639945965483,-0.0009390553793647453,-0.0007719772650101414,-0.0014083407382158323,-0.004439229120745292,-0.021401000202587256,-0.020795856462486256,-0.012263756620604962,0.0030049759963364387,-0.005503730940903067,-0.012977315507503804,-0.01314439362185841,-0.012508030148652718,-0.009477141766123258,0.007484629315718706,0.006879485575617706,-0.0016526142662635877,-0.008508706937239506,-0.015982291503840243,-0.016149369618194846,-0.015513006144989155,-0.012482117762459697,0.004479653319382267,0.003874509579281267,-0.0046575902626000264,-0.007473584566600737,-0.007640662680955341,-0.00700429920774965,-0.003973410825220191,0.012988360256621773,0.012383216516520773,0.0038511166746394796,-0.00016707811435460389,0.00046928535885108703,0.0035001737413805465,0.02046194482322251,0.01985680108312151,0.011324701241240217,0.0006363634732056909,0.00366725185573515,0.020629022937577114,0.020023879197476113,0.011491779355594822,0.0030308883825294593,0.019992659464371423,0.019387515724270422,0.01085541588238913,0.016961771081841964,0.016356627341740964,0.00782452749985967,-0.0006051437401010003,-0.009137243581982294,-0.008532099841881293
"Mon, 01 Jul 2024 00:00:00 GMT",28.22,145.42,914.37,106.54,311.01,127.9,38.38,49.59,41.3,77.94,0.008540977187332682,0.018601313678989304,0.009880558469683519,0.0007511737442417876,-0.004619390371960223,0.032581348334301256,-0.003121750714184644,0.02181311642519308,-0.005553557675675203,-0.0006413134318434528,-0.010060336491656621,-0.0013395812823508366,0.007789803443090894,0.013160367559292906,-0.024040371146968574,0.011662727901517327,-0.013272139237860397,0.014094534863007886,0.009182290619176135,0.008720755209305785,0.017850139934747516,0.023220704050949528,-0.013980034655311953,0.02172306439317395,-0.0032118027462037756,0.024154871354664507,0.019242627110832758,0.009129384725441732,0.014499948841643743,-0.022700789864617738,0.013002309183868164,-0.01193255795550956,0.015434116145358723,0.010521871901526971,0.005370564116202011,-0.03183017459005947,0.0038729244584264316,-0.021061942680951292,0.006304731419916991,0.0013924871760852406,-0.03720073870626148,-0.001497639657775579,-0.026432506797153303,0.0009341673037149799,-0.0039780769401167706,0.0357030990484859,0.010768231909108177,0.03813490600997646,0.03322266176614471,-0.024934867139377724,0.002431806961490559,-0.0024804372823411915,0.027366674100868283,0.022454429857036533,-0.0049122442438317504
"Fri, 28 Jun 2024 00:00:00 GMT",27.98,142.74,905.38,106.46,312.45,123.8,38.5,48.52,41.53,77.99,0.006453948540743738,-0.012185507462598557,-0.0040343525359935635,-0.0008450308000148945,-0.003960780723386441,-0.04748151535482675,-0.0036297680505787237,0.009109793848897233,0.00048169557771477275,-0.0024332470224022688,0.018639456003342294,0.010488301076737302,0.007298979340758633,0.010414729264130179,0.05393546389557049,0.010083716591322463,-0.0026558453081534953,0.0059722529630289655,0.008887195563146006,-0.008151154926604993,-0.011340476662583662,-0.008224726739212117,0.0352960078922282,-0.008555739412019833,-0.02129530131149579,-0.01266720304031333,-0.009752260440196288,-0.003189321735978669,-7.357181260712279e-05,0.04344716281883319,-0.00040458448541483977,-0.013144146384890797,-0.004516048113708336,-0.0016011055135912947,0.003115749923371546,0.04663648455481186,0.002784737250563829,-0.009954824648912128,-0.0013267263777296673,0.0015882162223873743,0.043520734631440315,-0.000331012672807717,-0.013070574572283673,-0.004442476301101213,-0.001527533700984172,-0.043851747304248026,-0.05659130920372399,-0.04796321093254153,-0.045048268332424486,-0.012739561899475957,-0.004111463628293496,-0.001196521028176455,0.008628098271182461,0.011543040871299502,0.0029149426001170414
"Thu, 27 Jun 2024 00:00:00 GMT",27.8,144.49,909.04,106.55,313.69,129.82,38.64,48.08,41.51,78.18,0.013763346562422916,0.005691297982892437,0.008595313371735592,-0.0048684676255525,0.0027772918523817076,-0.012857976012496759,-0.005934735519814466,-0.005186195630040576,-0.023569713865423843,-0.011446137937607286,0.00807204857953048,0.005168033190687324,0.018631814187975416,0.010986054710041208,0.026621322574919677,0.019698082082237382,0.018949542192463493,0.03733306042784676,0.025209484500030202,-0.002904015388843155,0.010559765608444937,0.0029140061305107296,0.018549273995389196,0.011626033502706903,0.010877493612933014,0.029261011848316282,0.017137435920499725,0.013463780997288092,0.005818021519353884,0.02145328938423235,0.014530048891550058,0.013781509001776169,0.03216502723715944,0.02004145130934288,-0.007645759477934208,0.007989508386944259,0.0010662678942619658,0.00031772800448807634,0.018701246239871343,0.0065776703120547855,0.015635267864878465,0.008712027372196174,0.007963487482422284,0.02634700571780555,0.014223429789988994,-0.006923240492682293,-0.007671780382456183,0.010711737852927084,-0.0014118380748894734,-0.0007485398897738894,0.017634978345609377,0.00551140241779282,0.018383518235383266,0.006259942307566709,-0.012123575927816557
"Wed, 26 Jun 2024 00:00:00 GMT",27.42,143.67,901.26,107.07,312.82,131.5,38.87,48.33,42.5,79.08,-0.020574629393193686,-0.022301151359708022,-0.00371012735439525,-0.0027979872758655882,-0.020534472493465558,-0.010740591868574241,-0.03637683226494271,-0.03616810311464055,0.007320849794123937,-0.008436743362537826,0.0017265219665143355,-0.016864502038798437,-0.017776642117328097,-4.015689972812833e-05,-0.009834037524619445,0.015802202871749025,0.01559347372144686,-0.027895479187317624,-0.01213788603065586,-0.018591024005312772,-0.019503164083842433,-0.0017666788662424639,-0.011560559491133781,0.01407568090523469,0.013866951754932525,-0.02962200115383196,-0.013864407997170196,-0.0009121400785296616,0.01682434513907031,0.007030464514178991,0.03266670491054746,0.0324579757602453,-0.011030977148519187,0.004726616008142576,0.01773648521759997,0.007942604592708652,0.03357884498907712,0.03337011583877496,-0.010118837069989525,0.005638756086672238,-0.009793880624891317,0.015842359771477153,0.01563363062117499,-0.027855322287589496,-0.012097729130927732,0.02563624039636847,0.025427511246066306,-0.01806144166269818,-0.002303848506036415,-0.00020872915030216432,-0.04369768205906665,-0.027940088902404885,-0.043488952908764485,-0.02773135975210272,0.015757593156661764
"Tue, 25 Jun 2024 00:00:00 GMT",27.99,146.91,904.61,107.37,319.31,132.92,40.31,50.11,42.19,79.75,-0.013132398136564636,0.03202320730208131,0.016158860997905113,0.00391937791762957,0.0036394480607599184,-0.00030088762074471974,-0.005936203432347368,0.023012723257407237,-0.000947642809604829,0.0047762785621697995,-0.04515560543864595,-0.029291259134469748,-0.017051776054194206,-0.016771846197324556,-0.012831510515819917,-0.007196194704217268,-0.03614512139397187,-0.012184755326959807,-0.017908676698734437,0.015864346304176196,0.028103829384451738,0.02838375924132139,0.03232409492282603,0.03795941073442868,0.009010484044674073,0.032970850111686135,0.02724692873991151,0.012239483080275542,0.012519412937145195,0.016459748618649832,0.02209506443025248,-0.006853862259502123,0.017106503807509943,0.011382582435735315,0.000279929856869652,0.00422026553837429,0.009855581349976938,-0.019093345339777665,0.004867020727234399,-0.0008569006445402292,0.003940335681504638,0.009575651493107287,-0.01937327519664732,0.0045870908703647476,-0.0011368305014098812,0.005635315811602648,-0.023313610878151956,0.0006467551888601092,-0.00507716618291452,-0.028948926689754604,-0.004988560622742539,-0.010712481994517168,0.023960366067012066,0.018236444695237438,-0.005723921371774628
"Mon, 24 Jun 2024 00:00:00 GMT",28.36,142.28,890.11,106.95,318.15,132.96,40.55,48.97,42.23,79.37,0.022104286777241272,0.0022516193019587734,0.00702374377760408,0.01630803922575344,0.03190384106904016,0.01699069999544527,0.0017277555822117856,0.03660213115603063,0.0071293077631809235,0.006192752808404384,0.0198526674752825,0.015080542999637191,0.005796247551487832,-0.009799554291798886,0.005113586781796003,0.020376531195029485,-0.014497844378789357,0.01497497901406035,0.015911533968836888,-0.004772124475645307,-0.014056419923794666,-0.029652221767081384,-0.014739080693486496,0.0005238637197469878,-0.034350511854071855,-0.0048776884612221506,-0.003941133506445611,-0.00928429544814936,-0.024880097291436077,-0.009966956217841189,0.005295988195392294,-0.029578387378426548,-0.00010556398557684359,0.0008309909691996955,-0.015595801843286718,-0.0006826607696918292,0.014580283643541655,-0.02029409193027719,0.009178731462572517,0.010115286417349056,0.014913141073594888,0.03017608548682837,-0.004698290086990471,0.024774533305859235,0.025711088260635773,0.015262944413233484,-0.01961143116058536,0.009861392232264347,0.010797947187040885,-0.034874375573818846,-0.005401552180969138,-0.004464997226192599,0.029472823392849706,0.030409378347626245,0.0009365549547765391
"Fri, 21 Jun 2024 00:00:00 GMT",27.74,141.96,883.88,105.22,308.16,130.72,40.48,47.21,41.93,78.88,0.0,0.006856361901026055,-0.0023843570427662135,-0.004929854504642932,-0.005598267189602056,0.008064869550900005,-0.006893183375313989,0.00765472587376407,0.021454360320157143,0.004065046248169372,-0.006856361901026055,0.0023843570427662135,0.004929854504642932,0.005598267189602056,-0.008064869550900005,0.006893183375313989,-0.00765472587376407,-0.021454360320157143,-0.004065046248169372,0.009240718943792268,0.011786216405668987,0.012454629090628111,-0.00120850764987395,0.013749545276340043,-0.000798363972738015,-0.014597998419131088,0.0027913156528566827,0.002545497461876718,0.0032139101468358425,-0.01044922659366622,0.004508826332547775,-0.010039082916530283,-0.023838717362923357,-0.006449403290935586,0.0006684126849591243,-0.012994724055542937,0.0019633288706710572,-0.012584580378407002,-0.026384214824800075,-0.008994900752812304,-0.013663136740502062,0.001294916185711933,-0.013252993063366126,-0.0270526275097592,-0.009663313437771428,0.014958052926213994,0.00041014367713593496,-0.013389490769257138,0.003999823302730633,-0.014547909249078058,-0.02834754369547113,-0.010958229623483362,-0.013799634446393073,0.0035896796255946977,0.01738931407198777
"Thu, 20 Jun 2024 00:00:00 GMT",27.74,140.99,885.99,105.74,309.89,129.67,40.76,46.85,41.04,78.56,0.011967504571990967,0.0013485221533275794,-0.006154904237253544,0.007594492548738365,0.012664974119538425,0.013040625693092528,-0.004650601944554461,-0.00786652297293557,0.0056200514447997665,0.001783667182024911,0.010618982418663388,0.01812240880924451,0.004373012023252602,-0.0006974695475474579,-0.0010731211211015609,0.01661810651654543,0.01983402754492654,0.006347453127191201,0.010183837389966055,0.0075034263905811235,-0.006245970395410786,-0.011316451966210846,-0.011692103539764949,0.005999124097882041,0.009215045126263149,-0.004271529291472187,-0.0004351450286973317,-0.01374939678599191,-0.01881987835679197,-0.019195529930346074,-0.0015043022926990827,0.0017116187356820255,-0.01177495568205331,-0.007938571419278456,-0.00507048157080006,-0.005446133144354163,0.012245094493292826,0.015461015521673935,0.0019744411039385986,0.005810825366713454,-0.00037565157355410293,0.017315576064092886,0.020531497092473996,0.0070449226747386585,0.010881306937513513,0.017691227637646988,0.020907148666028098,0.0074205742482927614,0.011256958511067616,0.0032159210283811083,-0.010270653389354227,-0.006434269126579372,-0.013486574417735337,-0.009650190154960481,0.0038363842627748557
"Tue, 18 Jun 2024 00:00:00 GMT",27.41,140.8,891.46,104.94,305.99,127.99,40.95,47.22,40.81,78.42,0.015812059535084685,0.0030586501777074095,0.007261623717804234,9.529708874606766e-05,0.008895950471745165,0.0038357712692195303,0.007107002098878115,-0.0014813249984175169,-0.003912942141065267,-0.011285227231042697,0.012753409357377276,0.00855043581728045,0.015716762446338618,0.0069161090633395195,0.011976288265865154,0.00870505743620657,0.017293384533502203,0.01972500167614995,0.027097286766127382,-0.004202973540096824,0.002963353088961342,-0.005837300294037756,-0.0007771210915121208,-0.004048351921170706,0.004539975176124926,0.006971592318772677,0.014343877408750106,0.007166326629058166,-0.0016343267539409316,0.0034258524485847033,0.00015462161892611844,0.00874294871622175,0.0111745658588695,0.01854685094884693,-0.008800653382999098,-0.0037404741804734627,-0.007011705010132047,0.0015766220871635845,0.004008239229811335,0.011380524319788764,0.005060179202525635,0.00178894837286705,0.010377275470162681,0.012808892612810433,0.020181177702787864,-0.003271230829658585,0.005317096267637047,0.007748713410284797,0.015120998500262228,0.008588327097295631,0.011019944239943381,0.018392229329920812,0.00243161714264775,0.009803902232625181,0.00737228508997743
"Mon, 17 Jun 2024 00:00:00 GMT",26.98,140.37,885.01,104.93,303.28,127.5,40.66,47.29,40.97,79.31,-0.020180468374906183,-0.015060206162470571,0.007439953568056308,-0.007500628566268769,0.015484609109561393,-0.015410064459562715,0.0002459722063809733,0.022237392697350162,-0.005598164796701141,-0.0035242327225297743,-0.005120262212435611,-0.027620421942962492,-0.012679839808637412,-0.035665077484467574,-0.004770403915343467,-0.020426440581287154,-0.04241786107225634,-0.01458230357820504,-0.016656235652376408,-0.02250015973052688,-0.007559577596201802,-0.030544815272031962,0.00034985829709214405,-0.015306178368851545,-0.03729759885982073,-0.00946204136576943,-0.011535973439940797,0.014940582134325076,-0.008044655541505085,0.022850018027619025,0.007193981361675334,-0.014797439129293854,0.013038118364757448,0.010964186290586082,-0.02298523767583016,0.007909435893293945,-0.007746600772649743,-0.029738021263618932,-0.0019024637695676284,-0.003976395843738995,0.030894673569124106,0.01523863690318042,-0.006752783587788769,0.021082773906262533,0.019008841832091165,-0.015656036665943687,-0.03764745715691288,-0.009811899662861574,-0.011885831737032941,-0.02199142049096919,0.0058441370030821145,0.0037702049289107475,0.027835557494051304,0.025761625419879936,-0.0020739320741713667
"Fri, 14 Jun 2024 00:00:00 GMT",27.53,142.5,878.45,105.72,298.62,129.48,40.65,46.25,41.2,79.59,-0.004349408813827804,7.017790100762292e-05,-0.005539865909069324,-0.0028336658235716063,0.00040192926586109245,0.0008499131282329329,-0.011252564915967447,-0.027299626667483912,-0.0067731270058457105,0.0007541478487140704,-0.004419586714835427,0.0011904570952415202,-0.0015157429902561974,-0.004751338079688896,-0.0051993219420607365,0.006903156102139644,0.02295021785365611,0.002423718192017907,-0.005103556662541874,0.005610043810076947,0.0029038437245792292,-0.0003317513648534695,-0.00077973522722531,0.01132274281697507,0.027369804568491536,0.0068433049068533335,-0.0006839699477064475,-0.0027062000854977176,-0.005941795174930416,-0.006389779037302257,0.0057126990068981235,0.021759760758414588,0.0012332610967763866,-0.006294013757783394,-0.0032355950894326986,-0.003683578951804539,0.008418899092395841,0.024465960843912306,0.003939461182274104,-0.003587813672285677,-0.0004479838623718405,0.01165449418182854,0.027701555933345005,0.007175056271706803,-0.00035221858285297797,0.012102478044200381,0.028149539795716844,0.007623040134078643,9.576527951886253e-05,0.016047061751516465,-0.004479437910121737,-0.012006712764681517,-0.020526499661638203,-0.028053774516197984,-0.007527274854559781
"Thu, 13 Jun 2024 00:00:00 GMT",27.65,142.49,883.33,106.02,298.5,129.37,41.11,47.53,41.48,79.53,-0.00036159826826841294,-0.005389339378607627,0.018313919029722608,0.004442981265330455,-0.008606077333674363,-0.0004306099100943538,0.0,-0.01896482805897333,-0.007081975369933329,-0.006766943115498491,0.005027741110339214,-0.01867551729799102,-0.004804579533598868,0.00824447906540595,6.901164182594087e-05,-0.00036159826826841294,0.018603229790704917,0.006720377101664916,0.006405344847230078,-0.023703258408330236,-0.009832320643938082,0.0032167379550667357,-0.004958729468513274,-0.005389339378607627,0.013575488680365701,0.0016926359913257017,0.0013776037368908641,0.013870937764392154,0.02691999636339697,0.01874452893981696,0.018313919029722608,0.03727874708869594,0.025395894399655936,0.025080862145221098,0.013049058599004817,0.004873591175424808,0.004442981265330455,0.023407809324303783,0.011524956635263784,0.011209924380828946,-0.008175467423580008,-0.008606077333674363,0.010358750725298967,-0.001524101963741034,-0.0018391342181758715,-0.0004306099100943538,0.018534218148878977,0.006651365459838975,0.006336333205404138,0.01896482805897333,0.007081975369933329,0.006766943115498491,-0.011882852689040001,-0.012197884943474839,-0.0003150322544348376
"Wed, 12 Jun 2024 00:00:00 GMT",27.66,143.26,867.3,105.55,301.08,129.42572,41.11,48.44,41.774803,80.07,-0.01328803894008483,0.010314071436838662,0.0017079029262312244,0.009902013687917217,0.0012629201718478344,-0.012517358023536153,0.0012169893189995663,-0.0014440435722336913,-0.014280970856903132,0.010546237107391705,-0.02360211037692349,-0.014995941866316054,-0.02319005262800205,-0.014550959111932663,-0.0007706809165486765,-0.014505028259084396,-0.011843995367851138,0.0009929319168183025,-0.023834276047476535,0.008606168510607437,0.00041205774892144435,0.009051151264990828,0.022831429460374815,0.009097082117839096,0.011758115009072354,0.024595042293741792,-0.0002321656705530431,-0.008194110761685993,0.00044498275438339,0.014225260949767378,0.0004909136072316581,0.0031519464984649157,0.015988873783134357,-0.00883833418116048,0.008639093516069382,0.02241937171145337,0.008685024368917651,0.01134605726015091,0.02418298454482035,-0.0006442234194744875,0.013780278195383987,4.593085284826815e-05,0.0027069637440815257,0.015543891028750968,-0.009283316935543871,-0.01373434734253572,-0.011073314451302461,0.001763612833366979,-0.023063595130927858,0.0026610328912332576,0.015497960175902699,-0.009329247788392139,0.01283692728466944,-0.011990280679625397,-0.024827207964294835
"Tue, 11 Jun 2024 00:00:00 GMT",28.03,141.79,865.82,104.51,300.7,131.05597,41.06,48.51,42.375668,79.23,-0.001426025197094139,-0.012893458694264788,0.0009475278322994482,-0.00847987550084961,-0.013280232175865327,0.0026582736991816324,-0.005585928307211235,-0.007189103572469226,0.010515364853965642,-0.01229318040168248,0.01146743349717065,-0.002373553029393587,0.007053850303755471,0.011854206978771188,-0.004084298896275772,0.004159903110117096,0.005763078375375087,-0.011941390051059781,0.010867155204588341,-0.013840986526564236,-0.004413583193415178,0.00038677348160053894,-0.01555173239344642,-0.007307530387053553,-0.005704355121795562,-0.02340882354823043,-0.0006002782925823083,0.009427403333149058,0.014227760008164775,-0.0017107458668821842,0.006533456139510683,0.008136631404768675,-0.009567837021666194,0.013240708233981928,0.004800356675015717,-0.011138149200031242,-0.0028939471936383744,-0.0012907719283803834,-0.01899524035481525,0.00381330490083287,-0.01593850587504696,-0.007694303868654092,-0.006091128603396101,-0.02379559702983097,-0.0009870517741828472,0.008244202006392868,0.009847377271650859,-0.00785709115478401,0.014951454100864112,0.001603175265257991,-0.016101293161176877,0.0067072520944712445,-0.017704468426434868,0.0051040768292132535,0.02280854525564812
"Mon, 10 Jun 2024 00:00:00 GMT",28.07,143.63,865.0,105.4,304.72,130.70805,41.29,48.86,41.932407,80.21,-0.018005782127930175,0.005235431315542434,0.01750492222260421,0.000664357258811515,-0.0009840260576889335,0.006255714450789195,0.0019393945472728897,-0.0024529856944272596,0.025938457570304045,0.0023715919497441767,-0.02324121344347261,-0.03551070435053438,-0.01867013938674169,-0.017021756070241242,-0.02426149657871937,-0.019945176675203066,-0.015552796433502915,-0.043944239698234216,-0.02037737407767435,-0.012269490907061774,0.004571074056730919,0.006219457373231367,-0.0010202831352467611,0.003296036768269544,0.007688417009969693,-0.02070302625476161,0.002863839365798257,0.016840564963792694,0.01848894828029314,0.011249207771815014,0.01556552767533132,0.01995790791703147,-0.008433535347699837,0.015133330272860032,0.0016483833165004485,-0.00559135719197768,-0.0012750372884613747,0.0031173429532387747,-0.02527410031149253,-0.0017072346909326615,-0.007239740508478128,-0.002923420604961823,0.001468959636738326,-0.026922483627992978,-0.00335561800743311,0.004316319903516305,0.008708700145216455,-0.019682743119514852,0.0038841225010450182,0.004392380241700149,-0.023999063023031154,-0.00043219740247128703,-0.028391443264731305,-0.004824577644171437,0.023566865620559867
"Fri, 07 Jun 2024 00:00:00 GMT",28.58,142.88,849.99,105.33,305.02,129.89293,41.21,48.98,40.85873,80.02,-0.007668214640178982,0.003365118150313555,0.015054098720812058,-0.007566478925280559,-0.0021941683247451885,0.0011486048596226542,-0.007975873097240242,-0.010762617849309994,0.014570351733030163,-0.010071580316664048,-0.011033332790492538,-0.02272231336099104,-0.00010173571489842295,-0.0054740463154337934,-0.008816819499801636,0.0003076584570612592,0.003094403209131012,-0.022238566373209145,0.002403365676485065,-0.011688980570498502,0.010931597075594114,0.005559286475058743,0.002216513290690901,0.011340991247553797,0.01412773599962355,-0.011205233582716608,0.013436698466977603,0.022620577646092616,0.017248267045557247,0.013905493861189404,0.0230299718180523,0.02581671657012205,0.00048374698778189465,0.025125679037476104,-0.005372310600535371,-0.008715083784903214,0.00040939417195968216,0.003196138924029435,-0.02213683065831072,0.002505101391383488,-0.0033427731843678424,0.005781704772495053,0.008568449524564805,-0.016764520057775352,0.007877411991918859,0.009124477956862895,0.011911222708932648,-0.01342174687340751,0.011220185176286701,0.0027867447520697527,-0.022546224830270405,0.002095707219423806,-0.02533296958234016,-0.0006910375326459467,0.024641932049694212
"Thu, 06 Jun 2024 00:00:00 GMT",28.8,142.4,837.29,106.13,305.69,129.74382,41.54,49.51,40.26772,80.83,-0.025708356710206923,0.009880108599707237,0.006626548318748349,0.007281700338705454,-0.005513250626383032,0.00823178966522477,-0.010298258897533203,0.007704823192774735,-0.008767661514244513,0.006329527802333954,-0.03558846530991416,-0.03233490502895527,-0.03299005704891238,-0.02019510608382389,-0.03394014637543169,-0.01541009781267372,-0.033413179902981656,-0.01694069519596241,-0.03203788451254087,0.003253560280958888,0.0025984082610017835,0.01539335922609027,0.0016483189344824681,0.02017836749724044,0.0021752854069325023,0.018647770113951752,0.003550580797373283,-0.0006551520199571045,0.012139798945131381,-0.00160524134647642,0.016924807216281552,-0.0010782748740263857,0.015394209832992861,0.000297020516414395,0.012794950965088486,-0.0009500893265193154,0.017579959236238656,-0.0004231228540692812,0.016049361852949966,0.0009521725363714996,-0.0137450402916078,0.004785008271150171,-0.013218073819157766,0.0032544108878614806,-0.011842778428716987,0.018530048562757973,0.0005269664724500342,0.016999451179469282,0.001902261862890815,-0.01800308209030794,-0.0015305973832886906,-0.016627786699867156,0.016472484707019248,0.0013752953904407807,-0.015097189316578467
"Wed, 05 Jun 2024 00:00:00 GMT",29.55,141.0,831.76,105.36,307.38,128.68018,41.97,49.13,40.622326,80.32,0.0020325210249224307,0.007689059667821837,-0.000997386449731899,0.00418490243635273,3.253355022656995e-05,0.005732899777038404,0.014882655875799167,-0.0016270086973299597,-0.012290781169215838,0.003742052514330086,-0.0056565386428994065,0.00302990747465433,-0.002152381411430299,0.0019999874746958607,-0.003700378752115973,-0.012850134850876736,0.0036595297222523906,0.01432330219413827,-0.0017095314894076553,0.008686446117553736,0.003504157231469107,0.007656526117595267,0.001956159890783433,-0.007193596207977331,0.009316068365151796,0.019979840837037674,0.003947007153491751,-0.005182288886084629,-0.001029919999958469,-0.0067302862267703024,-0.015880042325531068,0.0006296222475980608,0.01129339471948394,-0.004739438964061985,0.00415236888612616,-0.0015479973406856739,-0.010697753439446438,0.005811911133682689,0.01647568360556857,0.00044284992202264393,-0.005700366226811834,-0.014850122325572597,0.0016595422475565297,0.012323314719442409,-0.003709518964103516,-0.009149756098760764,0.007359908474368363,0.018023680946254242,0.001990847262708318,0.016509664573129128,0.027173437045015007,0.011140603361469081,0.010663772471885878,-0.005369061211660046,-0.016032833683545925
"Tue, 04 Jun 2024 00:00:00 GMT",29.49,139.92,832.59,104.92,307.37,127.94458,41.35,49.21,41.124687,80.02,0.006122468104383829,0.031213973454650455,0.0015987021465554768,0.02080198275699015,-0.00016265716784676163,0.002255705240417435,0.011431475574251223,-0.0008125127402110134,-0.00047898921673100026,0.01295534125276132,-0.025091505350266628,0.004523765957828352,-0.014679514652606323,0.00628512527223059,0.003866762863966394,-0.005309007469867394,0.006934980844594842,0.006601457321114829,-0.006832873148377491,0.02961527130809498,0.010411990697660304,0.031376630622497216,0.02895826821423302,0.019782497880399232,0.03202648619486147,0.031692962671381456,0.018258632201889134,-0.019203280610434675,0.0017613593144022383,-0.0006570030938619581,-0.009832773427695746,0.00241121488676649,0.002077691363286477,-0.011356639106205843,0.020964639924836912,0.018546277516572715,0.009370507182738928,0.021614495497201163,0.02128097197372115,0.007846641504228832,-0.0024183624082641966,-0.011594132742097984,0.0006498555723642518,0.0003163320488842386,-0.01311799842060808,-0.009175770333833788,0.003068217980628448,0.002734694457148435,-0.010699636012343885,0.012243988314462237,0.011910464790982223,-0.0015238656785100963,-0.00033352352348001315,-0.013767853992972333,-0.01343433046949232
"Mon, 03 Jun 2024 00:00:00 GMT",29.31,135.62,831.26,102.76,307.42,127.6563,40.88,49.25,41.14439,78.99,0.022426332322775137,0.002510152665371211,0.013223733505234403,-0.0035941560862947156,0.005120105108212173,0.022681653799395744,-0.09089732635742512,0.004477011954955942,0.01641358813131672,0.012356058097817185,0.019916179657403926,0.009202598817540734,0.026020488409069852,0.017306227214562965,-0.0002553214766206069,0.11332365868020025,0.017949320367819196,0.0060127441914584155,0.010070274224957952,-0.010713580839863191,0.006104308751665927,-0.0026099524428409623,-0.020171501134024532,0.09340747902279634,-0.001966859289584731,-0.01390343546594551,-0.009845905432445973,0.01681788959152912,0.00810362839702223,-0.009457920294161341,0.10412105986265952,0.00874672155027846,-0.0031898546260823186,0.0008676754074172181,-0.008714261194506889,-0.02627580988569046,0.08730317027113041,-0.008071168041250657,-0.020007744217611437,-0.0159502141841119,-0.017561548691183572,0.09601743146563729,0.0006430931532562315,-0.011293483023104548,-0.007235952989605011,0.11357898015682086,0.018204641844439803,0.006268065668079022,0.010325595701578559,-0.09537433831238105,-0.10731091448874183,-0.1032533844552423,-0.01193657617636078,-0.007879046142861243,0.004057530033499537
"Fri, 31 May 2024 00:00:00 GMT",28.66,135.28,820.34,103.13,305.85,124.793434,44.77,49.03,40.474575,78.02,0.016180444455957965,0.01850246754799135,0.006457158304684296,0.02384452860346103,0.01598452093969821,0.008077784628574341,0.01689419615455852,0.024779297970936483,0.020654781308074625,0.016151265238703368,-0.002322023092033384,0.009723286151273668,-0.007664084147503067,0.00019592351625975432,0.008102659827383623,-0.0007137516986005545,-0.008598853514978518,-0.004474336852116661,2.9179217254596962e-05,0.012045309243307052,-0.005342061055469683,0.002517946608293138,0.010424682919417007,0.0016082713934328294,-0.006276830422945134,-0.002152313760083277,0.002351202309287981,-0.017387370298776735,-0.009527362635013914,-0.001620626323890045,-0.010437037849874223,-0.018322139666252187,-0.01419762300339033,-0.009694106934019071,0.007860007663762821,0.015766743974886692,0.006950332448902512,-0.0009347693674754513,0.003189747295386406,0.007693263364757664,0.007906736311123869,-0.0009096752148603088,-0.008794777031238273,-0.004670260368376415,-0.00016674429900515736,-0.008816411525984178,-0.01670151334236214,-0.012576996679500284,-0.008073480610129026,-0.007885101816377964,-0.0037605851535161064,0.0007429309158551514,0.004124516662861857,0.008628032732233115,0.004503516069371258
"Thu, 30 May 2024 00:00:00 GMT",28.2,132.8,815.06,100.7,301.0,123.78944,44.02,47.83,39.647156,76.77,0.013566791448771046,0.0009040229634817607,0.004340375314937802,0.013396181539347926,0.01550159102438334,-0.010941267712306493,-0.005889031742120459,0.005450747248015479,0.0,0.009028520602672322,0.012662768485289286,0.009226416133833244,0.00017060990942312053,-0.0019347995756122931,0.02450805916107754,0.019455823190891505,0.008116044200755568,0.013566791448771046,0.004538270846098725,-0.0034363523514560415,-0.012492158575866165,-0.014597568060901579,0.011845290675788253,0.00679305470560222,-0.004546724284533719,0.0009040229634817607,-0.008124497639190561,-0.009055806224410124,-0.011161215709445537,0.015281643027244295,0.01022940705705826,-0.0011103719330776774,0.004340375314937802,-0.00468814528773452,-0.0021054094850354137,0.024337449251654417,0.019285213281468386,0.007945434291332445,0.013396181539347926,0.004367660936675604,0.026442858736689834,0.0213906227665038,0.01005084377636786,0.01550159102438334,0.006473070421711018,-0.0050522359701860335,-0.01639201496032197,-0.010941267712306493,-0.019969788314978816,-0.011339778990135939,-0.005889031742120459,-0.014917552344792782,0.005450747248015479,-0.0035777733546568423,-0.009028520602672322
"Wed, 29 May 2024 00:00:00 GMT",27.82,132.68,811.53,99.36,296.37,125.15129,44.28,47.57,39.647156,76.08,-0.017106618153895144,-0.010496422654921305,0.004532578666189464,-0.0032154368539744657,-0.012806933794125279,-0.0015080277812108468,0.0009037506263566791,-0.007747918562048109,-0.005944991021251736,-0.007072721035368108,-0.006610195498973839,-0.021639196820084607,-0.013891181299920678,-0.004299684359769865,-0.015598590372684297,-0.018010368780251824,-0.009358699591847035,-0.011161627132643407,-0.010033897118527035,-0.015029001321110768,-0.007280985800946839,0.002310511139203974,-0.008988394873710458,-0.011400173281277983,-0.002748504092873196,-0.004551431633669569,-0.0034237016195531964,0.00774801552016393,0.017339512460314743,0.00604060644740031,0.0036288280398327844,0.012280497228237573,0.0104775696874412,0.011605299701557572,0.009591496940150813,-0.001707409072763619,-0.0041191874803311445,0.004532481708073643,0.00272955416727727,0.0038572841813936426,-0.011298906012914433,-0.013710684420481957,-0.00505901523207717,-0.006861942772873543,-0.005734212758757171,-0.002411778407567526,0.006239890780837263,0.004436963240040889,0.005564693254157262,0.008651669188404787,0.006848741647608415,0.007976471661724787,-0.0018029275407963731,-0.0006751975266800006,0.0011277300141163725
"Tue, 28 May 2024 00:00:00 GMT",28.3,134.08,807.86,99.68,300.19,125.340164,44.24,47.94,39.88356,76.62,-0.020287509375433513,-0.014512323405221671,0.0005324121490970417,-0.008491135378185648,-0.018646481869539617,-0.026607683319275523,-0.019696249975724042,-0.012437971292217059,-0.018353608032192943,-0.024749909877360674,-0.005775185970211842,-0.020819921524530556,-0.011796373997247865,-0.001641027505893896,0.00632017394384201,-0.0005912593997094706,-0.007849538083216454,-0.0019339013432405697,0.004462400501927161,-0.015044735554318713,-0.006021188027036023,0.004134158464317946,0.012095359914053852,0.005183926570502371,-0.0020743521130046124,0.003841284626971272,0.010237586472139003,0.00902354752728269,0.01917889401863666,0.027140095468372566,0.020228662124821085,0.0129703834413141,0.018886020181289986,0.025282322026457717,0.010155346491353969,0.018116547941089876,0.011205114597538394,0.0039468359140314106,0.009862472654007295,0.016258774499175024,0.007961201449735906,0.0010497681061844254,-0.006208510577322558,-0.0002928738373466737,0.006103428007821057,-0.0069114333435514805,-0.014169712027058464,-0.00825407528708258,-0.0018577734419148485,-0.007258278683506984,-0.001342641943531099,0.005053659901636632,0.0059156367399758845,0.012311938585143616,0.006396301845167731
"Fri, 24 May 2024 00:00:00 GMT",28.88,136.04,807.43,100.53,305.84,128.71994,45.12,48.54,40.622326,78.54,0.006600684031351872,0.003460848047696727,-0.0012624701530754027,-0.005752842685978959,-0.0021556659881087955,-0.0122804136790476,-0.0006646726731909514,-0.009432097812171289,-0.007248214625242519,0.004594188785054745,0.0031398359836551453,0.007863154184427274,0.01235352671733083,0.008756350019460669,0.01888109771039947,0.007265356704542824,0.01603278184352316,0.013848898656594392,0.0020064952462971273,0.00472331820077213,0.009213690733675686,0.005616514035805523,0.015741261726744327,0.004125520720887678,0.012892945859868016,0.010709062672939246,-0.001133340737358018,0.004490372532903556,0.0008931958350333927,0.011017943525972197,-0.0005977974798844514,0.008169627659095886,0.005985744472167116,-0.005856658938130148,-0.0035971766978701632,0.006527570993068641,-0.005088170012788007,0.0036792551261923302,0.0014953719392635598,-0.010347031471033705,0.010124747690938804,-0.001490993314917844,0.0072764318240624935,0.005092548637133723,-0.006749854773163541,-0.011615741005856649,-0.002848315866876311,-0.005032199053805081,-0.016874602464102346,0.008767425138980338,0.006583541952051567,-0.005258861458245697,-0.0021838831869287704,-0.014026286597226035,-0.011842403410297263
"Thu, 23 May 2024 00:00:00 GMT",28.69,135.57,808.45,101.11,306.5,130.31042,45.15,49.0,40.917835,78.18,-0.031225731336741315,0.01142445660089266,0.0068762062215819535,-0.008371546404606918,-0.009449502860955606,-7.63532198543048e-05,-0.013857034661426241,-0.027376911065519784,-0.019075447097133054,-0.00789913649902462,-0.04265018793763398,-0.038101937558323265,-0.022854184932134397,-0.02177622847578571,-0.03114937811688701,-0.017368696675315074,-0.0038488202712215307,-0.012150284239608261,-0.023326594837716694,0.004548250379310706,0.01979600300549958,0.020873959461848265,0.011500809820746964,0.0252814912623189,0.03880136766641244,0.030499903698025715,0.01932359309991728,0.015247752626188871,0.01632570908253756,0.006952559441436258,0.020733240883008194,0.03425311728710174,0.025951653318715007,0.014775342720606573,0.0010779564563486877,-0.008295193184752614,0.005485488256819323,0.019005364660912866,0.010703900692526136,-0.0004724099055822984,-0.009373149641101301,0.004407531800470635,0.017927408204564177,0.009625944236177448,-0.0015503663619309861,0.013780681441571936,0.027300557845665478,0.018999093877278748,0.007822783279170315,0.013519876404093543,0.005218412435706813,-0.005957898162401621,-0.00830146396838673,-0.019477774566495167,-0.011176310598108434
"Wed, 22 May 2024 00:00:00 GMT",29.6,134.03,802.91,101.96,309.41,130.32037,45.78,50.36,41.705853,78.8,0.03576722385863114,-0.008395606355683892,-0.0003237696780623767,-0.008593802889774137,-0.017429076697529966,0.0025968237135132297,0.029257405988370174,0.028397840199626868,0.001654733372889252,-0.00481074481415125,0.04416283021431503,0.03609099353669352,0.04436102674840528,0.053196300556161105,0.033170400145117906,0.006509817870260965,0.0073693836590042715,0.034112490485741886,0.04057796867278239,-0.008071836677621515,0.00019819653409024543,0.009033470341846074,-0.010992430069197121,-0.03765301234405406,-0.03679344655531076,-0.010050339728573145,-0.0035848615415326416,0.00827003321171176,0.01710530701946759,-0.0029205933915756065,-0.02958117566643255,-0.028721609877689243,-0.0019785030509516287,0.0044869751360888735,0.008835273807755829,-0.011190626603287367,-0.03785120887814431,-0.036991643089401005,-0.01024853626266339,-0.003783058075622887,-0.020025900411043195,-0.046686482685900144,-0.04582691689715683,-0.01908381007041922,-0.012618331883378716,-0.026660582274856945,-0.02580101648611364,0.0009420903406239776,0.00740756852766448,0.0008595657887433064,0.02760267261548092,0.03406815080252142,0.026743106826737615,0.033208585013778116,0.006465478187040502
"Tue, 21 May 2024 00:00:00 GMT",28.56,135.16,803.17,102.84,314.85,129.98239,44.46,48.95,41.636898,79.18,0.0010509722459750015,0.016787054412847828,0.025203843013550754,0.0,0.0009850808721722827,-0.0017573086698899347,-0.0029197101033348618,0.010886417466607061,-0.025459802357410345,0.026490767833115336,-0.015736082166872827,-0.024152870767575753,0.0010509722459750015,6.589137380271881e-05,0.002808280915864936,0.003970682349309864,-0.00983544522063206,0.026510774603385346,-0.025439795587140334,-0.008416788600702926,0.016787054412847828,0.015801973540675546,0.018544363082737762,0.01970676451618269,0.005900636946240767,0.042246856770258176,-0.009703713420267508,0.025203843013550754,0.024218762141378473,0.02696115168344069,0.028123553116885615,0.014317425546943693,0.0506636453709611,-0.0012869248195645812,-0.0009850808721722827,0.0017573086698899347,0.0029197101033348618,-0.010886417466607061,0.025459802357410345,-0.026490767833115336,0.0027423895420622176,0.0039047909755071447,-0.009901336594434778,0.026444883229582626,-0.025505686960943054,0.001162401433444927,-0.012643726136496995,0.02370249368752041,-0.02824807650300527,-0.013806127569941923,0.022540092254075484,-0.029410477936450196,0.03634621982401741,-0.015604350366508275,-0.05195057019052568
"Mon, 20 May 2024 00:00:00 GMT",28.53,132.91,783.18,102.84,314.54,130.21101,44.59,48.42,42.710575,77.11,-0.003848176867036271,0.007703965595447956,0.01697203978102387,0.0026288900783692374,0.006602789494418071,-0.0015258183570120687,-0.008708327891784197,-0.005149872335450457,-0.015333861120754896,0.002727097333270808,-0.011552142462484226,-0.02082021664806014,-0.006477066945405508,-0.010450966361454341,-0.002322358510024202,0.004860151024747926,0.0013016954684141862,0.011485684253718625,-0.006575274200307079,-0.009268074185575913,0.0050750755170787185,0.0011011761010298847,0.009229783952460024,0.016412293487232152,0.012853837930898414,0.02303782671620285,0.004976868262177148,0.014343149702654632,0.010369250286605798,0.018497858138035936,0.025680367672808065,0.022121912116474324,0.03230590090177876,0.01424494244775306,-0.003973899416048834,0.004154708435381306,0.011337217970153433,0.0077787624138196945,0.017962751199124133,-9.820725490157067e-05,0.00812860785143014,0.015311117386202267,0.011752661829868529,0.021936650615172967,0.003875692161147263,0.007182509534772128,0.0036240539784383884,0.013808042763742827,-0.004252915690282877,-0.00355845555633374,0.0066255332289706995,-0.011435425225055005,0.01018398878530444,-0.007876969668721265,-0.018060958454025704
"Fri, 17 May 2024 00:00:00 GMT",28.64,131.89,770.0,102.57,312.47,130.40984,44.98,48.67,43.37054,76.9,-0.00972905519811915,-0.008681593046878848,-0.0014534886279831975,-0.001169248890884063,-0.007174890072587714,0.0023658850524200096,0.0022256853167287203,-0.003077241119451034,-0.0018152529498567792,-0.0018188909782718722,-0.0010474621512403023,-0.008275566570135952,-0.008559806307235088,-0.0025541651255314357,-0.012094940250539159,-0.011954740514847871,-0.006651814078668116,-0.00791380224826237,-0.007910164219847278,-0.00722810441889565,-0.007512344155994785,-0.0015067029742911334,-0.011047478099298857,-0.010907278363607567,-0.005604351927427814,-0.006866340097022069,-0.006862702068606975,-0.0002842397370991345,0.0057214014446045165,-0.003819373680403207,-0.003679173944711918,0.0016237524914678363,0.0003617643218735817,0.0003654023502886747,0.006005641181703651,-0.0035351339433040726,-0.0033949342076127834,0.0019079922285669708,0.0006460040589727162,0.0006496420873878092,-0.009540775125007724,-0.009400575389316435,-0.0040976489531366804,-0.005359637122730935,-0.005355999094315842,0.00014019973569128928,0.005443126171871043,0.004181138002276789,0.004184776030691882,0.005302926436179754,0.004040938266585499,0.004044576295000593,-0.0012619881695942546,-0.0012583501411791616,3.6380284150930135e-06
"Thu, 16 May 2024 00:00:00 GMT",28.92,133.04,771.12,102.69,314.72,130.10167,44.88,48.82,43.44934,77.04,0.0034638067191879642,-0.012103248232462633,-0.020409657579396594,-0.005147891510377469,-0.0065557391447503485,-0.006473537526352709,-0.00984032850938504,-0.003884293956642037,-0.009925642641366231,0.0009090319436441296,0.015567054951650597,0.023873464298584557,0.008611698229565434,0.010019545863938313,0.009937344245540674,0.013304135228573004,0.007348100675830001,0.013389449360554195,0.0025547747755438346,0.008306409346933961,-0.006955356722085164,-0.005547509087712284,-0.005629710706109924,-0.002262919723077593,-0.008218954275820596,-0.002177605591096402,-0.013012280176106762,-0.015261766069019125,-0.013853918434646246,-0.013936120053043885,-0.010569329070011554,-0.016525363622754558,-0.010484014938030363,-0.021318689523040724,0.0014078476343728791,0.00132564601597524,0.004692436999007571,-0.0012635975537354325,0.004777751130988762,-0.006056923454021599,-8.220161839763915e-05,0.0032845893646346914,-0.0026714451881083116,0.0033699034966158826,-0.007464771088394478,0.0033667909830323306,-0.0025892435697106725,0.0034521051150135217,-0.007382569469996839,-0.005956034552743003,8.531413198119113e-05,-0.01074936045302917,0.006041348684724194,-0.004793325900286166,-0.01083467458501036
"Wed, 15 May 2024 00:00:00 GMT",28.82,134.66,787.02,103.22,316.79,130.94662,45.323814,49.01,43.88275,76.97,0.015384918839479456,0.013005639630741334,0.03141511485886553,-0.0008715441407729352,0.024206146761581886,0.023581121827729052,0.0008756184991330065,-0.00994831065318855,-0.0035850910182249358,-0.0009090319436441435,0.002379279208738122,-0.016030196019386073,0.016256462980252392,-0.00882122792210243,-0.008196202988249596,0.014509300340346448,0.025333229492668006,0.01897000985770439,0.0162939507831236,-0.018409475228124195,0.013877183771514269,-0.011200507130840552,-0.010575482196987718,0.012130021131608326,0.022953950283929884,0.016590730648966268,0.013914671574385477,0.032286658999638465,0.007208968097283643,0.007833993031136476,0.03053949635973252,0.041363425512054075,0.03500020587709046,0.032324146802509675,-0.025077690902354823,-0.02445266596850199,-0.0017471626399059416,0.009076766512415615,0.0027135468774520007,3.748780287120832e-05,0.0006250249338528337,0.02333052826244888,0.03415445741477044,0.02779123777980682,0.02511517870522603,0.022705503328596045,0.0335294324809176,0.02716621284595399,0.024490153771373195,0.010823929152321558,0.004460709517357942,0.00178465044277715,-0.0063632196349636145,-0.009039278709544407,-0.0026760590745807922
"Tue, 14 May 2024 00:00:00 GMT",28.38,132.92,762.68,103.31,309.2138,127.894875,45.284145,49.5,44.040356,77.04,-0.002111933203143613,0.0038442741347280403,0.00825406355747309,0.01021558720950085,0.009550535356039462,-0.00488468920037217,0.010789457628971112,-0.014241540471969545,-0.007797725039982768,-0.0050495349087620964,-0.005956207337871653,-0.010365996760616702,-0.012327520412644464,-0.011662468559183075,0.0027727559972285567,-0.012901390832114725,0.012129607268825933,0.005685791836839155,0.0029376017056184835,-0.004409789422745049,-0.00637131307477281,-0.005706261221311422,0.00872896333510021,-0.0069451834942430716,0.018085814606697587,0.011641999174710808,0.008893809043490138,-0.0019615236520277614,-0.0012964717985663732,0.013138752757845259,-0.0025353940714980226,0.022495604029442635,0.016051788597455856,0.013303598466235186,0.0006650518534613882,0.01510027640987302,-0.0005738704194702612,0.024457127681470396,0.018013312249483618,0.015265122118262947,0.014435224556411632,-0.0012389222729316494,0.023792075828009008,0.01734826039602223,0.014600070264801559,-0.01567414682934328,0.009356851271597376,0.0029130358396105985,0.00016484570838992685,0.025030998100940657,0.01858718266895388,0.01583899253773321,-0.006443815431986777,-0.009192005563207449,-0.0027481901312206717
"Mon, 13 May 2024 00:00:00 GMT",28.44,132.41,756.4107,102.26,306.2747,128.52113,44.79818,50.21,44.385113,77.43,0.015235015663022976,0.030597026985763272,-0.0030309223644478613,0.0015658644812333272,-0.005496260075923614,-0.005937854749693208,0.002216383591094689,0.01869589082134982,0.0026666750751227143,0.0032339462891594066,-0.015362011322740296,0.018265938027470837,0.013669151181789648,0.020731275738946592,0.021172870412716184,0.013018632071928287,-0.003460875158326845,0.012568340587900262,0.01200106937386357,0.033627949350211135,0.029031162504529945,0.036093287061686886,0.03653488173545648,0.028380643394668583,0.011901136164413451,0.02793035191064056,0.027363080696603866,-0.0045967868456811885,0.0024653377114757526,0.0029069323852453466,-0.00524730595554255,-0.021726813185797684,-0.005697597439570576,-0.006264868653607268,0.007062124557156942,0.0075037192309265355,-0.0006505191098613618,-0.017130026340116494,-0.0011008105938893871,-0.0016680818079260794,0.00044159467376959395,-0.007712643667018303,-0.024192150897273435,-0.008162935151046328,-0.00873020636508302,-0.008154238340787897,-0.02463374557104303,-0.008604529824815922,-0.009171801038852614,-0.016479507230255132,-0.00045029148402802536,-0.0010175626980647176,0.016029215746227107,0.015461944532190415,-0.0005672712140366923
"Fri, 10 May 2024 00:00:00 GMT",28.01,128.42,758.7068,102.1,307.9627,129.28654,44.699,49.28,44.26691,77.18,-0.006050917198516935,-0.0018671236169520357,-0.015082984524159723,0.018684741100382332,-0.008699793303292676,-0.0013063203637602634,0.008914761287317146,0.01204464903065483,0.004460344848165154,-0.005555928756574691,-0.004183793581564899,0.009032067325642788,-0.024735658298899267,0.0026488761047757416,-0.004744596834756672,-0.014965678485834081,-0.018095566229171765,-0.01051126204668209,-0.0004949884419422441,0.013215860907207687,-0.02055186471733437,0.006832669686340641,-0.0005608032531917724,-0.010781884904269182,-0.013911772647606867,-0.00632746846511719,0.0036888051396226553,-0.033767725624542055,-0.006383191220867047,-0.01377666416039946,-0.02399774581147687,-0.027127633554814554,-0.019543329372324877,-0.009527055767585033,0.02738453440367501,0.019991061464142597,0.009769979813065186,0.006640092069727502,0.014224396252217178,0.024240669856957022,-0.0073934729395324136,-0.017614554590609822,-0.020744442333947507,-0.01316013815145783,-0.0031438645467179857,-0.010221081651077409,-0.013350969394415093,-0.005766665211925417,0.004249608392814427,-0.0031298877433376844,0.004454416439151992,0.014470690043891836,0.007584304182489676,0.01760057778722952,0.010016273604739844
"Thu, 09 May 2024 00:00:00 GMT",28.18,128.66,770.2371,100.21,310.6536,129.45554,44.30229,48.69,44.069904,77.61,0.011779540097241116,0.015430108368892293,-0.0044616421611709456,0.0061058194796849785,0.017898830689075787,0.005235163347520767,0.011935638606162811,0.012968406028226005,0.02420658829431859,0.008280549319821424,-0.003650568271651177,0.016241182258412062,0.0056737206175561375,-0.006119290591834671,0.006544376749720349,-0.00015609850892169506,-0.001188865930984889,-0.012427048197077475,0.0034989907774196916,0.01989175053006324,0.009324288889207315,-0.002468722320183494,0.010194945021371526,0.003494469762729482,0.0024617023406662882,-0.008776479925426298,0.007149559049070869,-0.010567461640855924,-0.022360472850246733,-0.009696805508691713,-0.016397280767333756,-0.01743004818939695,-0.028668230455489538,-0.01274219148099237,-0.01179301120939081,0.0008706561321642119,-0.0058298191264778325,-0.006862586548541026,-0.018100768814633614,-0.002174729840136446,0.01266366734155502,0.005963192082912976,0.004930424660849782,-0.006307757605242804,0.009618281369254363,-0.006700475258642044,-0.007733242680705238,-0.018971424946797825,-0.003045385972300658,-0.0010327674220631938,-0.01227094968815578,0.0036550892863413866,-0.011238182266092587,0.0046878567084045804,0.015926038974497167
"Wed, 08 May 2024 00:00:00 GMT",27.85,126.69,773.6813,99.6,305.14273,128.77959,43.776657,48.062645,43.01593,76.97,0.01784488388572326,-0.00472479026838136,-0.003567748258771026,0.005335493605613595,0.023075059437393273,-0.0063862473656281825,-0.0002265334391132254,0.010635256143158654,-0.008436983471850892,0.008480708406195105,0.022569674154104623,0.021412632144494285,0.012509390280109667,-0.005230175551670012,0.024231131251351443,0.018071417324836487,0.007209627742564607,0.02628186735757415,0.009364175479528156,-0.0011570420096103343,-0.010060283873994956,-0.027799849705774635,0.0016614570972468224,-0.004498256829268135,-0.015360046411540014,0.003712193203469532,-0.013205498674576465,-0.00890324186438462,-0.026642807696164297,0.0028184991068571567,-0.0033412148196578003,-0.01420300440192968,0.004869235213079866,-0.012048456664966132,-0.01773956583177968,0.011721740971241778,0.00556202704472682,-0.005299762537545059,0.013772477077464488,-0.0031452148005815103,0.029461306803021454,0.0233015928765065,0.012439803294234619,0.03151204290924416,0.014594351031198168,-0.0061597139265149575,-0.017021503508786836,0.0020507361062227095,-0.014866955771823287,-0.01086178958227188,0.008210450032737666,-0.008707241845308331,0.019072239615009548,0.002154547736963549,-0.016917691878045996
"Tue, 07 May 2024 00:00:00 GMT",27.357428,127.29,776.44653,99.07,298.18216,129.60464,43.786575,47.554195,43.38039,76.32,-0.01394623477392586,0.021439601571571258,0.014361347529707266,0.013618096634194402,0.002734314018630166,0.021787989393780446,0.015982124483740662,0.004853371393038537,0.0031840346215154065,0.007364578262208075,-0.03538583634549712,-0.028307582303633123,-0.02756433140812026,-0.016680548792556024,-0.0357342241677063,-0.02992835925766652,-0.018799606166964397,-0.017130269395441267,-0.021310813036133934,0.007078254041863992,0.007821504937376857,0.018705287552941093,-0.00034838782220918824,0.005457477087830596,0.01658623017853272,0.01825556695005585,0.014075023309363183,0.0007432508955128644,0.0116270335110771,-0.0074266418640731805,-0.0016207769540333965,0.00950797613666873,0.01117731290819186,0.006996769267499191,0.010883782615564237,-0.008169892759586045,-0.002364027849546261,0.008764725241155864,0.010434062012678994,0.006253518371986327,-0.01905367537515028,-0.013247810465110497,-0.002119057374408371,-0.00044972060288524067,-0.004630264243577909,0.005805864910039784,0.01693461800074191,0.01860395477226504,0.014423411131572372,0.011128753090702125,0.012798089862225255,0.008617546221532588,0.0016693367715231305,-0.0025112068691695378,-0.004180543640692668
"Mon, 06 May 2024 00:00:00 GMT",27.741634,124.59,765.3754,97.73,297.36795,126.811356,43.092335,47.323956,43.242485,75.76,0.012506894489415405,0.012437569473707007,0.04223982023919312,0.004717957469395512,-0.038677344476920776,0.00047038395369207426,-0.0011501462386680004,0.006508078796032539,-0.002048084066936185,-0.007757582786818452,6.932501570839841e-05,-0.029732925749777716,0.007788937020019893,0.051184238966336185,0.01203651053572333,0.013657040728083405,0.005998815693382866,0.01455497855635159,0.020264477276233858,-0.029802250765486114,0.0077196120043114946,0.05111491395062778,0.011967185520014932,0.013587715712375006,0.005929490677674468,0.014485653540643191,0.02019515226052546,0.03752186276979761,0.0809171647161139,0.041769436285501046,0.04338996647786112,0.03573174144316058,0.044287904306129305,0.04999740302601157,0.043395301946316286,0.0042475735157034376,0.005868103708063513,-0.0017901213266370269,0.0067660415363316965,0.012475540256213963,-0.03914772843061285,-0.037527198238252776,-0.045185423272953315,-0.03662926040998459,-0.030919761690102323,0.0016205301923600747,-0.0060376948423404644,0.002518468020628259,0.008227966740510526,-0.00765822503470054,0.0008979378282681844,0.006607436548150452,0.008556162862968723,0.014265661582850992,0.005709498719882267
"Fri, 03 May 2024 00:00:00 GMT",27.396833,123.05,733.71936,97.27,309.09467,126.75172,43.141926,47.016968,43.33114,76.35,0.003963264052540508,-0.00785206608466701,-0.028092602226731364,-0.000719387523959405,0.11170202754697582,-0.005864583339479029,0.003454252032004409,-0.009139937324207462,0.006614244259464802,0.007229739016315376,0.011815330137207519,0.03205586627927187,0.004682651576499912,-0.10773876349443531,0.009827847392019536,0.0005090120205360985,0.01310320137674797,-0.0026509802069242944,-0.003266474963774868,0.020240536142064353,-0.007132678560707606,-0.11955409363164284,-0.001987482745187982,-0.01130631811667142,0.0012878712395404512,-0.014466310344131813,-0.015081805100982386,-0.02737321470277196,-0.13979462977370719,-0.022228018887252336,-0.031546854258735775,-0.018952664902523904,-0.034706846486196166,-0.03532234124304674,-0.11242141507093523,0.005145195815519624,-0.004173639555963814,0.008420549800248056,-0.007333631783424207,-0.00794912654027478,0.11756661088645486,0.10824777551497142,0.12084196487118329,0.10508778328751102,0.10447228853066044,-0.009318835371483439,0.0032753539847284333,-0.01247882759894383,-0.013094322355794405,0.012594189356211871,-0.003159992227460393,-0.0037754869843109667,-0.015754181583672262,-0.01636967634052284,-0.0006154947568505738
"Thu, 02 May 2024 00:00:00 GMT",27.288467,124.02,754.6237,97.34,276.42667,127.49725,42.99316,47.44867,43.045483,75.8,0.018950949542467847,-0.04099614481239713,-0.027196307457388217,-0.0016423735984932464,0.0036705933883665405,-0.004201370326084679,0.018156938794483705,-0.01145855300183565,-0.011602894896062066,-0.008015285011149353,0.05994709435486498,0.046147256999856064,0.020593323140961094,0.015280356154101307,0.023152319868552526,0.0007940107479841411,0.030409502544303496,0.03055384443852991,0.0269662345536172,-0.01379983735500891,-0.03935377121390388,-0.04466673820076367,-0.03679477448631245,-0.05915308360688083,-0.029537591810561478,-0.02939324991633506,-0.03298085980124778,-0.02555393385889497,-0.030866900845754757,-0.022994937131303538,-0.045353246251871926,-0.015737754455552568,-0.015593412561326151,-0.019181022446238864,-0.005312966986859787,0.0025589967275914324,-0.019799312392976953,0.009816179403342402,0.009960521297568819,0.0063729114126561065,0.00787196371445122,-0.014486345406117165,0.01512914639020219,0.015273488284428606,0.011685878399515893,-0.022358309120568385,0.007257182675750971,0.007401524569977387,0.003813914685064674,0.029615491796319355,0.029759833690545773,0.026172223805633058,0.0001443418942264161,-0.0034432679906862967,-0.003587609884912713
"Wed, 01 May 2024 00:00:00 GMT",26.776194,129.21,775.4283,97.5,275.41388,128.03404,42.21958,47.99549,43.547844,76.41,0.05910813219592353,0.006989776827201974,-0.005584636728815235,0.0038020905895622802,0.012443286233664384,-0.0032556243707006073,0.02690322395608768,0.016119602942345025,0.006125962355513984,0.006960432592661899,0.05211835536872155,0.06469276892473877,0.055306041606361246,0.046664845962259144,0.062363756566624136,0.03220490823983585,0.0429885292535785,0.05298216984040954,0.05214769960326163,0.01257441355601721,0.003187686237639694,-0.00545350940646241,0.010245401197902581,-0.01991344712888571,-0.009129826115143052,0.00086381447168799,2.9344234540075453e-05,-0.009386727318377516,-0.01802792296247962,-0.002329012358114628,-0.03248786068490292,-0.02170423967116026,-0.01171059908432922,-0.012545069321477134,-0.008641195644102104,0.007057714960262888,-0.023101133366525403,-0.012317512352782745,-0.002323871765951704,-0.0031583420030996184,0.015698910604364992,-0.014459937722423297,-0.003676316708680641,0.0063173238781504,0.005482853641002486,-0.03015884832678829,-0.019375227313045633,-0.009381586726214591,-0.010216056963362505,0.010783621013742656,0.020777261600573697,0.019942791363425784,0.00999364058683104,0.009159170349683127,-0.0008344702371479145
"Tue, 30 Apr 2024 00:00:00 GMT",25.23937,128.31,779.7709,97.13,272.00806,128.45155,41.09888,47.228024,43.281887,75.88,-0.0007803409305041141,0.011207453020389068,0.05784400998950504,0.00041190403218566336,-0.008867618436069594,-0.00694066279587981,-0.0040939827704153005,0.002847871355510596,-0.01580518917373608,0.005285424566463779,-0.011987793950893182,-0.05862435092000916,-0.0011922449626897776,0.00808727750556548,0.006160321865375696,0.0033136418399111866,-0.0036282122860147098,0.015024848243231964,-0.006065765496967893,-0.04663655696911598,0.010795548988203405,0.020075071456458662,0.018148115816268878,0.015301435790804369,0.008359581664878473,0.027012642194125146,0.005922028453925289,0.05743210595731938,0.06671162842557464,0.06478467278538486,0.061937992759920346,0.05499613863399445,0.07364919916324111,0.05255858542304126,0.009279522468255258,0.0073525668280654734,0.004505886802600964,-0.0024359673233249326,0.016217093205921743,-0.004873520534278116,-0.0019269556401897842,-0.004773635665654294,-0.01171548979158019,0.006937570737666484,-0.014153043002533373,-0.0028466800254645097,-0.009788534151390405,0.008864526377856268,-0.01222608736234359,-0.006941854125925896,0.011711206403320778,-0.00937940733687908,0.018653060529246673,-0.002437553210953183,-0.021090613740199857
"Mon, 29 Apr 2024 00:00:00 GMT",25.259073,126.88,735.94556,97.09,274.43085,129.34619,41.267483,47.093716,43.9714,75.48,0.009404482779356248,0.00023647184124687712,0.005017993683656999,-0.0035984205795332584,0.02342879424737014,-0.008265795199212056,0.012089092689356318,-0.0008145115176097604,-0.0046933223962032046,0.004115505310971876,0.00916801093810937,0.004386489095699249,0.013002903358889506,-0.014024311468013893,0.017670277978568304,-0.0026846099100000693,0.01021899429696601,0.014097805175559454,0.005288977468384372,-0.004781521842410122,0.0038348924207801355,-0.023192322406123265,0.008502267040458934,-0.01185262084810944,0.0010509833588566375,0.004929794237450082,-0.003879033469724999,0.008616414263190257,-0.018410800563713144,0.013283788882869055,-0.007071099005699319,0.005832505201266759,0.009711316079860203,0.0009024883726851231,-0.0270272148269034,0.004667374619678798,-0.015687513268889577,-0.002783909061923498,0.0010949018166699462,-0.007713925890505135,0.0316945894465822,0.011339701558013823,0.024243305764979902,0.028122116643573346,0.019313288936398266,-0.020354887888568374,-0.007451283681602296,-0.0035724728030088514,-0.012381300510183931,0.012903604206966079,0.016782415085559523,0.007973587378384443,0.0038788108785934444,-0.004930016828581636,-0.00880882770717508
"Fri, 26 Apr 2024 00:00:00 GMT",25.022638,126.85,732.26184,97.44,268.076,130.41977,40.7716,47.13209,44.178257,75.17,0.005527055013775626,0.008391436194509912,0.011848905159571106,-0.01648892319850484,0.002224902721767721,0.003665203071923642,0.004876876726431087,-0.0046705361718583265,0.0033500331068165665,0.0018641816317400443,-0.002864381180734286,-0.00632185014579548,0.022015978212280466,0.003302152292007905,0.0018618519418519839,0.0006501782873445392,0.010197591185633952,0.0021770219069590594,0.0036628733820355816,-0.003457468965061194,0.02488035939301475,0.006166533472742191,0.00472623312258627,0.0035145594680788253,0.01306197236636824,0.0050414030876933455,0.006527254562769868,0.028337828358075946,0.009624002437803385,0.008183702087647463,0.006972028433140019,0.016519441331429432,0.00849887205275454,0.009984723527831061,-0.018713825920272563,-0.020154126270428483,-0.021365799924935928,-0.011818387026646514,-0.019838956305321405,-0.018353104830244885,-0.001440300350155921,-0.0026519740046633657,0.0068954388936260476,-0.0011251303850488455,0.00036072109002767676,-0.0012116736545074447,0.008335739243781969,0.00031516996510707555,0.0018010214401835978,0.009547412898289413,0.0015268436196145202,0.0030126950946910425,-0.008020569278674894,-0.006534717803598371,0.0014858514750765222
"Thu, 25 Apr 2024 00:00:00 GMT",24.884718,125.79,723.63654,99.06,267.48022,129.94263,40.573246,47.352737,44.030506,75.03,-0.0392054998081755,-0.002937092804001845,-0.010061417322064408,0.007193182325023753,-0.013385440274045785,0.02887056222596884,0.0012230061955458861,0.057325222259704156,-0.08898550970426564,0.052395215139707345,-0.03626840700417365,-0.02914408248611109,-0.04639868213319925,-0.025820059534129712,-0.06807606203414433,-0.04042850600372138,-0.09653072206787966,0.04978000989609014,-0.09160071494788284,0.007124324518062563,-0.010130275129025597,0.01044834747004394,-0.03180765502997068,-0.004160098999547731,-0.060262315063706,0.0860484169002638,-0.05533230794370919,-0.01725459964708816,0.003324022951981377,-0.03893197954803325,-0.011284423517610293,-0.06738663958176856,0.07892409238220123,-0.06245663246177175,0.02057862259906954,-0.021677379900945086,0.005970176129477867,-0.050132039934680406,0.09617869202928939,-0.045202032814683595,-0.04225600250001463,-0.01460844646959167,-0.07071066253374994,0.07560006943021985,-0.06578065541375314,0.027647556030422953,-0.028454660033735316,0.11785607193023448,-0.023524652913738505,-0.05610221606415827,0.09020851589981152,-0.05117220894416146,0.1463107319639698,0.004930007119996811,-0.141380724843973
"Wed, 24 Apr 2024 00:00:00 GMT",25.879713,126.16,730.9541,98.35,271.08463,126.24475,40.523655,44.71457,48.128197,71.2,-0.0019014965055760714,-0.019466862775873194,-0.018256255994545046,0.010939126617211234,-0.0019393570241027429,0.0009453176467990658,-0.009257094819187192,-0.022906599978770724,-0.0026571729500696507,0.004927852281240695,0.017565366270297124,0.016354759488968973,-0.012840623122787305,3.786051852667149e-05,-0.0028468141523751373,0.007355598313611121,0.021005103473194654,0.0007556764444935794,-0.006829348786816766,-0.0012106067813281475,-0.030405989393084427,-0.01752750575177045,-0.02041218042267226,-0.010209767956686001,0.0034397372028975304,-0.016809689825803543,-0.024394715057113887,-0.02919538261175628,-0.016316898970442303,-0.019201573641344113,-0.008999161175357854,0.004650343984225678,-0.015599083044475395,-0.02318410827578574,0.012878483641313977,0.009993808970412169,0.020196221436398425,0.03384572659598196,0.013596299567280885,0.006011274335970539,-0.0028846746709018088,0.007317737795084449,0.02096724295466798,0.0007178159259669079,-0.006867209305343437,0.010202412465986258,0.02385191762556979,0.0036024905968687166,-0.003982534634441629,0.013649505159583531,-0.006599921869117542,-0.014184947100427888,-0.020249427028701073,-0.027834452260011418,-0.0075850252313103455
"Tue, 23 Apr 2024 00:00:00 GMT",25.92897,128.64,744.42114,97.28,271.61087,126.125465,40.900528,45.75065,48.256252,70.85,0.0022822146126904325,0.026626228333389287,0.01944513553326979,0.022454165835330536,0.005976717635174166,-0.00047274278954759544,0.01588689234944743,0.011387712382985752,-0.003057122393756428,0.010214303587870422,-0.024344013720698852,-0.01716292092057936,-0.0201719512226401,-0.0036945030224837336,0.002754957402238028,-0.013604677736756996,-0.00910549777029532,0.00533933700644686,-0.00793208897517999,0.007181092800119495,0.004172062498058751,0.02064951069821512,0.027098971122936882,0.010739335983941858,0.015238515950403535,0.029683350727145716,0.016411924745518863,-0.003009030302060744,0.013468417898095626,0.019917878322817387,0.0035582431838223627,0.00805742315028404,0.02250225792702622,0.00923083194539937,0.01647744820015637,0.02292690862487813,0.0065672734858831065,0.011066453452344784,0.025511288229086965,0.012239862247460114,0.006449460424721762,-0.009910174714273263,-0.005410994747811586,0.009033840028930594,-0.0042375859526962555,-0.016359635138995025,-0.011860455172533348,0.0025843796042088326,-0.010687046377418017,0.004499179966461677,0.018944014743203858,0.005672588761577007,0.01444483477674218,0.0011734087951153303,-0.01327142598162685
"Mon, 22 Apr 2024 00:00:00 GMT",25.869862,125.26,730.0856,95.12,269.99237,126.185104,40.25588,45.23261,48.404003,70.13,0.009950282147845721,0.020567729108810523,0.006887931013503284,0.008021997843052056,0.011019955130162977,0.009180163745502398,0.02091190321152489,0.01819206792262718,0.00428262623647026,0.022787256540495675,-0.010617446960964802,0.003062351134342437,0.0019282843047936649,-0.001069672982317256,0.0007701184023433238,-0.010961621063679169,-0.008241785774781457,0.005667655911375461,-0.012836974392649953,0.013679798095307238,0.012545731265758467,0.009547773978647546,0.011387565363308125,-0.00034417410271436744,0.002375661186183344,0.016285102872340262,-0.002219527431685152,-0.001134066829548772,-0.004132024116659693,-0.002292232731999113,-0.014023972198021605,-0.011304136909123894,0.002605304777033024,-0.01589932552699239,-0.002997957287110921,-0.001158165902450341,-0.012889905368472834,-0.010170070079575122,0.003739371606581796,-0.014765258697443618,0.0018397913846605798,-0.009891948081361913,-0.0071721127924642015,0.006737328893692717,-0.011767301410332697,-0.011731739466022493,-0.009011904177124781,0.004897537509032137,-0.013607092794993277,0.0027198352888977116,0.01662927697505463,-0.0018753533289707844,0.013909441686156918,-0.004595188617868496,-0.018504630304025414
"Fri, 19 Apr 2024 00:00:00 GMT",25.613726,122.71,725.0741,94.36,267.0334,125.032005,39.422794,44.417175,48.19715,68.55,0.023741205564844572,-0.00032591868617357387,-0.0266816256615731,0.019152139460354524,0.023248165779482924,0.0043823087120752405,0.012149028145174857,0.019850210022501615,0.012959183252041331,0.002775547760933283,0.024067124251018146,0.05042283122641767,0.004589066104490048,0.0004930397853616479,0.01935889685276933,0.011592177419669714,0.0038909955423429565,0.01078202231280324,0.02096565780391129,0.026355706975399525,-0.019478058146528098,-0.023574084465656498,-0.004708227398248815,-0.012474946831348432,-0.02017612870867519,-0.013285101938214906,-0.003101466447106857,-0.04583376512192762,-0.049929791441056026,-0.03106393437364834,-0.03883065380674795,-0.046531835684074714,-0.039640808913614434,-0.02945717342250638,-0.0040960263191284,0.014769830748279283,0.0070031113151796665,-0.0006980705621470913,0.0061929562083131925,0.01637659169942124,0.018865857067407683,0.011099137634308066,0.0033979557569813086,0.010288982527441592,0.02047261801854964,-0.007766719433099617,-0.015467901310426375,-0.008576874539966091,0.0016067609511419573,-0.007701181877326758,-0.0008101551068664739,0.009373480384241574,0.006891026770460284,0.017074662261568334,0.010183635491108048
"Thu, 18 Apr 2024 00:00:00 GMT",25.012787,122.75,744.68066,92.57,260.89697,124.485275,38.946743,43.544178,47.576584,68.36,-0.001180858170385202,-0.014396884058427092,-0.006440828631440565,-0.005494223354971094,-0.0050112449506085725,-0.0011172989738863384,-0.008368337397146838,-0.015738061336704103,0.009569444144638376,-0.002483747350342211,0.01321602588804189,0.005259970461055363,0.004313365184585891,0.0038303867802233706,-6.355919649886355e-05,0.007187479226761636,0.0145572031663189,-0.010750302315023578,0.0013028891799570091,-0.007956055426986526,-0.008902660703455998,-0.00938563910781852,-0.013279585084540753,-0.006028546661280254,0.0013411772782770115,-0.02396632820306547,-0.01191313670808488,-0.0009466052764694711,-0.0014295836808319922,-0.005323529657554227,0.0019275087657062732,0.009297232705263538,-0.01601027277607894,-0.003957081281098354,-0.0004829784043625211,-0.004376924381084755,0.0028741140421757443,0.01024383798173301,-0.01506366749960947,-0.0030104760046288826,-0.003893945976722234,0.0033570924465382655,0.01072681638609553,-0.014580689095246948,-0.0025274976002663614,0.007251038423260499,0.014620762362817764,-0.010686743118524715,0.0013664483764558727,0.007369723939557265,-0.017937781541785214,-0.0058845900468046265,-0.02530750548134248,-0.013254313986361892,0.012053191494980587
"Wed, 17 Apr 2024 00:00:00 GMT",25.042341,124.53,749.4925,93.08,262.20767,124.62444,39.27403,44.2349,47.123474,68.53,-0.010565558277494091,0.00871043494186862,0.005382277394234207,-0.0012883832574546099,-0.005927797817586808,0.002475739223751689,-0.008799504684719905,0.006745718631784491,-0.008741004639963659,0.003874415461017384,-0.019275993219362714,-0.0159478356717283,-0.00927717502003948,-0.004637760459907283,-0.01304129750124578,-0.0017660535927741857,-0.017311276909278583,-0.0018245536375304326,-0.014439973738511476,0.0033281575476344135,0.009998818199323231,0.01463823275945543,0.006234695718116932,0.017509939626588526,0.0019647163100841294,0.01745143958183228,0.004836019480851237,0.006670660651688818,0.011310075211821015,0.0029065381704825185,0.014181782078954113,-0.001363441237550284,0.014123282034197866,0.0015078619332168234,0.004639414560132199,-0.0037641224812062987,0.007511121427265295,-0.0080341018892391,0.007452621382509048,-0.005162798718471993,-0.008403537041338498,0.002871706867133097,-0.0126735164493713,0.00281320682237685,-0.009802213278604192,0.011275243908471594,-0.004269979408032802,0.011216743863715347,-0.0013986762372656951,-0.015545223316504396,-5.8500044756246844e-05,-0.012673920145737289,0.01548672327174815,0.0028713031707671074,-0.012615420100981042
"Tue, 16 Apr 2024 00:00:00 GMT",25.30833,123.45,745.46936,93.2,263.7666,124.316284,39.621147,43.937508,47.537186,68.265,-0.008527241661374743,-0.0036385728439082914,-0.005382277394234323,-0.012899278052879623,0.0004895676866316196,-0.008995133094835212,-0.013673311559598188,-0.009561131806741634,-0.0051668680363807186,-0.00678859499679897,-0.004888668817466451,-0.00314496426714042,0.00437203639150488,-0.009016809348006362,0.0004678914334604687,0.005146069898223445,0.0010338901453668913,-0.0033603736249940242,-0.0017386466645757728,0.0017437045503260313,0.00926070520897133,-0.004128140530539911,0.00535656025092692,0.010034738715689896,0.005922558962833342,0.0015282951924724271,0.0031500221528906786,0.0075170006586453,-0.005871845080865942,0.003612855700600889,0.008291034165363864,0.004178854412507311,-0.00021540935785360413,0.0014063176025646473,-0.013388845739511242,-0.003904144958044411,0.000774033506718565,-0.0033381462461379886,-0.007732410016498904,-0.006110683056080653,0.009484700781466831,0.014162879246229807,0.010050699493373253,0.005656435723012338,0.007278162683430589,0.004678178464762976,0.0005659987119064225,-0.003828265058454493,-0.0022065380980362415,-0.004112179752856554,-0.008506443523217468,-0.006884716562799218,-0.0043942637703609155,-0.002772536809942664,0.0016217269604182514
"Mon, 15 Apr 2024 00:00:00 GMT",25.525063,123.9,749.4925,94.41,263.6375,125.43957,40.16662,44.359615,47.78344,68.73,0.0019316539991557947,-0.004911245329224369,-0.0011581132384880658,0.009471682580612149,-0.006644304080710075,0.0035724732872908036,-0.003942810697680979,0.00672675751205473,0.004752562495044076,-0.002905711764046675,0.006842899328380164,0.0030897672376438605,-0.007540028581456354,0.008575958079865869,-0.0016408192881350089,0.005874464696836773,-0.004795103512898935,-0.0028209084958882814,0.00483736576320247,-0.003753132090736303,-0.014382927909836519,0.0017330587514857061,-0.008483718616515173,-0.0009684346315433903,-0.0116380028412791,-0.009663807824268445,-0.002005533565177694,-0.010629795819100216,0.005486190842222009,-0.004730586525778869,0.002784697459192913,-0.007884870750542797,-0.005910675733532142,0.0017475985255586092,0.016115986661322225,0.005899209293321345,0.013414493278293128,0.002744925068557419,0.004719120085568073,0.012377394344658824,-0.01021677736800088,-0.0027014933830290964,-0.013371061592764806,-0.011396866575754151,-0.0037385923166634,0.007515283984971782,-0.0031542842247639265,-0.0011800892077532725,0.0064781850513374786,-0.010669568209735709,-0.008695373192725054,-0.0010370989336343037,0.001974195017010654,0.009632469276101405,0.007658274259090751
"Fri, 12 Apr 2024 00:00:00 GMT",25.475805,124.51,750.361,93.52,265.39502,124.99224,40.325302,44.06222,47.556885,68.93,-0.018391293285835605,-0.007122594234499157,-0.010521364793282926,-0.008729960692302679,-0.010125245530987814,-0.0032553779259585406,-0.0034372837856721447,-0.014482067023193561,-0.01724889014380918,-0.007515572302792293,-0.011268699051336447,-0.00786992849255268,-0.009661332593532926,-0.00826604775484779,-0.015135915359877064,-0.01495400950016346,-0.0039092262626420436,-0.0011424031420264255,-0.010875720983043312,0.003398770558783768,0.0016073664578035215,0.003002651296488657,-0.003867216308540617,-0.0036853104488270127,0.007359472788694404,0.010126295909310022,0.00039297806829313546,-0.0017914041009802466,-0.0003961192622951113,-0.0072659868673243845,-0.007084081007610781,0.003960702229910636,0.006727525350526254,-0.0030057924904906327,0.0013952848386851353,-0.005474582766344138,-0.005292676906630534,0.005752106330890882,0.0085189294515065,-0.001214388389510386,-0.006869867605029273,-0.0066879617453156695,0.004356821492205747,0.007123644612821365,-0.0026096732281955214,0.00018190585971360413,0.01122668909723502,0.013993512217850638,0.004260194376833752,0.011044783237521416,0.013811606358137034,0.004078288517120148,0.002766823120615618,-0.006966494720401268,-0.009733317841016886
"Thu, 11 Apr 2024 00:00:00 GMT",25.948673,125.4,758.2975,94.34,268.09586,125.3998,40.46415,44.704975,48.384304,69.45,0.0007595950705533251,0.0037550477550823786,-0.0031414509058628913,-0.00042390844212572776,0.013235334814787818,-0.004745031935160405,0.0026996816798352257,-0.011309152460620312,-0.02353996036121158,0.019483023947125755,-0.0029954526845290537,0.0039010459764162162,0.0011835035126790529,-0.012475739744234493,0.0055046270057137305,-0.0019400866092819007,0.012068747531173638,0.024299555431764906,-0.01872342887657243,0.00689649866094527,0.004178956197208107,-0.009480287059705439,0.008500079690242784,0.001055366075247153,0.015064200215702692,0.02729500811629396,-0.015727976192043375,-0.0027175424637371636,-0.01637678572065071,0.0016035810292975138,-0.005841132585698117,0.00816770155475742,0.020398509455348688,-0.022624474852988647,-0.013659243256913546,0.004321123493034677,-0.0031235901219609534,0.010885244018494585,0.02311605191908585,-0.019906932389251484,0.017980366749948223,0.010535653134952593,0.02454448727540813,0.036775295175999395,-0.0062476891323379365,-0.007444713614995631,0.006564120525459907,0.018794928426051176,-0.02422805588228616,0.014008834140455537,0.026239642041046805,-0.01678334226729053,0.012230807900591268,-0.030792176407746067,-0.043022984308337335
"Wed, 10 Apr 2024 00:00:00 GMT",25.92897,124.93,760.6834,94.38,264.5709,125.99624,40.355057,45.21342,49.53678,68.11,-0.017326275915549246,0.0005604708101398916,0.0062400190766452365,-0.015037877364540559,-0.014567701276333656,0.0003156624090200814,-0.004658509893298052,-0.00845142265930739,-0.025715433414329403,-0.004394967519679645,-0.01788674672568914,-0.02356629499219448,-0.002288398551008687,-0.00275857463921559,-0.01764193832456933,-0.012667766022251194,-0.008874853256241856,0.008389157498780157,-0.0129313083958696,-0.005679548266505345,0.01559834817468045,0.015128172086473548,0.00024480840111981017,0.005218980703437943,0.009011893469447281,0.026275904224469297,0.004955438329819537,0.021277896441185794,0.02080772035297889,0.005924356667625155,0.010898528969943288,0.014691441735952626,0.03195545249097464,0.010634986596324881,-0.0004701760882069028,-0.01535353977356064,-0.010379367471242507,-0.006586454705233169,0.010677556049788844,-0.010642909844860913,-0.014883363685353737,-0.009909191383035604,-0.006116278617026266,0.011147732137995747,-0.01017273375665401,0.004974172302318133,0.008767085068327471,0.026031095823349486,0.0047106299286997265,0.0037929127660093383,0.02105692352103135,-0.00026354237361840647,0.017264010755022013,-0.004056455139627745,-0.021320465894649757
"Tue, 09 Apr 2024 00:00:00 GMT",26.382137,124.86,755.9515,95.81,268.4533,125.956474,40.54349,45.597157,50.82716,68.41,0.007496300126117418,-0.02060948025254993,-0.02613322387332429,0.0034502621921525278,0.004299809605450256,0.001184514964710681,0.0007341233456271068,0.008027081197599028,0.009737150636580401,0.010432832854677328,0.028105780378667344,0.033629523999441704,0.00404603793396489,0.003196490520667162,0.006311785161406737,0.006762176780490311,-0.0005307810714816098,-0.0022408505104629835,-0.0029365327285599107,0.00552374362077436,-0.024059742444702457,-0.024909289858000186,-0.02179399521726061,-0.021343603598177035,-0.028636561450148958,-0.03034663088913033,-0.031042313107227257,-0.029583486065476818,-0.030433033478774546,-0.02731773883803497,-0.026867347218951395,-0.03416030507092332,-0.03587037450990469,-0.03656605672800162,-0.000849547413297728,0.002265747227441847,0.002716138846525421,-0.0045768190054465,-0.006286888444427874,-0.006982570662524801,0.003115294640739575,0.003565686259823149,-0.0037272715921487717,-0.005437341031130145,-0.006133023249227073,0.0004503916190835741,-0.006842566232888347,-0.00855263567186972,-0.009248317889966648,-0.007292957851971921,-0.009003027290953295,-0.009698709509050222,-0.0017100694389813736,-0.002405751657078301,-0.0006956822180969272
"Mon, 08 Apr 2024 00:00:00 GMT",26.185108,127.46,775.96735,95.48,267.30148,125.807365,40.513737,45.23261,50.33465,67.7,-0.003005281978431159,0.012632411787360437,-0.008863298828265687,-0.003241493924171067,-0.0027821937339176325,-0.011235624100912469,-0.008288730269786708,-0.002118569295564323,-0.004296003941850819,0.0036995972644644046,-0.015637693765791594,0.005858016849834528,0.00023621194573990832,-0.00022308824451352637,0.00823034212248131,0.005283448291355549,-0.000886712682866836,0.0012907219634196603,-0.006704879242895563,0.021495710615626124,0.015873905711531505,0.015414605521278069,0.023868035888272906,0.020921142057147145,0.01475098108292476,0.016928415729211256,0.008932814522896033,-0.00562180490409462,-0.006081105094348055,0.0023723252726467817,-0.0005745685584789793,-0.0067447295327013644,-0.004567294886414868,-0.012562896092730091,-0.0004593001902534347,0.007994130176741401,0.00504723634561564,-0.0011229246286067443,0.001054510017679752,-0.006941091188635472,0.008453430366994837,0.005506536535869076,-0.0006636244383533096,0.0015138102079331867,-0.006481790998382037,-0.002946893831125761,-0.009117054805348145,-0.00693962015906165,-0.014935221365376873,-0.006170160974222385,-0.003992726327935889,-0.011988327534251112,0.0021774346462864963,-0.005818166560028728,-0.007995601206315223
"Fri, 05 Apr 2024 00:00:00 GMT",26.26392,125.86,782.87555,95.79,268.0462,127.22886,40.85094,45.32854,50.551353,67.45,0.0003751857407624006,0.015211245179240024,0.020782944100097046,-0.011418019002112326,0.006914077357693413,0.002581628202147012,0.008043954375480515,-0.011572989942198119,-0.0015576169651644537,0.0016321689208364492,-0.014836059438477623,-0.020407758359334647,0.011793204742874727,-0.006538891616931013,-0.0022064424613846114,-0.007668768634718115,0.01194817568296052,0.0019328027059268543,-0.0012569831800740487,-0.0055716989208570225,0.02662926418135235,0.00829716782154661,0.012629616977093012,0.007167290803759508,0.02678423512143814,0.016768862144404477,0.013579076258403575,0.03220096310220937,0.013868866742403632,0.018201315897950033,0.012738989724616531,0.03235593404229516,0.0223405610652615,0.019150775179260598,-0.01833209635980574,-0.013999647204259337,-0.01946197337759284,0.000154970940085793,-0.009860402036947873,-0.013050187922948774,0.004332449155546401,-0.0011298770177871021,0.01848706729989153,0.008471694322857867,0.005281908436856964,-0.005462326173333504,0.01415461814434513,0.004139245167311466,0.0009494592813105629,0.019616944317678634,0.009601571340644969,0.006411785454644066,-0.010015372977033666,-0.013205158863034567,-0.003189785886000903
"Thu, 04 Apr 2024 00:00:00 GMT",26.254068,123.96,766.773,96.89,266.1993,126.900826,40.523655,45.856174,50.630154,67.34,-0.02116285926126766,-0.02414941028139456,-0.010245764952523809,0.026353088363671017,-0.02333711598364822,-0.017394404575188153,-0.016505290186500526,-0.0033417456621672925,-0.0034958665445852573,0.00790164379554248,0.0029865510201269006,-0.01091709430874385,-0.04751594762493867,0.002174256722380561,-0.0037684546860795066,-0.004657569074767134,-0.017821113599100366,-0.0176669927166824,-0.02906450305681014,-0.013903645328870751,-0.05050249864506558,-0.0008122942977463396,-0.006755005706206407,-0.007644120094894034,-0.020807664619227267,-0.020653543736809304,-0.03205105407693704,-0.03659885331619483,0.013091351031124411,0.007148639622664344,0.006259525233976717,-0.0069040192903565166,-0.006749898407938552,-0.01814740874806629,0.04969020434731924,0.04374749293885917,0.04285837855017154,0.02969483402583831,0.029848954908256273,0.018451444568128535,-0.005942711408460068,-0.006831825797147695,-0.019995370321480927,-0.019841249439062965,-0.031238759779190703,-0.0008891143886876271,-0.01405265891302086,-0.013898538030602895,-0.025296048370730635,-0.013163544524333232,-0.013009423641915268,-0.024406933982043008,0.00015412088241796486,-0.011243389457709772,-0.011397510340127738
"Wed, 03 Apr 2024 00:00:00 GMT",26.8156,126.99,774.66956,94.37,272.48468,129.1275,41.19806,46.00967,50.80746,66.81,-0.012050528007014743,0.004182290570474968,0.015624202365836382,-0.0004237737111834703,-0.006501643863456611,-0.0034582637568316807,-0.00600020724710137,0.005435956268722529,-0.010674905321670937,-0.002839849453580091,-0.016232818577489712,-0.027674730372851127,-0.011626754295831272,-0.005548884143558131,-0.008592264250183062,-0.006050320759913372,-0.01748648427573727,-0.001375622685343806,-0.009210678553434652,-0.011441911795361415,0.004606064281658438,0.010683934433931579,0.007640554327306648,0.010182497817576339,-0.0012536656982475615,0.014857195892145904,0.007022140024055059,0.016047976077019854,0.022125846229292992,0.019082466122668063,0.021624409612937753,0.010188246097113853,0.026299107687507317,0.018464051819416474,0.006077870152273141,0.0030344900456482104,0.0055764335359179,-0.005859729979905999,0.010251131610487466,0.002416075742396621,-0.0030433801066249307,-0.0005014366163552412,-0.01193760013217914,0.004173261458214325,-0.00366179440987652,0.0025419434902696895,-0.00889422002555421,0.007216641564839256,-0.0006184143032515895,-0.0114361635158239,0.004674698074569566,-0.003160357793521279,0.016110861590393467,0.008275805722302621,-0.007835055868090846
"Tue, 02 Apr 2024 00:00:00 GMT",27.140697,126.46,762.66003,94.41,274.26205,129.57483,41.446,45.760242,51.35273,67.0,-0.0061515890909703734,-0.008582391957353315,0.0044735398316624285,-0.0153461073444801,-0.024426777523350058,-0.004897736317836401,-0.014962918543383623,-0.012293119558657018,-0.004729015926299562,-0.0037243990909824397,0.0024308028663829412,-0.010625128922632801,0.009194518253509726,0.018275188432379685,-0.0012538527731339724,0.008811329452413249,0.006141530467686645,-0.0014225731646708116,-0.0024271899999879338,-0.013055931789015743,0.0067637153871267855,0.015844385565996745,-0.0036846556395169136,0.0063805265860303086,0.0037107276013037035,-0.003853376031053753,-0.0048579928663708746,0.019819647176142527,0.028900317355012486,0.00937127614949883,0.019436458375046053,0.016766659390319447,0.00920255575796199,0.008197938922644869,0.009080670178869958,-0.010448371026643699,-0.00038318880109647693,-0.003052987785823082,-0.010617091418180537,-0.01162170825349766,-0.01952904120551366,-0.009463858979966435,-0.01213365796469304,-0.019697761597050497,-0.020702378432367618,0.010065182225547222,0.007395383240820617,-0.00016872039153683922,-0.0011733372268539614,-0.002669798984726605,-0.01023390261708406,-0.011238519452401183,-0.007564103632357456,-0.008568720467674578,-0.0010046168353171222
"Mon, 01 Apr 2024 00:00:00 GMT",27.30817,127.55,759.25586,95.87,281.04388,130.21101,42.070816,46.32625,51.596153,67.25,-0.001081691603065496,-0.006641946668040496,-0.02263320761543063,-0.008930485105550364,-0.004512123762893969,-0.007302147649622039,-0.010552289490085827,-0.006398996456693294,-0.023131023784045607,-0.007407441277861805,0.005560255064975,0.021551516012365133,0.007848793502484868,0.003430432159828473,0.0062204560465565426,0.009470597887020331,0.005317304853627798,0.02204933218098011,0.0063257496747963085,0.015991260947390132,0.0022885384375098674,-0.002129822905146527,0.0006602009815815423,0.003910342822045331,-0.00024295021134720235,0.01648907711600511,0.0007654946098213083,-0.013702722509880265,-0.01812108385253666,-0.01533105996580859,-0.012080918125344802,-0.016234211158737334,0.0004978161686149778,-0.015225766337568825,-0.004418361342656395,-0.0016283374559283251,0.0016218043845354635,-0.0025314886488570698,0.014200538678495243,-0.0015230438276885592,0.0027900238867280694,0.006040165727191858,0.0018868726937993248,0.018618900021151637,0.0028953175149678354,0.0032501418404637886,-0.0009031511929287446,0.015828876134423568,0.00010529362823976599,-0.004153293033392533,0.01257873429395978,-0.0031448482122240226,0.016732027327352312,0.0010084448211685106,-0.015723582506183803
"Thu, 28 Mar 2024 00:00:00 GMT",27.337725,128.4,776.6362,96.73,282.31485,131.16531,42.51711,46.623642,52.803535,67.75,-0.0010805228105008257,0.0027295786103265158,-0.0002827565217225461,0.008826182628272118,-0.006939826004412701,0.0015168707538403504,-0.0027952920142655198,-0.01915691113085172,0.018236512259829488,-0.007499483718750783,-0.0038101014208273415,-0.0007977662887782796,-0.009906705438772943,0.005859303193911875,-0.002597393564341176,0.001714769203764694,0.018076388320350894,-0.019317035070330314,0.0064189609082499575,0.003012335132049062,-0.006096604017945603,0.009669404614739217,0.0012127078564861653,0.0055248706245920355,0.021886489741178235,-0.015506933649502973,0.010229062329077299,-0.009108939149994664,0.006657069482690155,-0.0017996272755628965,0.0025125354925429736,0.018874154609129175,-0.018519268781552033,0.0072167271970282375,0.01576600863268482,0.007309311874431768,0.011621474642537637,0.02798309375912384,-0.00941032963155737,0.016325666347022903,-0.00845669675825305,-0.004144533990147181,0.01221708512643902,-0.02517633826424219,0.0005596577143380825,0.00431216276810587,0.020673781884692072,-0.016719641505989136,0.009016354472591134,0.0163616191165862,-0.02103180427409501,0.0047041917044852635,-0.037393423390681205,-0.011657427412100938,0.02573599597858027
"Wed, 27 Mar 2024 00:00:00 GMT",27.36728,128.05,776.85583,95.88,284.28088,130.9665,42.636124,47.525417,51.84931,68.26,0.006862940965234047,-0.01056484618804439,0.0042238857593930364,0.006382443847495611,0.015949032663949807,0.048441070936551936,0.004663107566858868,-0.0042299937598984805,0.01323266478454169,0.02868165994109656,0.01742778715327844,0.0026390552058410104,0.00048049711773843606,-0.00908609169871576,-0.04157812997131789,0.002199833398375179,0.011092934725132527,-0.006369723819307643,-0.021818718975862513,-0.014788731947437427,-0.016947290035540002,-0.026513878851994195,-0.059005917124596324,-0.015227953754903257,-0.0063348524281459095,-0.023797510972586082,-0.03924650612914095,-0.0021585580881025744,-0.01172514690455677,-0.0442171851771589,-0.00043922180746583123,0.008453879519291517,-0.009008779025148654,-0.024457774181703522,-0.009566588816454197,-0.042058627089056326,0.0017193362806367431,0.010612437607394092,-0.006850220937046079,-0.02229921609360095,-0.03249203827260213,0.011285925097090938,0.020179026423848286,0.0027163678794081166,-0.012732627277146753,0.04377796336969307,0.052671064696450415,0.03520840615201025,0.019759410995455376,0.008893101326757347,-0.008569557217682822,-0.02401855237423769,-0.017462658544440172,-0.03291165370099504,-0.01544899515655487
"Tue, 26 Mar 2024 00:00:00 GMT",27.180103,129.41,773.5814,95.27,279.78284,124.77355,42.43777,47.726875,51.167725,66.33,0.005816086082981408,0.0027857326689556725,0.0022738374050665345,-0.004816763239573916,0.003377239904304678,0.0016744319417617247,-0.0009343438681006107,0.006250680121002085,0.005725171075191125,0.007111006589246409,0.0030303534140257355,0.0035422486779148736,0.010632849322555324,0.00243884617867673,0.004141654141219683,0.006750429951082019,-0.00043459403802067684,9.091500779028275e-05,-0.001294920506265001,0.000511895263889138,0.007602495908529589,-0.0005915072353490057,0.0011113007271939478,0.0037200765370562832,-0.0034649474520464124,-0.0029394384062354528,-0.004325273920290737,0.007090600644640451,-0.0011034024992381437,0.0005994054633048098,0.003208181273167145,-0.00397684271593555,-0.003451333670124591,-0.004837169184179875,-0.008194003143878595,-0.006491195181335641,-0.0038824193714733055,-0.011067443360576001,-0.010541934314765041,-0.011927769828820326,0.0017028079625429535,0.004311583772405289,-0.0028734402166974067,-0.002347931170886447,-0.003733766684941731,0.0026087758098623354,-0.00457624817924036,-0.004050739133429401,-0.005436574647484684,-0.007185023989102696,-0.0066595149432917364,-0.00804535045734702,0.0005255090458109596,-0.0008603264682443242,-0.0013858355140552838
"Mon, 25 Mar 2024 00:00:00 GMT",27.02248,129.05,771.8244,95.73,278.83954,124.5648,42.47744,47.42948,50.875618,65.86,0.002555211113108847,0.002249719734015546,0.0032777423961235065,-0.005209430410047648,0.016697217271963632,0.01171953076559258,0.011270350872973534,0.028101449381590225,0.006143258060885056,-0.006055119923531663,0.00030549137909330077,-0.0007225312830146597,0.007764641523156495,-0.014142006158854786,-0.009164319652483733,-0.008715139759864687,-0.02554623826848138,-0.003588046947776209,0.008610331036640509,-0.0010280226621079604,0.007459150144063194,-0.014447497537948085,-0.009469811031577034,-0.009020631138957989,-0.02585172964757468,-0.00389353832686951,0.008304839657547209,0.008487172806171155,-0.013419474875840127,-0.008441788369469072,-0.007992608476850026,-0.02482370698546672,-0.0028655156647615495,0.00933286231965517,-0.021906647682011282,-0.016928961175640227,-0.016479781283021182,-0.033310879791637875,-0.011352688470932704,0.000845689513484015,0.004977686506371053,0.005426866398990099,-0.011404232109626593,0.010553959211078576,0.022752337195495295,0.0004491798926190456,-0.016381918615997644,0.005576272704707523,0.017774650689124243,-0.016831098508616693,0.005127092812088478,0.017325470796505198,0.02195819132070517,0.03415656930512189,0.012198377984416718
"Fri, 22 Mar 2024 00:00:00 GMT",26.95352,128.76,769.2987,96.23,274.22235,123.11348,42.001392,46.115196,50.564034,66.26,-0.010905234126095939,-0.001087867206642317,0.0004542830623007128,0.0015599815965813492,-0.002820296674110369,0.0018587936416361757,-0.000472087185009762,0.007098202535478259,0.006568749950709945,0.001057002740918583,-0.009817366919453622,-0.011359517188396652,-0.012465215722677288,-0.008084937451985571,-0.012764027767732115,-0.010433146941086177,-0.018003436661574196,-0.017473984076805886,-0.011962236867014522,-0.0015421502689430297,-0.002647848803223666,0.001732429467468052,-0.002946660848278493,-0.0006157800216325549,-0.008186069742120576,-0.007656617157352262,-0.0021448699475609,-0.0011056985342806365,0.003274579736411082,-0.001404510579335463,0.0009263702473104748,-0.006643919473177546,-0.006114466888409232,-0.0006027196786178703,0.004380278270691719,-0.0002988120450548265,0.002032068781591111,-0.00553822093889691,-0.0050087683541285965,0.0005029788556627662,-0.004679090315746545,-0.0023482094891006068,-0.009918499209588628,-0.009389046624820315,-0.003877299415028952,0.002330880826645938,-0.005239408893842083,-0.00470995630907377,0.0008017909007175927,-0.007570289720488021,-0.0070408371357197075,-0.001529089925928345,0.0005294525847683133,0.006041199794559676,0.005511747209791362
"Thu, 21 Mar 2024 00:00:00 GMT",27.249063,128.90015,768.9493,96.08,274.99683,122.88485,42.021225,45.78902,50.23298,66.19,-0.0014450235225761914,-0.0040739971117321125,-0.003369779027447864,0.0003122885571625429,0.014182072368297308,-0.0018587936416361343,0.010439025720901395,-0.010421166049724541,-0.005605467393219464,0.0069739518553464715,0.002628973589155921,0.0019247555048716727,-0.0017573120797387343,-0.0156270958908735,0.00041377011905994283,-0.011884049243477586,0.00897614252714835,0.0041604438706432725,-0.008418975377922662,-0.0007042180842842484,-0.004386285668894655,-0.01825606948002942,-0.0022152034700959784,-0.014513022832633508,0.006347168937992429,0.0015314702814873517,-0.011047948967078584,-0.003682067584610407,-0.017551851395745173,-0.0015109853858117298,-0.013808804748349258,0.007051387022276677,0.0022356883657716,-0.010343730882794337,-0.013869783811134765,0.002171082198798677,-0.010126737163738853,0.010733454606887084,0.005917755950382007,-0.006661663298183929,0.016040866009933444,0.003743046647395913,0.02460323841802185,0.019787539761516773,0.0072081205129508365,-0.01229781936253753,0.008562372408088407,0.00374667375158333,-0.008832745496982606,0.020860191770625938,0.01604449311412086,0.0034650738655549237,-0.004815698656505077,-0.017395117905071013,-0.012579419248565937
"Wed, 20 Mar 2024 00:00:00 GMT",27.288467,129.42636,771.54486,96.05,271.12433,123.11348,41.584846,46.26869,50.51535,65.73,0.0025301631277558144,-0.007717866696396075,0.00010351197635420027,-0.00280709234594517,0.004845925370744082,0.013412046118207647,-0.009258282405579478,0.015672715408282765,0.0015432164808264531,-0.0019758346727332577,0.01024802982415189,0.002426651151401614,0.005337255473700984,-0.002315762242988268,-0.010881882990451832,0.011788445533335292,-0.01314255228052695,0.0009869466469293613,0.004505997800489072,-0.007821378672750274,-0.004910774350450905,-0.012563792067140157,-0.021129912814603722,0.0015404157091834028,-0.023390582104678842,-0.009261083177222528,-0.005742032023662818,0.00291060432229937,-0.004742413394389882,-0.013308534141853448,0.009361794381933677,-0.015569203431928566,-0.0014397045044722528,0.002079346649087458,-0.007653017716689252,-0.016219138464152818,0.006451190059634308,-0.018479807754227934,-0.004350308826771623,-0.0008312576732119122,-0.008566120747463565,0.01410420777632356,-0.010826790037538683,0.003302708889917629,0.006821760043477339,0.022670328523787125,-0.0022606692900751183,0.011868829637381194,0.015387880790940904,-0.024930997813862245,-0.010801498886405931,-0.00728244773284622,0.014129498927456312,0.017648550081016023,0.0035190511535597106
"Tue, 19 Mar 2024 00:00:00 GMT",27.21951,130.42912,771.465,96.32,269.81366,121.4733,41.971638,45.549187,50.437454,65.86,-0.003251929226841719,-0.011503921070640525,0.01318205474097656,0.004161470841251977,0.0030592272055983256,0.006238812402976636,0.004262371778675395,-0.007344532322911286,0.004062250912393057,0.00015184875892827217,0.008251991843798805,-0.01643398396781828,-0.007413400068093696,-0.006311156432440045,-0.009490741629818356,-0.007514301005517114,0.0040926030960695674,-0.0073141801392347765,-0.0034037779857699914,-0.024685975811617085,-0.015665391911892503,-0.014563148276238851,-0.017742733473617163,-0.01576629284931592,-0.004159388747729239,-0.015566171983033582,-0.011655769829568797,0.009020583899724582,0.010122827535378234,0.006943242337999924,0.008919682962301164,0.020526587063887845,0.009119803828583503,0.013030205982048288,0.0011022436356536518,-0.002077341561724659,-0.00010090093742341766,0.011506003164163264,9.921992885892055e-05,0.004009622082323705,-0.0031795851973783107,-0.0012031445730770695,0.010403759528509611,-0.0010030237067947313,0.0029073784466700533,0.0019764406243012412,0.013583344725887923,0.0021765614905835794,0.006086963644048364,0.011606904101586681,0.0002001208662823382,0.004110523019747123,-0.011406783235304342,-0.0074963810818395584,0.003910402153464785
"Mon, 18 Mar 2024 00:00:00 GMT",27.30817,131.93823,761.36224,95.92,268.9895,120.71781,41.79312,45.884956,50.23298,65.85,-0.007905197384143225,0.003920719232164878,0.011194498191872213,-0.013976106162090078,0.007521744224426473,-0.000658592248764845,-0.0011858555313276002,-0.009571447726273944,-0.014433001643008514,-0.006961287191486311,-0.011825916616308104,-0.019099695576015437,0.006070908777946853,-0.015426941608569698,-0.00724660513537838,-0.006719341852815625,0.001666250342130719,0.0065278042588652885,-0.0009439101926569139,-0.007273778959707335,0.017896825394254957,-0.0036010249922615954,0.004579311480929723,0.0051065747634924784,0.013492166958438821,0.018353720875173393,0.01088200642365119,0.02517060435396229,0.00367275396744574,0.011853090440637058,0.012380353723199813,0.020765945918146157,0.025627499834880725,0.018155785383358526,-0.02149785038651655,-0.013317513913325233,-0.012790250630762478,-0.004404658435816134,0.00045689548091843585,-0.0070148189706037666,0.00818033647319132,0.008707599755754074,0.01709319195070042,0.021954745867434986,0.014483031415912784,0.0005272632825627551,0.008912855477509099,0.013774409394243669,0.006302694942721466,0.008385592194946345,0.013247146111680914,0.005775431660158711,0.0048615539167345696,-0.002610160534787633,-0.007471714451522202
"Fri, 15 Mar 2024 00:00:00 GMT",27.524902,131.42195,752.8867,97.27,266.97382,120.79734,41.84271,46.32625,50.96325,66.31,-0.00677729700911672,-0.016557848063919654,-0.00866070830414004,-0.008802513337053258,-0.009881503550982077,0.00834617390912802,-0.020875534838574752,0.004150312958388349,-0.0028618093914025465,-0.010948740793051455,0.009780551054802935,0.001883411295023319,0.002025216327936538,0.0031042065418653573,-0.01512347091824474,0.014098237829458033,-0.01092760996750507,-0.003915487617714174,0.004171443783934734,-0.007897139759779615,-0.007755334726866396,-0.006676344512937577,-0.024904021973047676,0.004317686774655098,-0.020708161022308005,-0.013696038672517109,-0.0056091072708682,0.00014180503291321908,0.0012207952468420383,-0.017006882213268057,0.012214826534434713,-0.012811021262528388,-0.005798898912737493,0.0022880324889114154,0.0010789902139288193,-0.01714868724618128,0.012073021501521494,-0.012952826295441608,-0.005940703945650712,0.0021462274559981964,-0.018227677460110097,0.010994031287592675,-0.014031816509370427,-0.007019694159579531,0.001067237242069377,0.029221708747702774,0.00419586095073967,0.011207983300530567,0.019294914702179474,-0.025025847796963104,-0.018013725447172207,-0.009926794045523298,0.007012122349790896,0.015099053751439804,0.008086931401648907
"Thu, 14 Mar 2024 00:00:00 GMT",27.71208,133.61613,759.43555,98.13,269.625,119.79334,42.72538,46.13438,51.109306,67.04,-0.0031943277462612397,0.008132223779151617,0.003806306362310688,-0.008826719916187694,-0.016255113107446404,-0.007275792930496008,-0.006478617983169415,-0.0031143376501795526,-0.0030435171045555807,-0.008022625112316141,-0.011326551525412856,-0.007000634108571928,0.005632392169926454,0.013060785361185163,0.004081465184234768,0.003284290236908175,-7.999009608168715e-05,-0.00015081064170565902,0.004828297366054901,0.004325917416840929,0.01695894369533931,0.02438733688659802,0.015408016709647625,0.014610841762321032,0.01124656142933117,0.011175740883707198,0.01615484889146776,0.012633026278498383,0.02006141946975709,0.011082099292806697,0.010284924345480104,0.006920644012490241,0.006849823466866269,0.011828931474626828,0.00742839319125871,-0.0015509269856916856,-0.002348101933018279,-0.005712382266008141,-0.005783202811632113,-0.0008040948038715526,-0.008979320176950396,-0.00977649512427699,-0.013140775457266851,-0.013211596002890824,-0.008232487995130263,-0.0007971749473265934,-0.0041614552803164555,-0.004232275825940428,0.000746832181820133,-0.003364280332989862,-0.003435100878613834,0.0015440071291467263,-7.082054562397187e-05,0.0049082874621365884,0.004979108007760561
"Wed, 13 Mar 2024 00:00:00 GMT",27.800743,132.53394,756.5504,99.0,274.0436,120.66811,43.00308,46.278282,51.265095,67.58,0.007469354032060571,-0.0120626368641466,0.003820730288070947,-0.007747686790825826,-0.001990838545409628,-0.0040846087087559975,0.0020778224566728545,-0.004550130168902428,-0.032697914905409194,0.0026670633678825078,0.01953199089620717,0.0036486237439896244,0.015217040822886397,0.0094601925774702,0.011553962740816569,0.005391531575387716,0.012019484200963,0.04016726893746977,0.004802290664178064,-0.015883367152217547,-0.004314950073320774,-0.01007179831873697,-0.007978028155390601,-0.014140459320819454,-0.007512506695244172,0.020635278041262594,-0.014729700232029108,0.011568417078896772,0.005811568833480575,0.007905338996826945,0.0017429078313980924,0.008370860456973375,0.03651864519348014,0.0011536669201884391,-0.005756848245416198,-0.0036630780820698285,-0.009825509247498681,-0.003197556621923398,0.02495022811458337,-0.010414750158708333,0.0020937701633463694,-0.004068661002082483,0.0025592916234928,0.030707076359999565,-0.004657901913292135,-0.006162431165428852,0.0004655214601464305,0.028613306196653195,-0.006751672076638505,0.006627952625575282,0.034775737362082046,-0.0005892409112096533,0.028147784736506767,-0.007217193536784936,-0.0353649782732917
"Tue, 12 Mar 2024 00:00:00 GMT",27.593863,134.14233,753.66534,99.77,274.58972,121.162,42.91382,46.489334,52.969063,67.4,-0.012770674673202245,0.029061532572188173,0.027638533008297713,-0.015909652468892616,0.004276077194744861,-0.0008964139342959089,0.008121661123276683,0.0022724340076203833,0.0007355675934725776,-0.003997932325872741,-0.04183220724539042,-0.040409207681499956,0.0031389777956903706,-0.017046751867947105,-0.011874260738906336,-0.02089233579647893,-0.015043108680822629,-0.013506242266674823,-0.008772742347329504,0.0014229995638904598,0.04497118504108079,0.02478545537744331,0.029957946506484083,0.02093987144891149,0.02678909856456779,0.028325964978715597,0.033059464898060914,0.04354818547719033,0.02336245581355285,0.028534946942593623,0.01951687188502103,0.02536609900067733,0.026902965414825137,0.03163646533417046,-0.020185729663637478,-0.015013238534596707,-0.0240313135921693,-0.018182086476513,-0.01664522006236519,-0.011911720143019874,0.005172491129040771,-0.0038455839285318214,0.002003643187124478,0.0035405096012722835,0.008274009520617603,-0.009018075057572591,-0.003168847941916292,-0.0016319815277684865,0.0031015183915768323,0.005849227115656299,0.007386093529804105,0.012119593449149424,0.0015368664141478057,0.006270366333493125,0.004733499919345319
"Mon, 11 Mar 2024 00:00:00 GMT",27.948515,130.30005,733.12036,101.37,273.41806,121.27066,42.5667,46.38381,52.930115,67.67,0.04138025987864789,-0.013847571630851553,-0.03711732277667848,0.006532089734255222,0.005864103985761353,-0.0059284714543788785,-0.005112745416772111,0.0020704065806915013,0.01054098006967555,0.017441002582325723,0.05522783150949945,0.07849758265532637,0.03484817014439267,0.03551615589288654,0.04730873133302677,0.046493005295420005,0.039309853297956394,0.030839279808972345,0.02393925729632217,0.023269751145826925,-0.020379661365106775,-0.019711675616612905,-0.007919100176472675,-0.008734826214079443,-0.015917978211543053,-0.024388551700527103,-0.031288574213177274,-0.043649412510933704,-0.04298142676243983,-0.0311888513222996,-0.03200457735990637,-0.03918772935736998,-0.04765830284635403,-0.054558325359004206,0.0006679857484938696,0.0124605611886341,0.011644835151027332,0.004461683153563721,-0.004008890335420328,-0.0109089128480705,0.011792575440140231,0.010976849402533463,0.0037936974050698513,-0.004676876083914198,-0.01157689859656437,-0.0008157260376067677,-0.00799887803507038,-0.016469451524054428,-0.023369474036704602,-0.007183151997463612,-0.01565372548644766,-0.022553747999097835,-0.00847057348898405,-0.01537059600163422,-0.006900022512650173
"Fri, 08 Mar 2024 00:00:00 GMT",26.8156,132.11694,760.84314,100.71,271.8194,121.991745,42.78489,46.287876,52.37511,66.5,0.01592329058741464,-0.021191186414870285,-0.023368739042780758,0.00777515878635517,0.00325646255487925,-0.0039597543438925215,-0.010147686045495442,0.003945608292122393,0.009526550429287881,0.004672553530976992,0.03711447700228493,0.0392920296301954,0.008148131801059472,0.01266682803253539,0.019883044931307162,0.02607097663291008,0.011977682295292249,0.00639674015812676,0.01125073705643765,0.002177552627910473,-0.028966345201225454,-0.024447648969749533,-0.017231432070977763,-0.011043500369374843,-0.025136794706992677,-0.030717736844158166,-0.025863739945847276,-0.031143897829135927,-0.026625201597660006,-0.019408984698888236,-0.013221052997285316,-0.02731434733490315,-0.03289528947206864,-0.02804129257375775,0.00451869623147592,0.01173491313024769,0.017922844831850613,0.0038295504942327772,-0.0017513916429327111,0.0031026052553781783,0.0072162168987717715,0.013404148600374692,-0.0006891457372431428,-0.006270087874408631,-0.0014160909760977418,0.0061879317016029205,-0.007905362636014913,-0.013486304773180403,-0.008632307874869512,-0.014093294337617836,-0.01967423647478332,-0.014820239576472435,-0.005580942137165488,-0.000726945238854599,0.004853996898310889
"Thu, 07 Mar 2024 00:00:00 GMT",26.391989,134.94653,778.83246,99.93,270.93567,122.47576,43.221268,46.105602,51.878525,66.19,-0.014820525812373656,0.08575466555162714,0.0005000528077553018,0.010737062240561356,-0.013577442607984233,0.0019375241156651417,0.02227471020720493,0.007938207578522068,-0.001875125363565217,0.013996881483705407,-0.1005751913640008,-0.015320578620128956,-0.02555758805293501,-0.0012430832043894228,-0.016758049928038796,-0.037095236019578585,-0.022758733390895722,-0.012945400448808438,-0.02881740729607906,0.08525461274387183,0.07501760331106579,0.09933210815961137,0.083817141435962,0.06347995534442222,0.07781645797310507,0.08762979091519235,0.07175778406792173,-0.010237009432806053,0.014077495415739535,-0.0014374713079098398,-0.02177465739944963,-0.007438154770766766,0.002375178171320519,-0.013496828675950104,0.02431450484854559,0.008799538124896214,-0.011537647966643574,0.002798854662039288,0.012612187604126572,-0.0032598192431440506,-0.015514966723649375,-0.035852152815189164,-0.0215156501865063,-0.011702317244419017,-0.02757432409168964,-0.02033718609153979,-0.006000683462856926,0.003812649479230359,-0.012059357368040265,0.014336502628682862,0.024149835570770148,0.008277828723499523,0.009813332942087284,-0.0060586739051833385,-0.015872006847270623
"Wed, 06 Mar 2024 00:00:00 GMT",26.786045,123.85654,778.4431,98.862785,274.63937,122.23869,42.26917,45.741055,51.975895,65.27,0.041680560164183755,0.0008019747633734645,0.0027995593922441673,0.005274968001535247,-0.00021687910400243756,0.007462112581020158,0.0004694356831905903,0.0037823082645728617,0.02965995232049018,0.007072600207501337,0.04087858540081029,0.03888100077193959,0.036405592162648506,0.04189743926818619,0.0342184475831636,0.041211124480993164,0.037898251899610894,0.012020607843693576,0.03460795995668242,-0.001997584628870703,-0.004472993238161783,0.0010188538673759021,-0.006660137817646693,0.0003325390801828742,-0.002980333501199397,-0.028857977557116714,-0.006270625444127873,-0.00247540860929108,0.0030164384962466048,-0.004662553188775991,0.002330123709053577,-0.0009827488723286944,-0.02686039292824601,-0.00427304081525717,0.005491847105537685,-0.002187144579484911,0.0048055323183446574,0.0014926597369623856,-0.02438498431895493,-0.00179763220596609,-0.0076789916850225955,-0.0006863147871930278,-0.003999187368575299,-0.029876831424492618,-0.007289479311503775,0.006992676897829567,0.0036798043164472964,-0.02219783973947002,0.00038951237351882075,-0.0033128725813822714,-0.029190516637299588,-0.0066031645243107475,-0.025877644055917318,-0.0032902919429284756,0.022587352112988842
"Tue, 05 Mar 2024 00:00:00 GMT",25.692535,123.75725,776.26685,98.34266,274.69894,121.329926,42.249332,45.568375,50.45693,64.81,0.0073118566267043345,-0.0261297508837551,-0.018715404139370395,0.0012740633908168968,-0.009855499231171877,-0.00988345213319062,0.0037629172659468203,0.007395658327028524,0.01752047290483435,0.0003086419777587646,0.03344160751045944,0.026027260766074728,0.006037793235887438,0.01716735585787621,0.017195308759894952,0.0035489393607575142,-8.38017003241898e-05,-0.010208616278130014,0.00700321464894557,-0.007414346744384705,-0.027403814274571996,-0.016274251652583224,-0.01624629875056448,-0.02989266814970192,-0.033525409210783626,-0.043650223788589446,-0.026438392861513865,-0.019989467530187294,-0.008859904908198518,-0.008831952006179776,-0.022478321405317216,-0.02611106246639892,-0.036235877044204744,-0.01902404611712916,0.011129562621988774,0.011157515524007516,-0.0024888538751299235,-0.0061215949362116275,-0.01624640951401745,0.0009654214130581322,2.7952902018742176e-05,-0.013618416497118698,-0.017251157558200402,-0.027375972136006226,-0.010164141208930642,-0.01364636939913744,-0.017279110460219144,-0.027403925038024968,-0.010192094110949384,-0.003632741061081704,-0.013757555638887527,0.0034542752881880556,-0.010124814577805823,0.00708701634926976,0.017211830927075584
"Mon, 04 Mar 2024 00:00:00 GMT",25.50536,127.033615,790.9318,98.217445,277.41962,122.53503,42.09065,45.23261,49.5806,64.79,-0.026678399695334594,0.029504891350380435,0.012906669115325889,-0.0008821932718785993,-0.003358858799223825,-0.023187354876418084,0.00970766388085386,-0.0029648520876661474,0.0005893153329286957,0.0029368596733099273,-0.056183291045715025,-0.039585068810660484,-0.025796206423455995,-0.02331954089611077,-0.0034910448189165097,-0.036386063576188454,-0.023713547607668445,-0.02726771502826329,-0.029615259368644523,0.016598222235054548,0.030387084622259034,0.03286375014960426,0.05269224622679852,0.019797227469526574,0.03246974343804658,0.02891557601745174,0.026568031677070506,0.013788862387204488,0.016265527914549712,0.036094023991743975,0.003199005234472028,0.015871521202992036,0.012317353782397194,0.009969809442015962,0.0024766655273452255,0.022305161604539485,-0.01058985715273246,0.002082658815787548,-0.0014715086048072948,-0.0038190529451885267,0.01982849607719426,-0.013066522680077686,-0.0003940067115576775,-0.00394817413215252,-0.006295718472533752,-0.032895018757271945,-0.020222502788751935,-0.02377667020934678,-0.026124214549728013,0.012672515968520008,0.009118348547925165,0.0067708042075439335,-0.0035541674205948432,-0.005901711760976074,-0.002347544340381232
"Fri, 01 Mar 2024 00:00:00 GMT",26.19496,123.340256,780.7891,98.30413,278.353,125.40949,41.684025,45.366917,49.55139,64.6,0.001128907452758047,0.036561439458732775,0.03704030023979271,0.010737459992792913,0.023460043792599458,-0.0014954187667799732,0.003097800686870988,-0.01177217010195302,0.002754813743502448,0.006834447230296989,-0.03543253200597473,-0.03591139278703467,-0.009608552540034867,-0.02233113633984141,0.0026243262195380203,-0.001968893234112941,0.012901077554711066,-0.001625906290744401,-0.005705539777538942,-0.00047886078105993657,0.02582397946593986,0.013101395666133317,0.038056858225512746,0.03346363877186179,0.048333609560685796,0.033806625715230326,0.029726992228435785,0.026302840246999797,0.013580256447193254,0.03853571900657268,0.03394249955292172,0.04881247034174573,0.03428548649629026,0.03020585300949572,-0.012722583799806545,0.012232878759572886,0.007639659305921925,0.022509630094745933,0.007982646249290466,0.003903012762495924,0.024955462559379433,0.02036224310572847,0.03523221389455248,0.02070523004909701,0.016625596562302468,-0.004593219453650961,0.010276751335173046,-0.004250232510282421,-0.008329865997076963,0.014869970788824008,0.00034298694336853995,-0.0037366465434260014,-0.014526983845455466,-0.018606617332250008,-0.004079633486794541
"Thu, 29 Feb 2024 00:00:00 GMT",26.165405,118.9122,752.3975,97.25424,271.89883,125.59717,41.555096,45.90414,49.415073,64.16,-0.017910897846191307,-0.014670205056469623,-0.005240475334226371,-0.012303958997478241,-0.013169304085599007,-0.008146023450133573,-0.01044643648244544,-0.003129933718762699,-0.003344129076431194,-0.01837747651197187,-0.0032406927897216838,-0.012670422511964936,-0.005606938848713066,-0.0047415937605923,-0.009764874396057733,-0.007464461363745867,-0.014780964127428606,-0.014566768769760112,0.00046657866578056484,-0.009429729722243253,-0.002366246058991382,-0.001500900970870616,-0.0065241816063360495,-0.004223768574024183,-0.011540271337706923,-0.011326075980038429,0.0037072714555022486,0.00706348366325187,0.007928828751372637,0.0029055481159072022,0.005205961148219068,-0.002110541615463672,-0.0018963462577951768,0.013137001177745501,0.0008653450881207659,-0.004157935547344668,-0.0018575225150328015,-0.009174025278715543,-0.008959829921047047,0.0060735175144936305,-0.0050232806354654335,-0.0027228676031535674,-0.010039370366836307,-0.009825175009167813,0.005208172426372865,0.002300413032311866,-0.005016089731370874,-0.004801894373702379,0.010231453061838298,-0.00731650276368274,-0.007102307406014245,0.007931040029526432,0.000214195357668495,0.015247542793209171,0.015033347435540677
"Wed, 28 Feb 2024 00:00:00 GMT",26.638273,120.669525,756.35077,98.458244,275.50323,126.624466,41.991474,46.048042,49.5806,65.35,0.005562800341063496,-0.005661062806380991,-0.009667487266935258,-0.009056891671433951,-0.003705387940261867,-0.006531417455098129,-0.0009442458319862052,-0.00436549678033215,0.008084429941791444,-0.014884843467233708,0.011223863147444488,0.015230287607998754,0.014619692012497448,0.009268188281325362,0.012094217796161624,0.006507046173049701,0.009928297121395646,-0.0025216296007279483,0.020447643808297205,0.004006424460554266,0.00339582886505296,-0.001955674866119124,0.0008703546487171376,-0.004716816974394786,-0.0012955660260488408,-0.013745492748172435,0.009223780660852717,-0.0006105955955013065,-0.00596209932667339,-0.0031360698118371288,-0.008723241434949052,-0.005301990486603107,-0.0177519172087267,0.005217356200298451,-0.0053515037311720835,-0.0025254742163358223,-0.008112645839447746,-0.004691394891101801,-0.017141321613225395,0.005827951795799757,0.0028260295148362616,-0.002761142108275662,0.0006601088400702833,-0.011789817882053312,0.01117945552697184,-0.005587171623111923,-0.0021659206747659783,-0.014615847396889573,0.00835342601213558,0.003421250948345945,-0.00902867577377765,0.013940597635247503,-0.012449926722123594,0.010519346686901559,0.022969273409025152
"Tue, 27 Feb 2024 00:00:00 GMT",26.490501,121.35458,763.69824,99.35402,276.52597,127.45421,42.031143,46.249504,49.181385,66.33,-0.010726993274656286,-0.010255699679098484,-0.009005129820382549,-0.0009689929087732979,-0.027902539866458353,0.0014736140760493307,0.0009442458319861383,0.00020746158115794738,-0.00019800247306529347,0.006048710412256138,-0.0004712935955578021,-0.0017218634542737372,-0.009758000365882988,0.017175546591802066,-0.012200607350705616,-0.011671239106642424,-0.010934454855814233,-0.010528990801590993,-0.016775703686912426,-0.0012505698587159352,-0.009286706770325186,0.017646840187359868,-0.011729313755147814,-0.011199945511084622,-0.010463161260256431,-0.010057697206033191,-0.016304410091354624,-0.008036136911609251,0.018897410046075806,-0.010478743896431879,-0.009949375652368687,-0.009212591401540496,-0.008807127347317256,-0.015053840232638687,0.026933546957685055,-0.0024426069848226288,-0.0019132387407594363,-0.0011764544899312453,-0.0007709904357080044,-0.007017703321029436,-0.029376153942507685,-0.028846785698444493,-0.0281100014476163,-0.02770453739339306,-0.03395125027871449,0.0005293682440631924,0.0012661524948913833,0.0016716165491146241,-0.004575096336206807,0.000736784250828191,0.0011422483050514318,-0.005104464580269999,0.0004054640542232408,-0.0058412488310981905,-0.006246712885321431
"Mon, 26 Feb 2024 00:00:00 GMT",26.776194,122.60556,770.6065,99.45034,284.3504,127.26653,41.991474,46.23991,49.191124,65.93,-0.021114686878320337,0.00032401822029406963,0.003088048816264035,-0.006275630068938767,-0.009764710801502038,-0.004723379227667025,0.00283826608695983,-0.011756294965390022,-0.02231446062472287,0.0015179116454231377,-0.021438705098614407,-0.024202735694584372,-0.01483905680938157,-0.0113499760768183,-0.016391307650653313,-0.023952952965280168,-0.009358391912930315,0.0011997737464025313,-0.022632598523743476,-0.0027640305959699654,0.006599648289232837,0.010088729021796108,0.005047397447961095,-0.0025142478666657603,0.012080313185684092,0.02263847884501694,-0.0011938934251290681,0.009363678885202802,0.012852759617766073,0.00781142804393106,0.0002497827293042052,0.014844343781654057,0.025402509440986903,0.0015701371708408973,0.0034890807325632708,-0.0015522508412717422,-0.009113896155898596,0.005480664896451255,0.016038830555784103,-0.007793541714361905,-0.005041331573835013,-0.012602976888461868,0.001991584163887984,0.01254974982322083,-0.011282622446925175,-0.007561645314626855,0.007032915737722997,0.017591081397055845,-0.006241290873090163,0.014594561052349853,0.0251527267116827,0.0013203544415366921,0.010558165659332847,-0.013274206610813159,-0.023832372270146007
"Fri, 23 Feb 2024 00:00:00 GMT",27.347576,122.56584,768.2305,100.076416,287.1406,127.86908,41.87246,46.786728,50.301136,65.83,0.007593560327737064,-0.00863015757692593,-0.00013003064198861816,0.010643511529991625,0.013928805011460285,0.001468798108326095,0.0014221357626095262,0.02008972683518362,0.006408417416268823,0.026163388319013835,0.016223717904662996,0.007723590969725682,-0.0030499512022545607,-0.006335244683723221,0.006124762219410969,0.006171424565127538,-0.012496166507446555,0.0011851429114682413,-0.018569827991276773,-0.008500126934937312,-0.019273669106917555,-0.022558962588386217,-0.010098955685252025,-0.010052293339535456,-0.02871988441210955,-0.015038574993194753,-0.03479354589593976,-0.010773542171980243,-0.014058835653448903,-0.0015988287503147132,-0.0015521664045981445,-0.020219757477172237,-0.006538448058257441,-0.026293418961002454,-0.00328529348146866,0.00917471342166553,0.0092213757673821,-0.009446215305191994,0.004235094113722802,-0.01551987678902221,0.01246000690313419,0.01250666924885076,-0.006160921823723334,0.007520387595191462,-0.01223458330755355,4.66623457165687e-05,-0.018620928726857524,-0.004939619307942728,-0.02469459021068774,-0.018667591072574093,-0.004986281653659296,-0.02474125255640431,0.013681309418914796,-0.0060736614838302165,-0.019754970902745014
"Thu, 22 Feb 2024 00:00:00 GMT",27.140697,123.62818,768.3304,99.0169,283.1688,127.681404,41.812954,45.856174,49.979816,64.13,-0.004346287841057478,0.029254494799277348,0.03131796165640405,0.0023373815125404176,0.006049504967532081,0.008858605054237623,0.024661770949443343,-0.002507312089005274,0.00821596180346167,0.0003899091561075373,-0.03360078264033482,-0.035664249497461525,-0.0066836693535978955,-0.010395792808589559,-0.013204892895295101,-0.02900805879050082,-0.001838975752052204,-0.012562249644519147,-0.004736196997165015,-0.0020634668571266994,0.026917113286736932,0.023204989831745265,0.020395889745039725,0.004592723849834005,0.031761806888282625,0.02103853299581568,0.02886458564316981,0.028980580143863628,0.025268456688871968,0.022459356602166424,0.006656190706960705,0.03382527374540932,0.023101999852942378,0.03092805250029651,-0.0037121234549916636,-0.006521223541697206,-0.022324389436902924,0.0048446936015456915,-0.005878580290921252,0.0019474723564328802,-0.002809100086705542,-0.018612265981911263,0.008556817056537356,-0.0021664568359295883,0.005659595811424544,-0.01580316589520572,0.011365917143242896,0.0006426432507759539,0.008468695898130086,0.027169083038448616,0.016445809145981673,0.024271861793335806,-0.010723273892466943,-0.0028972212451128113,0.007826052647354132
"Wed, 21 Feb 2024 00:00:00 GMT",27.258915,120.06389,744.64075,98.78573,281.46094,126.55532,40.794384,45.971294,49.570866,64.105,0.0028954253017547567,-0.00429082514739906,-0.012986577779068914,-0.0015588275325902434,-0.0001762789062270043,0.005871083846312373,-0.0019056025989259422,0.022581865587261676,0.020840292816886794,0.0007684724085651497,0.0071862504491538165,0.015882003080823673,0.004454252834345,0.003071704207981761,-0.002975658544557616,0.004801027900680699,-0.01968644028550692,-0.017944867515132037,0.002126952893189607,0.008695752631669855,-0.0027319976148088166,-0.004114546241172056,-0.010161908993711433,-0.002385222548473118,-0.026872690734660736,-0.025131117964285854,-0.0050592975559642095,-0.011427750246478671,-0.01281029887284191,-0.018857661625381286,-0.011080975180142972,-0.03556844336633059,-0.03382687059595571,-0.013755050187634064,-0.0013825486263632392,-0.007429911378902616,0.0003467750663356988,-0.02414069311985192,-0.02239912034947704,-0.002327299941155393,-0.006047362752539377,0.001729323692698938,-0.02275814449348868,-0.0210165717231138,-0.000944751314792154,0.007776686445238315,-0.016710781740949303,-0.01496920897057442,0.005102611437747223,-0.02448746818618762,-0.022745895415812737,-0.0026740750074910917,0.0017415727703748822,0.021813393178696527,0.020071820408321644
"Tue, 20 Feb 2024 00:00:00 GMT",27.180103,120.58017,754.37415,98.93984,281.51056,125.81448,40.872196,44.94481,48.548485,64.055756,-0.0010867855407181602,-0.020859510055274925,-0.03433995371012926,0.02493846264256657,-0.0006699457777751533,-0.003292089050271899,0.0019056025989260623,0.014404228390357167,0.0,0.011909479554783853,0.019772724514556764,0.0332531681694111,-0.026025248183284732,-0.00041683976294300685,0.0022053035095537387,-0.0029923881396442227,-0.015491013931075326,-0.0010867855407181602,-0.012996265095502012,0.013480443654854336,-0.0457979726978415,-0.02018956427749977,-0.017567421005003026,-0.022765112654200986,-0.03526373844563209,-0.020859510055274925,-0.03276898961005878,-0.05927841635269583,-0.033670007932354105,-0.03104786465985736,-0.03624555630905532,-0.04874418210048643,-0.03433995371012926,-0.04624943326491311,0.025608408420341726,0.02823055169283847,0.02303286004364051,0.010534234252209404,0.02493846264256657,0.013028983087782718,0.0026221432724967456,-0.0025755483767012158,-0.01507417416813232,-0.0006699457777751533,-0.012579425332559006,-0.005197691649197961,-0.017696317440629064,-0.003292089050271899,-0.015201568605055752,-0.012498625791431104,0.0019056025989260623,-0.01000387695585779,0.014404228390357167,0.0024947488355733134,-0.011909479554783853
"Fri, 16 Feb 2024 00:00:00 GMT",27.209658,123.12183,780.72925,96.502945,281.69922,126.229355,40.794384,44.302055,48.548485,63.29741,0.0039905817816978445,0.01839241501846189,0.031538390607542946,0.005605052463207557,-0.01875160694695186,0.00982983365531013,0.00406171221188233,-0.0045370656394809515,0.00845932019052031,0.022501146222040917,-0.014401833236764045,-0.0275478088258451,-0.0016144706815097122,0.022742188728649707,-0.005839251873612286,-7.113043018448523e-05,0.008527647421178796,-0.004468738408822466,-0.01851056444034307,-0.013145975589081055,0.012787362555254334,0.03714402196541375,0.00856258136315176,0.01433070280657956,0.02292948065794284,0.00993309482794158,-0.004108731203579026,0.02593333814433539,0.05028999755449481,0.021708556952232817,0.027476678395660616,0.0360754562470239,0.023079070417022635,0.00903724438550203,0.024356659410159416,-0.004224781192102574,0.001543340251325227,0.010142118102688509,-0.002854267727312754,-0.016896093758833358,-0.02858144060226199,-0.02281331915883419,-0.01421454130747091,-0.027210927137472172,-0.04125275316899278,0.005768121443427801,0.014366899294791083,0.0013705134647898198,-0.012671312566730786,0.00859877785136328,-0.004397607978637981,-0.018439434010158587,-0.012996385830001261,-0.027038211861521867,-0.014041826031520606
"Thu, 15 Feb 2024 00:00:00 GMT",27.101292,120.87802,756.49054,95.963554,287.03137,124.99462,40.629025,44.503513,48.13953,61.88905,0.014646974429845078,-0.012569538341313205,0.0006203984445329321,0.005838533732117177,0.004333677690403424,0.00570617418449475,-0.000717997169682351,0.01279977822883901,0.011186877796378551,0.018956404021389015,0.02721651277115828,0.014026575985312146,0.0088084406977279,0.010313296739441653,0.008940800245350329,0.01536497159952743,0.0018471962010060683,0.003460096633466527,-0.004309429591543937,-0.013189936785846137,-0.01840807207343038,-0.016903216031716628,-0.018275712525807956,-0.011851541171630854,-0.025369316570152213,-0.023756416137691756,-0.03152594236270222,-0.005218135287584244,-0.003713279245870492,-0.005085775739961817,0.0013383956142152833,-0.012179379784306077,-0.010566479351845619,-0.018336005576856083,0.0015048560417137528,0.00013235954762242687,0.006556530901799528,-0.006961244496721833,-0.0053483440642613745,-0.01311787028927184,-0.001372496494091326,0.005051674860085775,-0.008466100538435585,-0.006853200105975127,-0.014622726330985592,0.006424171354177101,-0.00709360404434426,-0.005480703611883801,-0.013250229836894264,-0.013517775398521361,-0.011904874966060902,-0.019674401191071365,0.0016129004324604585,-0.006156625792550005,-0.007769526225010464
"Wed, 14 Feb 2024 00:00:00 GMT",26.707233,122.40699,756.02136,95.4049,285.79016,124.28341,40.658207,43.937508,47.604,60.726906,0.00517752438751855,0.027130938094489025,0.020868298161664734,-0.00010099600135268537,-0.0014124866059687204,0.0031044229298870817,0.009857018991509087,0.0010923287497844763,0.003688543754049462,0.010269904529591237,-0.021953413706970473,-0.015690773774146183,0.005278520388871236,0.006590010993487271,0.0020731014576314687,-0.004679494603990537,0.004085195637734074,0.0014889806334690884,-0.005092380142072687,0.0062626399328242904,0.02723193409584171,0.028543424700457745,0.02402651516460194,0.017273919102979936,0.026038609344704547,0.023442394340439564,0.016861033564897786,0.02096929416301742,0.022280784767633455,0.01776387523177765,0.011011279170155647,0.019775969411880256,0.017179754407615273,0.010598393632073497,0.001311490604616035,-0.003205418931239767,-0.009958014992861773,-0.0011933247511371617,-0.0037895397554021473,-0.010370900530943923,-0.004516909535855802,-0.011269505597477808,-0.0025048153557531965,-0.005101030360018182,-0.011682391135559958,-0.006752596061622006,0.0020120941801026054,-0.0005841208241623803,-0.007165481599704156,0.008764690241724611,0.0061684752374596245,-0.00041288553808215,-0.0025962150042649857,-0.009177575779806761,-0.0065813607755417745
"Tue, 13 Feb 2024 00:00:00 GMT",26.569313,119.13062,740.40796,95.414536,286.19412,123.89818,40.259407,43.88954,47.428734,60.106438,-0.025262231988348826,-0.0044903081417133235,0.007715055838395979,-0.014730471839367975,-0.013506591815794293,0.0007178629776226556,0.0077614026855210815,-0.012813723177168156,-0.021126076991101996,-0.006207183268063482,-0.020771923846635502,-0.032977287826744806,-0.010531760148980851,-0.011755640172554533,-0.025980094965971482,-0.03302363467386991,-0.01244850881118067,-0.00413615499724683,-0.019055048720285343,-0.012205363980109303,0.010240163697654651,0.00901628367408097,-0.005208171119335979,-0.012251710827234405,0.008323415035454832,0.016635768849388673,0.0017168751263501583,0.022445527677763952,0.02122164765419027,0.0069971928607733234,-4.6346847125102765e-05,0.020528779015564134,0.028841132829497976,0.01392223910645946,-0.0012238800235736813,-0.01544833481699063,-0.022491874524889058,-0.0019167486621998187,0.006395605151734022,-0.008523288571304494,-0.01422445479341695,-0.021267994501315376,-0.0006928686386261373,0.007619485175307703,-0.0072994085477308115,-0.007043539707898426,0.013531586154790812,0.021843939968724652,0.006925046245686137,0.02057512586268924,0.028887479676623078,0.013968585953584564,0.00831235381393384,-0.006606539909104674,-0.014918893723038514
"Mon, 12 Feb 2024 00:00:00 GMT",27.249063,119.666756,734.71765,96.83044,290.08585,123.80927,39.948147,44.455547,48.441376,60.48069,0.0036218680269853873,-0.005543368967545013,-0.003925795029750485,-0.0049612635033796666,0.011305755631993031,-0.0008772553596740403,-0.02024648811451047,-0.003446782994952646,-0.0012053084290645298,-0.013746443170873535,0.0091652369945304,0.0075476630567358725,0.008583131530365055,-0.007683887605007644,0.004499123386659427,0.023868356141495857,0.0070686510219380334,0.004827176456049917,0.01736831119785892,-0.0016175739377945276,-0.0005821054641653462,-0.016849124599538044,-0.004666113607870973,0.014703119146965458,-0.0020965859725923667,-0.004338060538480483,0.008203074203328522,0.0010354684736291813,-0.015231550661743518,-0.003048539670076445,0.016320693084759984,-0.0004790120347978391,-0.0027204866006859552,0.009820648141123049,-0.0162670191353727,-0.0040840081437056265,0.015285224611130804,-0.0015144805084270204,-0.0037559550743151366,0.008785179667493868,0.012183010991667072,0.031552243746503505,0.014752538626945678,0.01251106406105756,0.025052198802866566,0.01936923275483643,0.002569527635278606,0.0003280530693904895,0.012869187811199494,-0.016799705119557824,-0.01904117968544594,-0.006500044943636936,-0.002241474565888116,0.010299660175920888,0.012541134741809006
"Fri, 09 Feb 2024 00:00:00 GMT",27.150549,120.331955,737.60767,97.312035,286.82468,123.91793,40.7652,44.60904,48.499798,61.317825,-0.00036276295256880566,0.023457818174157024,0.006071162843310613,-0.0032610253713258623,-0.01273114460333819,-0.009204275571206913,0.002149728870342331,-0.0012894896743573666,0.022331385420166484,-0.02003565939157608,-0.023820581126725828,-0.006433925795879419,0.0028982624187570568,0.012368381650769384,0.008841512618638107,-0.0025124918229111363,0.0009267267217885609,-0.022694148372735288,0.019672896439007277,0.01738665533084641,0.026718843545482887,0.03618896277749521,0.03266209374536394,0.021308089303814694,0.02474730784851439,0.0011264327539905403,0.0434934775657331,0.009332188214636475,0.018802307446648802,0.015275438414517527,0.0039214339729682825,0.007360652517667979,-0.01626022257685587,0.026106822234886695,0.009470119232012329,0.005943250199881051,-0.005410754241668193,-0.001971535696968496,-0.025592410791492347,0.016774634020250218,-0.003526869032131277,-0.014880873473680521,-0.011441654928980824,-0.03506253002350467,0.007304514788237891,-0.011354004441549244,-0.007914785896849547,-0.03153566099137339,0.010831383820369168,0.0034392185446996976,-0.020181656549824154,0.02218538826191841,-0.02362087509452385,0.018746169717218715,0.04236704481174257
"Thu, 08 Feb 2024 00:00:00 GMT",27.1604,117.54208,733.1431,97.62989,290.49963,125.06377,40.67766,44.6666,47.428734,62.558758,0.00036276295256882306,-0.0022780333624004036,0.01409961135492105,-0.02050654145256817,-0.0034534834869442152,-0.006769489973308325,-0.004770980073987979,-0.007702280140016885,0.0014380737875821688,-0.0465987995523832,0.002640796314969227,-0.013736848402352227,0.02086930440513699,0.0038162464395130385,0.007132252925877148,0.005133743026556802,0.008065043092585707,-0.0010753108350133457,0.04696156250495202,-0.016377644717321456,0.018228508090167767,0.0011754501245438117,0.004491456610907921,0.0024929467115875755,0.005424246777616481,-0.003716107149982572,0.04432076618998279,0.03460615280748922,0.017553094841865267,0.020869101328229375,0.01887059142890903,0.021801891494937935,0.012661537567338881,0.06069841090730425,-0.017053057965623956,-0.013737051479259845,-0.01573556137858019,-0.012804261312551284,-0.021944615240150338,0.026092258099815028,0.0033160064863641094,0.001317496587043764,0.00424879665307267,-0.004891557274526384,0.043145316065438984,-0.0019985098993203455,0.0009327901667085603,-0.008207563760890494,0.03982930957907487,0.002931300066028906,-0.006209053861570148,0.04182781947839522,-0.009140353927599053,0.03889651941236631,0.04803687333996537
"Wed, 07 Feb 2024 00:00:00 GMT",27.150549,117.81015,722.8786,99.65261,291.5046,125.91326,40.872196,45.011963,47.360577,65.54291,0.0021794563395328773,0.00888819636048538,0.028455264691771186,-0.002702746058233886,-0.0660435392188616,0.004639248472102475,0.006446200484629217,-0.0029792976047239806,-0.01266614324699111,-0.0073358369357432365,-0.006708740020952503,-0.02627580835223831,0.004882202397766763,0.06822299555839448,-0.0024597921325695974,-0.00426674414509634,0.005158753944256858,0.014845599586523987,0.009515293275276114,-0.019567068331285804,0.011590942418719266,0.07493173557934697,0.004248947888382906,0.0024419958758561634,0.01186749396520936,0.02155433960747649,0.016224033296228617,0.031158010750005072,0.09449880391063278,0.023816016219668713,0.02200906420714197,0.03143456229649517,0.041121407938762296,0.03579110162751442,0.06334079316062771,-0.007341994530336361,-0.009148946542863103,0.0002765515464900948,0.009963397188757224,0.004633090877509351,-0.07068278769096407,-0.0724897397034908,-0.06306424161413761,-0.05337739597187048,-0.058707702283118356,-0.0018069520125267424,0.007618546076826455,0.017305391719093583,0.011975085407845712,0.009425498089353198,0.019112343731620327,0.013782037420372453,0.009686845642267128,0.004356539331019256,-0.005330306311247873
"Tue, 06 Feb 2024 00:00:00 GMT",27.09144,116.76767,702.5988,99.92231,311.40656,125.33047,40.609573,45.146267,47.964268,66.02549,0.03440323559291522,-0.005511570007507009,-0.0016581775398124725,0.0026061150243948906,-0.01849463795012564,0.005532329384873568,0.004320693358535373,0.0023401829525065785,0.0263281361585983,0.02875069561983843,0.03991480560042223,0.03606141313272769,0.03179712056852033,0.05289787354304086,0.028870906208041655,0.03008254223437985,0.032063052640408644,0.008075099434316921,0.005652539973076791,-0.0038533924676945365,-0.0081176850319019,0.01298306794261863,-0.011043899392380577,-0.009832263366042381,-0.007851752960013588,-0.031839706166105305,-0.03426226562734544,-0.004264292564207363,0.016836460410313166,-0.0071905069246860406,-0.005978870898347846,-0.003998360492319051,-0.027986313698410772,-0.030408873159650903,0.02110075297452053,-0.002926214360478677,-0.0017145783341404822,0.0002659320718883121,-0.023722021134203408,-0.02614458059544354,-0.024026967334999205,-0.02281533130866101,-0.020834820902632216,-0.04482277410872394,-0.04724533356996407,0.001211636026338195,0.0031921464323669893,-0.02079580677372473,-0.023218366234964864,0.0019805104060287943,-0.022007442800062928,-0.02443000226130306,-0.02398795320609172,-0.026410512667331854,-0.0024225594612401306
"Mon, 05 Feb 2024 00:00:00 GMT",26.175257,117.41302,703.7648,99.66224,317.2195,124.639015,40.43449,45.04074,46.717937,64.15424,-0.013458087440463515,0.039322267524651615,0.056134448271607726,-0.0024133066596778254,-0.0037820135351439685,-0.0018210846838244202,0.020659387848911907,-0.005946065631967311,-0.015100066699189363,-0.007646489147034487,-0.05278035496511513,-0.06959253571207125,-0.01104478078078569,-0.009676073905319547,-0.011637002756639096,-0.03411747528937542,-0.007512021808496204,0.001641979258725848,-0.005811598293429028,-0.01681218074695611,0.04173557418432944,0.043104281059795586,0.041143352208476036,0.018662879675739708,0.04526833315661893,0.054422334223840976,0.0469687566716861,0.05854775493128555,0.0599164618067517,0.05795553295543215,0.03547506042269582,0.06208051390357504,0.0712345149707971,0.06378093741864221,0.001368706875466143,-0.0005922219758534052,-0.023072694508589734,0.003532758972289486,0.012686760039511538,0.005233182487356661,-0.0019609288513195485,-0.024441401384055875,0.002164052096823343,0.011318053164045395,0.0038644756118905188,-0.02248047253273633,0.004124980948142891,0.013278982015364944,0.005825404463210067,0.02660545348087922,0.03575945454810127,0.028305876995946395,0.009154001067222053,0.001700423515067176,-0.007453577552154876
"Fri, 02 Feb 2024 00:00:00 GMT",26.529907,112.88567,665.3477,99.903046,318.4215,124.8662,39.607708,45.309353,47.428734,64.646675,-0.013279481446375857,-0.018214881196781676,0.01087294182571046,-0.01540334676546773,-0.004230075966775993,0.00023732215817298292,0.002212723115288665,-0.024677177656648713,0.000821527317459169,-0.01826597407446605,0.004935399750405819,-0.024152423272086318,0.002123865319091872,-0.009049405479599863,-0.01351680360454884,-0.015492204561664523,0.011397696210272855,-0.014101008763835026,0.004986492628090191,-0.02908782302249214,-0.0028115344313139473,-0.013984805230005684,-0.01845220335495466,-0.02042760431207034,0.006462296459867036,-0.019036408514240846,5.1092877684372207e-05,0.02627628859117819,0.015103017792486455,0.010635619667537477,0.008660218710421795,0.03555011948235917,0.010051414508251292,0.02913891590017651,-0.011173270798691737,-0.015640668923640712,-0.017616069880756393,0.009273830891180983,-0.016224874082926898,0.0028626273089983195,-0.0044673981249489765,-0.006442799082064658,0.02044710168987272,-0.005051603284235162,0.014035898107690056,-0.0019754009571156823,0.024914499814821696,-0.0005842051592861861,0.018503296232639032,0.026889900771937376,0.001391195797829496,0.020478697189754713,-0.02549870497410788,-0.006411203582182664,0.019087501391925218
"Thu, 01 Feb 2024 00:00:00 GMT",26.88456,114.96071,658.1526,101.4538,319.7713,124.83657,39.520164,46.44137,47.389786,65.83836,0.007724883379623176,0.009109507489075819,0.02269558563755942,0.01781665342514571,0.03224978469043185,0.04532253775811708,0.02972617132170863,-0.030314577907668804,-0.00410090410380706,0.003146182679936845,-0.0013846241094526432,-0.014970702257936244,-0.010091770045522534,-0.024524901310808672,-0.037597654378493904,-0.022001287942085456,0.03803946128729198,0.011825787483430236,0.004578700699686331,-0.0135860781484836,-0.00870714593606989,-0.02314027720135603,-0.03621303026904126,-0.02061666383263281,0.03942408539674462,0.01321041159288288,0.005963324809138974,0.004878932212413711,-0.009554199052872428,-0.02262695212055766,-0.007030585684149212,0.05301016354522822,0.02679648974136648,0.019549402957622575,-0.014433131265286139,-0.02750588433297137,-0.011909517896562923,0.04813123133281451,0.021917557528952768,0.014670470745208863,-0.013072753067685232,0.002523613368723216,0.06256436259810065,0.03635068879423891,0.029103602010495003,0.015596366436408448,0.07563711566578588,0.04942344186192414,0.04217635507818023,0.06004074922937744,0.03382707542551569,0.026579988641771787,-0.026213673803861744,-0.03346076058760565,-0.007247086783743905
"Wed, 31 Jan 2024 00:00:00 GMT",26.67768,113.91823,643.38367,99.66224,309.62326,119.30496,38.36267,47.870777,47.584526,65.631546,0.0022181682289628686,0.05113740985961685,0.000976270513766307,-0.04053207741627535,-0.0011449623453789906,-0.007259619125526945,0.008913810065522334,-0.006989523998852869,-0.010584243591291445,-0.008368225545938569,-0.04891924163065398,0.0012418977151965617,0.042750245645238216,0.0033631305743418594,0.009477787354489814,-0.0066956418365594645,0.009207692227815738,0.012802411820254314,0.010586393774901438,0.05016113934585054,0.09166948727589219,0.05228237220499584,0.0583970289851438,0.04222359979409452,0.05812693385846972,0.0617216534509083,0.059505635405555424,0.041508347930041656,0.0021212328591452977,0.008235889639293252,-0.007937539551756027,0.007965794512619176,0.011560514105057752,0.009344496059704875,-0.03938711507089636,-0.0332724582907484,-0.04944588748179768,-0.033542553417422474,-0.0299478338249839,-0.03216385187033678,0.0061146567801479545,-0.010058772410901324,0.005844561653473879,0.009439281245912454,0.007223263200559578,-0.016173429191049277,-0.00027009512667407545,0.0033246244657645,0.0011086064204116237,0.015903334064375205,0.01949805365681378,0.017282035611460904,0.0035947195924385753,0.0013787015470856992,-0.002216018045352876
"Tue, 30 Jan 2024 00:00:00 GMT",26.61857,108.23919,642.75586,103.78474,309.97797,120.17422,38.022232,48.206543,48.090847,66.18307,-0.01688117602632463,0.0,-3.1022184240336246e-05,-0.001854429048047023,0.0037257122569022793,0.003128353448017115,0.0007677140573276737,-0.0005968777140338466,-0.00967162245193317,0.00014884067871922337,-0.01688117602632463,-0.016850153842084294,-0.015026746978277609,-0.02060688828322691,-0.020009529474341745,-0.017648890083652304,-0.016284298312290786,-0.007209553574391462,-0.017030016705043855,3.1022184240336246e-05,0.001854429048047023,-0.0037257122569022793,-0.003128353448017115,-0.0007677140573276737,0.0005968777140338466,0.00967162245193317,-0.00014884067871922337,0.0018234068638066868,-0.0037567344411426158,-0.0031593756322574515,-0.0007987362415680099,0.0005658555297935104,0.009640600267692832,-0.0001798628629595596,-0.005580141304949302,-0.004982782496064138,-0.0026221431053746968,-0.0012575513340131765,0.007817193403886147,-0.0020032697267662464,0.0005973588088851642,0.002957998199574606,0.004322589970936126,0.013397334708835449,0.003576871578183056,0.002360639390689441,0.003725231162050962,0.012799975899950284,0.0029795127692978916,0.0013645917713615203,0.010439336509260842,0.0006188733786084504,0.009074744737899322,-0.0007457183927530699,-0.009820463130652393
"Mon, 29 Jan 2024 00:00:00 GMT",27.071737,108.23919,642.7758,103.97738,308.82523,119.79886,37.993053,48.235325,48.55822,66.17322,0.0003639512584900693,0.008752130180425604,0.008954668309093363,0.007345174668768761,0.005374177926123203,0.0038001104802547867,-0.0002559087795493059,0.0027883161064409436,0.0034146591447904986,0.0013404126376163209,-0.008388178921935534,-0.008590717050603294,-0.006981223410278692,-0.005010226667633134,-0.0034361592217647175,0.0006198600380393752,-0.0024243648479508745,-0.0030507078863004295,-0.0009764613791262515,-0.0002025381286677591,0.0014069555116568424,0.0033779522543024004,0.004952019700170817,0.00900803895997491,0.00596381407398466,0.005337471035635105,0.007411717542809283,0.0016094936403246015,0.0035804903829701595,0.0051545578288385765,0.009210577088642669,0.006166352202652419,0.005540009164302864,0.007614255671477042,0.001970996742645558,0.0035450641885139745,0.007601083448318067,0.0045568585623278176,0.0039305155239782626,0.00600476203115244,0.0015740674458684166,0.0056300867056725094,0.0025858618196822596,0.0019595187813327046,0.004033765288506882,0.004056019259804092,0.001011794373813843,0.00038545133546428806,0.002459697842638466,-0.0030442248859902494,-0.0036705679243398044,-0.0015963214171656269,-0.000626343038349555,0.0014479034688246227,0.0020742465071741777
"Fri, 26 Jan 2024 00:00:00 GMT",27.061886,107.296,637.04565,103.216446,307.17,119.344475,38.002777,48.101017,48.392693,66.08458,0.0,0.022363574092730203,0.018360733055396195,0.001587654134364122,0.004855078363583308,0.005727359188939323,0.005904255129148405,0.005198974152316211,0.0018125141747824497,0.0011929712869206948,-0.022363574092730203,-0.018360733055396195,-0.001587654134364122,-0.004855078363583308,-0.005727359188939323,-0.005904255129148405,-0.005198974152316211,-0.0018125141747824497,-0.0011929712869206948,0.0040028410373340075,0.02077591995836608,0.017508495729146895,0.01663621490379088,0.016459318963581798,0.017164599940413992,0.020551059917947753,0.021170602805809506,0.016773078921032074,0.013505654691812887,0.012633373866456871,0.01245647792624779,0.013161758903079985,0.016548218880613745,0.017167761768475502,-0.003267424229219186,-0.004139705054575201,-0.004316600994784283,-0.003611320017952089,-0.00022486004041832766,0.0003946828474434272,-0.0008722808253560149,-0.0010491767655650972,-0.0003438957887329031,0.0030425641888008584,0.0036621070766626133,-0.0001768959402090823,0.0005283850366231118,0.003914845014156874,0.004534387902018628,0.0007052809768321941,0.004091740954365956,0.0047112838422277105,0.0033864599775337615,0.004006002865395516,0.0006195428878617549
"Thu, 25 Jan 2024 00:00:00 GMT",27.061886,104.92311,625.45575,103.052704,305.68228,118.6629,37.77906,47.85159,48.30506,66.00579,-0.015890509442762196,0.004457270859636651,-0.009640793779529878,-0.005220467490419935,0.015460847949493744,0.010459872603573358,-0.004879937091211113,-0.0002004539150091854,-0.012619085660926205,0.006286441295827155,-0.020347780302398845,-0.0062497156632323175,-0.01067004195234226,-0.03135135739225594,-0.026350382046335552,-0.011010572351551083,-0.01569005552775301,-0.0032714237818359908,-0.02217695073858935,0.01409806463916653,0.009677738350056586,-0.011003577089857093,-0.006002601743936707,0.009337207950847765,0.004657724774645836,0.017076356520562858,-0.0018291704361905036,-0.004420326289109943,-0.02510164172902362,-0.020100666383103236,-0.004760856688318765,-0.009440339864520692,0.0029782918813963267,-0.01592723507535703,-0.02068131543991368,-0.015680340093993293,-0.00034053039920882173,-0.00502001357541075,0.00739861817050627,-0.01150690878624709,0.005000975345920386,0.020340785040704856,0.01566130186450293,0.02807993361041995,0.00917440665366659,0.015339809694784472,0.010660326518582544,0.023078958264499565,0.0041734313077462035,-0.004679483176201928,0.0077391485697150915,-0.011166378387038267,0.012418631745917019,-0.00648689521083634,-0.01890552695675336
"Wed, 24 Jan 2024 00:00:00 GMT",27.495348,104.45648,631.5148,103.592094,300.99252,117.42817,37.96387,47.861183,48.918488,65.59215,-0.0035236182424438042,-0.0015195738781500808,0.0063640016874804105,-0.0016722422568804247,-0.01433207900482251,-0.008042888659441874,-0.006384952380219281,0.0,0.002391422411937088,-0.0022496578603445425,-0.0020040443642937236,-0.009887619929924214,-0.0018513759855633795,0.010808460762378706,0.00451927041699807,0.0028613341377754765,-0.0035236182424438042,-0.005915040654380892,-0.0012739603820992617,-0.00788357556563049,0.00015266837873034386,0.01281250512667243,0.006523314781291793,0.0048653785020692,-0.0015195738781500808,-0.003910996290087169,0.0007300839821944617,0.008036243944360835,0.020696080692302922,0.014406890346922285,0.012748954067699691,0.0063640016874804105,0.003972579275543323,0.008613659547824953,0.012659836747942086,0.006370646402561449,0.004712710123338856,-0.0016722422568804247,-0.0040636646688175125,0.0005774156034641178,-0.006289190345380636,-0.007947126624603229,-0.01433207900482251,-0.016723501416759597,-0.012082421144477967,-0.0016579362792225934,-0.008042888659441874,-0.010434311071378962,-0.005793230799097332,-0.006384952380219281,-0.008776374792156368,-0.004135294519874738,-0.002391422411937088,0.0022496578603445425,0.00464108027228163
"Tue, 23 Jan 2024 00:00:00 GMT",27.592402,104.61533,627.5086,103.76547,305.33743,118.37644,38.207043,47.861183,48.801643,65.739876,0.00422984152999385,-0.001138229036634185,-0.0019039291817701028,-0.0068455636280021475,-0.0008064542967276783,0.003427070124277043,-0.006344391259965681,-0.018666208164842983,0.011034260101894218,-0.005825782712820866,0.005368070566628035,0.006133770711763953,0.011075405157995998,0.005036295826721528,0.0008027714057168068,0.010574232789959531,0.022896049694836832,-0.006804418571900368,0.010055624242814715,0.0007657001451359178,0.005707334591367963,-0.0003317747399065067,-0.004565299160911228,0.005206162223331496,0.017527979128208797,-0.012172489138528402,0.004687553676186682,0.004941634446232045,-0.0010974748850424245,-0.005330999306047145,0.0044404620781955785,0.01676227898307288,-0.01293818928366432,0.003921853531050764,-0.006039109331274469,-0.01027263375227919,-0.0005011723680364661,0.011820644536840836,-0.017879823729896365,-0.001019780915181281,-0.004233524421004721,0.0055379369632380035,0.017859753868115304,-0.011840714398621896,0.005019328416093188,0.009771461384242725,0.022093278289120027,-0.007607189977617175,0.009252852837097909,0.012321816904877301,-0.017378651361859898,-0.000518608547144815,-0.029700468266737202,-0.012840425452022117,0.016860042814715086
"Mon, 22 Jan 2024 00:00:00 GMT",27.475937,104.734474,628.70447,104.47824,305.58377,117.97145,38.450214,48.76296,48.266113,66.12398,0.0010602527545148614,-0.013838810953931772,0.003652365134688095,0.002215065288631412,0.007605626327700615,0.004531685533783612,-0.003787362131209177,-0.003926946248295975,-0.01083480020453255,0.008976716597812257,0.014899063708446634,-0.0025921123801732338,-0.0011548125341165508,-0.006545373573185753,-0.00347143277926875,0.0048476148857240385,0.004987199002810836,0.01189505295904741,-0.007916463843297396,-0.017491176088619866,-0.016053876242563183,-0.021444437281632388,-0.018370496487715382,-0.010051448822722596,-0.009911864705635797,-0.003004010749399223,-0.022815527551744028,0.001437299846056683,-0.00395326119301252,-0.0008793203990955165,0.007439727265897272,0.00757931138298407,0.014487165339220644,-0.005324351463124162,-0.005390561039069203,-0.0023166202451521995,0.006002427419840589,0.006142011536927387,0.013049865493163962,-0.006761651309180845,0.003073940793917003,0.011392988458909792,0.011532572575996589,0.018440426532233163,-0.0013710902701116424,0.00831904766499279,0.008458631782079586,0.01536648573831616,-0.0044450310640286456,0.0001395841170867976,0.007047438073323372,-0.012764078729021435,0.0069078539562365746,-0.012903662846108232,-0.019811516802344806
"Fri, 19 Jan 2024 00:00:00 GMT",27.446821,106.19395,626.4124,104.24707,303.26843,117.43805,38.596115,48.954826,48.79191,65.53306,0.006741190275149561,-0.005500919114833399,0.00835514055760406,0.0018496271502641722,0.010844512963628922,0.0029482770221481262,0.0035344436400604477,-0.016519662372187008,0.0003992442209973772,0.0003006568229548554,0.01224210938998296,-0.0016139502824544993,0.004891563124885389,-0.004103322688479361,0.003792913253001435,0.0032067466350891136,0.02326085264733657,0.006341946054152184,0.006440533452194706,-0.01385605967243746,-0.007350546265097571,-0.01634543207846232,-0.008449196136981526,-0.009035362754893847,0.011018743257353608,-0.005900163335830776,-0.005801575937788254,0.0065055134073398885,-0.0024893724060248614,0.005406863535455934,0.004820696917543613,0.02487480292979107,0.007955896336606684,0.008054483734649205,-0.00899488581336475,-0.001098649871883954,-0.0016848164897962756,0.01836928952245118,0.001450382929266795,0.0015489703273093168,0.007896235941480796,0.007310069323568475,0.027364175335815928,0.010445268742631545,0.010543856140674067,-0.0005861666179123215,0.019467939394335134,0.002549032801150749,0.0026476201991932707,0.020054106012247455,0.0031351994190630707,0.003233786817105592,-0.016918906593184384,-0.016820319195141865,9.858739804252176e-05
"Thu, 18 Jan 2024 00:00:00 GMT",27.262419,106.779724,621.20044,104.05443,299.9974,117.09232,38.45994,49.77026,48.772434,65.51336,-0.0021337393087980864,0.008122156054924357,-0.008880056228446323,-0.0021268147472323826,0.0013473188955174856,0.0034647619141464333,-0.006051500940136886,0.004636789112055771,0.0021984092971625304,0.004067218286161337,-0.010255895363722444,0.0067463169196482365,-6.924561565703827e-06,-0.003481058204315572,-0.005598501222944519,0.0039177616313387995,-0.006770528420853857,-0.004332148605960617,-0.006200957594959424,0.01700221228337068,0.01024897080215674,0.006774837159406871,0.004657394140777924,0.014173656995061243,0.0034853669428685863,0.005923746757761826,0.00405493776876302,-0.00675324148121394,-0.010227375123963808,-0.012344818142592758,-0.002828555288309437,-0.013516845340502095,-0.011078465525608854,-0.01294727451460766,-0.003474133642749868,-0.0055915766613788154,0.003924686192904503,-0.006763603859288153,-0.004325224044394913,-0.00619403303339372,-0.0021174430186289474,0.007398819835654372,-0.0032894702165382848,-0.0008510904016450448,-0.002719899390643851,0.009516262854283319,-0.0011720271979093373,0.0012663526169839029,-0.0006024563720149036,-0.010688290052192656,-0.008249910237299417,-0.010118719226298223,0.00243837981489324,0.0005695708258944337,-0.0018688089889988065
"Wed, 17 Jan 2024 00:00:00 GMT",27.320652,105.915955,626.7413,104.27597,299.59348,116.687325,38.693386,49.54002,48.66533,65.247444,-0.006020895899871971,0.003098143165822609,-0.00895946985831845,0.005279034456509072,0.0019751564985527915,-0.003042869006242996,-0.0025106345086580184,0.0015504134018853443,-0.00040006109205262784,-0.015278931006985397,-0.00911903906569458,0.002938573958446479,-0.011299930356381042,-0.007996052398424762,-0.0029780268936289754,-0.003510261391213953,-0.007571309301757315,-0.0056208348078193434,0.009258035107113427,0.012057613024141059,-0.002180891290686463,0.0011229866672698174,0.006141012172065604,0.005608777674480627,0.0015477297639372647,0.0034982042578752368,0.018377074172808008,-0.014238504314827522,-0.010934626356871242,-0.005916600852075455,-0.0064488353496604325,-0.010509883260203795,-0.008559408766265823,0.006319461148666947,0.0033038779579562805,0.008321903462752068,0.00778966896516709,0.003728621054623728,0.0056790955485617,0.02055796546349447,0.005018025504795787,0.0044857910072108095,0.00042474309666744726,0.0023752175906054194,0.01725408750553819,-0.0005322344975849775,-0.00459328240812834,-0.002642807914190368,0.012236062000742402,-0.004061047910543363,-0.0021105734166053905,0.01276829649832738,0.0019504744939379721,0.016829344408870742,0.01487886991493277
"Tue, 16 Jan 2024 00:00:00 GMT",27.485643,105.58832,632.3818,103.726944,299.00232,117.04293,38.790653,49.463272,48.684803,66.25201,-0.013328870749592393,-0.007587514590197035,-0.013072591697973781,0.002231165603792053,-0.009934624371343657,-0.001180834820567914,-0.005501349141873103,-0.012527844631025638,-0.006180884008405015,-0.031460722193039525,-0.005741356159395358,-0.00025627905161861204,-0.015560036353384446,-0.0033942463782487362,-0.012148035929024479,-0.00782752160771929,-0.0008010261185667552,-0.007147986741187378,0.01813185144344713,0.0054850771077767455,-0.009818680193989088,0.0023471097811466213,-0.006406679769629121,-0.0020861654483239327,0.004940330040828602,-0.0014066305817920207,0.02387320760284249,-0.015303757301765834,-0.003137967326630124,-0.011891756877405867,-0.007571242556100678,-0.0005447470669481431,-0.006891707689568766,0.018388130495065744,0.01216578997513571,0.003412000424359967,0.007732514745665156,0.01475901023481769,0.008412049612197069,0.03369188779683158,-0.008753789550775742,-0.004433275229470554,0.002593220259681981,-0.003753740362938642,0.02152609782169587,0.004320514321305188,0.011347009810457723,0.005000049187837101,0.03027988737247161,0.007026495489152535,0.0006795348665319121,0.025959373051166423,-0.006346960622620623,0.018932877562013888,0.02527983818463451
"Fri, 12 Jan 2024 00:00:00 GMT",27.854448,106.39252,640.70294,103.49577,301.9876,117.18122,39.004642,50.086838,48.98665,68.36948,0.010507996560163,0.004395669441408998,0.011262035378533791,-0.0013951220696454404,0.011187539694744175,0.0016873157294313404,0.01153755233485468,-0.005158132350517963,0.0017905793317126639,0.0034632344522052857,0.006112327118754001,-0.0007540388183707915,0.01190311862980844,-0.0006795431345811755,0.00882068083073166,-0.0010295557746916803,0.015666128910680963,0.008717417228450337,0.0070447621079577135,-0.006866365937124793,0.005790791511054438,-0.006791870253335177,0.002708353711977658,-0.007141882893445682,0.009553801791926962,0.0026050901096963345,0.0009324349892037126,0.012657157448179232,7.449568378961602e-05,0.009574719649102451,-0.00027551695632088875,0.016420167729051756,0.009471456046821126,0.007798800926328505,-0.012582661764389616,-0.003082437799076781,-0.01293267440450012,0.0037630102808725225,-0.0031857014013581043,-0.004858356521850726,0.009500223965312835,-0.00035001264011050477,0.01634567204526214,0.00939696036303151,0.007724305242538889,-0.00985023660542334,0.006845448079949303,-0.00010326360228132348,-0.0017759187227739453,0.016695684685372643,0.009746973003142017,0.008074317882649394,-0.006948711682230627,-0.008621366802723249,-0.0016726551204926218
"Thu, 11 Jan 2024 00:00:00 GMT",27.563286,105.92588,633.5278,103.64026,298.62793,116.983665,38.55721,50.34586,48.899014,68.13311,-0.020561813359732378,-0.0183883419853926,0.00873688466855008,0.0014881253642273068,-0.004838125143755998,-0.003624230596707419,-0.008790673718692769,0.0013347438431646388,-0.008723326367723373,-0.005621575249574446,-0.0021734713743397777,-0.029298698028282458,-0.022049938723959685,-0.01572368821597638,-0.01693758276302496,-0.011771139641039608,-0.021896557202897016,-0.011838486992009005,-0.014940238110157931,-0.02712522665394268,-0.019876467349619908,-0.013550216841636601,-0.014764111388685181,-0.00959766826669983,-0.019723085828557238,-0.009665015617669227,-0.012766766735818154,0.007248759304322773,0.013575009812306079,0.012361115265257499,0.017527558387242848,0.007402140825385441,0.017460211036273453,0.014358459918124527,0.006326250507983305,0.005112355960934726,0.010278799082920075,0.00015338152106266802,0.010211451731950679,0.007109700613801753,-0.0012138945470485788,0.003952548574936771,-0.006172868986920637,0.0038852012239673746,0.0007834501058184484,0.00516644312198535,-0.004958974439872058,0.005099095771015954,0.0019973446528670272,-0.010125417561857407,-6.73473509693965e-05,-0.0031690984691183227,0.01005807021088801,0.006956319092739085,-0.0031017511181489262
"Wed, 10 Jan 2024 00:00:00 GMT",28.135904,107.8917,628.01685,103.486145,300.07623,117.40841,38.897648,50.278706,49.327442,68.517204,-0.01404374247254292,0.01595431955225673,0.007501993384978362,0.009820970694941403,-0.008793314341392069,0.0036242305967074126,0.0057680564463100485,0.012479737706214635,-0.012164156977459935,0.009532086168890138,-0.02999806202479965,-0.02154573585752128,-0.02386471316748432,-0.00525042813115085,-0.01766797306925033,-0.019811798918852968,-0.026523480178757552,-0.0018795854950829846,-0.02357582864143306,0.00845232616727837,0.006133348857315328,0.0247476338936488,0.01233008895554932,0.010186263105946683,0.0034745818460420966,0.028118476529716666,0.006422233383366593,-0.002318977309963041,0.01629530772637043,0.0038777627882709493,0.0017339369386683134,-0.004977744321236273,0.019666150362438295,-0.0020300927839117765,0.018614285036333472,0.0061967400982339904,0.0040529142486313546,-0.0026587670112732317,0.021985127672401336,0.0002888845260512647,-0.012417544938099483,-0.014561370787702118,-0.021273052047606704,0.0033708426360678657,-0.018325400510282207,-0.002143825849602636,-0.008855507109507221,0.015788387574167347,-0.005907855572182726,-0.006711681259904586,0.017932213423769983,-0.00376402972258009,0.024643894683674568,0.0029476515373244964,-0.021696243146350075
"Tue, 09 Jan 2024 00:00:00 GMT",28.533825,106.18402,623.3231,102.474785,302.72653,116.983665,38.67393,49.65514,49.931133,67.867195,-0.006103717182101405,0.005155897632270707,-0.0008789328740278573,-0.006464605998569224,-0.011712695227891203,0.00890551809148414,0.0030226172723828346,-0.004433724678764172,-0.009896307859218835,-0.004343980023013941,-0.011259614814372113,-0.005224784308073547,0.0003608888164678189,0.005608978045789798,-0.015009235273585546,-0.00912633445448424,-0.0016699925033372334,0.00379259067711743,-0.0017597371590874636,0.0060348305062985635,0.01162050363083993,0.01686859286016191,-0.003749620459213434,0.002133280359887872,0.009589622311034877,0.015052205491489543,0.009499877655284648,0.005585673124541366,0.010833762353863345,-0.009784450965511999,-0.003901550146410692,0.0035547918047363143,0.009017374985190977,0.003465047148986084,0.005248089229321979,-0.015370124090053365,-0.009487223270952059,-0.0020308813198050522,0.003431701860649611,-0.0021206259755552825,-0.020618213319375342,-0.014735312500274038,-0.007278970549127031,-0.0018163873686723678,-0.0073687152048772615,0.005882900819101306,0.013339242770248312,0.018801825950702976,0.013249498114498083,0.007456341951147007,0.01291892513160167,0.0073665972953967755,0.005462583180454663,-8.974465575023027e-05,-0.005552327836204894
"Mon, 08 Jan 2024 00:00:00 GMT",28.70852,105.637955,623.8712,103.13939,306.29312,115.94649,38.55721,49.875786,50.42772,68.16265,0.0037255835390655463,0.003955209042132836,0.012020254248000047,0.00721682992312452,0.02567413150264273,0.001364015524927796,0.010906937831936192,0.015116552873378937,-0.008459917271644404,0.0120649073114384,-0.00022962550306728944,-0.0082946707089345,-0.0034912463840589734,-0.021948547963577182,0.0023615680141377505,-0.007181354292870645,-0.01139096933431339,0.01218550081070995,-0.008339323772372854,-0.008065045205867212,-0.003261620880991684,-0.021718922460509892,0.0025911935172050395,-0.006951728789803356,-0.0111613438312461,0.012415126313777239,-0.008109698269305566,0.004803424324875527,-0.013653877254642682,0.010656238723072252,0.0011133164160638549,-0.00309629862537889,0.02048017151964445,-4.465306343835393e-05,-0.01845730157951821,0.0058528143981967234,-0.0036901079088116724,-0.007899722950254418,0.015676747194768925,-0.004848077388313881,0.024310115977714934,0.014767193670706537,0.010557578629263792,0.034134048774287135,0.013609224191204328,-0.009542922307008397,-0.013752537348451142,0.0098239327965722,-0.010700891786510605,-0.004209615041442745,0.019366855103580598,-0.0011579694795022088,0.023576470145023343,0.003051645561940536,-0.020524824583082805
"Fri, 05 Jan 2024 00:00:00 GMT",28.601763,105.22096,616.417,102.39773,298.5294,115.788445,38.138954,49.127506,50.856144,67.345215,0.012978340359791687,-0.015449054730990982,0.006569044730806596,0.006985138211670042,-0.000560926417312357,0.0017931066620637266,0.0035769385172735656,0.003913116245089834,0.003644364194540638,-0.005832593396614481,0.028427395090782667,0.006409295628985091,0.005993202148121646,0.013539266777104044,0.011185233697727961,0.009401401842518121,0.009065224114701852,0.00933397616525105,0.01881093375640617,-0.02201809946179758,-0.022434192942661024,-0.014888128313678625,-0.01724216139305471,-0.019025993248264546,-0.019362170976080815,-0.01909341892553162,-0.0096164613343765,-0.0004160934808634456,0.0071299711481189534,0.0047759380687428694,0.0029921062135330307,0.002655928485716762,0.002924680536265958,0.012401638127421077,0.007546064628982399,0.005192031549606315,0.0034081996943964763,0.0030720219665802077,0.0033407740171294037,0.012817731608284522,-0.0023540330793760836,-0.004137864934585922,-0.004474042662402191,-0.004205290611852995,0.005271666979302124,-0.001783831855209839,-0.0021200095830261074,-0.0018512575324769116,0.007625700058678208,-0.00033617772781626863,-6.742567726707258e-05,0.009409531913888047,0.00026875205054919605,0.009745709641704316,0.009476957591155119
"Thu, 04 Jan 2024 00:00:00 GMT",28.232958,106.859146,612.381,101.68496,298.6969,115.58101,38.002777,48.93564,50.671143,67.73916,-0.021762112975899136,0.037969018190284684,-0.005193948779549688,0.007129651130981726,0.008213907646426136,0.01932932937074368,0.003846608154157541,0.007872574692285438,0.00655491860092596,0.006710472291527486,-0.05973113116618382,-0.016568164196349447,-0.028891764106880862,-0.029976020622325274,-0.04109144234664282,-0.025608721130056678,-0.029634687668184573,-0.028317031576825094,-0.02847258526742662,0.04316296696983437,0.030839367059302958,0.02975511054385855,0.018639688819541003,0.03412241003612714,0.030096443497999247,0.03141409958935872,0.0312585458987572,-0.012323599910531415,-0.013407856425975823,-0.02452327815029337,-0.00904055693370723,-0.013066523471835127,-0.011748867380475647,-0.011904421071077174,-0.0010842565154444098,-0.012199678239761955,0.0032830429768241852,-0.0007429235613037113,0.0005747325300557663,0.0004191788394542406,-0.011115421724317546,0.0043672994922685955,0.0003413329541406985,0.0016589890455001761,0.0015034353548986504,0.015482721216586141,0.011456754678458244,0.012774410769817722,0.012618857079216197,-0.004025966538127897,-0.002708310446768419,-0.0028638641373699447,0.0013176560913594777,0.001162102400757952,-0.00015555369060152573
"Wed, 03 Jan 2024 00:00:00 GMT",28.854101,102.87787,615.56995,100.96256,296.25348,113.36836,37.856876,48.551903,50.340084,67.28612,0.0,0.014679694582598195,0.04215845839557156,0.037124059390831465,0.011035424082803974,0.013420623222126435,0.03690072136462747,0.012126162043644952,-0.008756942342684967,-0.0011702845346572963,-0.014679694582598195,-0.04215845839557156,-0.037124059390831465,-0.011035424082803974,-0.013420623222126435,-0.03690072136462747,-0.012126162043644952,0.008756942342684967,0.0011702845346572963,-0.027478763812973362,-0.02244436480823327,0.0036442704997942214,0.0012590713604717606,-0.022221026782029276,0.002553532538953244,0.023436636925283163,0.01584997911725549,0.005034399004740092,0.031123034312767583,0.028737835173445123,0.005257737030944086,0.030032296351926606,0.050915400738256525,0.043328742930228856,0.02608863530802749,0.02370343616870503,0.00022333802620399384,0.024997897347186514,0.04588100173351643,0.038294343925488764,-0.002385199139322461,-0.025865297281823497,-0.0010907379608409776,0.01979236642548894,0.01220570861746127,-0.023480098142501037,0.0012944611784814833,0.022177565564811402,0.014590907756783731,0.02477455932098252,0.04565766370731244,0.03807100589928477,0.02088310438632992,0.013296446578302248,-0.007586657808027671
"Tue, 02 Jan 2024 00:00:00 GMT",28.854101,101.378685,590.1579,97.28314,293.00217,111.85705,36.48539,47.96671,50.782845,67.36491,0.03212853532316976,-0.01303766391941452,0.01579454691103961,0.0002971151375906285,0.03201448416900375,0.03797817353764917,0.012069288923025131,0.005414627796629152,0.02786764336473861,0.015469914829258795,0.04516619924258428,0.01633398841213015,0.031831420185579135,0.00011405115416601025,-0.005849638214479411,0.02005924640014463,0.02671390752654061,0.004260891958431153,0.016658620493910967,-0.028832210830454133,-0.013334779057005149,-0.04505214808841827,-0.051015837457063694,-0.02510695284243965,-0.01845229171604367,-0.040905307284153127,-0.028507578748673316,0.015497431773448983,-0.01621993725796414,-0.02218362662660956,0.00372525798801448,0.010379919114410458,-0.012073096453698997,0.00032463208178081654,-0.031717369031413124,-0.037681058400058545,-0.011772173785434503,-0.005117512659038524,-0.02757052822714798,-0.015172799691668166,-0.005963689368645421,0.01994519524597862,0.026599856372374598,0.004146840804265143,0.016544569339744956,0.02590888461462404,0.03256354574102002,0.010110530172910564,0.022508258708390377,0.006654661126395979,-0.01579835444171348,-0.0034006259062336636,-0.022453015568109455,-0.010055287032629642,0.012397728535479813
"Fri, 29 Dec 2023 00:00:00 GMT",27.941795,102.70908,580.90985,97.25424,283.77042,107.68858,36.047684,47.70769,49.387184,66.3308,0.0,-0.00019334298550836946,0.0035573873531294805,0.009953246308713621,-0.0015264777073417956,0.002295773361838966,-0.0008091004577489349,0.007062952736788403,0.0017555984613663882,0.0007426910149297634,0.00019334298550836946,-0.0035573873531294805,-0.009953246308713621,0.0015264777073417956,-0.002295773361838966,0.0008091004577489349,-0.007062952736788403,-0.0017555984613663882,-0.0007426910149297634,-0.00375073033863785,-0.010146589294221992,0.001333134721833426,-0.0024891163473473353,0.0006157574722405654,-0.007256295722296772,-0.0019489414468747577,-0.0009360340004381329,-0.00639585895558414,0.005083865060471276,0.0012616139912905145,0.004366487810878415,-0.0035055653836589223,0.0018017888917630923,0.002814696338199717,0.011479724016055418,0.007657472946874655,0.010762346766462556,0.0028902935719252185,0.008197647847347233,0.009210555293783857,-0.0038222510691807614,-0.0007173772495928608,-0.008589430444130198,-0.003282076168708184,-0.002269168722271559,0.0031048738195879008,-0.004767179374949437,0.0005401749004725778,0.0015530823469092027,-0.007872053194537338,-0.002564698919115323,-0.0015517914726786983,0.005307354275422014,0.0063202617218586395,0.0010129074464366246
"Thu, 28 Dec 2023 00:00:00 GMT",27.941795,102.72894,578.847,96.291046,284.20392,107.441635,36.076862,47.37192,49.300556,66.281555,0.006271729950105953,-0.002027556194924438,-0.001135682775147616,0.0026042113580753493,0.00671317185397033,0.007289517167311037,-0.0002696101638522213,-0.007465008328668269,0.00019527041169837593,-0.0007426910149297417,0.008299286145030392,0.007407412725253569,0.003667518592030604,-0.00044144190386437646,-0.0010177872172050838,0.006541340113958174,0.013736738278774223,0.006076459538407577,0.007014420965035695,-0.0008918734197768219,-0.004631767552999787,-0.008740728048894768,-0.009317073362235475,-0.0017579460310722167,0.005437452133743831,-0.002222826606622814,-0.0012848651799946963,-0.0037398941332229653,-0.007848854629117946,-0.008425199942458654,-0.0008660726112953948,0.006329325553520653,-0.001330953186845992,-0.0003929917602178744,-0.0041089604958949805,-0.004685305809235688,0.0028738215219275705,0.010069219686743618,0.0024089409463769734,0.003346902373005091,-0.0005763453133407074,0.006982782017822551,0.014178180182638599,0.006517901442271954,0.007455862868900071,0.007559127331163259,0.014754525495979307,0.007094246755612661,0.008032208182240779,0.007195398164816048,-0.0004648805755505972,0.0004730808510775204,-0.007660278740366645,-0.006722317313738528,0.0009379614266281176
"Wed, 27 Dec 2023 00:00:00 GMT",27.7671,102.93744,579.50476,96.04061,282.3024,106.661285,36.08659,47.726875,49.29093,66.3308,0.007015123720272125,0.00969189658282887,0.018817129785383347,0.011701925771009423,0.009221194508025159,0.0032465999172218733,0.002428778964380818,0.013558867241731493,-0.004675715235628474,0.01270100030907041,-0.0026767728625567457,-0.011802006065111222,-0.004686802050737298,-0.002206070787753034,0.0037685238030502515,0.004586344755891307,-0.006543743521459368,0.011690838955900599,-0.005685876588798286,-0.009125233202554477,-0.0020100291881805527,0.00047070207480371176,0.006445296665606997,0.007263117618448053,-0.0038669706589026225,0.014367611818457344,-0.00300910372624154,0.007115204014373924,0.009595935277358188,0.015570529868161473,0.01638835082100253,0.005258262543651854,0.023492845021011823,0.006116129476312937,0.0024807312629842645,0.00845532585378755,0.009273146806628605,-0.0018569414707220698,0.016377641006637897,-0.0009990745380609872,0.005974594590803285,0.006792415543644341,-0.004337672733706334,0.013896909743653632,-0.0034798058010452517,0.0008178209528410551,-0.01031226732450962,0.007922315152850346,-0.009454400391848538,-0.011130088277350675,0.0071044942000092915,-0.010272221344689593,0.018234582477359967,0.0008578669326610826,-0.017376715544698884
"Tue, 26 Dec 2023 00:00:00 GMT",27.572992,101.9446,568.7021,94.9233,279.7112,106.31556,35.99905,47.08412,49.52194,65.49366,0.0003520730978705759,-0.00029217485053180425,0.0004907111470198533,-0.002027413516621614,-0.0009154540732685606,-0.0006501637638833546,0.000540577013467325,0.006951494430287407,-0.016194656725180296,0.0031628594846083127,0.0006442479484023802,-0.00013863804914927743,0.00237948661449219,0.0012675271711391366,0.0010022368617539305,-0.0001885039155967491,-0.006599421332416831,0.016546729823050874,-0.002810786386737737,-0.0007828859975516576,0.0017352386660898097,0.0006232792227367564,0.00035798891335155037,-0.0008327518639991292,-0.007243669280819211,0.015902481874648492,-0.003455034335140117,0.0025181246636414674,0.0014061652202884138,0.001140874910903208,-4.986586644747167e-05,-0.006460783283267554,0.01668536787220015,-0.0026721483375884594,-0.0011119594433530535,-0.0013772497527382594,-0.002567990530088939,-0.008978907946909021,0.014167243208558682,-0.005190273001229926,-0.000265290309385206,-0.0014560310867358856,-0.007866948503555968,0.015279202651911735,-0.004078313557876873,-0.0011907407773506795,-0.007601658194170762,0.015544492961296941,-0.0038130232484916674,-0.006410917416820082,0.01673523373864762,-0.002622282471140988,0.023146151155467705,0.0037886349456790944,-0.01935751620978861
"Fri, 22 Dec 2023 00:00:00 GMT",27.563286,101.97439,568.4231,95.115944,279.96738,106.384705,35.979595,46.75795,50.33046,65.28684,0.003174066368435214,-0.007468823013867246,-0.0028185694876130345,0.006604083443525478,0.017143559131327462,0.012237972668389116,0.0048780532209099425,-0.004299274213605808,0.01989444152026321,-0.00015086129190539438,0.01064288938230246,0.005992635856048248,-0.003430017075090264,-0.013969492762892248,-0.009063906299953902,-0.0017039868524747286,0.0074733405820410215,-0.016720375151827997,0.0033249276603406082,-0.004650253526254212,-0.014072906457392724,-0.02461238214519471,-0.01970679568225636,-0.012346876234777189,-0.003169548800261438,-0.027363264534130457,-0.007317961721961852,-0.009422652931138512,-0.019962128618940495,-0.015056542156002151,-0.007696622708522977,0.0014807047259927735,-0.022713011007876243,-0.00266770819570764,-0.010539475687801985,-0.0056338892248636386,0.0017260302226155353,0.010903357657131286,-0.013290358076737733,0.006754944735430872,0.004905586462938346,0.012265505910417519,0.02144283334493327,-0.002750882388935748,0.017294420423232856,0.007359919447479174,0.016537246881994924,-0.0076564688518740934,0.01238883396029451,0.00917732743451575,-0.015016388299353266,0.005028914512815337,-0.02419371573386902,-0.004148412921700414,0.020045302812168604
"Thu, 21 Dec 2023 00:00:00 GMT",27.475937,102.73887,570.0275,94.48986,275.20865,105.090706,35.804512,46.959408,49.339058,65.29669,0.024312960583656493,0.021193250863705798,0.0031342292772535037,0.009834114553615146,0.014968489445064702,0.009728577505017166,0.016986729270962984,0.015232829390180412,0.0058697167037438745,0.007874042508440529,0.0031197097199506946,0.02117873130640299,0.014478846030041346,0.00934447113859179,0.014584383078639327,0.007326231312693509,0.00908013119347608,0.01844324387991262,0.016438918075215962,0.018059021586452294,0.011359136310090652,0.006224761418641096,0.011464673358688632,0.004206521592742814,0.005960421473525386,0.015323534159961924,0.01331920835526527,-0.006699885276361643,-0.011834260167811198,-0.006594348227763662,-0.01385249999370948,-0.012098600112926908,-0.002735487426490371,-0.004739813231187025,-0.005134374891449555,0.00010553704859798084,-0.007152614717347837,-0.005398714836565266,0.003964397849871272,0.0019600720451746177,0.005239911940047536,-0.002018239825898282,-0.00026433994511571024,0.009098772741320827,0.007094446936624173,-0.007258151765945818,-0.0055042518851632465,0.003858860801273291,0.0018545349965766369,0.0017538998807825716,0.01111701256721911,0.009112686762522455,0.009363112686436538,0.007358786881739883,-0.0020043258046966543
"Wed, 20 Dec 2023 00:00:00 GMT",26.815971,100.58441,568.2437,93.56519,271.11987,104.07328,35.201447,46.249504,49.0503,64.78456,-0.019000419568094177,0.013114931414075562,-0.01669575731051591,-0.011769062913680664,-0.011777129070877582,-0.010668028902159999,-0.008529446906581847,-0.017477568094611064,-0.022315850943629523,-0.0018225382549048991,-0.032115350982169735,-0.0023046622575782667,-0.0072313566544135125,-0.0072232904972165946,-0.008332390665934178,-0.01047097266151233,-0.0015228514734831125,0.0033154313755353465,-0.01717788131318928,0.029810688724591472,0.024883994327756224,0.024892060484953144,0.02378296031623556,0.02164437832065741,0.030592499508686626,0.03543078235770508,0.014937469668980461,-0.004926694396835246,-0.004918628239638328,-0.006027728408355911,-0.008166310403934063,0.0007818107840951542,0.005620093633113613,-0.01487321905561101,8.066157196917959e-06,-0.0011010340115206654,-0.003239616007098817,0.0057085051809304,0.010546788029948859,-0.009946524658775765,-0.0011091001687175833,-0.003247682164295735,0.005700439023733482,0.010538721872751941,-0.009954590815972683,-0.0021385819955781517,0.006809539192451065,0.011647822041469524,-0.0088454906472551,0.008948121188029217,0.013786404037047676,-0.006706908651676948,0.004838282849018459,-0.015655029839706167,-0.020493312688724626
"Tue, 19 Dec 2023 00:00:00 GMT",27.330357,99.273865,577.8106,94.67287,274.33176,105.18948,35.50298,47.064938,50.157204,64.90274,0.03984594394665281,0.010152358101683334,8.629497514358358e-05,0.0007124324040564979,0.010687540895531762,0.0042346612770877805,0.0010964807541905702,0.010655885631249163,0.014886680569746201,-0.000758539983279265,0.029693585844969478,0.03975964897150923,0.03913351154259632,0.02915840305112105,0.035611282669565036,0.038749463192462245,0.029190058315403652,0.024959263376906612,0.04060448392993208,0.010066063126539751,0.009439925697626837,-0.0005351827938484283,0.005917696824595553,0.009055877347492764,-0.0005035275295658288,-0.004734322468062867,0.010910898084962598,-0.0006261374289129143,-0.01060124592038818,-0.004148366301944197,-0.0010101857790469867,-0.01056959065610558,-0.014800385594602618,0.0008448349584228486,-0.009975108491475265,-0.0035222288730312823,-0.00038404835013407224,-0.009943453227192665,-0.014174248165689704,0.001470972387335763,0.006452879618443982,0.009591060141341192,3.16552642825995e-05,-0.004199139674214439,0.011446080878811027,0.0031381805228972103,-0.006421224354161382,-0.01065201929265842,0.004993201260367046,-0.009559404877058593,-0.013790199815555631,0.0018550207374698352,-0.004230794938497038,0.011414425614528427,0.015645220553025467
"Mon, 18 Dec 2023 00:00:00 GMT",26.262764,98.2711,577.76074,94.605446,271.41544,104.74498,35.464073,46.566082,49.41606,64.95199,0.016018167553275543,0.0191764410677053,0.013405238884798306,0.008383676442411381,0.0001088427675184564,0.008809034574563548,0.01603579084411504,0.01787616856047452,0.008803704581196798,0.017591318928114913,-0.0031582735144297554,0.0026129286684772376,0.007634491110864162,0.015909324785757087,0.007209132978711995,-1.762329083949618e-05,-0.0018580010071989755,0.007214462972078745,-0.0015731513748393697,0.005771202182906993,0.010792764625293917,0.019067598300186842,0.01036740649314175,0.003140650223590259,0.0013002725072307798,0.0103727364865085,0.0015851221395903857,0.005021562442386924,0.01329639611727985,0.004596204310234758,-0.0026305519593167338,-0.004470929675676213,0.004601534303601508,-0.004186080043316607,0.008274833674892925,-0.0004253581321521666,-0.007652114401703658,-0.009492492118063137,-0.00042002813878541656,-0.009207642485703531,-0.008700191807045092,-0.015926948076596583,-0.017767325792956062,-0.008694861813678342,-0.017482476160596457,-0.007226756269551491,-0.00906713398591097,5.329993366750066e-06,-0.008782284353551365,-0.0018403777163594794,0.007232086262918241,-0.0015555280839998735,0.00907246397927772,0.00028484963235960586,-0.008787614346918115
"Fri, 15 Dec 2023 00:00:00 GMT",25.845434,96.404564,570.0674,93.81562,271.3859,103.82633,34.899914,45.741055,48.982925,63.81939,0.018954315066332234,-0.009226122425654973,-0.0028454355279054593,-0.014979612766522968,-0.0031534035339617498,-0.007298992173168356,-0.03019722295406404,-0.011676526290053724,-0.011332616216872387,-0.02363809542797354,0.028180437491987207,0.021799750594237693,0.033933927832855204,0.022107718600293983,0.02625330723950059,0.049151538020396277,0.030630841356385958,0.030286931283204623,0.042592410494305774,-0.006380686897749514,0.005753490340867995,-0.006072718891693223,-0.0019271302524866167,0.020971100528409066,0.002450403864398751,0.0021064937912174137,0.014411973002318567,0.012134177238617509,0.0003079680060562905,0.004453556645262897,0.02735178742615858,0.008831090762148264,0.008487180688966927,0.02079265990006808,-0.011826209232561218,-0.007680620593354612,0.01521761018754107,-0.0033030864764692445,-0.0036469965496505816,0.008658482661450572,0.0041455886392066064,0.02704381942010229,0.008523122756091975,0.008179212682910636,0.02048469189401179,0.022898230780895684,0.0043775341168853675,0.00403362404370403,0.016339103254805185,-0.018520696664010315,-0.018864606737191654,-0.006559127526090499,-0.0003439100731813371,0.011961569137919816,0.012305479211101153
"Thu, 14 Dec 2023 00:00:00 GMT",25.360165,97.29812,571.6918,95.23152,272.24304,104.58693,35.969868,46.278282,49.541187,65.34593,-0.02008022427294737,-0.00914171755872184,-0.04069992129921997,-0.008460143417792665,-0.018999025708326494,-0.004335109731431227,0.006511167193041658,-0.001243007112201793,-0.007548687654742409,0.0068053164831378575,-0.01093850671422553,0.020619697026272598,-0.011620080855154705,-0.0010811985646208763,-0.015745114541516142,-0.026591391465989028,-0.018837217160745576,-0.012531536618204962,-0.02688554075608523,0.03155820374049813,-0.0006815741409291753,0.009857308149604654,-0.004806607827290613,-0.015652884751763498,-0.007898710446520046,-0.0015930299039794314,-0.0159470340418597,-0.0322397778814273,-0.021700895590893474,-0.03636481156778874,-0.047211088492261626,-0.039456914187018174,-0.03315123364447756,-0.04750523778235782,0.010538882290533829,-0.0041250336863614375,-0.014971310610834322,-0.007217136305590872,-0.000911455763050256,-0.015265459900930523,-0.014663915976895266,-0.02551019290136815,-0.0177560185961247,-0.011450338053584086,-0.025804342191464352,-0.010846276924472886,-0.0030921026192294344,0.0032135779233111814,-0.011140426214569085,0.007754174305243451,0.014059854847784067,-0.0002941492900961993,0.006305680542540616,-0.00804832359533965,-0.014354004137880266
"Wed, 13 Dec 2023 00:00:00 GMT",25.87455,98.19167,595.4396,96.04061,277.46484,105.04131,35.736423,46.335842,49.916573,64.90274,-0.06954287727800737,0.027575946756158612,0.02155283243678875,0.015565228658425584,0.02746702316312705,0.026009811833862657,0.00874803394653919,0.020287168798563446,0.026376414014719952,0.02956783117692497,-0.09711882403416598,-0.09109570971479612,-0.08510810593643295,-0.09700990044113442,-0.09555268911187002,-0.07829091122454657,-0.08983004607657082,-0.09591929129272732,-0.09911070845493233,0.0060231143193698634,0.012010718097733028,0.00010892359303156171,0.0015661349222959552,0.018827912809619422,0.007288777957595166,0.0011995327414386601,-0.0019918844207663586,0.005987603778363165,-0.005914190726338302,-0.004456979397073908,0.012804798490249559,0.0012656636382253027,-0.004823581577931203,-0.008014998740136222,-0.011901794504701467,-0.010444583175437073,0.006817194711886394,-0.004721940140137862,-0.010811185356294368,-0.014002602518499387,0.0014572113292643935,0.01871898921658786,0.007179854364563604,0.0010906091484070984,-0.0021008080137979203,0.017261777887323467,0.005722643035299211,-0.000366602180857295,-0.0035580193430623137,-0.011539134852024256,-0.017628380068180762,-0.02081979723038578,-0.006089245216156506,-0.009280662378361525,-0.0031914171622050187
"Tue, 12 Dec 2023 00:00:00 GMT",27.737984,95.520935,582.7435,94.55729,269.94742,102.34443,35.425163,45.40529,48.617165,63.0118,-0.0020971229400929864,-0.004562969154596173,0.0012320035693822954,0.009107331417798674,0.006774916604426481,-9.57505047417943e-05,0.0013737809249460295,0.0038103311952935276,-0.011417450667321517,0.007530656923887317,0.0024658462145031863,-0.003329126509475282,-0.01120445435789166,-0.008872039544519468,-0.002001372435351192,-0.003470903865039016,-0.005907454135386514,0.00932032772722853,-0.009627779863980303,-0.005794972723978468,-0.013670300572394847,-0.011337885759022653,-0.004467218649854378,-0.005936750079542202,-0.0083733003498897,0.006854481512725344,-0.01209362607848349,-0.007875327848416378,-0.0055429130350441854,0.0013277540741240897,-0.0001417773555637341,-0.002578327625911232,0.012649454236703812,-0.006298653354505021,0.002332414813372193,0.009203081922540468,0.007733550492852645,0.005297000222505146,0.02052478208512019,0.0015766744939113573,0.0068706671091682756,0.0054011356794804516,0.0029645854091329533,0.018192367271747997,-0.0007557403194608358,-0.0014695314296878238,-0.003906081700035322,0.011321700162579723,-0.007626407428629111,-0.002436550270347498,0.012791231592267546,-0.006156875998941287,0.015227781862615045,-0.003720325728593789,-0.018948107591208834
"Mon, 11 Dec 2023 00:00:00 GMT",27.796215,95.95779,582.026,93.700035,268.12473,102.35423,35.37653,45.23261,49.17543,62.539062,-0.004876346741383281,0.00010348835491674364,-0.023704908995375466,0.010125095257875593,0.011159219124199028,0.005958064555377203,0.011893398446791768,0.01776023366193889,0.015384920415863751,0.003944813936723027,-0.0049798350963000245,0.018828562253992185,-0.015001441999258874,-0.01603556586558231,-0.010834411296760485,-0.016769745188175048,-0.02263658040332217,-0.020261267157247034,-0.008821160678106309,0.02380839735029221,-0.010021606902958849,-0.011055730769282283,-0.00585457620046046,-0.011789910091875024,-0.017656745307022145,-0.015281432060947007,-0.0038413255818062837,-0.033830004253251056,-0.0348641281195745,-0.029662973550752668,-0.035598307442167236,-0.04146514265731435,-0.039089829411239216,-0.027649722932098494,-0.0010341238663234345,0.00416703070249839,-0.001768303188916175,-0.007635138404063296,-0.005259825157988158,0.006180281321152566,0.005201154568821824,-0.0007341793225927404,-0.006601014537739862,-0.004225701291664724,0.007214405187476,-0.005935333891414565,-0.011802169106561686,-0.009426855860486548,0.002013250618654176,-0.005866835215147121,-0.0034915219690719833,0.00794858451006874,0.002375313246075138,0.013815419725215862,0.011440106479140724
"Fri, 08 Dec 2023 00:00:00 GMT",27.93209,95.94786,595.9877,92.7561,265.1493,101.74621,34.958275,44.43636,48.42466,62.292843,0.005225555964163383,-0.0017575350306359835,0.016488276778291632,0.0038495191789649726,-0.008104672221035593,-0.0012521861913030545,-0.001668055384365142,0.005628896072405825,0.002985992386244931,-0.004102271122460141,0.006983090994799366,-0.01126272081412825,0.00137603678519841,0.013330228185198975,0.006477742155466437,0.006893611348528525,-0.0004033401082424422,0.0022395635779184518,0.009327827086623525,-0.018245811808927617,-0.005607054209600957,0.006347137190399609,-0.000505348839332929,-8.947964627084148e-05,-0.007386431103041808,-0.004743527416880914,0.0023447360918241577,0.01263875759932666,0.024592948999327225,0.017740462969594688,0.018156332162656774,0.010859380705885806,0.0135022843920467,0.020590547900751772,0.011954191400000565,0.005101705370268027,0.005517574563330114,-0.0017793768934408522,0.0008635267927200418,0.007951790301425114,-0.006852486029732538,-0.006436616836670451,-0.013733568293441419,-0.011090664607280525,-0.004002401098575452,0.0004158691930620875,-0.0068810822637088796,-0.0042381785775479856,0.0028500849311570865,-0.007296951456770967,-0.004654047770610073,0.002434215738094999,0.002642903686160894,0.009731167194865966,0.007088263508705072
"Thu, 07 Dec 2023 00:00:00 GMT",27.78651,96.11664,586.24146,92.39972,267.30698,101.873695,35.016636,44.186935,48.28028,62.54891,-0.0055729454502390805,-0.008024697417214868,-0.0016643782912289387,-0.011607514988804787,0.007250424340709049,-0.016706073062370114,-0.0047111832095000855,0.0017383809736870354,0.005597772489850348,-0.001258861546180012,0.002451751966975787,-0.003908567159010142,0.006034569538565707,-0.01282336979094813,0.011133127612131033,-0.000861762240738995,-0.007311326423926116,-0.011170717940089428,-0.004314083904059069,-0.006360319125985929,0.00358281757158992,-0.015275121757923917,0.008681375645155247,-0.003313514207714782,-0.009763078390901903,-0.013622469907065216,-0.006765835871034856,0.00994313669757585,-0.008914802631937987,0.015041694771141177,0.003046804918271147,-0.003402759264915974,-0.0072621507810792865,-0.0004055167450489267,-0.018857939329513837,0.005098558073565327,-0.006896331779304702,-0.013345895962491822,-0.017205287478655136,-0.010348653442624775,0.023956497403079164,0.011961607550209134,0.005512043367022013,0.001652651850858701,0.00850928588688906,-0.01199488985287003,-0.01844445403605715,-0.022303845552220463,-0.015447211516190102,-0.006449564183187121,-0.010308955699350433,-0.0034523216633200737,-0.0038593915161633124,0.0029972425198670476,0.00685663403603036
"Wed, 06 Dec 2023 00:00:00 GMT",27.941795,96.89105,587.218,93.4785,265.3759,103.5899,35.181995,44.110188,48.010773,62.6277,-0.01036642234727068,-0.020688301958009945,0.0018685129728556685,0.0008247006539874931,-0.0056273395004829705,-0.005664115536475359,-0.0044137859751397,-0.00779896989520625,-0.006992317664015298,-0.006583092871202402,0.010321879610739266,-0.012234935320126348,-0.011191123001258173,-0.004739082846787709,-0.0047023068107953205,-0.0059526363721309795,-0.0025674524520644297,-0.0033741046832553813,-0.003783329476068277,-0.022556814930865615,-0.02151300261199744,-0.015060962457526975,-0.015024186421534587,-0.016274515982870247,-0.012889332062803696,-0.013695984293994646,-0.014105209086807543,0.0010438123188681754,0.007495852473338639,0.007532628509331027,0.006282298947995368,0.009667482868061919,0.008860830636870966,0.008451605844058071,0.006452040154470463,0.006488816190462852,0.005238486629127193,0.008623670549193743,0.007817018318002791,0.007407793525189895,3.6776035992388406e-05,-0.0012135535253432706,0.002171630394723279,0.0013649781635323276,0.0009557533707194319,-0.001250329561335659,0.0021348543587308907,0.0013282021275399392,0.0009189773347270435,0.00338518392006655,0.0025785316888755983,0.0021693068960627025,-0.0008066522311909515,-0.0012158770240038473,-0.00040922479281289576
"Tue, 05 Dec 2023 00:00:00 GMT",28.232958,98.91644,586.1218,93.40144,266.87347,104.17831,35.337624,44.455547,48.347656,63.041344,-0.006510207102064562,-0.012864840722248744,0.004208413769861071,-0.020617259525784425,-0.006146390898340674,0.011074909964984479,-0.008223749701363378,-0.014567540545526399,0.00498952454606066,-0.01565559706904743,0.006354633620184182,-0.010718620871925634,0.014107052423719863,-0.0003638162037238879,-0.01758511706704904,0.0017135425992988156,0.008057333443461837,-0.011499731648125223,0.009145389966982869,-0.017073254492109814,0.007752418803535681,-0.00671844982390807,-0.023939750687233224,-0.004641091020885366,0.0017026998232776546,-0.017854365268309403,0.002790756346798687,0.024825673295645497,0.010354804668201746,-0.006866496195123408,0.012432163471224448,0.01877595431538747,-0.0007811107761995888,0.019864010838908503,-0.014470868627443751,-0.031692169490768904,-0.012393509824421048,-0.006049718980258027,-0.025606784071845086,-0.004961662456736994,-0.017221300863325153,0.0020773588030227035,0.008421149647185724,-0.011135915444401335,0.009509206170706757,0.019298659666347855,0.025642450510510877,0.006085385418923819,0.02673050703403191,0.006343790844163021,-0.013213274247424037,0.0074318473676840534,-0.01955706509158706,0.0010880565235210325,0.020645121615108092
"Mon, 04 Dec 2023 00:00:00 GMT",28.41736,100.197205,583.66034,95.34711,268.51883,103.03091,35.62943,45.107895,48.107025,64.03606,,,,,,,,,,,,,,,,,,,,,,,,,,,,,,,,,,,,,,,,,,,,,,,,,,,,,,,
