Date,Close ,Adj Close ,Volume,Unnamed: 4
2025-01-30,6.22,6.22,941,
2025-01-29,6.21,6.21,2400,
2025-01-28,6.2,6.2,13000,
2025-01-27,6.44,6.44,9500,
2025-01-24,6.83,6.83,4600,
2025-01-23,6.62,6.62,3600,
2025-01-22,6.83,6.83,4900,
2025-01-21,6.72,6.72,6600,
2025-01-17,6.78,6.78,6300,
2025-01-16,6.76,6.76,7200,
2025-01-15,7.0,7.0,5800,
2025-01-14,6.98,6.98,4800,
2025-01-13,7.1,7.1,12900,
2025-01-10,7.05,7.05,14400,
2025-01-08,7.11,7.11,11200,
2025-01-07,7.2,7.2,31800,
2025-01-06,6.81,6.81,37600,
2025-01-03,6.73,6.73,13700,
2025-01-02,6.13,6.13,7400,
2024-12-31,6.03,6.03,18700,
2024-12-30,6.07,6.07,16600,
2024-12-27,6.12,6.12,7200,
2024-12-26,6.11,6.11,7100,
2024-12-24,6.15,6.15,14400,
2024-12-23,6.0,6.0,39400,
2024-12-20,5.75,5.75,14700,
2024-12-19,5.5,5.5,20400,
2024-12-18,5.6,5.6,13100,
2024-12-17,5.93,5.93,16800,
2024-12-16,6.13,6.13,13500,
2024-12-13,6.21,6.21,4200,
2024-12-12,6.32,6.32,14000,
2024-12-11,6.3,6.3,18800,
2024-12-10,6.78,6.78,12000,
2024-12-09,6.83,6.83,26100,
2024-12-06,7.35,7.35,9700,
2024-12-05,7.5,7.5,3700,
2024-12-04,7.58,7.58,7200,
2024-12-03,7.68,7.68,7400,
2024-12-02,7.55,7.55,6700,
2024-11-29,7.59,7.59,1700,
2024-11-27,7.59,7.59,3800,
2024-11-26,7.58,7.58,11800,
2024-11-25,7.81,7.81,9900,
2024-11-22,7.85,7.85,7000,
2024-11-21,7.7,7.7,9000,
2024-11-20,7.8,7.8,13100,
2024-11-19,7.86,7.86,11600,
2024-11-18,7.47,7.47,8000,
2024-11-15,7.57,7.57,13100,
2024-11-14,7.8,7.8,11200,
2024-11-13,7.94,7.94,6500,
2024-11-12,8.0,8.0,13000,
2024-11-11,8.23,8.23,14400,
2024-11-08,7.75,7.75,6800,
2024-11-07,7.9,7.9,14100,
2024-11-06,7.99,7.99,15700,
2024-11-05,7.88,7.88,7700,
2024-11-04,7.79,7.79,20500,
2024-11-01,7.96,7.96,13400,
2024-10-31,8.02,8.02,7900,
2024-10-30,8.03,8.03,10200,
2024-10-29,8.4,8.4,3800,
2024-10-28,8.54,8.54,2600,
2024-10-25,8.73,8.73,9200,
2024-10-24,8.89,8.89,-,
2024-10-23,8.89,8.89,9800,
2024-10-22,8.89,8.89,5700,
2024-10-21,8.95,8.95,4100,
2024-10-18,8.94,8.94,3300,
2024-10-17,9.0,9.0,1800,
2024-10-16,9.03,9.03,2200,
2024-10-15,8.94,8.94,12100,
2024-10-14,9.2,9.2,4100,
2024-10-11,9.21,9.21,4500,
2024-10-10,9.23,9.23,3800,
2024-10-09,9.13,9.13,3900,
2024-10-08,9.1,9.1,1600,
2024-10-07,9.11,9.11,10800,
2024-10-04,9.05,9.05,7800,
2024-10-03,9.14,9.14,4000,
2024-10-02,9.22,9.22,4000,
2024-10-01,9.15,9.15,16700,
2024-09-30,9.16,9.16,5300,
2024-09-27,8.7,8.7,1900,
2024-09-26,8.93,8.93,10800,
2024-09-25,8.95,8.95,4200,
2024-09-24,8.81,8.81,3400,
2024-09-23,8.6,8.6,1800,
2024-09-20,8.81,8.81,9500,
2024-09-19,8.46,8.46,17400,
2024-09-18,8.41,8.41,7200,
2024-09-17,8.41,8.41,9100,
2024-09-16,8.49,8.49,3900,
2024-09-13,8.04,8.04,7800,
2024-09-12,7.97,7.97,4500,
2024-09-11,8.12,8.12,8800,
2024-09-10,7.99,7.99,3400,
2024-09-09,8.22,8.22,6600,
2024-09-06,7.79,7.79,4000,
2024-09-05,8.14,8.14,7900,
2024-09-04,8.0,8.0,5900,
2024-09-03,8.04,8.04,4500,
2024-08-30,8.7,8.7,4600,
2024-08-29,8.79,8.79,10700,
2024-08-28,8.9,8.9,2100,
2024-08-27,8.84,8.84,6200,
2024-08-26,9.0,9.0,17600,
2024-08-23,8.99,8.99,15100,
2024-08-22,8.95,8.95,1600,
2024-08-21,9.08,9.08,15400,
2024-08-20,9.3,9.3,34500,
2024-08-19,9.37,9.37,12300,
2024-08-16,9.53,9.53,3500,
2024-08-15,9.3,9.3,9000,
2024-08-14,9.45,9.45,2600,
2024-08-13,9.53,9.53,22100,
2024-08-12,9.09,9.09,9600,
2024-08-09,8.93,8.93,11300,
2024-08-08,8.75,8.75,5200,
2024-08-07,8.57,8.57,3100,
2024-08-06,8.8,8.8,10600,
2024-08-05,8.86,8.86,20600,
2024-08-02,9.25,9.25,11700,
2024-08-01,9.68,9.68,3900,
2024-07-31,9.99,9.99,13900,
2024-07-30,10.6,10.6,1700,
2024-07-29,10.61,10.61,1800,
2024-07-26,10.77,10.77,3500,
2024-07-25,10.67,10.67,14500,
2024-07-24,9.9,9.9,4700,
2024-07-23,10.36,10.36,2900,
2024-07-22,10.34,10.34,9400,
2024-07-19,10.57,10.57,13200,
2024-07-18,10.9,10.9,3100,
2024-07-17,11.07,11.07,4800,
2024-07-16,11.09,11.09,15700,
2024-07-15,10.89,10.89,18200,
2024-07-12,10.99,10.99,9500,
2024-07-11,10.89,10.89,5000,
2024-07-10,10.83,10.83,20000,
2024-07-09,10.71,10.71,23500,
2024-07-08,10.89,10.89,16800,
2024-07-05,11.06,11.06,20900,
2024-07-03,11.07,11.07,7100,
2024-07-02,11.04,11.04,4800,
2024-07-01,11.14,11.14,21200,
2024-06-28,11.02,11.02,34600,
2024-06-27,11.03,11.03,8000,
2024-06-26,11.17,11.17,9300,
2024-06-25,11.1,11.1,8600,
2024-06-24,11.1,11.1,20300,
2024-06-21,11.43,11.43,2800,
2024-06-20,11.43,11.43,7800,
2024-06-18,11.81,11.81,8100,
2024-06-17,11.96,11.96,8700,
2024-06-14,12.25,12.25,14800,
2024-06-13,12.67,12.67,7200,
2024-06-12,12.88,12.88,10000,
2024-06-11,12.98,12.98,3400,
2024-06-10,13.06,13.06,6100,
2024-06-07,13.27,13.27,4100,
2024-06-06,13.07,13.07,9100,
2024-06-05,13.14,13.14,10500,
2024-06-04,13.2,13.2,9400,
2024-06-03,13.3,13.3,8000,
2024-05-31,13.5,13.5,7400,
2024-05-30,13.49,13.49,10000,
2024-05-29,13.45,13.45,12800,
2024-05-28,14.0,14.0,26500,
2024-05-24,13.98,13.98,11000,
2024-05-23,13.58,13.58,16700,
2024-05-22,13.45,13.45,21800,
2024-05-21,13.2,13.2,23000,
2024-05-20,12.81,12.81,12200,
2024-05-17,12.3,12.3,6900,
2024-05-16,12.11,12.11,9000,
2024-05-15,12.07,12.07,14900,
2024-05-14,12.25,12.25,17800,
2024-05-13,12.25,12.25,17700,
2024-05-10,12.51,12.51,16000,
2024-05-09,12.65,12.65,20300,
2024-05-08,12.33,12.33,32200,
2024-05-07,12.31,12.31,8500,
2024-05-06,12.29,12.29,13700,
2024-05-03,12.55,12.55,6800,
2024-05-02,12.5,12.5,24600,
2024-05-01,12.44,12.44,5000,
2024-04-30,12.55,12.55,2400,
2024-04-29,12.4,12.4,8400,
2024-04-26,12.41,12.41,8700,
2024-04-25,12.3,12.3,13100,
2024-04-24,12.3,12.3,5400,
2024-04-23,12.38,12.38,6300,
2024-04-22,12.59,12.59,3500,
2024-04-19,12.7,12.7,5600,
2024-04-18,12.75,12.75,8200,
2024-04-17,12.8,12.8,21000,
2024-04-16,12.98,12.98,5400,
2024-04-15,12.97,12.97,23300,
2024-04-12,13.14,13.14,22700,
2024-04-11,13.33,13.33,4500,
2024-04-10,13.32,13.32,21800,
2024-04-09,13.6,13.6,9600,
2024-04-08,13.66,13.66,20500,
2024-04-05,13.53,13.53,13500,
2024-04-04,13.86,13.86,22200,
2024-04-03,13.85,13.85,11000,
2024-04-02,13.39,13.39,27000,
2024-04-01,13.49,13.49,37300,
2024-03-28,14.02,14.02,19100,
2024-03-27,14.05,14.05,13600,
2024-03-26,13.68,13.68,9000,
2024-03-25,13.5,13.5,10700,
2024-03-22,13.29,13.29,8000,
2024-03-21,13.46,13.46,40200,
2024-03-20,13.55,13.55,12700,
2024-03-19,13.36,13.36,3200,
2024-03-18,13.3,13.3,7700,
2024-03-15,13.35,13.35,19100,
2024-03-14,13.38,13.38,27300,
2024-03-13,13.82,13.82,17500,
2024-03-12,13.77,13.77,23600,
2024-03-11,14.01,14.01,11700,
2024-03-08,14.55,14.55,17600,
2024-03-07,14.1,14.1,19000,
2024-03-06,13.75,13.75,11900,
2024-03-05,13.78,13.78,9600,
2024-03-04,13.52,13.52,17700,
2024-03-01,13.67,13.67,13500,
2024-02-29,13.67,13.67,7600,
2024-02-28,13.73,13.73,5800,
2024-02-27,13.98,13.98,23100,
2024-02-26,13.68,13.68,16900,
2024-02-23,13.3,13.3,10600,
2024-02-22,13.6,13.6,9500,
2024-02-21,14.2,14.2,5300,
2024-02-20,14.66,14.66,8100,
2024-02-16,14.57,14.57,12800,
2024-02-15,14.7,14.7,22600,
2024-02-14,13.97,13.97,18200,
2024-02-13,13.69,13.69,14100,
2024-02-12,13.46,13.46,27700,
2024-02-09,13.51,13.51,15200,
2024-02-08,13.47,13.47,6900,
2024-02-07,13.44,13.44,40700,
2024-02-06,13.35,13.35,14800,
2024-02-05,13.78,13.78,10100,
2024-02-02,13.84,13.84,16800,
2024-02-01,13.66,13.66,12700,
2024-01-31,13.75,13.75,8000,
2024-01-30,14.29,14.29,5100,
2024-01-29,14.1,14.1,16200,
2024-01-26,13.8,13.8,11600,
2024-01-25,13.43,13.43,14300,
2024-01-24,13.88,13.88,16300,
2024-01-23,14.11,14.11,15000,
2024-01-22,14.12,14.12,11500,
2024-01-19,14.12,14.12,22600,
2024-01-18,14.41,14.41,39700,
2024-01-17,14.67,14.67,17200,
2024-01-16,14.89,14.89,26800,
2024-01-12,14.98,14.98,39100,
2024-01-11,14.8,14.8,24800,
2024-01-10,14.85,14.85,9700,
2024-01-09,14.99,14.99,24800,
2024-01-08,14.55,14.55,42700,
2024-01-05,15.12,15.12,35500,
2024-01-04,15.7,15.7,25000,
2024-01-03,15.11,15.11,53200,
2024-01-02,15.61,15.61,19000,
2023-12-29,15.62,15.62,25200,
2023-12-28,15.62,15.62,61600,
2023-12-27,16.33,16.33,40500,
2023-12-26,16.71,16.71,28000,
2023-12-22,16.65,16.65,33000,
2023-12-21,16.7,16.7,14100,
2023-12-20,16.3,16.3,86900,
2023-12-19,17.58,17.58,64500,
2023-12-18,16.27,16.27,156700,
2023-12-15,17.43,17.43,50700,
2023-12-14,17.5,17.5,117400,
2023-12-13,16.69,16.69,149100,
2023-12-12,18.08,18.08,163900,
2023-12-11,17.68,17.68,165100,
2023-12-08,16.41,16.41,153300,
2023-12-07,15.92,15.92,295000,
2023-12-06,13.16,13.16,26900,
2023-12-05,13.38,13.38,35200,
2023-12-04,12.84,12.84,26200,
2023-12-01,12.64,12.64,88100,
2023-11-30,12.05,12.05,231300,
2023-11-29,14.03,14.03,288600,
2023-11-28,11.4,11.4,249100,
2023-11-27,10.5,10.5,241400,
2023-11-24,10.22,10.22,250500,
2023-11-22,8.72,8.72,47900,
2023-11-21,7.98,7.98,26300,
2023-11-20,8.1,8.1,23800,
2023-11-17,8.0,8.0,75000,
2023-11-16,7.47,7.47,89200,
2023-11-15,7.44,7.44,63800,
2023-11-14,6.6,6.6,27900,
2023-11-13,6.0,6.0,15600,
2023-11-10,5.86,5.86,24700,
2023-11-09,5.97,5.97,25900,
2023-11-08,6.28,6.28,11900,
2023-11-07,6.38,6.38,21100,
2023-11-06,6.37,6.37,14100,
2023-11-03,6.45,6.45,18600,
2023-11-02,6.36,6.36,22600,
2023-11-01,6.44,6.44,18000,
2023-10-31,6.4,6.4,12000,
2023-10-30,6.53,6.53,11000,
2023-10-27,6.45,6.45,19900,
2023-10-26,6.6,6.6,17100,
2023-10-25,6.73,6.73,19100,
2023-10-24,6.58,6.58,36000,
2023-10-23,7.02,7.02,21600,
2023-10-20,7.1,7.1,19900,
2023-10-19,7.4,7.4,21500,
2023-10-18,7.93,7.93,93200,
2023-10-17,8.98,8.98,118400,
2023-10-16,9.1,9.1,96200,
2023-10-13,8.1,8.1,60400,
2023-10-12,7.4,7.4,47200,
2023-10-11,6.74,6.74,23600,
2023-10-10,6.69,6.69,26900,
2023-10-09,6.42,6.42,31200,
2023-10-06,6.12,6.12,31800,
2023-10-05,6.25,6.25,33100,
2023-10-04,6.57,6.57,37900,
2023-10-03,6.84,6.84,84900,
2023-10-02,6.99,6.99,113800,
2023-09-29,7.14,7.14,222200,
2023-09-28,7.08,7.08,53592,
2023-09-27,7.44,7.44,10467,
2023-09-26,7.44,7.44,16633,
2023-09-25,7.44,7.44,19458,
2023-09-22,7.32,7.32,34667,
2023-09-21,7.32,7.32,25367,
2023-09-20,7.56,7.56,19233,
2023-09-19,7.56,7.56,21733,
2023-09-18,7.92,7.92,27692,
2023-09-15,8.16,8.16,21933,
2023-09-14,8.28,8.28,15467,
2023-09-13,8.16,8.16,35950,
2023-09-12,8.52,8.52,7308,
2023-09-11,8.52,8.52,12367,
2023-09-08,8.64,8.64,11167,
2023-09-07,8.52,8.52,11883,
2023-09-06,8.52,8.52,24067,
2023-09-05,8.64,8.64,13125,
2023-09-01,9.0,9.0,16475,
2023-08-31,9.0,9.0,13717,
2023-08-30,9.0,9.0,8367,
2023-08-29,9.0,9.0,18492,
2023-08-28,8.64,8.64,8692,
2023-08-25,8.4,8.4,7983,
2023-08-24,8.52,8.52,17983,
2023-08-23,8.64,8.64,22825,
2023-08-22,8.76,8.76,14542,
2023-08-21,8.64,8.64,33708,
2023-08-18,9.12,9.12,19825,
2023-08-17,9.0,9.0,52417,
2023-08-16,9.6,9.6,184783,
2023-08-15,10.2,10.2,59225,
2023-08-14,9.84,9.84,68158,
2023-08-11,9.84,9.84,119267,
2023-08-10,9.6,9.6,138125,
2023-08-09,8.52,8.52,80333,
2023-08-08,8.52,8.52,46217,
2023-08-07,8.28,8.28,70592,
2023-08-04,8.88,8.88,546900,
2023-08-03,8.16,8.16,110850,
2023-08-02,8.4,8.4,9792,
2023-08-01,8.64,8.64,12717,
2023-07-31,8.88,8.88,48308,
2023-07-28,8.28,8.28,14900,
2023-07-27,8.28,8.28,10817,
2023-07-26,8.4,8.4,17700,
2023-07-25,8.28,8.28,8867,
2023-07-24,8.4,8.4,22108,
2023-07-21,8.16,8.16,46558,
2023-07-20,8.4,8.4,192642,
2023-07-19,8.16,8.16,13458,
2023-07-18,8.28,8.28,15217,
2023-07-17,8.28,8.28,24383,
2023-07-14,8.4,8.4,25475,
2023-07-13,8.4,8.4,153708,
2023-07-12,8.16,8.16,64567,
2023-07-11,7.56,7.56,21417,
2023-07-10,7.56,7.56,18067,
2023-07-07,7.44,7.44,21458,
2023-07-06,7.32,7.32,13283,
2023-07-05,7.44,7.44,28792,
2023-07-03,7.2,7.2,24308,
2023-06-30,6.84,6.84,33367,
2023-06-29,6.96,6.96,16633,
2023-06-28,6.84,6.84,18000,
2023-06-27,6.96,6.96,44367,
2023-06-26,7.56,7.56,9142,
2023-06-23,7.68,7.68,14775,
2023-06-22,7.68,7.68,31408,
2023-06-21,7.92,7.92,44067,
2023-06-20,7.92,7.92,28383,
2023-06-16,8.16,8.16,33500,
2023-06-15,8.04,8.04,22925,
2023-06-14,8.04,8.04,31475,
2023-06-13,8.28,8.28,12675,
2023-06-12,8.28,8.28,25683,
2023-06-09,8.28,8.28,24767,
2023-06-08,8.4,8.4,16217,
2023-06-07,8.4,8.4,22300,
2023-06-06,8.64,8.64,17250,
2023-06-05,8.52,8.52,16108,
2023-06-02,8.4,8.4,29083,
2023-06-01,8.52,8.52,11017,
2023-05-31,8.52,8.52,6950,
2023-05-30,8.64,8.64,12008,
2023-05-26,8.76,8.76,13875,
2023-05-25,8.64,8.64,25450,
2023-05-24,9.0,9.0,16092,
2023-05-23,9.24,9.24,76950,
2023-05-22,8.76,8.76,15517,
2023-05-19,8.64,8.64,14842,
2023-05-18,8.64,8.64,14267,
2023-05-17,8.64,8.64,10708,
2023-05-16,8.64,8.64,6275,
2023-05-15,8.76,8.76,13225,
2023-05-12,8.88,8.88,27092,
2023-05-11,8.88,8.88,11917,
2023-05-10,8.76,8.76,31558,
2023-05-09,8.64,8.64,20800,
2023-05-08,8.88,8.88,38358,
2023-05-05,8.52,8.52,23325,
2023-05-04,8.28,8.28,47717,
2023-05-03,8.64,8.64,16150,
2023-05-02,8.52,8.52,23883,
2023-05-01,8.88,8.88,27467,
2023-04-28,8.88,8.88,96392,
2023-04-27,8.28,8.28,47783,
2023-04-26,8.16,8.16,62267,
2023-04-25,8.88,8.88,68283,
2023-04-24,9.36,9.36,23092,
2023-04-21,9.6,9.6,18008,
2023-04-20,9.6,9.6,41058,
2023-04-19,9.96,9.96,29300,
2023-04-18,9.84,9.84,24633,
2023-04-17,10.2,10.2,20425,
2023-04-14,10.2,10.2,26342,
2023-04-13,10.2,10.2,31575,
2023-04-12,10.2,10.2,22000,
2023-04-11,10.32,10.32,51258,
2023-04-10,10.44,10.44,45342,
2023-04-06,10.32,10.32,23483,
2023-04-05,10.2,10.2,28692,
2023-04-04,10.56,10.56,53000,
2023-04-03,10.44,10.44,52542,
2023-03-31,10.56,10.56,55650,
2023-03-30,10.68,10.68,105108,
2023-03-29,10.56,10.56,74842,
2023-03-28,10.68,10.68,83142,
2023-03-27,10.68,10.68,89875,
2023-03-24,10.2,10.2,61892,
2023-03-23,10.44,10.44,435592,
2023-03-22,10.2,10.2,63225,
2023-03-21,10.56,10.56,113008,
2023-03-20,9.84,9.84,79042,
2023-03-17,10.2,10.2,71800,
2023-03-16,10.32,10.32,61400,
2023-03-15,10.08,10.08,155900,
2023-03-14,10.56,10.56,127000,
2023-03-13,10.92,10.92,282792,
2023-03-10,11.4,11.4,512817,
2023-03-09,11.04,11.04,603617,
2023-03-08,12.6,12.6,4107792,
2023-03-07,9.72,9.72,64725,
2023-03-06,10.08,10.08,97625,
2023-03-03,11.04,11.04,188917,
2023-03-02,11.16,11.16,186675,
2023-03-01,11.52,11.52,1301592,
2023-02-28,9.24,9.24,74983,
2023-02-27,9.6,9.6,69475,
2023-02-24,10.08,10.08,124408,
2023-02-23,9.6,9.6,110558,
2023-02-22,9.36,9.36,197492,
2023-02-21,9.36,9.36,165358,
2023-02-17,9.72,9.72,211850,
2023-02-16,10.44,10.44,212758,
2023-02-15,10.44,10.44,528033,
2023-02-14,10.92,10.92,1785083,
2023-02-13,19.8,19.8,7901842,
2023-02-10,15.72,15.72,24608,
2023-02-09,15.96,15.96,30300,
2023-02-08,17.04,17.04,24917,
2023-02-07,17.16,17.16,48342,
2023-02-06,17.04,17.04,23300,
2023-02-03,17.16,17.16,32492,
2023-02-02,16.56,16.56,45800,
2023-02-01,15.96,15.96,36408,
2023-01-31,15.96,15.96,32692,
2023-01-30,15.6,15.6,28292,
2023-01-27,16.08,16.08,35558,
2023-01-26,16.44,16.44,17300,
2023-01-25,15.96,15.96,32233,
2023-01-24,16.92,16.92,33308,
2023-01-23,17.4,17.4,44192,
2023-01-20,18.0,18.0,41133,
2023-01-19,18.24,18.24,57442,
2023-01-18,17.4,17.4,156125,
2023-01-17,18.0,18.0,139017,
2023-01-13,15.96,15.96,46833,
2023-01-12,16.2,16.2,71283,
2023-01-11,15.0,15.0,112633,
2023-01-10,14.76,14.76,36092,
2023-01-09,14.52,14.52,40067,
2023-01-06,14.52,14.52,72817,
2023-01-05,15.12,15.12,83367,
2023-01-04,16.56,16.56,408817,
2023-01-03,14.4,14.4,33958,
2022-12-30,15.24,15.24,61225,
2022-12-29,15.36,15.36,102417,
2022-12-28,13.92,13.92,69375,
2022-12-27,13.32,13.32,71283,
2022-12-23,13.92,13.92,37750,
2022-12-22,14.16,14.16,95017,
2022-12-21,15.24,15.24,38392,
2022-12-20,15.24,15.24,50700,
2022-12-19,15.12,15.12,78108,
2022-12-16,17.04,17.04,74433,
2022-12-15,17.4,17.4,124808,
2022-12-14,18.0,18.0,372608,
2022-12-13,16.56,16.56,111092,
2022-12-12,16.32,16.32,191858,
2022-12-09,17.4,17.4,233567,
2022-12-08,20.16,20.16,229567,
2022-12-07,21.84,21.84,323233,
2022-12-06,24.12,24.12,441633,
2022-12-05,26.4,26.4,2420408,
2022-12-02,53.28,53.28,2603417,
2022-12-01,43.56,43.56,3690367,
2022-11-30,36.24,36.24,1963992,
2022-11-29,24.96,24.96,53717,
2022-11-28,27.6,27.6,33008,
2022-11-25,29.4,29.4,48650,
2022-11-23,26.88,26.88,18592,
2022-11-22,28.2,28.2,19967,
2022-11-21,34.44,34.44,13733,
2022-11-18,39.0,39.0,5983,
2022-11-17,40.2,40.2,5158,
2022-11-16,40.92,40.92,4667,
2022-11-15,40.92,40.92,13033,
2022-11-14,39.0,39.0,9842,
2022-11-11,41.04,41.04,7875,
2022-11-10,42.96,42.96,15908,
2022-11-09,38.52,38.52,10817,
2022-11-08,41.28,41.28,19875,
2022-11-07,47.52,47.52,10808,
2022-11-04,48.6,48.6,15175,
2022-11-03,48.84,48.84,11358,
2022-11-02,51.0,51.0,17067,
2022-11-01,55.56,55.56,34625,
2022-10-31,56.28,56.28,18333,
2022-10-28,56.52,56.52,19608,
2022-10-27,56.88,56.88,38775,
2022-10-26,58.2,58.2,19475,
2022-10-25,60.48,60.48,52217,
2022-10-24,57.72,57.72,56250,
2022-10-21,56.4,56.4,20250,
2022-10-20,56.88,56.88,33675,
2022-10-19,66.0,66.0,128100,
2022-10-18,53.52,53.52,56717,
2022-10-17,55.2,55.2,81242,
2022-10-14,60.6,60.6,78958,
2022-10-13,62.52,62.52,109800,
2022-10-12,66.48,66.48,338142,
2022-10-11,59.04,59.04,242267,
2022-10-10,72.0,72.0,1243725,
2022-10-07,84.0,84.0,1913858,
2022-10-06,76.8,76.8,596275,
2022-10-05,118.56,118.56,3403317,
2022-10-04,65.16,65.16,1410383,
2022-10-03,39.24,39.24,31758,
2022-09-30,36.48,36.48,36033,
2022-09-29,37.32,37.32,55458,
2022-09-28,36.36,36.36,1790308,
2022-09-27,28.08,28.08,17992,
2022-09-26,28.56,28.56,35408,
2022-09-23,31.2,31.2,546542,
2022-09-22,28.8,28.8,56345,
2022-09-21,50.4,50.4,9449,
2022-09-20,55.2,55.2,2833,
2022-09-19,55.2,55.2,4306,
2022-09-16,57.6,57.6,5560,
2022-09-15,62.4,62.4,1930,
2022-09-14,64.8,64.8,1264,
2022-09-13,67.2,67.2,5118,
2022-09-12,64.8,64.8,3625,
2022-09-09,64.8,64.8,2871,
2022-09-08,62.4,62.4,4138,
2022-09-07,64.8,64.8,4210,
2022-09-06,67.2,67.2,1779,
2022-09-02,67.2,67.2,2425,
2022-09-01,69.6,69.6,2977,
2022-08-31,72.0,72.0,2527,
2022-08-30,69.6,69.6,2635,
2022-08-29,69.6,69.6,5110,
2022-08-26,69.6,69.6,1690,
2022-08-25,74.4,74.4,3218,
2022-08-24,76.8,76.8,4355,
2022-08-23,74.4,74.4,8019,
2022-08-22,76.8,76.8,4073,
2022-08-19,81.6,81.6,2348,
2022-08-18,81.6,81.6,5446,
2022-08-17,88.8,88.8,1826,
2022-08-16,91.2,91.2,3260,
2022-08-15,91.2,91.2,6954,
2022-08-12,96.0,96.0,2582,
2022-08-11,98.4,98.4,6498,
2022-08-10,93.6,93.6,1250,
2022-08-09,93.6,93.6,1612,
2022-08-08,96.0,96.0,5800,
2022-08-05,86.4,86.4,1136,
2022-08-04,86.4,86.4,1715,
2022-08-03,86.4,86.4,2812,
2022-08-02,81.6,81.6,1301,
2022-08-01,79.2,79.2,1860,
2022-07-29,81.6,81.6,2025,
2022-07-28,79.2,79.2,4078,
2022-07-27,76.8,76.8,2712,
2022-07-26,79.2,79.2,1795,
2022-07-25,81.6,81.6,2274,
2022-07-22,81.6,81.6,2014,
2022-07-21,84.0,84.0,3077,
2022-07-20,88.8,88.8,3388,
2022-07-19,88.8,88.8,1945,
2022-07-18,84.0,84.0,3354,
2022-07-15,84.0,84.0,3381,
2022-07-14,86.4,86.4,1013,
2022-07-13,86.4,86.4,760,
2022-07-12,88.8,88.8,785,
2022-07-11,91.2,91.2,1771,
2022-07-08,91.2,91.2,2781,
2022-07-07,88.8,88.8,2992,
2022-07-06,86.4,86.4,1813,
2022-07-05,88.8,88.8,1335,
2022-07-01,88.8,88.8,873,
2022-06-30,91.2,91.2,2270,
2022-06-29,93.6,93.6,2286,
2022-06-28,96.0,96.0,2412,
2022-06-27,98.4,98.4,3343,
2022-06-24,96.0,96.0,2867,
2022-06-23,93.6,93.6,3165,
2022-06-22,93.6,93.6,2497,
2022-06-21,93.6,93.6,4756,
2022-06-17,93.6,93.6,3142,
2022-06-16,93.6,93.6,5142,
2022-06-15,103.2,103.2,6679,
2022-06-14,108.0,108.0,7397,
2022-06-13,110.4,110.4,2938,
2022-06-10,124.8,124.8,6245,
2022-06-09,136.8,136.8,3277,
2022-06-08,139.2,139.2,2677,
2022-06-07,139.2,139.2,2573,
2022-06-06,144.0,144.0,2655,
2022-06-03,153.6,153.6,5935,
2022-06-02,165.6,165.6,962,
2022-06-01,158.4,158.4,708,
2022-05-31,165.6,165.6,1006,
2022-05-27,163.2,163.2,1207,
2022-05-26,163.2,163.2,1328,
2022-05-25,160.8,160.8,894,
2022-05-24,151.2,151.2,1265,
2022-05-23,160.8,160.8,849,
2022-05-20,160.8,160.8,1304,
2022-05-19,165.6,165.6,1580,
2022-05-18,163.2,163.2,947,
2022-05-17,168.0,168.0,2753,
2022-05-16,165.6,165.6,2524,
2022-05-13,160.8,160.8,2225,
2022-05-12,148.8,148.8,1510,
2022-05-11,156.0,156.0,2112,
2022-05-10,148.8,148.8,2044,
2022-05-09,148.8,148.8,4882,
2022-05-06,170.4,170.4,1693,
2022-05-05,172.8,172.8,1910,
2022-05-04,172.8,172.8,2589,
2022-05-03,182.4,182.4,3494,
2022-05-02,172.8,172.8,1679,
2022-04-29,175.2,175.2,2611,
2022-04-28,170.4,170.4,4305,
2022-04-27,182.4,182.4,3080,
2022-04-26,187.2,187.2,1754,
2022-04-25,192.0,192.0,2709,
2022-04-22,192.0,192.0,2787,
2022-04-21,187.2,187.2,6630,
2022-04-20,223.2,223.2,1101,
2022-04-19,232.8,232.8,2335,
2022-04-18,235.2,235.2,4352,
2022-04-14,228.0,228.0,1290,
2022-04-13,230.4,230.4,1251,
2022-04-12,225.6,225.6,1233,
2022-04-11,230.4,230.4,1847,
2022-04-08,235.2,235.2,1068,
2022-04-07,230.4,230.4,1537,
2022-04-06,240.0,240.0,1638,
2022-04-05,235.2,235.2,3461,
2022-04-04,244.8,244.8,1168,
2022-04-01,247.2,247.2,1190,
2022-03-31,249.6,249.6,1444,
2022-03-30,256.8,256.8,1920,
2022-03-29,254.4,254.4,1888,
2022-03-28,247.2,247.2,2366,
2022-03-25,256.8,256.8,2067,
2022-03-24,252.0,252.0,2224,
2022-03-23,259.2,259.2,2253,
2022-03-22,256.8,256.8,4558,
2022-03-21,254.4,254.4,3144,
2022-03-18,264.0,264.0,2383,
2022-03-17,261.6,261.6,4037,
2022-03-16,242.4,242.4,2295,
2022-03-15,240.0,240.0,3275,
2022-03-14,247.2,247.2,8620,
2022-03-11,256.8,256.8,4587,
2022-03-10,283.2,283.2,3343,
2022-03-09,278.4,278.4,7920,
2022-03-08,297.6,297.6,20093,
2022-03-07,357.6,357.6,47519,
2022-03-04,271.2,271.2,8643,
2022-03-03,259.2,259.2,3918,
2022-03-02,256.8,256.8,5433,
2022-03-01,266.4,266.4,5283,
2022-02-28,235.2,235.2,1766,
2022-02-25,220.8,220.8,1004,
2022-02-24,223.2,223.2,5145,
2022-02-23,223.2,223.2,928,
2022-02-22,220.8,220.8,2028,
2022-02-18,240.0,240.0,1532,
2022-02-17,254.4,254.4,1500,
2022-02-16,254.4,254.4,1656,
2022-02-15,252.0,252.0,1679,
2022-02-14,242.4,242.4,1526,
2022-02-11,247.2,247.2,2399,
2022-02-10,247.2,247.2,5964,
2022-02-09,230.4,230.4,3775,
2022-02-08,211.2,211.2,1935,
2022-02-07,199.2,199.2,1208,
2022-02-04,192.0,192.0,875,
2022-02-03,189.6,189.6,662,
2022-02-02,199.2,199.2,1768,
2022-02-01,199.2,199.2,1938,
2022-01-31,189.6,189.6,1599,
2022-01-28,180.0,180.0,2118,
2022-01-27,170.4,170.4,1828,
2022-01-26,184.8,184.8,1872,
2022-01-25,184.8,184.8,2222,
2022-01-24,177.6,177.6,6483,
2022-01-21,201.6,201.6,3512,
2022-01-20,211.2,211.2,1169,
2022-01-19,206.4,206.4,1400,
2022-01-18,213.6,213.6,1087,
2022-01-14,218.4,218.4,1404,
2022-01-13,216.0,216.0,878,
2022-01-12,218.4,218.4,802,
2022-01-11,218.4,218.4,1265,
2022-01-10,213.6,213.6,1113,
2022-01-07,218.4,218.4,1351,
2022-01-06,213.6,213.6,2170,
2022-01-05,213.6,213.6,1420,
2022-01-04,218.4,218.4,1263,
2022-01-03,223.2,223.2,2813,
2021-12-31,201.6,201.6,2988,
2021-12-30,208.8,208.8,2866,
2021-12-29,206.4,206.4,4580,
2021-12-28,220.8,220.8,2718,
2021-12-27,228.0,228.0,3402,
2021-12-23,232.8,232.8,1220,
2021-12-22,230.4,230.4,2131,
2021-12-21,225.6,225.6,1628,
2021-12-20,216.0,216.0,2071,
2021-12-17,223.2,223.2,2299,
2021-12-16,220.8,220.8,1988,
2021-12-15,228.0,228.0,1803,
2021-12-14,230.4,230.4,2727,
2021-12-13,242.4,242.4,2565,
2021-12-10,252.0,252.0,902,
2021-12-09,254.4,254.4,1930,
2021-12-08,256.8,256.8,3281,
2021-12-07,256.8,256.8,4252,
2021-12-06,223.2,223.2,3453,
2021-12-03,225.6,225.6,5470,
2021-12-02,244.8,244.8,3061,
2021-12-01,244.8,244.8,3831,
2021-11-30,261.6,261.6,2511,
2021-11-29,264.0,264.0,2495,
2021-11-26,273.6,273.6,1775,
2021-11-24,280.8,280.8,2663,
2021-11-23,266.4,266.4,1985,
2021-11-22,261.6,261.6,4980,
2021-11-19,266.4,266.4,2895,
2021-11-18,276.0,276.0,3675,
2021-11-17,280.8,280.8,2910,
2021-11-16,285.6,285.6,3144,
2021-11-15,295.2,295.2,2546,
2021-11-12,295.2,295.2,1607,
2021-11-11,297.6,297.6,2262,
2021-11-10,297.6,297.6,3360,
2021-11-09,304.8,304.8,2366,
2021-11-08,316.8,316.8,1967,
2021-11-05,309.6,309.6,3261,
2021-11-04,312.0,312.0,2968,
2021-11-03,319.2,319.2,1833,
2021-11-02,319.2,319.2,2487,
2021-11-01,331.2,331.2,2267,
2021-10-29,319.2,319.2,2665,
2021-10-28,328.8,328.8,2218,
2021-10-27,321.6,321.6,2591,
2021-10-26,333.6,333.6,3480,
2021-10-25,340.8,340.8,2181,
2021-10-22,345.6,345.6,2744,
2021-10-21,360.0,360.0,2065,
2021-10-20,372.0,372.0,1924,
2021-10-19,369.6,369.6,3721,
2021-10-18,352.8,352.8,2982,
2021-10-15,355.2,355.2,3086,
2021-10-14,381.6,381.6,3548,
2021-10-13,384.0,384.0,2479,
2021-10-12,391.2,391.2,3212,
2021-10-11,379.2,379.2,4688,
2021-10-08,362.4,362.4,3145,
2021-10-07,355.2,355.2,4611,
2021-10-06,352.8,352.8,3889,
2021-10-05,379.2,379.2,5675,
2021-10-04,376.8,376.8,7068,
2021-10-01,376.8,376.8,5865,
2021-09-30,355.2,355.2,2752,
2021-09-29,362.4,362.4,3072,
2021-09-28,372.0,372.0,6275,
2021-09-27,364.8,364.8,9770,
2021-09-24,336.0,336.0,3669,
2021-09-23,331.2,331.2,3682,
2021-09-22,309.6,309.6,1577,
2021-09-21,312.0,312.0,1418,
2021-09-20,307.2,307.2,3047,
2021-09-17,338.4,338.4,1810,
2021-09-16,340.8,340.8,3179,
2021-09-15,338.4,338.4,4918,
2021-09-14,319.2,319.2,4515,
2021-09-13,343.2,343.2,7001,
2021-09-10,331.2,331.2,3342,
2021-09-09,333.6,333.6,15525,
2021-09-08,304.8,304.8,1673,
2021-09-07,304.8,304.8,1715,
2021-09-03,309.6,309.6,1965,
2021-09-02,319.2,319.2,5153,
2021-09-01,300.0,300.0,1901,
2021-08-31,300.0,300.0,1965,
2021-08-30,302.4,302.4,1600,
2021-08-27,300.0,300.0,3625,
2021-08-26,288.0,288.0,3050,
2021-08-25,297.6,297.6,5618,
2021-08-24,285.6,285.6,5957,
2021-08-23,280.8,280.8,3446,
2021-08-20,276.0,276.0,2867,
2021-08-19,268.8,268.8,6078,
2021-08-18,285.6,285.6,2040,
2021-08-17,295.2,295.2,8081,
2021-08-16,302.4,302.4,4428,
2021-08-13,333.6,333.6,9025,
2021-08-12,319.2,319.2,1697,
2021-08-11,321.6,321.6,2491,
2021-08-10,314.4,314.4,1368,
2021-08-09,314.4,314.4,1816,
2021-08-06,314.4,314.4,1675,
2021-08-05,324.0,324.0,4764,
2021-08-04,309.6,309.6,1691,
2021-08-03,319.2,319.2,1634,
2021-08-02,314.4,314.4,1467,
2021-07-30,321.6,321.6,1639,
2021-07-29,321.6,321.6,2198,
2021-07-28,328.8,328.8,2222,
2021-07-27,314.4,314.4,1427,
2021-07-26,319.2,319.2,1713,
2021-07-23,319.2,319.2,1713,
2021-07-22,321.6,321.6,1499,
2021-07-21,333.6,333.6,2539,
2021-07-20,321.6,321.6,1888,
2021-07-19,307.2,307.2,3640,
2021-07-16,312.0,312.0,2103,
2021-07-15,328.8,328.8,3314,
2021-07-14,333.6,333.6,2812,
2021-07-13,348.0,348.0,1867,
2021-07-12,357.6,357.6,2186,
2021-07-09,374.4,374.4,2818,
2021-07-08,350.4,350.4,2627,
2021-07-07,355.2,355.2,4256,
2021-07-06,369.6,369.6,3044,
2021-07-02,374.4,374.4,4129,
2021-07-01,386.4,386.4,3192,
2021-06-30,384.0,384.0,3725,
2021-06-29,388.8,388.8,3206,
2021-06-28,396.0,396.0,4485,
2021-06-25,408.0,408.0,4238,
2021-06-24,417.6,417.6,4287,
2021-06-23,405.6,405.6,2608,
2021-06-22,403.2,403.2,3185,
2021-06-21,408.0,408.0,5244,
2021-06-18,400.8,400.8,5712,
2021-06-17,427.2,427.2,8407,
2021-06-16,444.0,444.0,6224,
2021-06-15,410.4,410.4,4978,
2021-06-14,434.4,434.4,4410,
2021-06-11,456.0,456.0,3716,
2021-06-10,446.4,446.4,5989,
2021-06-09,446.4,446.4,9018,
2021-06-08,417.6,417.6,5223,
2021-06-07,417.6,417.6,6512,
2021-06-04,391.2,391.2,3185,
2021-06-03,391.2,391.2,6598,
2021-06-02,405.6,405.6,12198,
2021-06-01,386.4,386.4,5220,
2021-05-28,376.8,376.8,8268,
2021-05-27,357.6,357.6,4400,
2021-05-26,360.0,360.0,5583,
2021-05-25,355.2,355.2,4660,
2021-05-24,362.4,362.4,2892,
2021-05-21,367.2,367.2,3810,
2021-05-20,355.2,355.2,4289,
2021-05-19,357.6,357.6,4461,
2021-05-18,360.0,360.0,5595,
2021-05-17,360.0,360.0,3480,
2021-05-14,352.8,352.8,5659,
2021-05-13,338.4,338.4,7632,
2021-05-12,360.0,360.0,5387,
2021-05-11,379.2,379.2,5424,
2021-05-10,376.8,376.8,7597,
2021-05-07,396.0,396.0,7533,
2021-05-06,376.8,376.8,11049,
2021-05-05,400.8,400.8,15531,
2021-05-04,432.0,432.0,22464,
2021-05-03,499.2,499.2,91843,
2021-04-30,403.2,403.2,5128,
2021-04-29,415.2,415.2,7830,
2021-04-28,439.2,439.2,4931,
2021-04-27,420.0,420.0,7510,
2021-04-26,400.8,400.8,6243,
2021-04-23,364.8,364.8,5528,
2021-04-22,360.0,360.0,8614,
2021-04-21,338.4,338.4,8133,
2021-04-20,328.8,328.8,7431,
2021-04-19,348.0,348.0,5956,
2021-04-16,348.0,348.0,14583,
2021-04-15,381.6,381.6,10073,
2021-04-14,405.6,405.6,14398,
2021-04-13,372.0,372.0,7588,
2021-04-12,381.6,381.6,5855,
2021-04-09,410.4,410.4,3882,
2021-04-08,424.8,424.8,6242,
2021-04-07,432.0,432.0,6579,
2021-04-06,439.2,439.2,4951,
2021-04-05,446.4,446.4,9179,
2021-04-01,477.6,477.6,5502,
2021-03-31,453.6,453.6,7718,
2021-03-30,463.2,463.2,7167,
2021-03-29,460.8,460.8,7766,
2021-03-26,494.4,494.4,7890,
2021-03-25,492.0,492.0,13404,
2021-03-24,489.6,489.6,7892,
2021-03-23,496.8,496.8,12754,
2021-03-22,542.4,542.4,6955,
2021-03-19,568.8,568.8,6916,
2021-03-18,571.2,571.2,11588,
2021-03-17,616.8,616.8,7305,
2021-03-16,614.4,614.4,18998,
2021-03-15,621.6,621.6,11417,
2021-03-12,597.6,597.6,15774,
2021-03-11,578.4,578.4,18129,
2021-03-10,585.6,585.6,11463,
2021-03-09,571.2,571.2,9800,
2021-03-08,511.2,511.2,8498,
2021-03-05,489.6,489.6,14599,
2021-03-04,499.2,499.2,14658,
2021-03-03,556.8,556.8,7648,
2021-03-02,595.2,595.2,10617,
2021-03-01,568.8,568.8,9315,
2021-02-26,564.0,564.0,12324,
2021-02-25,583.2,583.2,11982,
2021-02-24,626.4,626.4,10540,
2021-02-23,609.6,609.6,21407,
2021-02-22,691.2,691.2,17090,
2021-02-19,700.8,700.8,19693,
2021-02-18,643.2,643.2,22938,
2021-02-17,763.2,763.2,31404,
2021-02-16,885.6,885.6,68188,
2021-02-12,880.8,880.8,232921,
2021-02-11,612.0,612.0,31387,
2021-02-10,607.2,607.2,46392,
2021-02-09,657.6,657.6,45604,
2021-02-08,554.4,554.4,27128,
2021-02-05,508.8,508.8,17345,
2021-02-04,518.4,518.4,15777,
2021-02-03,504.0,504.0,19428,
2021-02-02,480.0,480.0,16094,
2021-02-01,499.2,499.2,24199,
2021-01-29,504.0,504.0,143939,
2021-01-28,429.6,429.6,24697,
2021-01-27,396.0,396.0,31511,
2021-01-26,465.6,465.6,29803,
2021-01-25,472.8,472.8,51436,
2021-01-22,393.6,393.6,9626,
2021-01-21,393.6,393.6,26887,
2021-01-20,372.0,372.0,11542,
2021-01-19,379.2,379.2,11416,
2021-01-15,362.4,362.4,9941,
2021-01-14,386.4,386.4,17996,
2021-01-13,381.6,381.6,22580,
2021-01-12,412.8,412.8,40028,
2021-01-11,396.0,396.0,47985,
2021-01-08,340.8,340.8,19617,
2021-01-07,343.2,343.2,25435,
2021-01-06,309.6,309.6,12528,
2021-01-05,319.2,319.2,31784,
2021-01-04,295.2,295.2,8849,
2020-12-31,290.4,290.4,28768,
2020-12-30,288.0,288.0,10473,
2020-12-29,285.6,285.6,8320,
2020-12-28,290.4,290.4,9861,
2020-12-24,297.6,297.6,7115,
2020-12-23,295.2,295.2,13643,
2020-12-22,283.2,283.2,8789,
2020-12-21,285.6,285.6,8392,
2020-12-18,288.0,288.0,7202,
2020-12-17,295.2,295.2,7268,
2020-12-16,304.8,304.8,7170,
2020-12-15,309.6,309.6,6403,
2020-12-14,307.2,307.2,9917,
2020-12-11,316.8,316.8,7989,
2020-12-10,331.2,331.2,18119,
2020-12-09,292.8,292.8,28835,
2020-12-08,328.8,328.8,20669,
2020-12-07,357.6,357.6,37478,
2020-12-04,396.0,396.0,130212,
2020-12-03,285.6,285.6,10353,
2020-12-02,278.4,278.4,5963,
2020-12-01,268.8,268.8,11090,
2020-11-30,280.8,280.8,8003,
2020-11-27,292.8,292.8,5652,
2020-11-25,297.6,297.6,9450,
2020-11-24,285.6,285.6,33639,
2020-11-23,288.0,288.0,15122,
2020-11-20,268.8,268.8,6550,
2020-11-19,268.8,268.8,6667,
2020-11-18,266.4,266.4,8158,
2020-11-17,271.2,271.2,8788,
2020-11-16,266.4,266.4,6576,
2020-11-13,264.0,264.0,8582,
2020-11-12,273.6,273.6,22871,
2020-11-11,271.2,271.2,16311,
2020-11-10,276.0,276.0,12875,
2020-11-09,259.2,259.2,12395,
2020-11-06,252.0,252.0,7843,
2020-11-05,249.6,249.6,4773,
2020-11-04,244.8,244.8,4190,
2020-11-03,249.6,249.6,5215,
2020-11-02,244.8,244.8,4208,
2020-10-30,244.8,244.8,7595,
2020-10-29,249.6,249.6,6104,
2020-10-28,254.4,254.4,13220,
2020-10-27,247.2,247.2,4925,
2020-10-26,254.4,254.4,7574,
2020-10-23,266.4,266.4,5328,
2020-10-22,271.2,271.2,23445,
2020-10-21,256.8,256.8,5615,
2020-10-20,266.4,266.4,4412,
2020-10-19,271.2,271.2,4445,
2020-10-16,271.2,271.2,5180,
2020-10-15,280.8,280.8,6962,
2020-10-14,278.4,278.4,5516,
2020-10-13,283.2,283.2,7204,
2020-10-12,300.0,300.0,14387,
2020-10-09,300.0,300.0,12429,
2020-10-08,285.6,285.6,10430,
2020-10-07,292.8,292.8,14121,
2020-10-06,283.2,283.2,19563,
2020-10-05,276.0,276.0,8901,
2020-10-02,271.2,271.2,5125,
2020-10-01,273.6,273.6,10643,
2020-09-30,259.2,259.2,6419,
2020-09-29,259.2,259.2,19295,
2020-09-28,254.4,254.4,11264,
2020-09-25,244.8,244.8,9813,
2020-09-24,237.6,237.6,16202,
2020-09-23,256.8,256.8,11045,
2020-09-22,268.8,268.8,6968,
2020-09-21,273.6,273.6,6679,
2020-09-18,285.6,285.6,20524,
2020-09-17,271.2,271.2,4862,
2020-09-16,276.0,276.0,10905,
2020-09-15,261.6,261.6,5575,
2020-09-14,266.4,266.4,6180,
2020-09-11,264.0,264.0,8097,
2020-09-10,268.8,268.8,11326,
2020-09-09,268.8,268.8,19580,
2020-09-08,259.2,259.2,10062,
2020-09-04,264.0,264.0,15209,
2020-09-03,273.6,273.6,14575,
2020-09-02,297.6,297.6,11158,
2020-09-01,304.8,304.8,14153,
2020-08-31,309.6,309.6,26770,
2020-08-28,319.2,319.2,25140,
2020-08-27,309.6,309.6,16061,
2020-08-26,316.8,316.8,21800,
2020-08-25,336.0,336.0,21653,
2020-08-24,328.8,328.8,19498,
2020-08-21,340.8,340.8,92182,
2020-08-20,415.2,415.2,239310,
2020-08-19,278.4,278.4,15584,
2020-08-18,278.4,278.4,20917,
2020-08-17,326.4,326.4,51061,
2020-08-14,307.2,307.2,17169,
2020-08-13,328.8,328.8,13987,
2020-08-12,324.0,324.0,24998,
2020-08-11,379.2,379.2,21681,
2020-08-10,412.8,412.8,77385,
2020-08-07,540.0,540.0,30025,
2020-08-06,600.0,600.0,8127,
2020-08-05,600.0,600.0,14630,
2020-08-04,600.0,600.0,8746,
2020-08-03,600.0,600.0,14644,
2020-07-31,600.0,600.0,7967,
2020-07-30,600.0,600.0,8550,
2020-07-29,600.0,600.0,6619,
2020-07-28,660.0,660.0,7792,
2020-07-27,600.0,600.0,8729,
2020-07-24,660.0,660.0,6694,
2020-07-23,660.0,660.0,7038,
2020-07-22,660.0,660.0,7477,
2020-07-21,660.0,660.0,16878,
2020-07-20,660.0,660.0,10134,
2020-07-17,660.0,660.0,16482,
2020-07-16,660.0,660.0,10791,
2020-07-15,660.0,660.0,11347,
2020-07-14,600.0,600.0,11386,
2020-07-13,660.0,660.0,14430,
2020-07-10,660.0,660.0,18952,
2020-07-09,660.0,660.0,13330,
2020-07-08,660.0,660.0,24309,
2020-07-07,660.0,660.0,49659,
2020-07-06,780.0,780.0,9591,
2020-07-02,780.0,780.0,9546,
2020-07-01,840.0,840.0,9270,
2020-06-30,840.0,840.0,11523,
2020-06-29,840.0,840.0,11253,
2020-06-26,780.0,780.0,25611,
2020-06-25,840.0,840.0,21663,
2020-06-24,840.0,840.0,58991,
2020-06-23,1020.0,1020.0,63722,
2020-06-22,900.0,900.0,9154,
2020-06-19,900.0,900.0,12290,
2020-06-18,900.0,900.0,13414,
2020-06-17,900.0,900.0,12540,
2020-06-16,900.0,900.0,17874,
2020-06-15,900.0,900.0,26335,
2020-06-12,960.0,960.0,22358,
2020-06-11,840.0,840.0,41033,
2020-06-10,1080.0,1080.0,19193,
2020-06-09,1200.0,1200.0,29395,
2020-06-08,1260.0,1260.0,109417,
2020-06-05,1380.0,1380.0,74330,
2020-06-04,900.0,900.0,19104,
2020-06-03,780.0,780.0,3809,
2020-06-02,780.0,780.0,3189,
2020-06-01,780.0,780.0,3615,
2020-05-29,780.0,780.0,5030,
2020-05-28,780.0,780.0,4176,
2020-05-27,840.0,840.0,4491,
2020-05-26,840.0,840.0,6827,
2020-05-22,840.0,840.0,4202,
2020-05-21,840.0,840.0,5027,
2020-05-20,900.0,900.0,6696,
2020-05-19,900.0,900.0,25338,
2020-05-18,900.0,900.0,8619,
2020-05-15,840.0,840.0,20302,
2020-05-14,1140.0,1140.0,3015,
2020-05-13,1140.0,1140.0,3390,
2020-05-12,1200.0,1200.0,3674,
2020-05-11,1260.0,1260.0,5330,
2020-05-08,1260.0,1260.0,5711,
2020-05-07,1200.0,1200.0,4652,
2020-05-06,1140.0,1140.0,3845,
2020-05-05,1200.0,1200.0,4698,
2020-05-04,1320.0,1320.0,3019,
2020-05-01,1260.0,1260.0,3714,
2020-04-30,1380.0,1380.0,6810,
2020-04-29,1320.0,1320.0,13385,
2020-04-28,1440.0,1440.0,16977,
2020-04-27,1560.0,1560.0,4977,
2020-04-24,1560.0,1560.0,7275,
2020-04-23,1560.0,1560.0,10347,
2020-04-22,1560.0,1560.0,7136,
2020-04-21,1740.0,1740.0,20910,
2020-04-20,1680.0,1680.0,24493,
2020-04-17,1380.0,1380.0,7500,
2020-04-16,1260.0,1260.0,4917,
2020-04-15,1380.0,1380.0,17160,
2020-04-14,1680.0,1680.0,5239,
2020-04-13,1620.0,1620.0,3934,
2020-04-09,1740.0,1740.0,6036,
2020-04-08,1860.0,1860.0,8003,
2020-04-07,1980.0,1980.0,26569,
2020-04-06,1440.0,1440.0,18400,
2020-04-03,1140.0,1140.0,6181,
2020-04-02,1320.0,1320.0,7465,
2020-04-01,1380.0,1380.0,12303,
2020-03-31,1500.0,1500.0,32753,
2020-03-30,3240.0,3240.0,54383,
2020-03-27,1380.0,1380.0,60661,
2020-03-26,480.0,480.0,5708,
2020-03-25,540.0,540.0,4746,
2020-03-24,540.0,540.0,1580,
2020-03-23,600.0,600.0,1273,
2020-03-20,600.0,600.0,2126,
2020-03-19,540.0,540.0,909,
2020-03-18,540.0,540.0,841,
2020-03-17,600.0,600.0,1713,
2020-03-16,660.0,660.0,736,
2020-03-13,720.0,720.0,1268,
2020-03-12,840.0,840.0,563,
2020-03-11,1200.0,1200.0,401,
2020-03-10,1260.0,1260.0,455,
2020-03-09,1080.0,1080.0,480,
2020-03-06,1320.0,1320.0,539,
2020-03-05,1440.0,1440.0,925,
2020-03-04,1560.0,1560.0,4954,
2020-03-03,1620.0,1620.0,1069,
2020-03-02,1620.0,1620.0,252,
2020-02-28,1980.0,1980.0,205,
2020-02-27,1920.0,1920.0,242,
2020-02-26,2160.0,2160.0,290,
2020-02-25,2400.0,2400.0,170,
2020-02-24,2700.0,2700.0,92,
2020-02-21,3000.0,3000.0,347,
2020-02-20,3420.0,3420.0,72,
2020-02-19,3540.0,3540.0,105,
2020-02-18,3780.0,3780.0,57,
2020-02-14,3840.0,3840.0,58,
2020-02-13,3840.0,3840.0,64,
2020-02-12,3900.0,3900.0,146,
2020-02-11,4020.0,4020.0,14,
2020-02-10,4020.0,4020.0,30,
2020-02-07,4140.0,4140.0,25,
2020-02-06,4200.0,4200.0,60,
2020-02-05,4200.0,4200.0,19,
2020-02-04,4200.0,4200.0,20,
2020-02-03,4080.0,4080.0,41,
2020-01-31,4020.0,4020.0,44,
2020-01-30,4080.0,4080.0,23,
2020-01-29,4260.0,4260.0,96,
2020-01-28,4020.0,4020.0,45,
2020-01-27,4020.0,4020.0,54,
2020-01-24,4080.0,4080.0,109,
2020-01-23,4500.0,4500.0,137,
2020-01-22,4860.0,4860.0,116,
2020-01-21,5400.0,5400.0,43,
2020-01-17,5700.0,5700.0,61,
2020-01-16,5700.0,5700.0,90,
2020-01-15,5340.0,5340.0,42,
2020-01-14,5160.0,5160.0,39,
2020-01-13,5100.0,5100.0,43,
2020-01-10,5460.0,5460.0,35,
2020-01-09,5460.0,5460.0,35,
2020-01-08,5280.0,5280.0,43,
2020-01-07,5580.0,5580.0,68,
2020-01-06,5700.0,5700.0,212,
2020-01-03,5760.0,5760.0,221,
2020-01-02,4740.0,4740.0,33,
2019-12-31,4800.0,4800.0,103,
2019-12-30,4920.0,4920.0,82,
2019-12-27,5100.0,5100.0,67,
2019-12-26,4980.0,4980.0,34,
2019-12-24,5100.0,5100.0,36,
2019-12-23,5040.0,5040.0,87,
2019-12-20,5400.0,5400.0,40,
2019-12-19,5700.0,5700.0,90,
2019-12-18,5280.0,5280.0,55,
2019-12-17,5220.0,5220.0,33,
2019-12-16,5040.0,5040.0,40,
2019-12-13,5460.0,5460.0,106,
2019-12-12,5580.0,5580.0,559,
2019-12-11,4500.0,4500.0,27,
2019-12-10,4380.0,4380.0,27,
2019-12-09,4440.0,4440.0,29,
2019-12-06,4560.0,4560.0,21,
2019-12-05,4620.0,4620.0,15,
2019-12-04,4680.0,4680.0,38,
2019-12-03,4680.0,4680.0,36,
2019-12-02,4860.0,4860.0,113,
2019-11-29,4620.0,4620.0,49,
2019-11-27,4380.0,4380.0,64,
2019-11-26,4140.0,4140.0,52,
2019-11-25,4140.0,4140.0,166,
2019-11-22,3900.0,3900.0,236,
2019-11-21,4020.0,4020.0,92,
2019-11-20,4080.0,4080.0,108,
2019-11-19,4500.0,4500.0,83,
2019-11-18,4320.0,4320.0,160,
2019-11-15,5040.0,5040.0,156,
2019-11-14,5580.0,5580.0,60,
2019-11-13,5700.0,5700.0,126,
2019-11-12,5700.0,5700.0,77,
2019-11-11,6060.0,6060.0,258,
2019-11-08,6360.0,6360.0,282,
2019-11-07,7380.0,7380.0,807,
2019-11-06,17040.0,17040.0,51,
2019-11-05,17580.0,17580.0,154,
2019-11-04,19440.0,19440.0,68,
2019-11-01,19440.0,19440.0,84,
2019-10-31,19200.0,19200.0,73,
2019-10-30,18420.0,18420.0,55,
2019-10-29,19560.0,19560.0,120,
2019-10-28,19500.0,19500.0,113,
2019-10-25,18180.0,18180.0,68,
2019-10-24,18480.0,18480.0,84,
2019-10-23,20520.0,20520.0,74,
2019-10-22,20640.0,20640.0,137,
2019-10-21,25380.0,25380.0,62,
2019-10-18,26220.0,26220.0,77,
2019-10-17,27540.0,27540.0,210,
2019-10-16,25080.0,25080.0,93,
2019-10-15,23880.0,23880.0,148,
2019-10-14,24360.0,24360.0,402,
2019-10-11,19740.0,19740.0,83,
2019-10-10,19200.0,19200.0,134,
2019-10-09,19980.0,19980.0,195,
2019-10-08,18180.0,18180.0,49,
2019-10-07,18240.0,18240.0,38,
2019-10-04,18960.0,18960.0,106,
2019-10-03,17760.0,17760.0,70,
2019-10-02,17160.0,17160.0,34,
2019-10-01,17340.0,17340.0,46,
2019-09-30,16800.0,16800.0,27,
2019-09-27,17040.0,17040.0,41,
2019-09-26,17520.0,17520.0,45,
2019-09-25,17940.0,17940.0,41,
2019-09-24,17640.0,17640.0,44,
2019-09-23,18720.0,18720.0,39,
2019-09-20,19200.0,19200.0,29,
2019-09-19,19020.0,19020.0,49,
2019-09-18,18720.0,18720.0,162,
2019-09-17,19800.0,19800.0,159,
2019-09-16,22740.0,22740.0,86,
2019-09-13,22920.0,22920.0,50,
2019-09-12,22860.0,22860.0,148,
2019-09-11,25980.0,25980.0,392,
2019-09-10,49800.0,49800.0,59,
2019-09-09,52440.0,52440.0,119,
2019-09-06,44340.0,44340.0,18,
2019-09-05,43200.0,43200.0,54,
2019-09-04,45780.0,45780.0,487,
2019-09-03,39960.0,39960.0,34,
2019-08-30,40920.0,40920.0,14,
2019-08-29,41100.0,41100.0,22,
2019-08-28,40860.0,40860.0,110,
2019-08-27,34860.0,34860.0,15,
2019-08-26,36960.0,36960.0,24,
2019-08-23,35340.0,35340.0,29,
2019-08-22,38400.0,38400.0,91,
2019-08-21,42000.0,42000.0,13,
2019-08-20,44400.0,44400.0,8,
2019-08-19,46800.0,46800.0,17,
2019-08-16,39600.0,39600.0,3,
2019-08-15,38400.0,38400.0,7,
2019-08-14,42000.0,42000.0,3,
2019-08-13,42000.0,42000.0,2,
2019-08-12,42000.0,42000.0,2,
2019-08-09,42000.0,42000.0,2,
2019-08-08,43200.0,43200.0,3,
2019-08-07,42000.0,42000.0,2,
2019-08-06,43200.0,43200.0,7,
2019-08-05,40800.0,40800.0,3,
2019-08-02,42000.0,42000.0,5,
2019-08-01,44400.0,44400.0,3,
2019-07-31,44400.0,44400.0,4,
2019-07-30,44400.0,44400.0,6,
2019-07-29,48000.0,48000.0,17,
2019-07-26,54000.0,54000.0,7,
2019-07-25,55200.0,55200.0,3,
2019-07-24,55200.0,55200.0,2,
2019-07-23,56400.0,56400.0,3,
2019-07-22,56400.0,56400.0,9,
2019-07-19,56400.0,56400.0,3,
2019-07-18,56400.0,56400.0,6,
2019-07-17,60000.0,60000.0,20,
2019-07-16,58800.0,58800.0,3,
2019-07-15,58800.0,58800.0,5,
2019-07-12,57600.0,57600.0,4,
2019-07-11,61200.0,61200.0,7,
2019-07-10,62400.0,62400.0,19,
2019-07-09,78000.0,78000.0,40,
2019-07-08,55200.0,55200.0,2,
2019-07-05,54000.0,54000.0,3,
2019-07-03,52800.0,52800.0,1,
2019-07-02,51600.0,51600.0,2,
2019-07-01,54000.0,54000.0,2,
2019-06-28,54000.0,54000.0,2,
2019-06-27,52800.0,52800.0,3,
2019-06-26,54000.0,54000.0,2,
2019-06-25,54000.0,54000.0,3,
2019-06-24,52800.0,52800.0,2,
2019-06-21,55200.0,55200.0,3,
2019-06-20,55200.0,55200.0,4,
2019-06-19,55200.0,55200.0,3,
2019-06-18,55200.0,55200.0,3,
2019-06-17,56400.0,56400.0,2,
2019-06-14,57600.0,57600.0,4,
2019-06-13,62400.0,62400.0,18,
2019-06-12,55200.0,55200.0,4,
2019-06-11,57600.0,57600.0,3,
2019-06-10,57600.0,57600.0,3,
2019-06-07,58800.0,58800.0,2,
2019-06-06,57600.0,57600.0,4,
2019-06-05,62400.0,62400.0,3,
2019-06-04,67200.0,67200.0,6,
2019-06-03,64800.0,64800.0,1,
2019-05-31,63600.0,63600.0,6,
2019-05-30,67200.0,67200.0,3,
2019-05-29,70800.0,70800.0,2,
2019-05-28,72000.0,72000.0,2,
2019-05-24,72000.0,72000.0,4,
2019-05-23,73200.0,73200.0,3,
2019-05-22,76800.0,76800.0,2,
2019-05-21,76800.0,76800.0,3,
2019-05-20,74400.0,74400.0,3,
2019-05-17,78000.0,78000.0,6,
2019-05-16,80400.0,80400.0,8,
2019-05-15,80400.0,80400.0,4,
2019-05-14,80400.0,80400.0,4,
2019-05-13,81600.0,81600.0,3,
2019-05-10,82800.0,82800.0,3,
2019-05-09,84000.0,84000.0,3,
2019-05-08,82800.0,82800.0,2,
2019-05-07,82800.0,82800.0,3,
2019-05-06,85200.0,85200.0,3,
2019-05-03,86400.0,86400.0,7,
2019-05-02,81600.0,81600.0,3,
2019-05-01,81600.0,81600.0,4,
2019-04-30,82800.0,82800.0,4,
2019-04-29,87600.0,87600.0,11,
2019-04-26,84000.0,84000.0,5,
2019-04-25,86400.0,86400.0,3,
2019-04-24,87600.0,87600.0,3,
2019-04-23,86400.0,86400.0,5,
2019-04-22,86400.0,86400.0,3,
2019-04-18,85200.0,85200.0,4,
2019-04-17,86400.0,86400.0,4,
2019-04-16,88800.0,88800.0,4,
2019-04-15,91200.0,91200.0,4,
2019-04-12,92400.0,92400.0,4,
2019-04-11,93600.0,93600.0,6,
2019-04-10,96000.0,96000.0,6,
2019-04-09,96000.0,96000.0,9,
2019-04-08,93600.0,93600.0,4,
2019-04-05,94800.0,94800.0,5,
2019-04-04,94800.0,94800.0,4,
2019-04-03,94800.0,94800.0,7,
2019-04-02,97200.0,97200.0,14,
2019-04-01,98400.0,98400.0,5,
2019-03-29,98400.0,98400.0,8,
2019-03-28,98400.0,98400.0,14,
2019-03-27,104400.0,104400.0,6,
2019-03-26,100800.0,100800.0,8,
2019-03-25,103200.0,103200.0,9,
2019-03-22,102000.0,102000.0,19,
2019-03-21,110400.0,110400.0,26,
2019-03-20,98400.0,98400.0,3,
2019-03-19,98400.0,98400.0,3,
2019-03-18,98400.0,98400.0,4,
2019-03-15,99600.0,99600.0,5,
2019-03-14,100800.0,100800.0,4,
2019-03-13,103200.0,103200.0,5,
2019-03-12,108000.0,108000.0,9,
2019-03-11,110400.0,110400.0,24,
2019-03-08,106800.0,106800.0,27,
2019-03-07,100800.0,100800.0,9,
2019-03-06,97200.0,97200.0,3,
2019-03-05,99600.0,99600.0,2,
2019-03-04,100800.0,100800.0,3,
2019-03-01,102000.0,102000.0,3,
2019-02-28,99600.0,99600.0,3,
2019-02-27,99600.0,99600.0,4,
2019-02-26,99600.0,99600.0,5,
2019-02-25,103200.0,103200.0,4,
2019-02-22,103200.0,103200.0,3,
2019-02-21,105600.0,105600.0,9,
2019-02-20,105600.0,105600.0,2,
2019-02-19,105600.0,105600.0,3,
2019-02-15,103200.0,103200.0,5,
2019-02-14,103200.0,103200.0,3,
2019-02-13,103200.0,103200.0,4,
2019-02-12,100800.0,100800.0,6,
2019-02-11,100800.0,100800.0,8,
2019-02-08,93600.0,93600.0,11,
2019-02-07,102000.0,102000.0,6,
2019-02-06,105600.0,105600.0,12,
2019-02-05,111600.0,111600.0,3,
2019-02-04,112800.0,112800.0,3,
2019-02-01,114000.0,114000.0,3,
2019-01-31,111600.0,111600.0,3,
2019-01-30,112800.0,112800.0,3,
2019-01-29,111600.0,111600.0,6,
2019-01-28,117600.0,117600.0,3,
2019-01-25,118800.0,118800.0,4,
2019-01-24,120000.0,120000.0,3,
2019-01-23,121200.0,121200.0,4,
2019-01-22,124800.0,124800.0,5,
2019-01-18,127200.0,127200.0,4,
2019-01-17,128400.0,128400.0,10,
2019-01-16,123600.0,123600.0,7,
2019-01-15,121200.0,121200.0,4,
2019-01-14,124800.0,124800.0,4,
2019-01-11,127200.0,127200.0,9,
2019-01-10,127200.0,127200.0,9,
2019-01-09,124800.0,124800.0,14,
2019-01-08,132000.0,132000.0,51,
2019-01-07,117600.0,117600.0,9,
2019-01-04,103200.0,103200.0,4,
2019-01-03,97200.0,97200.0,5,
2019-01-02,104400.0,104400.0,3,
2018-12-31,98400.0,98400.0,3,
2018-12-28,102000.0,102000.0,4,
2018-12-27,104400.0,104400.0,5,
2018-12-26,97200.0,97200.0,4,
2018-12-24,88800.0,88800.0,4,
2018-12-21,93600.0,93600.0,7,
2018-12-20,106800.0,106800.0,5,
2018-12-19,112800.0,112800.0,2,
2018-12-18,111600.0,111600.0,3,
2018-12-17,115200.0,115200.0,5,
2018-12-14,123600.0,123600.0,2,
2018-12-13,121200.0,121200.0,3,
2018-12-12,127200.0,127200.0,3,
2018-12-11,128400.0,128400.0,13,
2018-12-10,120000.0,120000.0,4,
2018-12-07,126000.0,126000.0,8,
2018-12-06,117600.0,117600.0,8,
2018-12-04,124800.0,124800.0,11,
2018-12-03,132000.0,132000.0,6,
2018-11-30,133200.0,133200.0,5,
2018-11-29,140400.0,140400.0,2,
2018-11-28,141600.0,141600.0,5,
2018-11-27,138000.0,138000.0,6,
2018-11-26,132000.0,132000.0,9,
2018-11-23,136800.0,136800.0,8,
2018-11-21,148800.0,148800.0,9,
2018-11-20,154800.0,154800.0,12,
2018-11-19,157200.0,157200.0,10,
2018-11-16,156000.0,156000.0,6,
2018-11-15,165600.0,165600.0,9,
2018-11-14,171600.0,171600.0,16,
2018-11-13,188400.0,188400.0,27,
2018-11-12,177600.0,177600.0,16,
2018-11-09,194400.0,194400.0,17,
2018-11-08,172800.0,172800.0,26,
2018-11-07,200400.0,200400.0,19,
2018-11-06,217200.0,217200.0,30,
2018-11-05,205200.0,205200.0,25,
2018-11-02,242400.0,242400.0,33,
2018-11-01,246000.0,246000.0,82,
2018-10-31,252000.0,252000.0,41,
2018-10-30,224400.0,224400.0,32,
2018-10-29,222000.0,222000.0,91,
2018-10-26,199200.0,199200.0,25,
2018-10-25,195600.0,195600.0,21,
2018-10-24,184800.0,184800.0,42,
2018-10-23,205200.0,205200.0,52,
2018-10-22,236400.0,236400.0,433,
2018-10-19,152400.0,152400.0,21,
2018-10-18,142800.0,142800.0,9,
2018-10-17,135600.0,135600.0,3,
2018-10-16,133200.0,133200.0,6,
2018-10-15,140400.0,140400.0,20,
2018-10-12,124800.0,124800.0,4,
2018-10-11,115200.0,115200.0,3,
2018-10-10,118800.0,118800.0,5,
2018-10-09,132000.0,132000.0,2,
2018-10-08,133200.0,133200.0,2,
2018-10-05,138000.0,138000.0,3,
2018-10-04,139200.0,139200.0,8,
2018-10-03,139200.0,139200.0,3,
2018-10-02,128400.0,128400.0,5,
2018-10-01,141600.0,141600.0,4,
2018-09-28,140400.0,140400.0,8,
2018-09-27,141600.0,141600.0,7,
2018-09-26,133200.0,133200.0,12,
2018-09-25,142800.0,142800.0,23,
2018-09-24,134400.0,134400.0,10,
2018-09-21,142800.0,142800.0,20,
2018-09-20,130800.0,130800.0,26,
2018-09-19,121200.0,121200.0,13,
2018-09-18,110400.0,110400.0,2,
2018-09-17,109200.0,109200.0,1,
2018-09-14,108000.0,108000.0,1,
2018-09-13,108000.0,108000.0,2,
2018-09-12,109200.0,109200.0,1,
2018-09-11,108000.0,108000.0,3,
2018-09-10,108000.0,108000.0,1,
2018-09-07,109200.0,109200.0,1,
2018-09-06,108000.0,108000.0,1,
2018-09-05,108000.0,108000.0,2,
2018-09-04,108000.0,108000.0,5,
2018-08-31,112800.0,112800.0,1,
2018-08-30,110400.0,110400.0,1,
2018-08-29,110400.0,110400.0,2,
2018-08-28,111600.0,111600.0,2,
2018-08-27,109200.0,109200.0,2,
2018-08-24,109200.0,109200.0,2,
2018-08-23,111600.0,111600.0,1,
2018-08-22,112800.0,112800.0,2,
2018-08-21,112800.0,112800.0,3,
2018-08-20,110400.0,110400.0,4,
2018-08-17,110400.0,110400.0,1,
2018-08-16,109200.0,109200.0,3,
2018-08-15,110400.0,110400.0,4,
2018-08-14,111600.0,111600.0,5,
2018-08-13,116400.0,116400.0,4,
2018-08-10,117600.0,117600.0,3,
2018-08-09,117600.0,117600.0,5,
2018-08-08,120000.0,120000.0,3,
2018-08-07,123600.0,123600.0,4,
2018-08-06,124800.0,124800.0,4,
2018-08-03,122400.0,122400.0,5,
2018-08-02,123600.0,123600.0,8,
2018-08-01,116400.0,116400.0,3,
2018-07-31,116400.0,116400.0,5,
2018-07-30,116400.0,116400.0,3,
2018-07-27,115200.0,115200.0,7,
2018-07-26,118800.0,118800.0,7,
2018-07-25,127200.0,127200.0,11,
2018-07-24,121200.0,121200.0,50,
2018-07-23,104400.0,104400.0,3,
2018-07-20,105600.0,105600.0,7,
2018-07-19,110400.0,110400.0,3,
2018-07-18,112800.0,112800.0,5,
2018-07-17,111600.0,111600.0,3,
2018-07-16,114000.0,114000.0,3,
2018-07-13,115200.0,115200.0,4,
2018-07-12,116400.0,116400.0,3,
2018-07-11,116400.0,116400.0,4,
2018-07-10,117600.0,117600.0,5,
2018-07-09,120000.0,120000.0,14,
2018-07-06,123600.0,123600.0,43,
2018-07-05,108000.0,108000.0,6,
2018-07-03,111600.0,111600.0,2,
2018-07-02,114000.0,114000.0,4,
2018-06-29,114000.0,114000.0,4,
2018-06-28,116400.0,116400.0,5,
2018-06-27,117600.0,117600.0,6,
2018-06-26,115200.0,115200.0,10,
2018-06-25,122400.0,122400.0,9,
2018-06-22,129600.0,129600.0,21,
2018-06-21,129600.0,129600.0,16,
2018-06-20,130800.0,130800.0,12,
2018-06-19,127200.0,127200.0,6,
2018-06-18,132000.0,132000.0,10,
2018-06-15,128400.0,128400.0,9,
2018-06-14,133200.0,133200.0,21,
2018-06-13,129600.0,129600.0,6,
2018-06-12,132000.0,132000.0,7,
2018-06-11,136800.0,136800.0,15,
2018-06-08,128400.0,128400.0,36,
2018-06-07,141600.0,141600.0,218,
2018-06-06,96000.0,96000.0,7,
2018-06-05,97200.0,97200.0,7,
2018-06-04,96000.0,96000.0,8,
2018-06-01,94800.0,94800.0,12,
2018-05-31,85200.0,85200.0,26,
2018-05-30,105600.0,105600.0,21,
2018-05-29,122400.0,122400.0,34,
2018-05-25,182400.0,182400.0,8,
2018-05-24,183600.0,183600.0,2,
2018-05-23,184800.0,184800.0,3,
2018-05-22,183600.0,183600.0,4,
2018-05-21,186000.0,186000.0,3,
2018-05-18,187200.0,187200.0,4,
2018-05-17,192000.0,192000.0,5,
2018-05-16,184800.0,184800.0,7,
2018-05-15,187200.0,187200.0,5,
2018-05-14,193200.0,193200.0,4,
2018-05-11,194400.0,194400.0,4,
2018-05-10,195600.0,195600.0,6,
2018-05-09,206400.0,206400.0,30,
2018-05-08,194400.0,194400.0,4,
2018-05-07,192000.0,192000.0,5,
2018-05-04,190800.0,190800.0,3,
2018-05-03,190800.0,190800.0,5,
2018-05-02,187200.0,187200.0,6,
2018-05-01,202800.0,202800.0,4,
2018-04-30,196800.0,196800.0,4,
2018-04-27,202800.0,202800.0,7,
2018-04-26,199200.0,199200.0,6,
2018-04-25,184800.0,184800.0,3,
2018-04-24,181200.0,181200.0,4,
2018-04-23,183600.0,183600.0,8,
2018-04-20,193200.0,193200.0,7,
2018-04-19,199200.0,199200.0,5,
2018-04-18,200400.0,200400.0,8,
2018-04-17,205200.0,205200.0,4,
2018-04-16,206400.0,206400.0,5,
2018-04-13,210000.0,210000.0,3,
2018-04-12,214800.0,214800.0,4,
2018-04-11,217200.0,217200.0,9,
2018-04-10,206400.0,206400.0,4,
2018-04-09,216000.0,216000.0,10,
2018-04-06,204000.0,204000.0,8,
2018-04-05,211200.0,211200.0,10,
2018-04-04,214800.0,214800.0,26,
2018-04-03,190800.0,190800.0,17,
2018-04-02,198000.0,198000.0,17,
2018-03-29,220800.0,220800.0,29,
2018-03-28,248400.0,248400.0,53,
2018-03-27,302400.0,302400.0,102,
2018-03-26,264000.0,264000.0,77,
2018-03-23,228000.0,228000.0,59,
2018-03-22,216000.0,216000.0,8,
2018-03-21,216000.0,216000.0,5,
2018-03-20,216000.0,216000.0,4,
2018-03-19,216000.0,216000.0,5,
2018-03-16,228000.0,228000.0,7,
2018-03-15,216000.0,216000.0,8,
2018-03-14,228000.0,228000.0,10,
2018-03-13,240000.0,240000.0,16,
2018-03-12,240000.0,240000.0,23,
2018-03-09,216000.0,216000.0,57,
2018-03-08,180000.0,180000.0,14,
2018-03-07,168000.0,168000.0,6,
2018-03-06,168000.0,168000.0,9,
2018-03-05,168000.0,168000.0,9,
2018-03-02,168000.0,168000.0,10,
2018-03-01,168000.0,168000.0,12,
2018-02-28,180000.0,180000.0,9,
2018-02-27,192000.0,192000.0,15,
2018-02-26,204000.0,204000.0,10,
2018-02-23,216000.0,216000.0,7,
2018-02-22,216000.0,216000.0,10,
2018-02-21,228000.0,228000.0,11,
2018-02-20,240000.0,240000.0,8,
2018-02-16,240000.0,240000.0,14,
2018-02-15,276000.0,276000.0,22,
2018-02-14,240000.0,240000.0,11,
2018-02-13,240000.0,240000.0,8,
2018-02-12,240000.0,240000.0,11,
2018-02-09,252000.0,252000.0,10,
2018-02-08,252000.0,252000.0,10,
2018-02-07,264000.0,264000.0,12,
2018-02-06,276000.0,276000.0,17,
2018-02-05,300000.0,300000.0,58,
2018-02-02,240000.0,240000.0,6,
2018-02-01,264000.0,264000.0,5,
2018-01-31,252000.0,252000.0,5,
2018-01-30,240000.0,240000.0,4,
2018-01-29,228000.0,228000.0,8,
2018-01-26,240000.0,240000.0,9,
2018-01-25,240000.0,240000.0,14,
2018-01-24,276000.0,276000.0,3,
2018-01-23,276000.0,276000.0,6,
2018-01-22,276000.0,276000.0,17,
2018-01-19,264000.0,264000.0,4,
2018-01-18,276000.0,276000.0,4,
2018-01-17,276000.0,276000.0,6,
2018-01-16,276000.0,276000.0,8,
2018-01-12,288000.0,288000.0,5,
2018-01-11,300000.0,300000.0,3,
2018-01-10,300000.0,300000.0,4,
2018-01-09,300000.0,300000.0,5,
2018-01-08,312000.0,312000.0,5,
2018-01-05,300000.0,300000.0,8,
2018-01-04,324000.0,324000.0,21,
2018-01-03,300000.0,300000.0,11,
2018-01-02,276000.0,276000.0,7,
2017-12-29,300000.0,300000.0,6,
2017-12-28,312000.0,312000.0,6,
2017-12-27,312000.0,312000.0,6,
2017-12-26,312000.0,312000.0,4,
2017-12-22,324000.0,324000.0,10,
2017-12-21,300000.0,300000.0,7,
2017-12-20,324000.0,324000.0,7,
2017-12-19,324000.0,324000.0,6,
2017-12-18,348000.0,348000.0,8,
2017-12-15,372000.0,372000.0,9,
2017-12-14,372000.0,372000.0,19,
2017-12-13,384000.0,384000.0,12,
2017-12-12,432000.0,432000.0,8,
2017-12-11,468000.0,468000.0,18,
2017-12-08,516000.0,516000.0,22,
2017-12-07,516000.0,516000.0,33,
2017-12-06,444000.0,444000.0,4,
2017-12-05,480000.0,480000.0,5,
2017-12-04,492000.0,492000.0,4,
2017-12-01,516000.0,516000.0,5,
2017-11-30,516000.0,516000.0,5,
2017-11-29,552000.0,552000.0,4,
2017-11-28,552000.0,552000.0,5,
2017-11-27,612000.0,612000.0,8,
2017-11-24,564000.0,564000.0,4,
2017-11-22,600000.0,600000.0,7,
2017-11-21,672000.0,672000.0,9,
2017-11-20,696000.0,696000.0,9,
2017-11-17,684000.0,684000.0,31,
2017-11-16,648000.0,648000.0,5,
2017-11-15,660000.0,660000.0,10,
2017-11-14,744000.0,744000.0,15,
2017-11-13,852000.0,852000.0,9,
2017-11-10,864000.0,864000.0,19,
2017-11-09,1044000.0,1044000.0,23,
2017-11-08,1080000.0,1080000.0,38,
2017-11-07,2784000.0,2784000.0,80,
2017-11-06,2016000.0,2016000.0,86,
2017-11-03,864000.0,864000.0,46,
2017-11-02,516000.0,516000.0,1,
2017-11-01,516000.0,516000.0,1,
2017-10-31,576000.0,576000.0,1,
2017-10-30,636000.0,636000.0,1,
2017-10-27,624000.0,624000.0,3,
2017-10-26,804000.0,804000.0,12,
2017-10-25,600000.0,600000.0,4,
2017-10-24,456000.0,456000.0,1,
2017-10-23,492000.0,492000.0,1,
2017-10-20,480000.0,480000.0,4,
2017-10-19,612000.0,612000.0,1,
2017-10-18,660000.0,660000.0,1,
2017-10-17,708000.0,708000.0,1,
2017-10-16,624000.0,624000.0,2,
2017-10-13,720000.0,720000.0,9,
2017-10-12,624000.0,624000.0,2,
2017-10-11,600000.0,600000.0,1,
2017-10-10,648000.0,648000.0,1,
2017-10-09,660000.0,660000.0,1,
2017-10-06,636000.0,636000.0,2,
2017-10-05,648000.0,648000.0,1,
2017-10-04,744000.0,744000.0,2,
2017-10-03,720000.0,720000.0,2,
2017-10-02,696000.0,696000.0,1,
2017-09-29,744000.0,744000.0,1,
2017-09-28,792000.0,792000.0,1,
2017-09-27,840000.0,840000.0,2,
2017-09-26,816000.0,816000.0,1,
2017-09-25,888000.0,888000.0,-,
2017-09-22,912000.0,912000.0,1,
2017-09-21,960000.0,960000.0,1,
2017-09-20,912000.0,912000.0,1,
2017-09-19,984000.0,984000.0,1,
2017-09-18,1032000.0,1032000.0,1,
2017-09-15,1032000.0,1032000.0,2,
2017-09-14,1248000.0,1248000.0,6,
2017-09-13,912000.0,912000.0,-,
2017-09-12,984000.0,984000.0,1,
2017-09-11,1056000.0,1056000.0,1,
2017-09-08,1056000.0,1056000.0,1,
2017-09-07,1224000.0,1224000.0,1,
2017-09-06,1104000.0,1104000.0,-,
2017-09-05,1056000.0,1056000.0,1,
2017-09-01,1248000.0,1248000.0,-,
2017-08-31,1368000.0,1368000.0,1,
2017-08-30,1320000.0,1320000.0,1,
2017-08-29,1728000.0,1728000.0,1,
2017-08-28,2088000.0,2088000.0,-,
2017-08-25,2472000.0,2472000.0,-,
2017-08-24,2376000.0,2376000.0,1,
2017-08-23,2640000.0,2640000.0,1,
2017-08-22,2880000.0,2880000.0,1,
2017-08-21,3120000.0,3120000.0,-,
2017-08-18,3048000.0,3048000.0,1,
2017-08-17,3144000.0,3144000.0,-,
2017-08-16,3168000.0,3168000.0,1,
2017-08-15,3384000.0,3384000.0,1,
2017-08-14,3600000.0,3600000.0,1,
2017-08-11,3384000.0,3384000.0,2,
2017-08-10,2928000.0,2928000.0,1,
2017-08-09,3264000.0,3264000.0,1,
2017-08-08,3744000.0,3744000.0,-,
2017-08-07,4488000.0,4488000.0,-,
2017-08-04,4536000.0,4536000.0,1,
2017-08-03,5520000.0,5520000.0,2,
2017-08-02,17280000.0,17280000.0,-,
2017-08-01,23760000.0,23760000.0,-,
2017-07-31,18720000.0,18720000.0,-,
2017-07-28,24480000.0,24480000.0,-,
2017-07-27,25920000.0,25920000.0,-,
2017-07-26,23040000.0,23040000.0,-,
2017-07-25,33120000.0,33120000.0,-,
2017-07-24,32400000.0,32400000.0,1,
2017-07-21,18720000.0,18720000.0,-,
2017-07-20,15120000.0,15120000.0,-,
2017-07-19,15120000.0,15120000.0,-,
2017-07-18,15120000.0,15120000.0,-,
2017-07-17,13680000.0,13680000.0,-,
2017-07-14,15120000.0,15120000.0,-,
2017-07-13,15840000.0,15840000.0,-,
2017-07-12,17280000.0,17280000.0,-,
2017-07-11,18000000.0,18000000.0,-,
2017-07-10,18720000.0,18720000.0,-,
2017-07-07,20160000.0,20160000.0,-,
2017-07-06,23040000.0,23040000.0,-,
2017-07-05,25920000.0,25920000.0,-,
2017-07-03,26640000.0,26640000.0,-,
2017-06-30,30240000.0,30240000.0,-,
2017-06-29,30960000.0,30960000.0,-,
2017-06-28,42480000.0,42480000.0,-,
2017-06-27,56160000.0,56160000.0,-,
2017-06-26,48960000.0,48960000.0,-,
2017-06-23,57600000.0,57600000.0,-,
2017-06-22,172800000.0,172800000.0,-,
2017-06-21,226800000.0,226800000.0,-,
2017-06-20,226800000.0,226800000.0,-,
2017-06-19,216000000.0,216000000.0,-,
2017-06-16,237600000.0,237600000.0,-,
2017-06-15,237600000.0,237600000.0,-,
2017-06-14,248400000.0,248400000.0,-,
2017-06-13,237600000.0,237600000.0,-,
2017-06-12,248400000.0,248400000.0,-,
2017-06-09,280800000.0,280800000.0,-,
2017-06-08,270000000.0,270000000.0,-,
2017-06-07,291600000.0,291600000.0,-,
2017-06-06,345600000.0,345600000.0,-,
2017-06-05,324000000.0,324000000.0,-,
2017-06-02,313200000.0,313200000.0,-,
2017-06-01,324000000.0,324000000.0,-,
2017-05-31,345600000.0,345600000.0,-,
2017-05-30,421200000.0,421200000.0,-,
2017-05-26,399600000.0,399600000.0,-,
2017-05-25,421200000.0,421200000.0,-,
2017-05-24,442800000.0,442800000.0,-,
2017-05-23,518400000.0,518400000.0,-,
2017-05-22,550800000.0,550800000.0,-,
2017-05-19,723600000.0,723600000.0,-,
2017-05-18,745200000.0,745200000.0,-,
2017-05-17,939600000.0,939600000.0,-,
2017-05-16,1058400000.0,1058400000.0,-,
2017-05-15,1036800000.0,1036800000.0,-,
2017-05-12,1566000000.0,1566000000.0,-,
2017-05-11,1976400000.0,1976400000.0,-,
2017-05-10,3888000000.0,3888000000.0,-,
2017-05-09,4536000000.0,4536000000.0,-,
2017-05-08,4752000000.0,4752000000.0,-,
2017-05-05,4752000000.0,4752000000.0,-,
2017-05-04,4752000000.0,4752000000.0,-,
2017-05-03,4752000000.0,4752000000.0,-,
2017-05-02,4752000000.0,4752000000.0,-,
2017-05-01,4752000000.0,4752000000.0,-,
2017-04-28,6264000000.0,6264000000.0,-,
2017-04-27,7992000000.0,7992000000.0,-,
2017-04-26,8640000000.0,8640000000.0,-,
2017-04-25,8640000000.0,8640000000.0,-,
2017-04-24,8424000000.0,8424000000.0,-,
2017-04-21,11448000512.0,11448000512.0,-,
2017-04-20,11232000000.0,11232000000.0,-,
2017-04-19,11664000000.0,11664000000.0,-,
2017-04-18,11448000512.0,11448000512.0,-,
2017-04-17,11232000000.0,11232000000.0,-,
2017-04-13,12312000512.0,12312000512.0,-,
2017-04-12,13176000512.0,13176000512.0,-,
2017-04-11,10800000000.0,10800000000.0,-,
2017-04-10,11232000000.0,11232000000.0,-,
2017-04-07,10800000000.0,10800000000.0,-,
2017-04-06,14040000512.0,14040000512.0,-,
2017-04-05,18575998976.0,18575998976.0,-,
2017-04-04,23328000000.0,23328000000.0,-,
2017-04-03,23111999488.0,23111999488.0,-,
2017-03-31,23328000000.0,23328000000.0,-,
2017-03-30,22680000512.0,22680000512.0,-,
2017-03-29,24408000512.0,24408000512.0,-,
2017-03-28,24624001024.0,24624001024.0,-,
2017-03-27,26567999488.0,26567999488.0,-,
2017-03-24,25056000000.0,25056000000.0,-,
2017-03-23,23975999488.0,23975999488.0,-,
2017-03-22,28080001024.0,28080001024.0,-,
2017-03-21,28512000000.0,28512000000.0,-,
2017-03-20,29592000512.0,29592000512.0,-,
2017-03-17,42552000512.0,42552000512.0,-,
2017-03-16,47519997952.0,47519997952.0,-,
2017-03-15,22680000512.0,22680000512.0,-,
2017-03-14,25272000512.0,25272000512.0,-,
2017-03-13,26567999488.0,26567999488.0,-,
2017-03-10,29376000000.0,29376000000.0,-,
2017-03-09,30887999488.0,30887999488.0,-,
2017-03-08,33912000512.0,33912000512.0,-,
2017-03-07,36072001536.0,36072001536.0,-,
2017-03-06,40824000512.0,40824000512.0,-,
2017-03-03,44280000512.0,44280000512.0,-,
2017-03-02,41904001024.0,41904001024.0,-,
2017-03-01,44928000000.0,44928000000.0,-,
2017-02-28,46440001536.0,46440001536.0,-,
2017-02-27,48168001536.0,48168001536.0,-,
2017-02-24,51624001536.0,51624001536.0,-,
2017-02-23,48816001024.0,48816001024.0,-,
2017-02-22,51840000000.0,51840000000.0,-,
2017-02-21,57887997952.0,57887997952.0,-,
2017-02-17,69551996928.0,69551996928.0,-,
2017-02-16,64799997952.0,64799997952.0,-,
2017-02-15,47303999488.0,47303999488.0,-,
2017-02-14,46656000000.0,46656000000.0,-,
2017-02-13,45575999488.0,45575999488.0,-,
2017-02-10,44928000000.0,44928000000.0,-,
2017-02-09,45143998464.0,45143998464.0,-,
2017-02-08,45143998464.0,45143998464.0,-,
2017-02-07,45792002048.0,45792002048.0,-,
2017-02-06,48168001536.0,48168001536.0,-,
2017-02-03,44928000000.0,44928000000.0,-,
2017-02-02,44928000000.0,44928000000.0,-,
2017-02-01,45792002048.0,45792002048.0,-,
2017-01-31,47736000512.0,47736000512.0,-,
2017-01-30,43847999488.0,43847999488.0,-,
2017-01-27,46223998976.0,46223998976.0,-,
2017-01-26,49464000512.0,49464000512.0,-,
2017-01-25,50112000000.0,50112000000.0,-,
2017-01-24,49679998976.0,49679998976.0,-,
2017-01-23,50112000000.0,50112000000.0,-,
2017-01-20,51407998976.0,51407998976.0,-,
2017-01-19,51407998976.0,51407998976.0,-,
2017-01-18,51192000512.0,51192000512.0,-,
2017-01-17,49896001536.0,49896001536.0,-,
2017-01-13,54000001024.0,54000001024.0,-,
2017-01-12,49031999488.0,49031999488.0,-,
2017-01-11,50327998464.0,50327998464.0,-,
2017-01-10,49248002048.0,49248002048.0,-,
2017-01-09,50759999488.0,50759999488.0,-,
2017-01-06,52920000512.0,52920000512.0,-,
2017-01-05,52487999488.0,52487999488.0,-,
2017-01-04,51624001536.0,51624001536.0,-,
2017-01-03,50544001024.0,50544001024.0,-,
2016-12-30,48599998464.0,48599998464.0,-,
2016-12-29,50112000000.0,50112000000.0,-,
2016-12-28,50759999488.0,50759999488.0,-,
2016-12-27,52272001024.0,52272001024.0,-,
2016-12-23,52487999488.0,52487999488.0,-,
2016-12-22,55296000000.0,55296000000.0,-,
2016-12-21,56808001536.0,56808001536.0,-,
2016-12-20,56808001536.0,56808001536.0,-,
2016-12-19,58319998976.0,58319998976.0,-,
2016-12-16,60047998976.0,60047998976.0,-,
2016-12-15,64799997952.0,64799997952.0,-,
2016-12-14,51624001536.0,51624001536.0,-,
2016-12-13,59399999488.0,59399999488.0,-,
2016-12-12,61560000512.0,61560000512.0,-,
2016-12-09,64368001024.0,64368001024.0,-,
2016-12-08,63720001536.0,63720001536.0,-,
2016-12-07,64799997952.0,64799997952.0,-,
2016-12-06,65016000512.0,65016000512.0,-,
2016-12-05,67176001536.0,67176001536.0,-,
2016-12-02,65664000000.0,65664000000.0,-,
2016-12-01,67392000000.0,67392000000.0,-,
2016-11-30,68904001536.0,68904001536.0,-,
2016-11-29,66528002048.0,66528002048.0,-,
2016-11-28,64799997952.0,64799997952.0,-,
2016-11-25,69335998464.0,69335998464.0,-,
2016-11-23,73224003584.0,73224003584.0,-,
2016-11-22,74087997440.0,74087997440.0,-,
2016-11-21,71064002560.0,71064002560.0,-,
2016-11-18,83375996928.0,83375996928.0,-,
2016-11-17,93960003584.0,93960003584.0,-,
2016-11-16,131543998464.0,131543998464.0,-,
2016-11-15,116423999488.0,116423999488.0,-,
2016-11-14,73440002048.0,73440002048.0,-,
2016-11-11,61127999488.0,61127999488.0,-,
2016-11-10,63288000512.0,63288000512.0,-,
2016-11-09,50759999488.0,50759999488.0,-,
2016-11-08,50112000000.0,50112000000.0,-,
2016-11-07,47736000512.0,47736000512.0,-,
2016-11-04,46656000000.0,46656000000.0,-,
2016-11-03,49679998976.0,49679998976.0,-,
2016-11-02,46656000000.0,46656000000.0,-,
2016-11-01,54431997952.0,54431997952.0,-,
2016-10-31,54215999488.0,54215999488.0,-,
2016-10-28,56160002048.0,56160002048.0,-,
2016-10-27,57024000000.0,57024000000.0,-,
2016-10-26,57671999488.0,57671999488.0,-,
2016-10-25,59399999488.0,59399999488.0,-,
2016-10-24,58104000512.0,58104000512.0,-,
2016-10-21,60695998464.0,60695998464.0,-,
2016-10-20,64799997952.0,64799997952.0,-,
2016-10-19,57456001024.0,57456001024.0,-,
2016-10-18,56376000512.0,56376000512.0,-,
2016-10-17,56160002048.0,56160002048.0,-,
2016-10-14,57671999488.0,57671999488.0,-,
2016-10-13,60695998464.0,60695998464.0,-,
2016-10-12,64583999488.0,64583999488.0,-,
2016-10-11,66744000512.0,66744000512.0,-,
2016-10-10,72144003072.0,72144003072.0,-,
2016-10-07,69335998464.0,69335998464.0,-,
2016-10-06,71711997952.0,71711997952.0,-,
2016-10-05,71280001024.0,71280001024.0,-,
2016-10-04,71280001024.0,71280001024.0,-,
2016-10-03,74520002560.0,74520002560.0,-,
2016-09-30,75167997952.0,75167997952.0,-,
2016-09-29,79272001536.0,79272001536.0,-,
2016-09-28,72144003072.0,72144003072.0,-,
2016-09-27,69335998464.0,69335998464.0,-,
2016-09-26,72360001536.0,72360001536.0,-,
2016-09-23,73440002048.0,73440002048.0,-,
2016-09-22,76896002048.0,76896002048.0,-,
2016-09-21,79703998464.0,79703998464.0,-,
2016-09-20,73007996928.0,73007996928.0,-,
2016-09-19,67392000000.0,67392000000.0,-,
2016-09-16,73224003584.0,73224003584.0,-,
2016-09-15,76247998464.0,76247998464.0,-,
2016-09-14,82295996416.0,82295996416.0,-,
2016-09-13,82079997952.0,82079997952.0,-,
2016-09-12,86831996928.0,86831996928.0,-,
2016-09-09,84239998976.0,84239998976.0,-,
2016-09-08,87480000512.0,87480000512.0,-,
2016-09-07,87911997440.0,87911997440.0,-,
2016-09-06,88560001024.0,88560001024.0,-,
2016-09-02,87048003584.0,87048003584.0,-,
2016-09-01,87264002048.0,87264002048.0,-,
2016-08-31,85535997952.0,85535997952.0,-,
2016-08-30,85751996416.0,85751996416.0,-,
2016-08-29,86615998464.0,86615998464.0,-,
2016-08-26,92231999488.0,92231999488.0,-,
2016-08-25,103031996416.0,103031996416.0,-,
2016-08-24,100439998464.0,100439998464.0,-,
2016-08-23,81863999488.0,81863999488.0,-,
2016-08-22,85319999488.0,85319999488.0,-,
2016-08-19,90720002048.0,90720002048.0,-,
2016-08-18,94392000512.0,94392000512.0,-,
2016-08-17,95687999488.0,95687999488.0,-,
2016-08-16,98712002560.0,98712002560.0,-,
2016-08-15,104328003584.0,104328003584.0,-,
2016-08-12,98928001024.0,98928001024.0,-,
2016-08-11,98928001024.0,98928001024.0,-,
2016-08-10,103464001536.0,103464001536.0,-,
2016-08-09,110160003072.0,110160003072.0,-,
2016-08-08,113616003072.0,113616003072.0,-,
2016-08-05,124416000000.0,124416000000.0,-,
2016-08-04,114479996928.0,114479996928.0,-,
2016-08-03,124631998464.0,124631998464.0,-,
2016-08-02,134999998464.0,134999998464.0,-,
2016-08-01,142775992320.0,142775992320.0,-,
2016-07-29,55943999488.0,55943999488.0,-,
2016-07-28,65879998464.0,65879998464.0,-,
2016-07-27,76032000000.0,76032000000.0,-,
2016-07-26,69551996928.0,69551996928.0,-,
2016-07-25,74520002560.0,74520002560.0,-,
2016-07-22,87264002048.0,87264002048.0,-,
2016-07-21,69551996928.0,69551996928.0,-,
2016-07-20,47951998976.0,47951998976.0,-,
2016-07-19,35424002048.0,35424002048.0,-,
2016-07-18,33264001024.0,33264001024.0,-,
2016-07-15,33264001024.0,33264001024.0,-,
2016-07-14,33912000512.0,33912000512.0,-,
2016-07-13,34992001024.0,34992001024.0,-,
2016-07-12,32399998976.0,32399998976.0,-,
2016-07-11,33479999488.0,33479999488.0,-,
2016-07-08,32184000512.0,32184000512.0,-,
2016-07-07,35207999488.0,35207999488.0,-,
2016-07-06,33696000000.0,33696000000.0,-,
2016-07-05,34992001024.0,34992001024.0,-,
2016-07-01,36503998464.0,36503998464.0,-,
2016-06-30,36503998464.0,36503998464.0,-,
2016-06-29,36503998464.0,36503998464.0,-,
2016-06-28,36503998464.0,36503998464.0,-,
2016-06-27,34560000000.0,34560000000.0,-,
2016-06-24,35855998976.0,35855998976.0,-,
2016-06-23,39096000512.0,39096000512.0,-,
2016-06-22,36935999488.0,36935999488.0,-,
2016-06-21,38016000000.0,38016000000.0,-,
2016-06-20,39096000512.0,39096000512.0,-,
2016-06-17,41472000000.0,41472000000.0,-,
2016-06-16,41472000000.0,41472000000.0,-,
2016-06-15,40607997952.0,40607997952.0,-,
2016-06-14,38880002048.0,38880002048.0,-,
2016-06-13,44063997952.0,44063997952.0,-,
2016-06-10,43200000000.0,43200000000.0,-,
2016-06-09,47951998976.0,47951998976.0,-,
2016-06-08,47519997952.0,47519997952.0,-,
2016-06-07,51624001536.0,51624001536.0,-,
2016-06-06,50327998464.0,50327998464.0,-,
2016-06-03,50327998464.0,50327998464.0,-,
2016-06-02,50544001024.0,50544001024.0,-,
2016-06-01,50759999488.0,50759999488.0,-,
2016-05-31,48816001024.0,48816001024.0,-,
2016-05-27,49679998976.0,49679998976.0,-,
2016-05-26,47303999488.0,47303999488.0,-,
2016-05-25,47303999488.0,47303999488.0,-,
2016-05-24,51407998976.0,51407998976.0,-,
2016-05-23,56376000512.0,56376000512.0,-,
2016-05-20,52920000512.0,52920000512.0,-,
2016-05-19,49896001536.0,49896001536.0,-,
2016-05-18,51624001536.0,51624001536.0,-,
2016-05-17,49679998976.0,49679998976.0,-,
2016-05-16,49896001536.0,49896001536.0,-,
2016-05-13,50975997952.0,50975997952.0,-,
2016-05-12,51192000512.0,51192000512.0,-,
2016-05-11,50975997952.0,50975997952.0,-,
2016-05-10,51192000512.0,51192000512.0,-,
2016-05-09,51192000512.0,51192000512.0,-,
2016-05-06,51407998976.0,51407998976.0,-,
2016-05-05,49896001536.0,49896001536.0,-,
2016-05-04,52920000512.0,52920000512.0,-,
2016-05-03,50975997952.0,50975997952.0,-,
2016-05-02,55511998464.0,55511998464.0,-,
2016-04-29,60264001536.0,60264001536.0,-,
2016-04-28,59616002048.0,59616002048.0,-,
2016-04-27,56808001536.0,56808001536.0,-,
2016-04-26,57887997952.0,57887997952.0,-,
2016-04-25,59399999488.0,59399999488.0,-,
2016-04-22,58536001536.0,58536001536.0,-,
2016-04-21,56160002048.0,56160002048.0,-,
2016-04-20,55728001024.0,55728001024.0,-,
2016-04-19,54648000512.0,54648000512.0,-,
2016-04-18,43200000000.0,43200000000.0,-,
2016-04-15,45143998464.0,45143998464.0,-,
2016-04-14,46656000000.0,46656000000.0,-,
2016-04-13,44712001536.0,44712001536.0,-,
2016-04-12,42984001536.0,42984001536.0,-,
2016-04-11,43847999488.0,43847999488.0,-,
2016-04-08,40391999488.0,40391999488.0,-,
2016-04-07,40824000512.0,40824000512.0,-,
2016-04-06,39311998976.0,39311998976.0,-,
2016-04-05,43632001024.0,43632001024.0,-,
2016-04-04,41472000000.0,41472000000.0,-,
2016-04-01,43415998464.0,43415998464.0,-,
2016-03-31,42984001536.0,42984001536.0,-,
2016-03-30,42767998976.0,42767998976.0,-,
2016-03-29,42336002048.0,42336002048.0,-,
2016-03-28,42767998976.0,42767998976.0,-,
2016-03-24,43415998464.0,43415998464.0,-,
2016-03-23,43415998464.0,43415998464.0,-,
2016-03-22,47303999488.0,47303999488.0,-,
2016-03-21,47519997952.0,47519997952.0,-,
2016-03-18,47519997952.0,47519997952.0,-,
2016-03-17,53352001536.0,53352001536.0,-,
2016-03-16,49031999488.0,49031999488.0,-,
2016-03-15,49031999488.0,49031999488.0,-,
2016-03-14,52055998464.0,52055998464.0,-,
2016-03-11,57239998464.0,57239998464.0,-,
2016-03-10,58319998976.0,58319998976.0,-,
2016-03-09,65016000512.0,65016000512.0,-,
2016-03-08,67176001536.0,67176001536.0,-,
2016-03-07,70631997440.0,70631997440.0,-,
2016-03-04,75600003072.0,75600003072.0,-,
2016-03-03,74951999488.0,74951999488.0,-,
2016-03-02,72360001536.0,72360001536.0,-,
2016-03-01,76463996928.0,76463996928.0,-,
2016-02-29,62423998464.0,62423998464.0,-,
2016-02-26,60695998464.0,60695998464.0,-,
2016-02-25,60480000000.0,60480000000.0,-,
2016-02-24,44280000512.0,44280000512.0,-,
2016-02-23,47088001024.0,47088001024.0,-,
2016-02-22,48599998464.0,48599998464.0,-,
2016-02-19,45360001024.0,45360001024.0,-,
2016-02-18,49679998976.0,49679998976.0,-,
2016-02-17,45360001024.0,45360001024.0,-,
2016-02-16,51840000000.0,51840000000.0,-,
2016-02-12,47519997952.0,47519997952.0,-,
2016-02-11,47519997952.0,47519997952.0,-,
2016-02-10,45360001024.0,45360001024.0,-,
2016-02-09,56160002048.0,56160002048.0,-,
2016-02-08,51840000000.0,51840000000.0,-,
2016-02-05,62640001024.0,62640001024.0,-,
2016-02-04,56160002048.0,56160002048.0,-,
2016-02-03,64799997952.0,64799997952.0,-,
2016-02-02,58319998976.0,58319998976.0,-,
2016-02-01,58319998976.0,58319998976.0,-,
2016-01-29,58319998976.0,58319998976.0,-,
2016-01-28,60480000000.0,60480000000.0,-,
2016-01-27,56160002048.0,56160002048.0,-,
2016-01-26,69120000000.0,69120000000.0,-,
2016-01-25,56160002048.0,56160002048.0,-,
2016-01-22,64799997952.0,64799997952.0,-,
2016-01-21,41039998976.0,41039998976.0,-,
2016-01-20,43200000000.0,43200000000.0,-,
2016-01-19,54000001024.0,54000001024.0,-,
2016-01-15,54000001024.0,54000001024.0,-,
2016-01-14,58319998976.0,58319998976.0,-,
2016-01-13,58319998976.0,58319998976.0,-,
2016-01-12,58319998976.0,58319998976.0,-,
2016-01-11,60480000000.0,60480000000.0,-,
2016-01-08,64799997952.0,64799997952.0,-,
2016-01-07,69120000000.0,69120000000.0,-,
2016-01-06,71280001024.0,71280001024.0,-,
2016-01-05,77760004096.0,77760004096.0,-,
2016-01-04,66959998976.0,66959998976.0,-,
2015-12-31,69120000000.0,69120000000.0,-,
2015-12-30,73440002048.0,73440002048.0,-,
2015-12-29,75600003072.0,75600003072.0,-,
2015-12-28,77760004096.0,77760004096.0,-,
2015-12-24,79919996928.0,79919996928.0,-,
2015-12-23,71280001024.0,71280001024.0,-,
2015-12-22,69120000000.0,69120000000.0,-,
2015-12-21,73440002048.0,73440002048.0,-,
2015-12-18,73440002048.0,73440002048.0,-,
2015-12-17,79919996928.0,79919996928.0,-,
2015-12-16,84239998976.0,84239998976.0,-,
2015-12-15,75600003072.0,75600003072.0,-,
2015-12-14,95039995904.0,95039995904.0,-,
2015-12-11,110160003072.0,110160003072.0,-,
2015-12-10,125280002048.0,125280002048.0,-,
2015-12-09,129599995904.0,129599995904.0,-,
2015-12-08,140400001024.0,140400001024.0,-,
2015-12-07,153360007168.0,153360007168.0,-,
2015-12-04,155520008192.0,155520008192.0,-,
2015-12-03,161999994880.0,161999994880.0,-,
2015-12-02,159839993856.0,159839993856.0,-,
2015-12-01,172800000000.0,172800000000.0,-,
2015-11-30,172800000000.0,172800000000.0,-,
2015-11-27,170639998976.0,170639998976.0,-,
2015-11-25,168479997952.0,168479997952.0,-,
2015-11-24,170639998976.0,170639998976.0,-,
2015-11-23,172800000000.0,172800000000.0,-,
2015-11-20,172800000000.0,172800000000.0,-,
2015-11-19,172800000000.0,172800000000.0,-,
2015-11-18,168479997952.0,168479997952.0,-,
2015-11-17,168479997952.0,168479997952.0,-,
2015-11-16,168479997952.0,168479997952.0,-,
2015-11-13,151200006144.0,151200006144.0,-,
2015-11-12,172800000000.0,172800000000.0,-,
2015-11-11,185760006144.0,185760006144.0,-,
2015-11-10,185760006144.0,185760006144.0,-,
2015-11-09,183600005120.0,183600005120.0,-,
2015-11-06,185760006144.0,185760006144.0,-,
2015-11-05,183600005120.0,183600005120.0,-,
2015-11-04,183600005120.0,183600005120.0,-,
2015-11-03,181440004096.0,181440004096.0,-,
2015-11-02,190079991808.0,190079991808.0,-,
2015-10-30,181440004096.0,181440004096.0,-,
2015-10-29,181440004096.0,181440004096.0,-,
2015-10-28,185760006144.0,185760006144.0,-,
2015-10-27,200879996928.0,200879996928.0,-,
2015-10-26,200879996928.0,200879996928.0,-,
2015-10-23,190079991808.0,190079991808.0,-,
2015-10-22,183600005120.0,183600005120.0,-,
2015-10-21,187920007168.0,187920007168.0,-,
2015-10-20,198719995904.0,198719995904.0,-,
2015-10-19,205199998976.0,205199998976.0,-,
2015-10-16,211680002048.0,211680002048.0,-,
2015-10-15,183600005120.0,183600005120.0,-,
2015-10-14,187920007168.0,187920007168.0,-,
2015-10-13,192239992832.0,192239992832.0,-,
2015-10-12,190079991808.0,190079991808.0,-,
2015-10-09,183600005120.0,183600005120.0,-,
2015-10-08,183600005120.0,183600005120.0,-,
2015-10-07,192239992832.0,192239992832.0,-,
2015-10-06,187920007168.0,187920007168.0,-,
2015-10-05,198719995904.0,198719995904.0,-,
2015-10-02,198719995904.0,198719995904.0,-,
2015-10-01,190079991808.0,190079991808.0,-,
2015-09-30,200879996928.0,200879996928.0,-,
2015-09-29,198719995904.0,198719995904.0,-,
2015-09-28,203039997952.0,203039997952.0,-,
2015-09-25,187920007168.0,187920007168.0,-,
2015-09-24,216000004096.0,216000004096.0,-,
2015-09-23,216000004096.0,216000004096.0,-,
2015-09-22,224640008192.0,224640008192.0,-,
2015-09-21,224640008192.0,224640008192.0,-,
2015-09-18,220320006144.0,220320006144.0,-,
2015-09-17,224640008192.0,224640008192.0,-,
2015-09-16,220320006144.0,220320006144.0,-,
2015-09-15,222480007168.0,222480007168.0,-,
2015-09-14,218160005120.0,218160005120.0,-,
2015-09-11,231119994880.0,231119994880.0,-,
2015-09-10,226799992832.0,226799992832.0,-,
2015-09-09,226799992832.0,226799992832.0,-,
2015-09-08,231119994880.0,231119994880.0,-,
2015-09-04,237599997952.0,237599997952.0,-,
2015-09-03,224640008192.0,224640008192.0,-,
2015-09-02,222480007168.0,222480007168.0,-,
2015-09-01,222480007168.0,222480007168.0,-,
2015-08-31,224640008192.0,224640008192.0,-,
2015-08-28,224640008192.0,224640008192.0,-,
2015-08-27,220320006144.0,220320006144.0,-,
2015-08-26,231119994880.0,231119994880.0,-,
2015-08-25,237599997952.0,237599997952.0,-,
2015-08-24,222480007168.0,222480007168.0,-,
2015-08-21,239759998976.0,239759998976.0,-,
2015-08-20,235439996928.0,235439996928.0,-,
2015-08-19,239759998976.0,239759998976.0,-,
2015-08-18,235439996928.0,235439996928.0,-,
2015-08-17,239759998976.0,239759998976.0,-,
2015-08-14,248400003072.0,248400003072.0,-,
2015-08-13,248400003072.0,248400003072.0,-,
2015-08-12,241920000000.0,241920000000.0,-,
2015-08-11,244080001024.0,244080001024.0,-,
2015-08-10,239759998976.0,239759998976.0,-,
2015-08-07,235439996928.0,235439996928.0,-,
2015-08-06,250560004096.0,250560004096.0,-,
2015-08-05,241920000000.0,241920000000.0,-,
2015-08-04,252720005120.0,252720005120.0,-,
2015-08-03,259199991808.0,259199991808.0,-,
2015-07-31,252720005120.0,252720005120.0,-,
2015-07-30,259199991808.0,259199991808.0,-,
2015-07-29,252720005120.0,252720005120.0,-,
2015-07-28,252720005120.0,252720005120.0,-,
2015-07-27,239759998976.0,239759998976.0,-,
2015-07-24,248400003072.0,248400003072.0,-,
2015-07-23,244080001024.0,244080001024.0,-,
2015-07-22,244080001024.0,244080001024.0,-,
2015-07-21,241920000000.0,241920000000.0,-,
2015-07-20,263519993856.0,263519993856.0,-,
2015-07-17,272159997952.0,272159997952.0,-,
2015-07-16,261359992832.0,261359992832.0,-,
2015-07-15,257040007168.0,257040007168.0,-,
2015-07-14,257040007168.0,257040007168.0,-,
2015-07-13,231119994880.0,231119994880.0,-,
2015-07-10,237599997952.0,237599997952.0,-,
2015-07-09,246240002048.0,246240002048.0,-,
2015-07-08,224640008192.0,224640008192.0,-,
2015-07-07,224640008192.0,224640008192.0,-,
2015-07-06,226799992832.0,226799992832.0,-,
2015-07-02,222480007168.0,222480007168.0,-,
2015-07-01,226799992832.0,226799992832.0,-,
2015-06-30,222480007168.0,222480007168.0,-,
2015-06-29,228959993856.0,228959993856.0,-,
2015-06-26,222480007168.0,222480007168.0,-,
2015-06-25,226799992832.0,226799992832.0,-,
2015-06-24,231119994880.0,231119994880.0,-,
2015-06-23,231119994880.0,231119994880.0,-,
2015-06-22,235439996928.0,235439996928.0,-,
2015-06-19,228959993856.0,228959993856.0,-,
2015-06-18,218160005120.0,218160005120.0,-,
2015-06-17,231119994880.0,231119994880.0,-,
2015-06-16,220320006144.0,220320006144.0,-,
2015-06-15,226799992832.0,226799992832.0,-,
2015-06-12,228959993856.0,228959993856.0,-,
2015-06-11,226799992832.0,226799992832.0,-,
2015-06-10,226799992832.0,226799992832.0,-,
2015-06-09,231119994880.0,231119994880.0,-,
2015-06-08,222480007168.0,222480007168.0,-,
2015-06-05,224640008192.0,224640008192.0,-,
2015-06-04,224640008192.0,224640008192.0,-,
2015-06-03,226799992832.0,226799992832.0,-,
2015-06-02,224640008192.0,224640008192.0,-,
2015-06-01,226799992832.0,226799992832.0,-,
2015-05-29,231119994880.0,231119994880.0,-,
2015-05-28,226799992832.0,226799992832.0,-,
2015-05-27,226799992832.0,226799992832.0,-,
2015-05-26,224640008192.0,224640008192.0,-,
2015-05-22,226799992832.0,226799992832.0,-,
2015-05-21,228959993856.0,228959993856.0,-,
2015-05-20,226799992832.0,226799992832.0,-,
2015-05-19,231119994880.0,231119994880.0,-,
2015-05-18,226799992832.0,226799992832.0,-,
2015-05-15,222480007168.0,222480007168.0,-,
2015-05-14,235439996928.0,235439996928.0,-,
2015-05-13,226799992832.0,226799992832.0,-,
2015-05-12,222480007168.0,222480007168.0,-,
2015-05-11,224640008192.0,224640008192.0,-,
2015-05-08,228959993856.0,228959993856.0,-,
2015-05-07,224640008192.0,224640008192.0,-,
2015-05-06,222480007168.0,222480007168.0,-,
2015-05-05,235439996928.0,235439996928.0,-,
2015-05-04,239759998976.0,239759998976.0,-,
2015-05-01,233279995904.0,233279995904.0,-,
2015-04-30,231119994880.0,231119994880.0,-,
2015-04-29,233279995904.0,233279995904.0,-,
2015-04-28,235439996928.0,235439996928.0,-,
2015-04-27,239759998976.0,239759998976.0,-,
2015-04-24,244080001024.0,244080001024.0,-,
2015-04-23,250560004096.0,250560004096.0,-,
2015-04-22,231119994880.0,231119994880.0,-,
2015-04-21,237599997952.0,237599997952.0,-,
2015-04-20,237599997952.0,237599997952.0,-,
2015-04-17,235439996928.0,235439996928.0,-,
2015-04-16,235439996928.0,235439996928.0,-,
2015-04-15,235439996928.0,235439996928.0,-,
2015-04-14,239759998976.0,239759998976.0,-,
2015-04-13,239759998976.0,239759998976.0,-,
2015-04-10,237599997952.0,237599997952.0,-,
2015-04-09,244080001024.0,244080001024.0,-,
2015-04-08,252720005120.0,252720005120.0,-,
2015-04-07,252720005120.0,252720005120.0,-,
2015-04-06,246240002048.0,246240002048.0,-,
2015-04-02,246240002048.0,246240002048.0,-,
2015-04-01,246240002048.0,246240002048.0,-,
2015-03-31,235439996928.0,235439996928.0,-,
2015-03-30,231119994880.0,231119994880.0,-,
2015-03-27,222480007168.0,222480007168.0,-,
2015-03-26,235439996928.0,235439996928.0,-,
2015-03-25,228959993856.0,228959993856.0,-,
2015-03-24,239759998976.0,239759998976.0,-,
2015-03-23,235439996928.0,235439996928.0,-,
2015-03-20,233279995904.0,233279995904.0,-,
2015-03-19,228959993856.0,228959993856.0,-,
2015-03-18,226799992832.0,226799992832.0,-,
2015-03-17,231119994880.0,231119994880.0,-,
2015-03-16,237599997952.0,237599997952.0,-,
2015-03-13,228959993856.0,228959993856.0,-,
2015-03-12,228959993856.0,228959993856.0,-,
2015-03-11,231119994880.0,231119994880.0,-,
2015-03-10,233279995904.0,233279995904.0,-,
2015-03-09,235439996928.0,235439996928.0,-,
2015-03-06,244080001024.0,244080001024.0,-,
2015-03-05,237599997952.0,237599997952.0,-,
2015-03-04,226799992832.0,226799992832.0,-,
2015-03-03,224640008192.0,224640008192.0,-,
2015-03-02,228959993856.0,228959993856.0,-,
2015-02-27,228959993856.0,228959993856.0,-,
2015-02-26,235439996928.0,235439996928.0,-,
2015-02-25,246240002048.0,246240002048.0,-,
2015-02-24,239759998976.0,239759998976.0,-,
2015-02-23,235439996928.0,235439996928.0,-,
2015-02-20,254880006144.0,254880006144.0,-,
2015-02-19,261359992832.0,261359992832.0,-,
2015-02-18,259199991808.0,259199991808.0,-,
2015-02-17,257040007168.0,257040007168.0,-,
2015-02-13,246240002048.0,246240002048.0,-,
2015-02-12,241920000000.0,241920000000.0,-,
2015-02-11,241920000000.0,241920000000.0,-,
2015-02-10,244080001024.0,244080001024.0,-,
2015-02-09,239759998976.0,239759998976.0,-,
2015-02-06,239759998976.0,239759998976.0,-,
2015-02-05,235439996928.0,235439996928.0,-,
2015-02-04,231119994880.0,231119994880.0,-,
2015-02-03,241920000000.0,241920000000.0,-,
2015-02-02,220320006144.0,220320006144.0,-,
2015-01-30,224640008192.0,224640008192.0,-,
2015-01-29,216000004096.0,216000004096.0,-,
2015-01-28,224640008192.0,224640008192.0,-,
2015-01-27,222480007168.0,222480007168.0,-,
2015-01-26,231119994880.0,231119994880.0,-,
2015-01-23,235439996928.0,235439996928.0,-,
2015-01-22,239759998976.0,239759998976.0,-,
2015-01-21,246240002048.0,246240002048.0,-,
2015-01-20,259199991808.0,259199991808.0,-,
2015-01-16,263519993856.0,263519993856.0,-,
2015-01-15,254880006144.0,254880006144.0,-,
2015-01-14,272159997952.0,272159997952.0,-,
2015-01-13,276480000000.0,276480000000.0,-,
2015-01-12,321839988736.0,321839988736.0,-,
2015-01-09,269999996928.0,269999996928.0,-,
2015-01-08,226799992832.0,226799992832.0,-,
2015-01-07,216000004096.0,216000004096.0,-,
2015-01-06,218160005120.0,218160005120.0,-,
2015-01-05,226799992832.0,226799992832.0,-,
2015-01-02,239759998976.0,239759998976.0,-,
2014-12-31,228959993856.0,228959993856.0,-,
2014-12-30,237599997952.0,237599997952.0,-,
2014-12-29,224640008192.0,224640008192.0,-,
2014-12-26,244080001024.0,244080001024.0,-,
2014-12-24,248400003072.0,248400003072.0,-,
2014-12-23,244080001024.0,244080001024.0,-,
2014-12-22,235439996928.0,235439996928.0,-,
2014-12-19,231119994880.0,231119994880.0,-,
2014-12-18,224640008192.0,224640008192.0,-,
2014-12-17,233279995904.0,233279995904.0,-,
2014-12-16,248400003072.0,248400003072.0,-,
2014-12-15,263519993856.0,263519993856.0,-,
2014-12-12,278640001024.0,278640001024.0,-,
2014-12-11,263519993856.0,263519993856.0,-,
2014-12-10,276480000000.0,276480000000.0,-,
2014-12-09,289440006144.0,289440006144.0,-,
2014-12-08,295920009216.0,295920009216.0,-,
2014-12-05,319679987712.0,319679987712.0,-,
2014-12-04,302400012288.0,302400012288.0,-,
2014-12-03,308880015360.0,308880015360.0,-,
2014-12-02,295920009216.0,295920009216.0,-,
2014-12-01,302400012288.0,302400012288.0,-,
2014-11-28,332639993856.0,332639993856.0,-,
2014-11-26,323999989760.0,323999989760.0,-,
2014-11-25,334799994880.0,334799994880.0,-,
2014-11-24,343439998976.0,343439998976.0,-,
2014-11-21,343439998976.0,343439998976.0,-,
2014-11-20,347760001024.0,347760001024.0,-,
2014-11-19,356400005120.0,356400005120.0,-,
2014-11-18,356400005120.0,356400005120.0,-,
2014-11-17,358560006144.0,358560006144.0,-,
2014-11-14,360720007168.0,360720007168.0,-,
2014-11-13,358560006144.0,358560006144.0,-,
2014-11-12,365040009216.0,365040009216.0,-,
2014-11-11,358560006144.0,358560006144.0,-,
2014-11-10,367200010240.0,367200010240.0,-,
2014-11-07,365040009216.0,365040009216.0,-,
2014-11-06,358560006144.0,358560006144.0,-,
2014-11-05,382319984640.0,382319984640.0,-,
2014-11-04,388799987712.0,388799987712.0,-,
2014-11-03,384479985664.0,384479985664.0,-,
2014-10-31,401759993856.0,401759993856.0,-,
2014-10-30,390959988736.0,390959988736.0,-,
2014-10-29,373680013312.0,373680013312.0,-,
2014-10-28,360720007168.0,360720007168.0,-,
2014-10-27,349920002048.0,349920002048.0,-,
2014-10-24,356400005120.0,356400005120.0,-,
2014-10-23,382319984640.0,382319984640.0,-,
2014-10-22,388799987712.0,388799987712.0,-,
2014-10-21,390959988736.0,390959988736.0,-,
2014-10-20,356400005120.0,356400005120.0,-,
2014-10-17,358560006144.0,358560006144.0,-,
2014-10-16,349920002048.0,349920002048.0,-,
2014-10-15,347760001024.0,347760001024.0,-,
2014-10-14,356400005120.0,356400005120.0,-,
2014-10-13,356400005120.0,356400005120.0,-,
2014-10-10,369360011264.0,369360011264.0,-,
2014-10-09,380159983616.0,380159983616.0,-,
2014-10-08,393119989760.0,393119989760.0,-,
2014-10-07,397439991808.0,397439991808.0,-,
2014-10-06,406079995904.0,406079995904.0,-,
2014-10-03,408239996928.0,408239996928.0,-,
2014-10-02,397439991808.0,397439991808.0,-,
2014-10-01,406079995904.0,406079995904.0,-,
2014-09-30,429840007168.0,429840007168.0,-,
2014-09-29,408239996928.0,408239996928.0,-,
2014-09-26,403919994880.0,403919994880.0,-,
2014-09-25,401759993856.0,401759993856.0,-,
2014-09-24,408239996928.0,408239996928.0,-,
2014-09-23,408239996928.0,408239996928.0,-,
2014-09-22,421200003072.0,421200003072.0,-,
2014-09-19,423360004096.0,423360004096.0,-,
2014-09-18,419040002048.0,419040002048.0,-,
2014-09-17,429840007168.0,429840007168.0,-,
2014-09-16,438480011264.0,438480011264.0,-,
2014-09-15,427680006144.0,427680006144.0,-,
2014-09-12,438480011264.0,438480011264.0,-,
2014-09-11,427680006144.0,427680006144.0,-,
2014-09-10,432000008192.0,432000008192.0,-,
2014-09-09,434160009216.0,434160009216.0,-,
2014-09-08,440640012288.0,440640012288.0,-,
2014-09-05,438480011264.0,438480011264.0,-,
2014-09-04,436320010240.0,436320010240.0,-,
2014-09-03,449280016384.0,449280016384.0,-,
2014-09-02,451439984640.0,451439984640.0,-,
2014-08-29,444960014336.0,444960014336.0,-,
2014-08-28,438480011264.0,438480011264.0,-,
2014-08-27,442800013312.0,442800013312.0,-,
2014-08-26,457919987712.0,457919987712.0,-,
2014-08-25,442800013312.0,442800013312.0,-,
2014-08-22,440640012288.0,440640012288.0,-,
2014-08-21,408239996928.0,408239996928.0,-,
2014-08-20,403919994880.0,403919994880.0,-,
2014-08-19,414720000000.0,414720000000.0,-,
2014-08-18,410399997952.0,410399997952.0,-,
2014-08-15,406079995904.0,406079995904.0,-,
2014-08-14,403919994880.0,403919994880.0,-,
2014-08-13,412559998976.0,412559998976.0,-,
2014-08-12,410399997952.0,410399997952.0,-,
2014-08-11,414720000000.0,414720000000.0,-,
2014-08-08,416880001024.0,416880001024.0,-,
2014-08-07,416880001024.0,416880001024.0,-,
2014-08-06,427680006144.0,427680006144.0,-,
2014-08-05,434160009216.0,434160009216.0,-,
2014-08-04,432000008192.0,432000008192.0,-,
2014-08-01,434160009216.0,434160009216.0,-,
2014-07-31,436320010240.0,436320010240.0,-,
2014-07-30,416880001024.0,416880001024.0,-,
2014-07-29,432000008192.0,432000008192.0,-,
2014-07-28,382319984640.0,382319984640.0,-,
2014-07-25,380159983616.0,380159983616.0,-,
2014-07-24,382319984640.0,382319984640.0,-,
2014-07-23,390959988736.0,390959988736.0,-,
2014-07-22,399599992832.0,399599992832.0,-,
2014-07-21,395279990784.0,395279990784.0,-,
2014-07-18,401759993856.0,401759993856.0,-,
2014-07-17,401759993856.0,401759993856.0,-,
2014-07-16,399599992832.0,399599992832.0,-,
2014-07-15,393119989760.0,393119989760.0,-,
2014-07-14,434160009216.0,434160009216.0,-,
2014-07-11,449280016384.0,449280016384.0,-,
2014-07-10,453599985664.0,453599985664.0,-,
2014-07-09,460079988736.0,460079988736.0,-,
2014-07-08,453599985664.0,453599985664.0,-,
2014-07-07,464399990784.0,464399990784.0,-,
2014-07-03,468719992832.0,468719992832.0,-,
2014-07-02,475199995904.0,475199995904.0,-,
2014-07-01,464399990784.0,464399990784.0,-,
2014-06-30,470879993856.0,470879993856.0,-,
2014-06-27,468719992832.0,468719992832.0,-,
2014-06-26,479519997952.0,479519997952.0,-,
2014-06-25,483840000000.0,483840000000.0,-,
2014-06-24,481679998976.0,481679998976.0,-,
2014-06-23,466559991808.0,466559991808.0,-,
2014-06-20,470879993856.0,470879993856.0,-,
2014-06-19,453599985664.0,453599985664.0,-,
2014-06-18,457919987712.0,457919987712.0,-,
2014-06-17,475199995904.0,475199995904.0,-,
2014-06-16,455759986688.0,455759986688.0,-,
2014-06-13,473039994880.0,473039994880.0,-,
2014-06-12,390959988736.0,390959988736.0,-,
2014-06-11,399599992832.0,399599992832.0,-,
2014-06-10,401759993856.0,401759993856.0,-,
2014-06-09,399599992832.0,399599992832.0,-,
2014-06-06,399599992832.0,399599992832.0,-,
2014-06-05,626399969280.0,626399969280.0,-,
2014-06-04,682559995904.0,682559995904.0,-,
2014-06-03,652319981568.0,652319981568.0,-,
2014-06-02,702000005120.0,702000005120.0,-,
2014-05-30,781919977472.0,781919977472.0,-,
2014-05-29,846720008192.0,846720008192.0,-,
2014-05-28,928799981568.0,928799981568.0,-,
2014-05-27,864000016384.0,864000016384.0,-,
2014-05-23,926639980544.0,926639980544.0,-,
2014-05-22,868320018432.0,868320018432.0,-,
2014-05-21,1008720019456.0,1008720019456.0,-,
2014-05-20,1002240016384.0,1002240016384.0,-,
2014-05-19,1002240016384.0,1002240016384.0,-,
2014-05-16,974160003072.0,974160003072.0,-,
2014-05-15,1015200022528.0,1015200022528.0,-,
2014-05-14,1153440022528.0,1153440022528.0,-,
2014-05-13,1207439982592.0,1207439982592.0,-,
2014-05-12,1172879966208.0,1172879966208.0,-,
2014-05-09,1123200008192.0,1123200008192.0,-,
2014-05-08,1101599997952.0,1101599997952.0,-,
2014-05-07,1164239962112.0,1164239962112.0,-,
2014-05-06,1196640043008.0,1196640043008.0,-,
2014-05-05,1261439942656.0,1261439942656.0,-,
2014-05-02,1308959965184.0,1308959965184.0,-,
2014-05-01,1375920062464.0,1375920062464.0,-,
2014-04-30,1419119951872.0,1419119951872.0,-,
2014-04-29,1520639934464.0,1520639934464.0,-,
2014-04-28,1531440005120.0,1531440005120.0,-,
2014-04-25,1509839994880.0,1509839994880.0,-,
2014-04-24,1587600031744.0,1587600031744.0,-,
2014-04-23,1542239944704.0,1542239944704.0,-,
2014-04-22,1643760058368.0,1643760058368.0,-,
2014-04-21,1645919993856.0,1645919993856.0,-,
2014-04-17,1890000044032.0,1890000044032.0,-,
2014-04-16,1935360000000.0,1935360000000.0,-,
2014-04-15,2071439998976.0,2071439998976.0,-,
2014-04-14,2116799954944.0,2116799954944.0,-,
2014-04-11,2116799954944.0,2116799954944.0,-,
2014-04-10,2101680013312.0,2101680013312.0,-,
2014-04-09,2192400056320.0,2192400056320.0,-,
2014-04-08,2192400056320.0,2192400056320.0,-,
2014-04-07,2101680013312.0,2101680013312.0,-,
2014-04-04,2147039969280.0,2147039969280.0,-,
2014-04-03,2162160041984.0,2162160041984.0,-,
2014-04-02,2101680013312.0,2101680013312.0,-,
2014-04-01,2086559940608.0,2086559940608.0,-,
2014-03-31,2162160041984.0,2162160041984.0,-,
2014-03-28,2222640070656.0,2222640070656.0,-,
2014-03-27,2131920027648.0,2131920027648.0,-,
2014-03-26,2192400056320.0,2192400056320.0,-,
2014-03-25,2192400056320.0,2192400056320.0,-,
2014-03-24,2131920027648.0,2131920027648.0,-,
2014-03-21,2192400056320.0,2192400056320.0,-,
2014-03-20,2222640070656.0,2222640070656.0,-,
2014-03-19,2252879953920.0,2252879953920.0,-,
2014-03-18,2267999895552.0,2267999895552.0,-,
2014-03-17,2162160041984.0,2162160041984.0,-,
2014-03-14,2267999895552.0,2267999895552.0,-,
2014-03-13,2116799954944.0,2116799954944.0,-,
2014-03-12,2252879953920.0,2252879953920.0,-,
2014-03-11,2252879953920.0,2252879953920.0,-,
2014-03-10,2116799954944.0,2116799954944.0,-,
2014-03-07,2252879953920.0,2252879953920.0,-,
2014-03-06,2116799954944.0,2116799954944.0,-,
2014-03-05,2131920027648.0,2131920027648.0,-,
2014-03-04,2162160041984.0,2162160041984.0,-,
2014-03-03,2086559940608.0,2086559940608.0,-,
2014-02-28,2071439998976.0,2071439998976.0,-,
2014-02-27,2041199984640.0,2041199984640.0,-,
2014-02-26,2056320057344.0,2056320057344.0,-,
2014-02-25,1980719955968.0,1980719955968.0,-,
2014-02-24,2010959970304.0,2010959970304.0,-,
2014-02-21,2041199984640.0,2041199984640.0,-,
2014-02-20,2116799954944.0,2116799954944.0,-,
2014-02-19,2162160041984.0,2162160041984.0,-,
2014-02-18,2041199984640.0,2041199984640.0,-,
2014-02-14,2419200098304.0,2419200098304.0,-,
2014-02-13,2419200098304.0,2419200098304.0,-,
2014-02-12,2419200098304.0,2419200098304.0,-,
2014-02-11,2373840011264.0,2373840011264.0,-,
2014-02-10,2494800068608.0,2494800068608.0,-,
2014-02-07,2494800068608.0,2494800068608.0,-,
2014-02-06,2509920010240.0,2509920010240.0,-,
2014-02-05,2555280097280.0,2555280097280.0,-,
2014-02-04,2494800068608.0,2494800068608.0,-,
2014-02-03,2555280097280.0,2555280097280.0,-,
2014-01-31,2615760125952.0,2615760125952.0,-,
2014-01-30,2570400038912.0,2570400038912.0,-,
2014-01-29,2630880067584.0,2630880067584.0,-,
2014-01-28,2751840124928.0,2751840124928.0,-,
2014-01-27,2782080008192.0,2782080008192.0,-,
2014-01-24,2857679978496.0,2857679978496.0,-,
2014-01-23,2887920123904.0,2887920123904.0,-,
2014-01-22,3008879919104.0,3008879919104.0,-,
2014-01-21,2827440095232.0,2827440095232.0,-,
2014-01-17,2646000009216.0,2646000009216.0,-,
2014-01-16,2646000009216.0,2646000009216.0,-,
2014-01-15,2570400038912.0,2570400038912.0,-,
2014-01-14,2615760125952.0,2615760125952.0,-,
2014-01-13,2479680126976.0,2479680126976.0,-,
2014-01-10,2646000009216.0,2646000009216.0,-,
2014-01-09,2570400038912.0,2570400038912.0,-,
2014-01-08,2570400038912.0,2570400038912.0,-,
2014-01-07,2585519980544.0,2585519980544.0,-,
2014-01-06,2540159893504.0,2540159893504.0,-,
2014-01-03,2585519980544.0,2585519980544.0,-,
2014-01-02,2479680126976.0,2479680126976.0,-,
2013-12-31,2721599979520.0,2721599979520.0,-,
2013-12-30,2933279948800.0,2933279948800.0,-,
2013-12-27,3008879919104.0,3008879919104.0,-,
2013-12-26,2887920123904.0,2887920123904.0,-,
2013-12-24,2797199949824.0,2797199949824.0,-,
2013-12-23,2751840124928.0,2751840124928.0,-,
2013-12-20,2630880067584.0,2630880067584.0,-,
2013-12-19,2646000009216.0,2646000009216.0,-,
2013-12-18,2419200098304.0,2419200098304.0,-,
2013-12-17,2404079894528.0,2404079894528.0,-,
2013-12-16,2570400038912.0,2570400038912.0,-,
2013-12-13,2449439981568.0,2449439981568.0,-,
2013-12-12,2419200098304.0,2419200098304.0,-,
2013-12-11,2358720069632.0,2358720069632.0,-,
2013-12-10,2343600128000.0,2343600128000.0,-,
2013-12-09,2373840011264.0,2373840011264.0,-,
2013-12-06,2388959952896.0,2388959952896.0,-,
2013-12-05,2388959952896.0,2388959952896.0,-,
2013-12-04,2283120099328.0,2283120099328.0,-,
2013-12-03,2691360096256.0,2691360096256.0,-,
2013-12-02,2570400038912.0,2570400038912.0,-,
2013-11-29,2676239892480.0,2676239892480.0,-,
2013-11-27,2419200098304.0,2419200098304.0,-,
2013-11-26,2237760012288.0,2237760012288.0,-,
2013-11-25,2101680013312.0,2101680013312.0,-,
2013-11-22,2101680013312.0,2101680013312.0,-,
2013-11-21,2192400056320.0,2192400056320.0,-,
2013-11-20,2222640070656.0,2222640070656.0,-,
2013-11-19,2464559923200.0,2464559923200.0,-,
2013-11-18,2570400038912.0,2570400038912.0,-,
2013-11-15,2570400038912.0,2570400038912.0,-,
2013-11-14,2570400038912.0,2570400038912.0,-,
2013-11-13,2570400038912.0,2570400038912.0,-,
2013-11-12,2494800068608.0,2494800068608.0,-,
2013-11-11,2570400038912.0,2570400038912.0,-,
2013-11-08,2570400038912.0,2570400038912.0,-,
2013-11-07,2646000009216.0,2646000009216.0,-,
2013-11-06,2585519980544.0,2585519980544.0,-,
2013-11-05,2494800068608.0,2494800068608.0,-,
2013-11-04,2343600128000.0,2343600128000.0,-,
2013-11-01,2237760012288.0,2237760012288.0,-,
2013-10-31,2237760012288.0,2237760012288.0,-,
2013-10-30,2237760012288.0,2237760012288.0,-,
2013-10-29,2252879953920.0,2252879953920.0,-,
2013-10-28,2162160041984.0,2162160041984.0,-,
2013-10-25,2298240040960.0,2298240040960.0,-,
2013-10-24,2479680126976.0,2479680126976.0,-,
2013-10-23,2479680126976.0,2479680126976.0,-,
2013-10-22,2479680126976.0,2479680126976.0,-,
2013-10-21,2525039951872.0,2525039951872.0,-,
2013-10-18,2464559923200.0,2464559923200.0,-,
2013-10-17,2494800068608.0,2494800068608.0,-,
2013-10-16,2525039951872.0,2525039951872.0,-,
2013-10-15,2555280097280.0,2555280097280.0,-,
2013-10-14,2555280097280.0,2555280097280.0,-,
2013-10-11,2434320039936.0,2434320039936.0,-,
2013-10-10,2555280097280.0,2555280097280.0,-,
2013-10-09,2570400038912.0,2570400038912.0,-,
2013-10-08,2691360096256.0,2691360096256.0,-,
2013-10-07,2691360096256.0,2691360096256.0,-,
2013-10-04,2736719921152.0,2736719921152.0,-,
2013-10-03,2751840124928.0,2751840124928.0,-,
2013-10-02,2918160007168.0,2918160007168.0,-,
2013-10-01,2751840124928.0,2751840124928.0,-,
2013-09-30,2766960066560.0,2766960066560.0,-,
2013-09-27,2812319891456.0,2812319891456.0,-,
2013-09-26,2842560036864.0,2842560036864.0,-,
2013-09-25,2812319891456.0,2812319891456.0,-,
2013-09-24,2827440095232.0,2827440095232.0,-,
2013-09-23,2812319891456.0,2812319891456.0,-,
2013-09-20,2872799920128.0,2872799920128.0,-,
2013-09-19,3008879919104.0,3008879919104.0,-,
2013-09-18,2797199949824.0,2797199949824.0,-,
2013-09-17,2812319891456.0,2812319891456.0,-,
2013-09-16,2751840124928.0,2751840124928.0,-,
2013-09-13,2797199949824.0,2797199949824.0,-,
2013-09-12,2933279948800.0,2933279948800.0,-,
2013-09-11,2887920123904.0,2887920123904.0,-,
2013-09-10,2872799920128.0,2872799920128.0,-,
2013-09-09,3039120064512.0,3039120064512.0,-,
2013-09-06,2872799920128.0,2872799920128.0,-,
2013-09-05,3296160120832.0,3296160120832.0,-,
2013-09-04,3205439946752.0,3205439946752.0,-,
2013-09-03,3250800033792.0,3250800033792.0,-,
2013-08-30,3250800033792.0,3250800033792.0,-,
2013-08-29,3326400004096.0,3326400004096.0,-,
2013-08-28,3250800033792.0,3250800033792.0,-,
2013-08-27,3205439946752.0,3205439946752.0,-,
2013-08-26,3220559888384.0,3220559888384.0,-,
2013-08-23,3538079973376.0,3538079973376.0,-,
2013-08-22,3114720034816.0,3114720034816.0,-,
2013-08-21,3129839976448.0,3129839976448.0,-,
2013-08-20,3205439946752.0,3205439946752.0,-,
2013-08-19,3024000122880.0,3024000122880.0,-,
2013-08-16,3538079973376.0,3538079973376.0,-,
2013-08-15,3205439946752.0,3205439946752.0,-,
2013-08-14,3175200063488.0,3175200063488.0,-,
2013-08-13,3175200063488.0,3175200063488.0,-,
2013-08-12,3114720034816.0,3114720034816.0,-,
2013-08-09,3129839976448.0,3129839976448.0,-,
2013-08-08,3054240006144.0,3054240006144.0,-,
2013-08-07,2887920123904.0,2887920123904.0,-,
2013-08-06,3069359947776.0,3069359947776.0,-,
2013-08-05,3114720034816.0,3114720034816.0,-,
2013-08-02,3084479889408.0,3084479889408.0,-,
2013-08-01,3024000122880.0,3024000122880.0,-,
2013-07-31,3024000122880.0,3024000122880.0,-,
2013-07-30,3054240006144.0,3054240006144.0,-,
2013-07-29,3628799885312.0,3628799885312.0,-,
2013-07-26,3401999974400.0,3401999974400.0,-,
2013-07-25,3175200063488.0,3175200063488.0,-,
2013-07-24,3175200063488.0,3175200063488.0,-,
2013-07-23,2509920010240.0,2509920010240.0,-,
2013-07-22,2434320039936.0,2434320039936.0,-,
2013-07-19,2419200098304.0,2419200098304.0,-,
2013-07-18,2358720069632.0,2358720069632.0,-,
2013-07-17,2147039969280.0,2147039969280.0,-,
2013-07-16,2147039969280.0,2147039969280.0,-,
2013-07-15,2343600128000.0,2343600128000.0,-,
2013-07-12,2343600128000.0,2343600128000.0,-,
2013-07-11,2343600128000.0,2343600128000.0,-,
2013-07-10,2252879953920.0,2252879953920.0,-,
2013-07-09,2116799954944.0,2116799954944.0,-,
2013-07-08,2147039969280.0,2147039969280.0,-,
2013-07-05,2147039969280.0,2147039969280.0,-,
2013-07-03,2177279983616.0,2177279983616.0,-,
2013-07-02,2162160041984.0,2162160041984.0,-,
2013-07-01,2192400056320.0,2192400056320.0,-,
2013-06-28,2313359982592.0,2313359982592.0,-,
2013-06-27,2192400056320.0,2192400056320.0,-,
2013-06-26,2192400056320.0,2192400056320.0,-,
2013-06-25,2192400056320.0,2192400056320.0,-,
2013-06-24,2222640070656.0,2222640070656.0,-,
2013-06-21,2222640070656.0,2222640070656.0,-,
2013-06-20,2192400056320.0,2192400056320.0,-,
2013-06-19,2237760012288.0,2237760012288.0,-,
2013-06-18,2237760012288.0,2237760012288.0,-,
2013-06-17,2343600128000.0,2343600128000.0,-,
2013-06-14,2147039969280.0,2147039969280.0,-,
2013-06-13,2267999895552.0,2267999895552.0,-,
2013-06-12,2267999895552.0,2267999895552.0,-,
2013-06-11,2192400056320.0,2192400056320.0,-,
2013-06-10,2192400056320.0,2192400056320.0,-,
2013-06-07,2147039969280.0,2147039969280.0,-,
2013-06-06,2147039969280.0,2147039969280.0,-,
2013-06-05,2222640070656.0,2222640070656.0,-,
2013-06-04,2267999895552.0,2267999895552.0,-,
2013-06-03,2267999895552.0,2267999895552.0,-,
2013-05-31,2162160041984.0,2162160041984.0,-,
2013-05-30,2162160041984.0,2162160041984.0,-,
2013-05-29,2222640070656.0,2222640070656.0,-,
2013-05-28,2313359982592.0,2313359982592.0,-,
2013-05-24,2358720069632.0,2358720069632.0,-,
2013-05-23,2388959952896.0,2388959952896.0,-,
2013-05-22,2131920027648.0,2131920027648.0,-,
2013-05-21,2343600128000.0,2343600128000.0,-,
2013-05-20,2162160041984.0,2162160041984.0,-,
2013-05-17,2207520129024.0,2207520129024.0,-,
2013-05-16,2404079894528.0,2404079894528.0,-,
2013-05-15,2283120099328.0,2283120099328.0,-,
2013-05-14,2313359982592.0,2313359982592.0,-,
2013-05-13,2343600128000.0,2343600128000.0,-,
2013-05-10,2313359982592.0,2313359982592.0,-,
2013-05-09,2388959952896.0,2388959952896.0,-,
2013-05-08,2328479924224.0,2328479924224.0,-,
2013-05-07,2116799954944.0,2116799954944.0,-,
2013-05-06,2283120099328.0,2283120099328.0,-,
2013-05-03,2192400056320.0,2192400056320.0,-,
2013-05-02,2192400056320.0,2192400056320.0,-,
2013-05-01,2252879953920.0,2252879953920.0,-,
2013-04-30,2404079894528.0,2404079894528.0,-,
2013-04-29,2343600128000.0,2343600128000.0,-,
2013-04-26,2343600128000.0,2343600128000.0,-,
2013-04-25,2177279983616.0,2177279983616.0,-,
2013-04-24,2313359982592.0,2313359982592.0,-,
2013-04-23,2237760012288.0,2237760012288.0,-,
2013-04-22,2343600128000.0,2343600128000.0,-,
2013-04-19,2267999895552.0,2267999895552.0,-,
2013-04-18,2267999895552.0,2267999895552.0,-,
2013-04-17,2343600128000.0,2343600128000.0,-,
2013-04-16,2525039951872.0,2525039951872.0,-,
2013-04-15,2343600128000.0,2343600128000.0,-,
2013-04-12,2373840011264.0,2373840011264.0,-,
2013-04-11,2207520129024.0,2207520129024.0,-,
2013-04-10,2192400056320.0,2192400056320.0,-,
2013-04-09,2101680013312.0,2101680013312.0,-,
2013-04-08,2056320057344.0,2056320057344.0,-,
2013-04-05,1980719955968.0,1980719955968.0,-,
2013-04-04,1799280001024.0,1799280001024.0,-,
2013-04-03,1844639956992.0,1844639956992.0,-,
2013-04-02,1890000044032.0,1890000044032.0,-,
2013-04-01,1890000044032.0,1890000044032.0,-,
2013-03-28,2026080043008.0,2026080043008.0,-,
2013-03-27,1844639956992.0,1844639956992.0,-,
2013-03-26,1799280001024.0,1799280001024.0,-,
2013-03-25,1738799972352.0,1738799972352.0,-,
2013-03-22,2026080043008.0,2026080043008.0,-,
2013-03-21,1512000061440.0,1512000061440.0,-,
2013-03-20,1527120003072.0,1527120003072.0,-,
2013-03-19,1512000061440.0,1512000061440.0,-,
2013-03-18,1436399960064.0,1436399960064.0,-,
2013-03-15,1391040004096.0,1391040004096.0,-,
2013-03-14,1315440033792.0,1315440033792.0,-,
2013-03-13,1194479976448.0,1194479976448.0,-,
2013-03-12,1133999947776.0,1133999947776.0,-,
2013-03-11,1118880006144.0,1118880006144.0,-,
2013-03-08,1149120020480.0,1149120020480.0,-,
2013-03-07,1254960005120.0,1254960005120.0,-,
2013-03-06,1179360034816.0,1179360034816.0,-,
2013-03-05,1345680048128.0,1345680048128.0,-,
2013-03-04,1315440033792.0,1315440033792.0,-,
2013-03-01,1360799989760.0,1360799989760.0,-,
2013-02-28,1375920062464.0,1375920062464.0,-,
2013-02-27,1375920062464.0,1375920062464.0,-,
2013-02-26,1421280018432.0,1421280018432.0,-,
2013-02-25,1436399960064.0,1436399960064.0,-,
2013-02-22,1466639974400.0,1466639974400.0,-,
2013-02-21,1512000061440.0,1512000061440.0,-,
2013-02-20,1451520032768.0,1451520032768.0,-,
2013-02-19,1466639974400.0,1466639974400.0,-,
2013-02-15,1451520032768.0,1451520032768.0,-,
2013-02-14,1496879988736.0,1496879988736.0,-,
2013-02-13,1587600031744.0,1587600031744.0,-,
2013-02-12,1587600031744.0,1587600031744.0,-,
2013-02-11,1527120003072.0,1527120003072.0,-,
2013-02-08,1527120003072.0,1527120003072.0,-,
2013-02-07,1421280018432.0,1421280018432.0,-,
2013-02-06,1496879988736.0,1496879988736.0,-,
2013-02-05,1587600031744.0,1587600031744.0,-,
2013-02-04,1587600031744.0,1587600031744.0,-,
2013-02-01,1512000061440.0,1512000061440.0,-,
2013-01-31,1587600031744.0,1587600031744.0,-,
2013-01-30,1466639974400.0,1466639974400.0,-,
2013-01-29,1542239944704.0,1542239944704.0,-,
2013-01-28,1542239944704.0,1542239944704.0,-,
2013-01-25,1663200002048.0,1663200002048.0,-,
2013-01-24,1663200002048.0,1663200002048.0,-,
2013-01-23,1678319943680.0,1678319943680.0,-,
2013-01-22,1678319943680.0,1678319943680.0,-,
2013-01-18,1693440016384.0,1693440016384.0,-,
2013-01-17,1632959987712.0,1632959987712.0,-,
2013-01-16,1769039986688.0,1769039986688.0,-,
2013-01-15,1799280001024.0,1799280001024.0,-,
2013-01-14,1890000044032.0,1890000044032.0,-,
2013-01-11,1965600014336.0,1965600014336.0,-,
2013-01-10,1829520015360.0,1829520015360.0,-,
2013-01-09,1890000044032.0,1890000044032.0,-,
2013-01-08,1708559958016.0,1708559958016.0,-,
2013-01-07,1678319943680.0,1678319943680.0,-,
2013-01-04,1587600031744.0,1587600031744.0,-,
2013-01-03,1421280018432.0,1421280018432.0,-,
2013-01-02,1391040004096.0,1391040004096.0,-,
2012-12-31,1421280018432.0,1421280018432.0,-,
2012-12-28,1421280018432.0,1421280018432.0,-,
2012-12-27,1375920062464.0,1375920062464.0,-,
2012-12-26,1587600031744.0,1587600031744.0,-,
2012-12-24,1542239944704.0,1542239944704.0,-,
2012-12-21,1527120003072.0,1527120003072.0,-,
2012-12-20,1496879988736.0,1496879988736.0,-,
2012-12-19,1496879988736.0,1496879988736.0,-,
2012-12-18,1436399960064.0,1436399960064.0,-,
2012-12-17,1512000061440.0,1512000061440.0,-,
2012-12-14,1512000061440.0,1512000061440.0,-,
2012-12-13,1512000061440.0,1512000061440.0,-,
2012-12-12,1496879988736.0,1496879988736.0,-,
2012-12-11,1330559975424.0,1330559975424.0,-,
2012-12-10,1587600031744.0,1587600031744.0,-,
2012-12-07,1602719973376.0,1602719973376.0,-,
2012-12-06,2086559940608.0,2086559940608.0,-,
2012-12-05,2101680013312.0,2101680013312.0,-,
2012-12-04,1814399942656.0,1814399942656.0,-,
2012-12-03,1874879971328.0,1874879971328.0,-,
2012-11-30,1890000044032.0,1890000044032.0,-,
2012-11-29,1769039986688.0,1769039986688.0,-,
2012-11-28,1693440016384.0,1693440016384.0,-,
2012-11-27,1708559958016.0,1708559958016.0,-,
2012-11-26,1648080060416.0,1648080060416.0,-,
2012-11-23,1890000044032.0,1890000044032.0,-,
2012-11-21,1648080060416.0,1648080060416.0,-,
2012-11-20,1814399942656.0,1814399942656.0,-,
2012-11-19,1935360000000.0,1935360000000.0,-,
2012-11-16,1663200002048.0,1663200002048.0,-,
2012-11-15,1723680030720.0,1723680030720.0,-,
2012-11-14,1663200002048.0,1663200002048.0,-,
2012-11-13,1663200002048.0,1663200002048.0,-,
2012-11-12,1663200002048.0,1663200002048.0,-,
2012-11-09,1512000061440.0,1512000061440.0,-,
2012-11-08,1693440016384.0,1693440016384.0,-,
2012-11-07,1663200002048.0,1663200002048.0,-,
2012-11-06,1663200002048.0,1663200002048.0,-,
2012-11-05,1678319943680.0,1678319943680.0,-,
2012-11-02,1663200002048.0,1663200002048.0,-,
2012-11-01,1663200002048.0,1663200002048.0,-,
2012-10-31,1663200002048.0,1663200002048.0,-,
2012-10-26,1587600031744.0,1587600031744.0,-,
2012-10-25,1632959987712.0,1632959987712.0,-,
2012-10-24,1587600031744.0,1587600031744.0,-,
2012-10-23,1648080060416.0,1648080060416.0,-,
2012-10-22,1527120003072.0,1527120003072.0,-,
2012-10-19,1663200002048.0,1663200002048.0,-,
2012-10-18,1663200002048.0,1663200002048.0,-,
2012-10-17,1648080060416.0,1648080060416.0,-,
2012-10-16,1542239944704.0,1542239944704.0,-,
2012-10-15,1542239944704.0,1542239944704.0,-,
2012-10-12,1678319943680.0,1678319943680.0,-,
2012-10-11,1678319943680.0,1678319943680.0,-,
2012-10-10,1693440016384.0,1693440016384.0,-,
2012-10-09,1693440016384.0,1693440016384.0,-,
2012-10-08,1678319943680.0,1678319943680.0,-,
2012-10-05,1723680030720.0,1723680030720.0,-,
2012-10-04,1784160059392.0,1784160059392.0,-,
2012-10-03,1799280001024.0,1799280001024.0,-,
2012-10-02,1799280001024.0,1799280001024.0,-,
2012-10-01,1814399942656.0,1814399942656.0,-,
2012-09-28,1678319943680.0,1678319943680.0,-,
2012-09-27,1708559958016.0,1708559958016.0,-,
2012-09-26,1799280001024.0,1799280001024.0,-,
2012-09-25,1708559958016.0,1708559958016.0,-,
2012-09-24,1708559958016.0,1708559958016.0,-,
2012-09-21,1738799972352.0,1738799972352.0,-,
2012-09-20,1799280001024.0,1799280001024.0,-,
2012-09-19,1799280001024.0,1799280001024.0,-,
2012-09-18,1890000044032.0,1890000044032.0,-,
2012-09-17,1950479941632.0,1950479941632.0,-,
2012-09-14,1844639956992.0,1844639956992.0,-,
2012-09-13,1844639956992.0,1844639956992.0,-,
2012-09-12,1844639956992.0,1844639956992.0,-,
2012-09-11,1799280001024.0,1799280001024.0,-,
2012-09-10,1814399942656.0,1814399942656.0,-,
2012-09-07,1829520015360.0,1829520015360.0,-,
2012-09-06,1950479941632.0,1950479941632.0,-,
2012-09-05,2026080043008.0,2026080043008.0,-,
2012-09-04,2010959970304.0,2010959970304.0,-,
2012-08-31,1874879971328.0,1874879971328.0,-,
2012-08-30,1920240058368.0,1920240058368.0,-,
2012-08-29,1874879971328.0,1874879971328.0,-,
2012-08-28,1874879971328.0,1874879971328.0,-,
2012-08-27,1874879971328.0,1874879971328.0,-,
2012-08-24,1890000044032.0,1890000044032.0,-,
2012-08-23,1950479941632.0,1950479941632.0,-,
2012-08-22,1905119985664.0,1905119985664.0,-,
2012-08-21,1890000044032.0,1890000044032.0,-,
2012-08-20,1950479941632.0,1950479941632.0,-,
2012-08-17,1890000044032.0,1890000044032.0,-,
2012-08-16,2026080043008.0,2026080043008.0,-,
2012-08-15,1905119985664.0,1905119985664.0,-,
2012-08-14,1890000044032.0,1890000044032.0,-,
2012-08-13,1890000044032.0,1890000044032.0,-,
2012-08-10,1890000044032.0,1890000044032.0,-,
2012-08-09,2041199984640.0,2041199984640.0,-,
2012-08-08,1935360000000.0,1935360000000.0,-,
2012-08-07,1935360000000.0,1935360000000.0,-,
2012-08-06,1920240058368.0,1920240058368.0,-,
2012-08-03,1905119985664.0,1905119985664.0,-,
2012-08-02,1905119985664.0,1905119985664.0,-,
2012-08-01,2071439998976.0,2071439998976.0,-,
2012-07-31,1995840028672.0,1995840028672.0,-,
2012-07-30,2086559940608.0,2086559940608.0,-,
2012-07-27,2086559940608.0,2086559940608.0,-,
2012-07-26,2041199984640.0,2041199984640.0,-,
2012-07-25,2147039969280.0,2147039969280.0,-,
2012-07-24,2147039969280.0,2147039969280.0,-,
2012-07-23,2162160041984.0,2162160041984.0,-,
2012-07-20,2343600128000.0,2343600128000.0,-,
2012-07-19,2283120099328.0,2283120099328.0,-,
2012-07-18,2419200098304.0,2419200098304.0,-,
2012-07-17,2419200098304.0,2419200098304.0,-,
2012-07-16,2419200098304.0,2419200098304.0,-,
2012-07-13,2388959952896.0,2388959952896.0,-,
2012-07-12,2464559923200.0,2464559923200.0,-,
2012-07-11,2404079894528.0,2404079894528.0,-,
2012-07-10,2600639922176.0,2600639922176.0,-,
2012-07-09,2721599979520.0,2721599979520.0,-,
2012-07-06,2782080008192.0,2782080008192.0,-,
2012-07-05,2479680126976.0,2479680126976.0,-,
2012-07-03,2509920010240.0,2509920010240.0,-,
2012-07-02,2449439981568.0,2449439981568.0,-,
2012-06-29,2540159893504.0,2540159893504.0,-,
2012-06-28,2373840011264.0,2373840011264.0,-,
2012-06-27,2434320039936.0,2434320039936.0,-,
2012-06-26,2479680126976.0,2479680126976.0,-,
2012-06-25,2434320039936.0,2434320039936.0,-,
2012-06-22,2585519980544.0,2585519980544.0,-,
2012-06-21,2434320039936.0,2434320039936.0,-,
2012-06-20,2661119950848.0,2661119950848.0,-,
2012-06-19,2267999895552.0,2267999895552.0,-,
2012-06-18,1844639956992.0,1844639956992.0,-,
2012-06-15,1905119985664.0,1905119985664.0,-,
2012-06-14,1905119985664.0,1905119985664.0,-,
2012-06-13,1890000044032.0,1890000044032.0,-,
2012-06-12,1920240058368.0,1920240058368.0,-,
2012-06-11,1905119985664.0,1905119985664.0,-,
2012-06-08,2010959970304.0,2010959970304.0,-,
2012-06-07,2101680013312.0,2101680013312.0,-,
2012-06-06,2116799954944.0,2116799954944.0,-,
2012-06-05,2101680013312.0,2101680013312.0,-,
2012-06-04,2026080043008.0,2026080043008.0,-,
2012-06-01,2086559940608.0,2086559940608.0,-,
2012-05-31,2116799954944.0,2116799954944.0,-,
2012-05-30,2283120099328.0,2283120099328.0,-,
2012-05-29,2358720069632.0,2358720069632.0,-,
2012-05-25,2283120099328.0,2283120099328.0,-,
2012-05-24,2222640070656.0,2222640070656.0,-,
2012-05-23,2177279983616.0,2177279983616.0,-,
2012-05-22,2252879953920.0,2252879953920.0,-,
2012-05-21,2298240040960.0,2298240040960.0,-,
2012-05-18,2283120099328.0,2283120099328.0,-,
2012-05-17,2419200098304.0,2419200098304.0,-,
2012-05-16,2615760125952.0,2615760125952.0,-,
2012-05-15,2721599979520.0,2721599979520.0,-,
2012-05-14,2494800068608.0,2494800068608.0,-,
2012-05-11,2661119950848.0,2661119950848.0,-,
2012-05-10,2600639922176.0,2600639922176.0,-,
2012-05-09,2343600128000.0,2343600128000.0,-,
2012-05-08,2615760125952.0,2615760125952.0,-,
2012-05-07,2948399890432.0,2948399890432.0,-,
2012-05-04,2797199949824.0,2797199949824.0,-,
2012-05-03,3024000122880.0,3024000122880.0,-,
2012-05-02,3371760091136.0,3371760091136.0,-,
2012-05-01,3099600093184.0,3099600093184.0,-,
2012-04-30,3069359947776.0,3069359947776.0,-,
2012-04-27,3129839976448.0,3129839976448.0,-,
2012-04-26,3205439946752.0,3205439946752.0,-,
2012-04-25,3129839976448.0,3129839976448.0,-,
2012-04-24,3250800033792.0,3250800033792.0,-,
2012-04-23,3220559888384.0,3220559888384.0,-,
2012-04-20,3265919975424.0,3265919975424.0,-,
2012-04-19,3265919975424.0,3265919975424.0,-,
2012-04-18,3235680092160.0,3235680092160.0,-,
2012-04-17,3795120029696.0,3795120029696.0,-,
2012-04-16,3704400117760.0,3704400117760.0,-,
2012-04-13,3598560002048.0,3598560002048.0,-,
2012-04-12,4399919792128.0,4399919792128.0,-,
2012-04-11,3598560002048.0,3598560002048.0,-,
2012-04-10,3175200063488.0,3175200063488.0,-,
2012-04-09,3220559888384.0,3220559888384.0,-,
2012-04-05,3265919975424.0,3265919975424.0,-,
2012-04-04,3296160120832.0,3296160120832.0,-,
2012-04-03,3734640001024.0,3734640001024.0,-,
2012-04-02,3674159972352.0,3674159972352.0,-,
2012-03-30,3522960031744.0,3522960031744.0,-,
2012-03-29,3522960031744.0,3522960031744.0,-,
2012-03-28,3265919975424.0,3265919975424.0,-,
2012-03-27,3190320005120.0,3190320005120.0,-,
2012-03-26,3326400004096.0,3326400004096.0,-,
2012-03-23,3281039917056.0,3281039917056.0,-,
2012-03-22,3432240119808.0,3432240119808.0,-,
2012-03-21,3281039917056.0,3281039917056.0,-,
2012-03-20,3386880032768.0,3386880032768.0,-,
2012-03-19,3522960031744.0,3522960031744.0,-,
2012-03-16,3462480003072.0,3462480003072.0,-,
2012-03-15,3371760091136.0,3371760091136.0,-,
2012-03-14,3326400004096.0,3326400004096.0,-,
2012-03-13,3356639887360.0,3356639887360.0,-,
2012-03-12,3356639887360.0,3356639887360.0,-,
2012-03-09,3719520059392.0,3719520059392.0,-,
2012-03-08,3628799885312.0,3628799885312.0,-,
2012-03-07,3507840090112.0,3507840090112.0,-,
2012-03-06,3341519945728.0,3341519945728.0,-,
2012-03-05,3583440060416.0,3583440060416.0,-,
2012-03-02,3628799885312.0,3628799885312.0,-,
2012-03-01,3870720000000.0,3870720000000.0,-,
2012-02-29,4097519910912.0,4097519910912.0,-,
2012-02-28,4687200256000.0,4687200256000.0,-,
2012-02-27,4747680022528.0,4747680022528.0,-,
2012-02-24,4581360140288.0,4581360140288.0,-,
2012-02-23,5292000018432.0,5292000018432.0,-,
2012-02-22,5806080131072.0,5806080131072.0,-,
2012-02-21,4793039847424.0,4793039847424.0,-,
2012-02-17,3401999974400.0,3401999974400.0,-,
2012-02-16,3175200063488.0,3175200063488.0,-,
2012-02-15,3024000122880.0,3024000122880.0,-,
2012-02-14,2963520094208.0,2963520094208.0,-,
2012-02-13,2736719921152.0,2736719921152.0,-,
2012-02-10,2827440095232.0,2827440095232.0,-,
2012-02-09,2706480037888.0,2706480037888.0,-,
2012-02-08,2494800068608.0,2494800068608.0,-,
2012-02-07,2343600128000.0,2343600128000.0,-,
2012-02-06,2540159893504.0,2540159893504.0,-,
2012-02-03,2056320057344.0,2056320057344.0,-,
2012-02-02,2192400056320.0,2192400056320.0,-,
2012-02-01,2298240040960.0,2298240040960.0,-,
2012-01-31,2600639922176.0,2600639922176.0,-,
2012-01-30,2646000009216.0,2646000009216.0,-,
2012-01-27,2570400038912.0,2570400038912.0,-,
2012-01-26,2646000009216.0,2646000009216.0,-,
2012-01-25,2585519980544.0,2585519980544.0,-,
2012-01-24,2570400038912.0,2570400038912.0,-,
2012-01-23,2661119950848.0,2661119950848.0,-,
2012-01-20,2766960066560.0,2766960066560.0,-,
2012-01-19,2766960066560.0,2766960066560.0,-,
2012-01-18,2706480037888.0,2706480037888.0,-,
2012-01-17,2661119950848.0,2661119950848.0,-,
2012-01-13,2721599979520.0,2721599979520.0,-,
2012-01-12,2782080008192.0,2782080008192.0,-,
2012-01-11,2782080008192.0,2782080008192.0,-,
2012-01-10,2766960066560.0,2766960066560.0,-,
2012-01-09,2721599979520.0,2721599979520.0,-,
2012-01-06,2782080008192.0,2782080008192.0,-,
2012-01-05,2782080008192.0,2782080008192.0,-,
2012-01-04,2570400038912.0,2570400038912.0,-,
2012-01-03,2570400038912.0,2570400038912.0,-,
2011-12-30,2706480037888.0,2706480037888.0,-,
2011-12-29,2948399890432.0,2948399890432.0,-,
2011-12-28,2615760125952.0,2615760125952.0,-,
2011-12-27,2887920123904.0,2887920123904.0,-,
2011-12-23,3024000122880.0,3024000122880.0,-,
2011-12-22,3008879919104.0,3008879919104.0,-,
2011-12-21,2872799920128.0,2872799920128.0,-,
2011-12-20,3024000122880.0,3024000122880.0,-,
2011-12-19,3069359947776.0,3069359947776.0,-,
2011-12-16,3311280062464.0,3311280062464.0,-,
2011-12-15,3281039917056.0,3281039917056.0,-,
2011-12-14,3689279913984.0,3689279913984.0,-,
2011-12-13,3764879884288.0,3764879884288.0,-,
2011-12-12,3855600058368.0,3855600058368.0,-,
2011-12-09,3931200028672.0,3931200028672.0,-,
2011-12-08,3900959883264.0,3900959883264.0,-,
2011-12-07,3931200028672.0,3931200028672.0,-,
2011-12-06,3976560115712.0,3976560115712.0,-,
2011-12-05,3855600058368.0,3855600058368.0,-,
2011-12-02,3931200028672.0,3931200028672.0,-,
2011-12-01,3764879884288.0,3764879884288.0,-,
2011-11-30,3643920089088.0,3643920089088.0,-,
2011-11-29,3462480003072.0,3462480003072.0,-,
2011-11-28,3659040030720.0,3659040030720.0,-,
2011-11-25,3704400117760.0,3704400117760.0,-,
2011-11-23,3749759942656.0,3749759942656.0,-,
2011-11-22,3795120029696.0,3795120029696.0,-,
2011-11-21,3931200028672.0,3931200028672.0,-,
2011-11-18,3780000088064.0,3780000088064.0,-,
2011-11-17,3780000088064.0,3780000088064.0,-,
2011-11-16,3628799885312.0,3628799885312.0,-,
2011-11-15,3522960031744.0,3522960031744.0,-,
2011-11-14,3432240119808.0,3432240119808.0,-,
2011-11-11,3432240119808.0,3432240119808.0,-,
2011-11-10,3462480003072.0,3462480003072.0,-,
2011-11-09,3522960031744.0,3522960031744.0,-,
2011-11-08,3477599944704.0,3477599944704.0,-,
2011-11-07,3674159972352.0,3674159972352.0,-,
2011-11-04,3780000088064.0,3780000088064.0,-,
2011-11-03,3931200028672.0,3931200028672.0,-,
2011-11-02,4006799998976.0,4006799998976.0,-,
2011-11-01,3840480116736.0,3840480116736.0,-,
2011-10-31,4218479968256.0,4218479968256.0,-,
2011-10-28,4263840055296.0,4263840055296.0,-,
2011-10-27,3855600058368.0,3855600058368.0,-,
2011-10-26,3522960031744.0,3522960031744.0,-,
2011-10-25,3265919975424.0,3265919975424.0,-,
2011-10-24,3250800033792.0,3250800033792.0,-,
2011-10-21,3265919975424.0,3265919975424.0,-,
2011-10-20,3477599944704.0,3477599944704.0,-,
2011-10-19,3477599944704.0,3477599944704.0,-,
2011-10-18,3371760091136.0,3371760091136.0,-,
2011-10-17,3175200063488.0,3175200063488.0,-,
2011-10-14,3190320005120.0,3190320005120.0,-,
2011-10-13,3054240006144.0,3054240006144.0,-,
2011-10-12,2948399890432.0,2948399890432.0,-,
2011-10-11,1542239944704.0,1542239944704.0,-,
2011-10-10,1542239944704.0,1542239944704.0,-,
2011-10-07,1602719973376.0,1602719973376.0,-,
2011-10-06,1663200002048.0,1663200002048.0,-,
2011-10-05,1844639956992.0,1844639956992.0,-,
2011-10-04,1844639956992.0,1844639956992.0,-,
2011-10-03,1905119985664.0,1905119985664.0,-,
2011-09-30,2192400056320.0,2192400056320.0,-,
2011-09-29,2192400056320.0,2192400056320.0,-,
2011-09-28,2010959970304.0,2010959970304.0,-,
2011-09-27,1995840028672.0,1995840028672.0,-,
2011-09-26,2192400056320.0,2192400056320.0,-,
2011-09-23,2267999895552.0,2267999895552.0,-,
2011-09-22,2328479924224.0,2328479924224.0,-,
2011-09-21,2358720069632.0,2358720069632.0,-,
2011-09-20,2494800068608.0,2494800068608.0,-,
2011-09-19,2494800068608.0,2494800068608.0,-,
2011-09-16,2313359982592.0,2313359982592.0,-,
2011-09-15,2494800068608.0,2494800068608.0,-,
2011-09-14,2494800068608.0,2494800068608.0,-,
2011-09-13,2494800068608.0,2494800068608.0,-,
2011-09-12,2509920010240.0,2509920010240.0,-,
2011-09-09,2570400038912.0,2570400038912.0,-,
2011-09-08,2585519980544.0,2585519980544.0,-,
2011-09-07,2691360096256.0,2691360096256.0,-,
2011-09-06,2676239892480.0,2676239892480.0,-,
2011-09-02,3114720034816.0,3114720034816.0,-,
2011-09-01,2857679978496.0,2857679978496.0,-,
2011-08-31,2766960066560.0,2766960066560.0,-,
2011-08-30,3628799885312.0,3628799885312.0,-,
2011-08-29,3281039917056.0,3281039917056.0,-,
2011-08-26,3628799885312.0,3628799885312.0,-,
2011-08-25,3175200063488.0,3175200063488.0,-,
2011-08-24,2827440095232.0,2827440095232.0,-,
2011-08-23,2948399890432.0,2948399890432.0,-,
2011-08-22,3160080121856.0,3160080121856.0,-,
2011-08-19,3039120064512.0,3039120064512.0,-,
2011-08-18,3326400004096.0,3326400004096.0,-,
2011-08-17,3780000088064.0,3780000088064.0,-,
2011-08-16,4142879997952.0,4142879997952.0,-,
2011-08-15,3885839941632.0,3885839941632.0,-,
2011-08-12,3810239971328.0,3810239971328.0,-,
2011-08-11,3553199915008.0,3553199915008.0,-,
2011-08-10,3175200063488.0,3175200063488.0,-,
2011-08-09,3024000122880.0,3024000122880.0,-,
2011-08-08,2903040065536.0,2903040065536.0,-,
2011-08-05,3462480003072.0,3462480003072.0,-,
2011-08-04,3568320118784.0,3568320118784.0,-,
2011-08-03,3916080087040.0,3916080087040.0,-,
2011-08-02,3931200028672.0,3931200028672.0,-,
2011-08-01,3976560115712.0,3976560115712.0,-,
2011-07-29,3855600058368.0,3855600058368.0,-,
2011-07-28,3764879884288.0,3764879884288.0,-,
2011-07-27,4037039882240.0,4037039882240.0,-,
2011-07-26,4127760056320.0,4127760056320.0,-,
2011-07-25,4354559967232.0,4354559967232.0,-,
2011-07-22,4596480081920.0,4596480081920.0,-,
2011-07-21,4339440025600.0,4339440025600.0,-,
2011-07-20,4445280141312.0,4445280141312.0,-,
2011-07-19,4611600023552.0,4611600023552.0,-,
2011-07-18,4520879849472.0,4520879849472.0,-,
2011-07-15,4535999791104.0,4535999791104.0,-,
2011-07-14,4566240198656.0,4566240198656.0,-,
2011-07-13,5292000018432.0,5292000018432.0,-,
2011-07-12,5987519954944.0,5987519954944.0,-,
2011-07-11,6048000245760.0,6048000245760.0,-,
2011-07-08,6048000245760.0,6048000245760.0,-,
2011-07-07,5292000018432.0,5292000018432.0,-,
2011-07-06,5292000018432.0,5292000018432.0,-,
2011-07-05,5292000018432.0,5292000018432.0,-,
2011-07-01,4898879963136.0,4898879963136.0,-,
2011-06-30,4838400196608.0,4838400196608.0,-,
2011-06-29,4762799964160.0,4762799964160.0,-,
2011-06-28,4913999904768.0,4913999904768.0,-,
2011-06-27,4762799964160.0,4762799964160.0,-,
2011-06-24,5670000132096.0,5670000132096.0,-,
2011-06-23,5443199959040.0,5443199959040.0,-,
2011-06-22,6048000245760.0,6048000245760.0,-,
2011-06-21,5745599840256.0,5745599840256.0,-,
2011-06-20,6048000245760.0,6048000245760.0,-,
2011-06-17,5896799780864.0,5896799780864.0,-,
2011-06-16,6048000245760.0,6048000245760.0,-,
2011-06-15,6199200186368.0,6199200186368.0,-,
2011-06-14,6501600067584.0,6501600067584.0,-,
2011-06-13,6803999948800.0,6803999948800.0,-,
2011-06-10,7560000176128.0,7560000176128.0,-,
2011-06-09,8315999879168.0,8315999879168.0,-,
2011-06-08,8920800165888.0,8920800165888.0,-,
2011-06-07,8618399760384.0,8618399760384.0,-,
2011-06-06,8618399760384.0,8618399760384.0,-,
2011-06-03,9374400512000.0,9374400512000.0,-,
2011-06-02,9374400512000.0,9374400512000.0,-,
2011-06-01,8769600225280.0,8769600225280.0,-,
2011-05-31,9071999582208.0,9071999582208.0,-,
2011-05-27,9223200047104.0,9223200047104.0,-,
2011-05-26,10130399690752.0,10130399690752.0,-,
2011-05-25,10584000036864.0,10584000036864.0,-,
2011-05-24,9827999809536.0,9827999809536.0,-,
2011-05-23,9827999809536.0,9827999809536.0,-,
2011-05-20,9071999582208.0,9071999582208.0,-,
2011-05-19,9525599928320.0,9525599928320.0,-,
2011-05-18,9223200047104.0,9223200047104.0,-,
2011-05-17,9071999582208.0,9071999582208.0,-,
2011-05-16,9676800393216.0,9676800393216.0,-,
2011-05-13,9827999809536.0,9827999809536.0,-,
2011-05-12,9676800393216.0,9676800393216.0,-,
2011-05-11,9827999809536.0,9827999809536.0,-,
2011-05-10,10281600155648.0,10281600155648.0,-,
2011-05-09,10584000036864.0,10584000036864.0,-,
2011-05-06,11188799799296.0,11188799799296.0,-,
2011-05-05,10281600155648.0,10281600155648.0,-,
2011-05-04,10584000036864.0,10584000036864.0,-,
2011-05-03,10886399918080.0,10886399918080.0,-,
2011-05-02,10886399918080.0,10886399918080.0,-,
2011-04-29,11188799799296.0,11188799799296.0,-,
2011-04-28,10584000036864.0,10584000036864.0,-,
2011-04-27,10130399690752.0,10130399690752.0,-,
2011-04-26,11340000264192.0,11340000264192.0,-,
2011-04-25,10584000036864.0,10584000036864.0,-,
2011-04-21,10130399690752.0,10130399690752.0,-,
2011-04-20,9676800393216.0,9676800393216.0,-,
2011-04-19,9525599928320.0,9525599928320.0,-,
2011-04-18,9525599928320.0,9525599928320.0,-,
2011-04-15,10584000036864.0,10584000036864.0,-,
2011-04-14,11037600382976.0,11037600382976.0,-,
2011-04-13,11188799799296.0,11188799799296.0,-,
2011-04-12,11340000264192.0,11340000264192.0,-,
2011-04-11,11188799799296.0,11188799799296.0,-,
2011-04-08,10735200501760.0,10735200501760.0,-,
2011-04-07,10886399918080.0,10886399918080.0,-,
2011-04-06,10886399918080.0,10886399918080.0,-,
2011-04-05,10886399918080.0,10886399918080.0,-,
2011-04-04,10735200501760.0,10735200501760.0,-,
2011-04-01,10886399918080.0,10886399918080.0,-,
2011-03-31,11037600382976.0,11037600382976.0,-,
2011-03-30,11340000264192.0,11340000264192.0,-,
2011-03-29,11340000264192.0,11340000264192.0,-,
2011-03-28,11793599561728.0,11793599561728.0,-,
2011-03-25,11944800026624.0,11944800026624.0,-,
2011-03-24,12096000491520.0,12096000491520.0,-,
2011-03-23,10886399918080.0,10886399918080.0,-,
2011-03-22,11340000264192.0,11340000264192.0,-,
2011-03-21,12096000491520.0,12096000491520.0,-,
2011-03-18,13305600016384.0,13305600016384.0,-,
2011-03-17,13456800481280.0,13456800481280.0,-,
2011-03-16,12549599789056.0,12549599789056.0,-,
2011-03-15,12398400372736.0,12398400372736.0,-,
2011-03-14,12700800253952.0,12700800253952.0,-,
2011-03-11,12851999670272.0,12851999670272.0,-,
2011-03-10,13305600016384.0,13305600016384.0,-,
2011-03-09,13154399551488.0,13154399551488.0,-,
2011-03-08,13305600016384.0,13305600016384.0,-,
2011-03-07,13003200135168.0,13003200135168.0,-,
2011-03-04,13003200135168.0,13003200135168.0,-,
2011-03-03,13003200135168.0,13003200135168.0,-,
2011-03-02,13910399778816.0,13910399778816.0,-,
2011-03-01,13910399778816.0,13910399778816.0,-,
2011-02-28,13910399778816.0,13910399778816.0,-,
2011-02-25,14061600243712.0,14061600243712.0,-,
2011-02-24,14212799660032.0,14212799660032.0,-,
2011-02-23,14061600243712.0,14061600243712.0,-,
2011-02-22,13910399778816.0,13910399778816.0,-,
2011-02-18,14515199541248.0,14515199541248.0,-,
2011-02-17,15120000352256.0,15120000352256.0,-,
2011-02-16,14666400006144.0,14666400006144.0,-,
2011-02-15,14364000124928.0,14364000124928.0,-,
2011-02-14,14515199541248.0,14515199541248.0,-,
2011-02-11,14968799887360.0,14968799887360.0,-,
2011-02-10,14968799887360.0,14968799887360.0,-,
2011-02-09,15573599649792.0,15573599649792.0,-,
2011-02-08,15120000352256.0,15120000352256.0,-,
2011-02-07,15422400233472.0,15422400233472.0,-,
2011-02-04,15875999531008.0,15875999531008.0,-,
2011-02-03,15573599649792.0,15573599649792.0,-,
2011-02-02,16178400460800.0,16178400460800.0,-,
2011-02-01,15875999531008.0,15875999531008.0,-,
2011-01-31,16178400460800.0,16178400460800.0,-,
2011-01-28,15271199768576.0,15271199768576.0,-,
2011-01-27,15422400233472.0,15422400233472.0,-,
2011-01-26,15573599649792.0,15573599649792.0,-,
2011-01-25,15724800114688.0,15724800114688.0,-,
2011-01-24,15875999531008.0,15875999531008.0,-,
2011-01-21,15573599649792.0,15573599649792.0,-,
2011-01-20,15120000352256.0,15120000352256.0,-,
2011-01-19,14666400006144.0,14666400006144.0,-,
2011-01-18,15422400233472.0,15422400233472.0,-,
2011-01-14,16027199995904.0,16027199995904.0,-,
2011-01-13,16329599877120.0,16329599877120.0,-,
2011-01-12,16329599877120.0,16329599877120.0,-,
2011-01-11,15875999531008.0,15875999531008.0,-,
2011-01-10,15875999531008.0,15875999531008.0,-,
2011-01-07,16178400460800.0,16178400460800.0,-,
2011-01-06,16178400460800.0,16178400460800.0,-,
2011-01-05,16178400460800.0,16178400460800.0,-,
2011-01-04,15422400233472.0,15422400233472.0,-,
2011-01-03,16178400460800.0,16178400460800.0,-,
2010-12-31,16480800342016.0,16480800342016.0,-,
2010-12-30,16480800342016.0,16480800342016.0,-,
2010-12-29,16178400460800.0,16178400460800.0,-,
2010-12-28,16329599877120.0,16329599877120.0,-,
2010-12-27,17085600104448.0,17085600104448.0,-,
2010-12-23,16027199995904.0,16027199995904.0,-,
2010-12-22,16631999758336.0,16631999758336.0,-,
2010-12-21,15422400233472.0,15422400233472.0,-,
2010-12-20,14364000124928.0,14364000124928.0,-,
2010-12-17,14364000124928.0,14364000124928.0,-,
2010-12-16,14364000124928.0,14364000124928.0,-,
2010-12-15,13607999897600.0,13607999897600.0,-,
2010-12-14,13759200362496.0,13759200362496.0,-,
2010-12-13,13607999897600.0,13607999897600.0,-,
2010-12-10,13607999897600.0,13607999897600.0,-,
2010-12-09,12398400372736.0,12398400372736.0,-,
2010-12-08,12700800253952.0,12700800253952.0,-,
2010-12-07,12700800253952.0,12700800253952.0,-,
2010-12-06,12851999670272.0,12851999670272.0,-,
2010-12-03,12398400372736.0,12398400372736.0,-,
2010-12-02,12700800253952.0,12700800253952.0,-,
2010-12-01,12700800253952.0,12700800253952.0,-,
2010-11-30,12247199907840.0,12247199907840.0,-,
2010-11-29,11793599561728.0,11793599561728.0,-,
2010-11-26,13003200135168.0,13003200135168.0,-,
2010-11-24,12549599789056.0,12549599789056.0,-,
2010-11-23,11944800026624.0,11944800026624.0,-,
2010-11-22,11491199680512.0,11491199680512.0,-,
2010-11-19,12851999670272.0,12851999670272.0,-,
2010-11-18,13305600016384.0,13305600016384.0,-,
2010-11-17,13305600016384.0,13305600016384.0,-,
2010-11-16,13154399551488.0,13154399551488.0,-,
2010-11-15,14364000124928.0,14364000124928.0,-,
2010-11-12,14212799660032.0,14212799660032.0,-,
2010-11-11,13305600016384.0,13305600016384.0,-,
2010-11-10,13456800481280.0,13456800481280.0,-,
2010-11-09,12549599789056.0,12549599789056.0,-,
2010-11-08,12700800253952.0,12700800253952.0,-,
2010-11-05,11340000264192.0,11340000264192.0,-,
2010-11-04,11037600382976.0,11037600382976.0,-,
2010-11-03,10432799571968.0,10432799571968.0,-,
2010-11-02,10432799571968.0,10432799571968.0,-,
2010-11-01,10281600155648.0,10281600155648.0,-,
2010-10-29,10281600155648.0,10281600155648.0,-,
2010-10-28,10432799571968.0,10432799571968.0,-,
2010-10-27,10130399690752.0,10130399690752.0,-,
2010-10-26,10130399690752.0,10130399690752.0,-,
2010-10-25,10130399690752.0,10130399690752.0,-,
2010-10-22,10584000036864.0,10584000036864.0,-,
2010-10-21,10735200501760.0,10735200501760.0,-,
2010-10-20,10432799571968.0,10432799571968.0,-,
2010-10-19,10886399918080.0,10886399918080.0,-,
2010-10-18,10735200501760.0,10735200501760.0,-,
2010-10-15,10735200501760.0,10735200501760.0,-,
2010-10-14,10584000036864.0,10584000036864.0,-,
2010-10-13,10281600155648.0,10281600155648.0,-,
2010-10-12,10886399918080.0,10886399918080.0,-,
2010-10-11,10584000036864.0,10584000036864.0,-,
2010-10-08,10432799571968.0,10432799571968.0,-,
2010-10-07,10886399918080.0,10886399918080.0,-,
2010-10-06,10130399690752.0,10130399690752.0,-,
2010-10-05,10584000036864.0,10584000036864.0,-,
2010-10-04,9827999809536.0,9827999809536.0,-,
2010-10-01,10281600155648.0,10281600155648.0,-,
2010-09-30,10432799571968.0,10432799571968.0,-,
2010-09-29,9676800393216.0,9676800393216.0,-,
2010-09-28,10130399690752.0,10130399690752.0,-,
2010-09-27,9827999809536.0,9827999809536.0,-,
2010-09-24,9827999809536.0,9827999809536.0,-,
2010-09-23,9979200274432.0,9979200274432.0,-,
2010-09-22,9979200274432.0,9979200274432.0,-,
2010-09-21,10886399918080.0,10886399918080.0,-,
2010-09-20,10584000036864.0,10584000036864.0,-,
2010-09-17,10130399690752.0,10130399690752.0,-,
2010-09-16,11188799799296.0,11188799799296.0,-,
2010-09-15,10432799571968.0,10432799571968.0,-,
2010-09-14,10432799571968.0,10432799571968.0,-,
2010-09-13,10735200501760.0,10735200501760.0,-,
2010-09-10,10281600155648.0,10281600155648.0,-,
2010-09-09,10130399690752.0,10130399690752.0,-,
2010-09-08,10432799571968.0,10432799571968.0,-,
2010-09-07,10735200501760.0,10735200501760.0,-,
2010-09-03,9979200274432.0,9979200274432.0,-,
2010-09-02,10584000036864.0,10584000036864.0,-,
2010-09-01,10584000036864.0,10584000036864.0,-,
2010-08-31,10281600155648.0,10281600155648.0,-,
2010-08-30,10432799571968.0,10432799571968.0,-,
2010-08-27,10130399690752.0,10130399690752.0,-,
2010-08-26,10432799571968.0,10432799571968.0,-,
2010-08-25,10584000036864.0,10584000036864.0,-,
2010-08-24,10432799571968.0,10432799571968.0,-,
2010-08-23,11188799799296.0,11188799799296.0,-,
2010-08-20,10281600155648.0,10281600155648.0,-,
2010-08-19,11188799799296.0,11188799799296.0,-,
2010-08-18,11642400145408.0,11642400145408.0,-,
2010-08-17,12398400372736.0,12398400372736.0,-,
2010-08-16,11491199680512.0,11491199680512.0,-,
2010-08-13,12851999670272.0,12851999670272.0,-,
2010-08-12,12851999670272.0,12851999670272.0,-,
2010-08-11,12549599789056.0,12549599789056.0,-,
2010-08-10,13305600016384.0,13305600016384.0,-,
2010-08-09,13305600016384.0,13305600016384.0,-,
2010-08-06,13305600016384.0,13305600016384.0,-,
2010-08-05,13607999897600.0,13607999897600.0,-,
2010-08-04,14817600471040.0,14817600471040.0,-,
2010-08-03,14061600243712.0,14061600243712.0,-,
2010-08-02,13759200362496.0,13759200362496.0,-,
2010-07-30,13910399778816.0,13910399778816.0,-,
2010-07-29,14817600471040.0,14817600471040.0,-,
2010-07-28,15120000352256.0,15120000352256.0,-,
2010-07-27,15271199768576.0,15271199768576.0,-,
2010-07-26,15120000352256.0,15120000352256.0,-,
2010-07-23,14212799660032.0,14212799660032.0,-,
2010-07-22,13456800481280.0,13456800481280.0,-,
2010-07-21,12700800253952.0,12700800253952.0,-,
2010-07-20,13456800481280.0,13456800481280.0,-,
2010-07-19,13003200135168.0,13003200135168.0,-,
2010-07-16,13003200135168.0,13003200135168.0,-,
2010-07-15,12851999670272.0,12851999670272.0,-,
2010-07-14,13003200135168.0,13003200135168.0,-,
2010-07-13,12398400372736.0,12398400372736.0,-,
2010-07-12,13456800481280.0,13456800481280.0,-,
2010-07-09,12247199907840.0,12247199907840.0,-,
2010-07-08,12549599789056.0,12549599789056.0,-,
2010-07-07,12247199907840.0,12247199907840.0,-,
2010-07-06,12700800253952.0,12700800253952.0,-,
2010-07-02,13154399551488.0,13154399551488.0,-,
2010-07-01,13003200135168.0,13003200135168.0,-,
2010-06-30,14666400006144.0,14666400006144.0,-,
2010-06-29,15120000352256.0,15120000352256.0,-,
2010-06-28,15724800114688.0,15724800114688.0,-,
2010-06-25,16329599877120.0,16329599877120.0,-,
2010-06-24,16480800342016.0,16480800342016.0,-,
2010-06-23,16934399639552.0,16934399639552.0,-,
2010-06-22,16480800342016.0,16480800342016.0,-,
2010-06-21,16934399639552.0,16934399639552.0,-,
2010-06-18,17236799520768.0,17236799520768.0,-,
2010-06-17,17236799520768.0,17236799520768.0,-,
2010-06-16,16631999758336.0,16631999758336.0,-,
2010-06-15,17236799520768.0,17236799520768.0,-,
2010-06-14,17085600104448.0,17085600104448.0,-,
2010-06-11,17085600104448.0,17085600104448.0,-,
2010-06-10,16934399639552.0,16934399639552.0,-,
2010-06-09,17236799520768.0,17236799520768.0,-,
2010-06-08,16934399639552.0,16934399639552.0,-,
2010-06-07,17236799520768.0,17236799520768.0,-,
2010-06-04,16329599877120.0,16329599877120.0,-,
2010-06-03,16783200223232.0,16783200223232.0,-,
2010-06-02,17539200450560.0,17539200450560.0,-,
2010-06-01,17387999985664.0,17387999985664.0,-,
2010-05-28,17387999985664.0,17387999985664.0,-,
2010-05-27,16480800342016.0,16480800342016.0,-,
2010-05-26,16480800342016.0,16480800342016.0,-,
2010-05-25,17236799520768.0,17236799520768.0,-,
2010-05-24,16178400460800.0,16178400460800.0,-,
2010-05-21,17085600104448.0,17085600104448.0,-,
2010-05-20,15422400233472.0,15422400233472.0,-,
2010-05-19,16631999758336.0,16631999758336.0,-,
2010-05-18,17690399866880.0,17690399866880.0,-,
2010-05-17,17992800796672.0,17992800796672.0,-,
2010-05-14,17992800796672.0,17992800796672.0,-,
2010-05-13,18143999164416.0,18143999164416.0,-,
2010-05-12,18295199629312.0,18295199629312.0,-,
2010-05-11,18295199629312.0,18295199629312.0,-,
2010-05-10,18143999164416.0,18143999164416.0,-,
2010-05-07,16329599877120.0,16329599877120.0,-,
2010-05-06,16631999758336.0,16631999758336.0,-,
2010-05-05,17690399866880.0,17690399866880.0,-,
2010-05-04,17841600331776.0,17841600331776.0,-,
2010-05-03,18446400094208.0,18446400094208.0,-,
2010-04-30,18597600559104.0,18597600559104.0,-,
2010-04-29,18143999164416.0,18143999164416.0,-,
2010-04-28,18295199629312.0,18295199629312.0,-,
2010-04-27,18143999164416.0,18143999164416.0,-,
2010-04-26,18295199629312.0,18295199629312.0,-,
2010-04-23,17841600331776.0,17841600331776.0,-,
2010-04-22,18143999164416.0,18143999164416.0,-,
2010-04-21,17387999985664.0,17387999985664.0,-,
2010-04-20,17387999985664.0,17387999985664.0,-,
2010-04-19,17236799520768.0,17236799520768.0,-,
2010-04-16,18748801024000.0,18748801024000.0,-,
2010-04-15,18899999391744.0,18899999391744.0,-,
2010-04-14,19353600786432.0,19353600786432.0,-,
2010-04-13,18597600559104.0,18597600559104.0,-,
2010-04-12,18295199629312.0,18295199629312.0,-,
2010-04-09,16783200223232.0,16783200223232.0,-,
2010-04-08,16783200223232.0,16783200223232.0,-,
2010-04-07,16783200223232.0,16783200223232.0,-,
2010-04-06,16934399639552.0,16934399639552.0,-,
2010-04-05,16783200223232.0,16783200223232.0,-,
2010-04-01,16631999758336.0,16631999758336.0,-,
2010-03-31,16631999758336.0,16631999758336.0,-,
2010-03-30,16631999758336.0,16631999758336.0,-,
2010-03-29,16631999758336.0,16631999758336.0,-,
2010-03-26,16783200223232.0,16783200223232.0,-,
2010-03-25,16329599877120.0,16329599877120.0,-,
2010-03-24,16329599877120.0,16329599877120.0,-,
2010-03-23,16178400460800.0,16178400460800.0,-,
2010-03-22,16178400460800.0,16178400460800.0,-,
2010-03-19,15875999531008.0,15875999531008.0,-,
2010-03-18,16934399639552.0,16934399639552.0,-,
2010-03-17,17085600104448.0,17085600104448.0,-,
2010-03-16,16934399639552.0,16934399639552.0,-,
2010-03-15,17236799520768.0,17236799520768.0,-,
2010-03-12,17236799520768.0,17236799520768.0,-,
2010-03-11,16783200223232.0,16783200223232.0,-,
2010-03-10,16934399639552.0,16934399639552.0,-,
2010-03-09,17236799520768.0,17236799520768.0,-,
2010-03-08,16934399639552.0,16934399639552.0,-,
2010-03-05,16178400460800.0,16178400460800.0,-,
2010-03-04,16329599877120.0,16329599877120.0,-,
2010-03-03,16329599877120.0,16329599877120.0,-,
2010-03-02,16027199995904.0,16027199995904.0,-,
2010-03-01,16631999758336.0,16631999758336.0,-,
2010-02-26,16329599877120.0,16329599877120.0,-,
2010-02-25,16480800342016.0,16480800342016.0,-,
2010-02-24,16178400460800.0,16178400460800.0,-,
2010-02-23,16178400460800.0,16178400460800.0,-,
2010-02-22,16329599877120.0,16329599877120.0,-,
2010-02-19,15573599649792.0,15573599649792.0,-,
2010-02-18,16178400460800.0,16178400460800.0,-,
2010-02-17,16480800342016.0,16480800342016.0,-,
2010-02-16,17539200450560.0,17539200450560.0,-,
2010-02-12,17236799520768.0,17236799520768.0,-,
2010-02-11,16480800342016.0,16480800342016.0,-,
2010-02-10,16631999758336.0,16631999758336.0,-,
2010-02-09,16631999758336.0,16631999758336.0,-,
2010-02-08,16631999758336.0,16631999758336.0,-,
2010-02-05,16631999758336.0,16631999758336.0,-,
2010-02-04,16631999758336.0,16631999758336.0,-,
2010-02-03,16631999758336.0,16631999758336.0,-,
2010-02-02,16631999758336.0,16631999758336.0,-,
2010-02-01,16631999758336.0,16631999758336.0,-,
2010-01-29,16631999758336.0,16631999758336.0,-,
2010-01-28,16934399639552.0,16934399639552.0,-,
2010-01-27,16934399639552.0,16934399639552.0,-,
2010-01-26,17236799520768.0,17236799520768.0,-,
2010-01-25,17085600104448.0,17085600104448.0,-,
2010-01-22,16783200223232.0,16783200223232.0,-,
2010-01-21,16631999758336.0,16631999758336.0,-,
2010-01-20,15875999531008.0,15875999531008.0,-,
2010-01-19,15724800114688.0,15724800114688.0,-,
2010-01-15,17690399866880.0,17690399866880.0,-,
2010-01-14,18748801024000.0,18748801024000.0,-,
2010-01-13,18295199629312.0,18295199629312.0,-,
2010-01-12,17690399866880.0,17690399866880.0,-,
2010-01-11,17992800796672.0,17992800796672.0,-,
2010-01-08,17236799520768.0,17236799520768.0,-,
2010-01-07,17236799520768.0,17236799520768.0,-,
2010-01-06,16631999758336.0,16631999758336.0,-,
2010-01-05,16027199995904.0,16027199995904.0,-,
2010-01-04,14968799887360.0,14968799887360.0,-,
2009-12-31,15271199768576.0,15271199768576.0,-,
2009-12-30,14968799887360.0,14968799887360.0,-,
2009-12-29,17236799520768.0,17236799520768.0,-,
2009-12-28,14515199541248.0,14515199541248.0,-,
2009-12-24,15573599649792.0,15573599649792.0,-,
2009-12-23,15120000352256.0,15120000352256.0,-,
2009-12-22,15120000352256.0,15120000352256.0,-,
2009-12-21,14817600471040.0,14817600471040.0,-,
2009-12-18,15120000352256.0,15120000352256.0,-,
2009-12-17,15120000352256.0,15120000352256.0,-,
2009-12-16,15120000352256.0,15120000352256.0,-,
2009-12-15,14817600471040.0,14817600471040.0,-,
2009-12-14,14666400006144.0,14666400006144.0,-,
2009-12-11,14968799887360.0,14968799887360.0,-,
2009-12-10,14817600471040.0,14817600471040.0,-,
2009-12-09,15120000352256.0,15120000352256.0,-,
2009-12-08,15573599649792.0,15573599649792.0,-,
2009-12-07,15271199768576.0,15271199768576.0,-,
2009-12-04,15271199768576.0,15271199768576.0,-,
2009-12-03,15422400233472.0,15422400233472.0,-,
2009-12-02,15573599649792.0,15573599649792.0,-,
2009-12-01,16027199995904.0,16027199995904.0,-,
2009-11-30,16178400460800.0,16178400460800.0,-,
2009-11-27,15573599649792.0,15573599649792.0,-,
2009-11-25,15724800114688.0,15724800114688.0,-,
2009-11-24,15120000352256.0,15120000352256.0,-,
2009-11-23,15422400233472.0,15422400233472.0,-,
2009-11-20,17539200450560.0,17539200450560.0,-,
2009-11-19,17387999985664.0,17387999985664.0,-,
2009-11-18,16178400460800.0,16178400460800.0,-,
2009-11-17,15271199768576.0,15271199768576.0,-,
2009-11-16,15120000352256.0,15120000352256.0,-,
2009-11-13,14968799887360.0,14968799887360.0,-,
2009-11-12,14666400006144.0,14666400006144.0,-,
2009-11-11,14817600471040.0,14817600471040.0,-,
2009-11-10,15120000352256.0,15120000352256.0,-,
2009-11-09,15875999531008.0,15875999531008.0,-,
2009-11-06,15573599649792.0,15573599649792.0,-,
2009-11-05,15120000352256.0,15120000352256.0,-,
2009-11-04,15724800114688.0,15724800114688.0,-,
2009-11-03,14212799660032.0,14212799660032.0,-,
2009-11-02,14212799660032.0,14212799660032.0,-,
2009-10-30,14666400006144.0,14666400006144.0,-,
2009-10-29,15573599649792.0,15573599649792.0,-,
2009-10-28,15120000352256.0,15120000352256.0,-,
2009-10-27,15875999531008.0,15875999531008.0,-,
2009-10-26,16934399639552.0,16934399639552.0,-,
2009-10-23,17387999985664.0,17387999985664.0,-,
2009-10-22,17085600104448.0,17085600104448.0,-,
2009-10-21,16783200223232.0,16783200223232.0,-,
2009-10-20,16934399639552.0,16934399639552.0,-,
2009-10-19,17085600104448.0,17085600104448.0,-,
2009-10-16,17539200450560.0,17539200450560.0,-,
2009-10-15,18295199629312.0,18295199629312.0,-,
2009-10-14,19051199856640.0,19051199856640.0,-,
2009-10-13,18446400094208.0,18446400094208.0,-,
2009-10-12,18597600559104.0,18597600559104.0,-,
2009-10-09,18597600559104.0,18597600559104.0,-,
2009-10-08,18748801024000.0,18748801024000.0,-,
2009-10-07,17992800796672.0,17992800796672.0,-,
2009-10-06,18143999164416.0,18143999164416.0,-,
2009-10-05,17992800796672.0,17992800796672.0,-,
2009-10-02,17539200450560.0,17539200450560.0,-,
2009-10-01,18295199629312.0,18295199629312.0,-,
2009-09-30,18597600559104.0,18597600559104.0,-,
2009-09-29,18446400094208.0,18446400094208.0,-,
2009-09-28,17539200450560.0,17539200450560.0,-,
2009-09-25,17841600331776.0,17841600331776.0,-,
2009-09-24,17992800796672.0,17992800796672.0,-,
2009-09-23,19051199856640.0,19051199856640.0,-,
2009-09-22,19504799154176.0,19504799154176.0,-,
2009-09-21,19353600786432.0,19353600786432.0,-,
2009-09-18,20109601013760.0,20109601013760.0,-,
2009-09-17,20563200311296.0,20563200311296.0,-,
2009-09-16,21168000073728.0,21168000073728.0,-,
2009-09-15,21319200538624.0,21319200538624.0,-,1.0
2009-09-14,21470401003520.0,21470401003520.0,-,1.0
2009-09-11,22377599598592.0,22377599598592.0,-,1.0
2009-09-10,22226399133696.0,22226399133696.0,-,1.0
2009-09-09,20865599143936.0,20865599143936.0,-,1.0
2009-09-08,19958400548864.0,19958400548864.0,-,1.0
2009-09-04,19051199856640.0,19051199856640.0,-,1.0
2009-09-03,19353600786432.0,19353600786432.0,-,1.0
2009-09-02,20411999846400.0,20411999846400.0,-,1.0
2009-09-01,21621599371264.0,21621599371264.0,-,1.0
2009-08-31,22982399361024.0,22982399361024.0,-,1.0
2009-08-28,23587199123456.0,23587199123456.0,-,1.0
2009-08-27,24040800518144.0,24040800518144.0,-,1.0
2009-08-26,24494399815680.0,24494399815680.0,-,1.0
2009-08-25,24494399815680.0,24494399815680.0,-,1.0
2009-08-24,25703999340544.0,25703999340544.0,-,1.0
2009-08-21,24192000983040.0,24192000983040.0,-,1.0
2009-08-20,25855199805440.0,25855199805440.0,-,1.0
2009-08-19,26006400270336.0,26006400270336.0,-,1.0
2009-08-18,26459999567872.0,26459999567872.0,-,1.0
2009-08-17,26913600962560.0,26913600962560.0,-,1.0
2009-08-14,28274400952320.0,28274400952320.0,-,1.0
2009-08-13,27518400724992.0,27518400724992.0,-,1.0
2009-08-12,26762400497664.0,26762400497664.0,-,1.0
2009-08-11,27669599092736.0,27669599092736.0,-,1.0
2009-08-10,28123200487424.0,28123200487424.0,-,1.0
2009-08-07,28576799784960.0,28576799784960.0,-,1.0
2009-08-06,27972000022528.0,27972000022528.0,-,1.0
2009-08-05,28728000249856.0,28728000249856.0,-,1.0
2009-08-04,27518400724992.0,27518400724992.0,-,1.0
2009-08-03,28123200487424.0,28123200487424.0,-,1.0
2009-07-31,27669599092736.0,27669599092736.0,-,1.0
2009-07-30,27215999795200.0,27215999795200.0,-,1.0
2009-07-29,27064799330304.0,27064799330304.0,-,1.0
2009-07-28,28879200714752.0,28879200714752.0,-,1.0
2009-07-27,30088800239616.0,30088800239616.0,-,1.0
2009-07-24,27820799557632.0,27820799557632.0,-,1.0
2009-07-23,26459999567872.0,26459999567872.0,-,1.0
2009-07-22,28274400952320.0,28274400952320.0,-,1.0
2009-07-21,26762400497664.0,26762400497664.0,-,1.0
2009-07-20,25855199805440.0,25855199805440.0,-,1.0
2009-07-17,26762400497664.0,26762400497664.0,-,1.0
2009-07-16,27215999795200.0,27215999795200.0,-,1.0
2009-07-15,27064799330304.0,27064799330304.0,-,1.0
2009-07-14,25099199578112.0,25099199578112.0,-,1.0
2009-07-13,23889600053248.0,23889600053248.0,-,1.0
2009-07-10,24796800745472.0,24796800745472.0,-,1.0
2009-07-09,24040800518144.0,24040800518144.0,-,1.0
2009-07-08,23133599825920.0,23133599825920.0,-,1.0
2009-07-07,24947999113216.0,24947999113216.0,-,1.0
2009-07-06,28879200714752.0,28879200714752.0,-,1.0
2009-07-02,32054399991808.0,32054399991808.0,-,1.0
2009-07-01,31751999062016.0,31751999062016.0,-,1.0
2009-06-30,30693600002048.0,30693600002048.0,-,1.0
2009-06-29,32659199754240.0,32659199754240.0,-,1.0
2009-06-26,31751999062016.0,31751999062016.0,-,1.0
2009-06-25,30542399537152.0,30542399537152.0,-,1.0
2009-06-24,30844800466944.0,30844800466944.0,-,1.0
2009-06-23,29937599774720.0,29937599774720.0,-,1.0
2009-06-22,30240000704512.0,30240000704512.0,-,1.0
2009-06-19,36287998328832.0,36287998328832.0,-,1.0
2009-06-18,35985601593344.0,35985601593344.0,-,1.0
2009-06-17,33868799279104.0,33868799279104.0,-,1.0
2009-06-16,35834401128448.0,35834401128448.0,-,1.0
2009-06-15,36439198793728.0,36439198793728.0,-,1.0
2009-06-12,38707201572864.0,38707201572864.0,-,1.0
2009-06-11,37799998783488.0,37799998783488.0,-,1.0
2009-06-10,40219202027520.0,40219202027520.0,-,1.0
2009-06-09,41882398752768.0,41882398752768.0,-,1.0
2009-06-08,38707201572864.0,38707201572864.0,-,1.0
2009-06-05,43545599672320.0,43545599672320.0,-,1.0
2009-06-04,46872001511424.0,46872001511424.0,-,1.0
2009-06-03,47627999641600.0,47627999641600.0,-,1.0
2009-06-02,53222400065536.0,53222400065536.0,-,1.0
2009-06-01,34624799506432.0,34624799506432.0,-,1.0
2009-05-29,26762400497664.0,26762400497664.0,-,1.0
2009-05-28,26157600735232.0,26157600735232.0,-,1.0
2009-05-27,25703999340544.0,25703999340544.0,-,1.0
2009-05-26,25401600507904.0,25401600507904.0,-,1.0
2009-05-22,24796800745472.0,24796800745472.0,-,1.0
2009-05-21,23738399588352.0,23738399588352.0,-,1.0
2009-05-20,25099199578112.0,25099199578112.0,-,1.0
2009-05-19,24947999113216.0,24947999113216.0,-,1.0
2009-05-18,24947999113216.0,24947999113216.0,-,1.0
2009-05-15,23587199123456.0,23587199123456.0,-,1.0
2009-05-14,23284800290816.0,23284800290816.0,-,1.0
2009-05-13,23738399588352.0,23738399588352.0,-,1.0
2009-05-12,25552800972800.0,25552800972800.0,-,1.0
2009-05-11,25250400043008.0,25250400043008.0,-,1.0
2009-05-08,25552800972800.0,25552800972800.0,-,1.0
2009-05-07,24947999113216.0,24947999113216.0,-,1.0
2009-05-06,23436000755712.0,23436000755712.0,-,1.0
2009-05-05,24192000983040.0,24192000983040.0,-,1.0
2009-05-04,23738399588352.0,23738399588352.0,-,1.0
2009-05-01,23587199123456.0,23587199123456.0,-,1.0
2009-04-30,23284800290816.0,23284800290816.0,-,1.0
2009-04-29,22982399361024.0,22982399361024.0,-,1.0
2009-04-28,22680000528384.0,22680000528384.0,-,1.0
2009-04-27,23436000755712.0,23436000755712.0,-,1.0
2009-04-24,23738399588352.0,23738399588352.0,-,1.0
2009-04-23,22680000528384.0,22680000528384.0,-,1.0
2009-04-22,23436000755712.0,23436000755712.0,-,1.0
2009-04-21,22982399361024.0,22982399361024.0,-,1.0
2009-04-20,22831200993280.0,22831200993280.0,-,1.0
2009-04-17,24947999113216.0,24947999113216.0,-,1.0
2009-04-16,22528800063488.0,22528800063488.0,-,1.0
2009-04-15,22680000528384.0,22680000528384.0,-,1.0
2009-04-14,22075200765952.0,22075200765952.0,-,1.0
2009-04-13,20260799381504.0,20260799381504.0,-,1.0
2009-04-09,17387999985664.0,17387999985664.0,-,1.0
2009-04-08,16329599877120.0,16329599877120.0,-,1.0
2009-04-07,15573599649792.0,15573599649792.0,-,1.0
2009-04-06,16329599877120.0,16329599877120.0,-,1.0
2009-04-03,17387999985664.0,17387999985664.0,-,1.0
2009-04-02,17387999985664.0,17387999985664.0,-,1.0
2009-04-01,14817600471040.0,14817600471040.0,-,1.0
2009-03-31,14817600471040.0,14817600471040.0,-,1.0
2009-03-30,15120000352256.0,15120000352256.0,-,1.0
2009-03-27,16329599877120.0,16329599877120.0,-,1.0
2009-03-26,14212799660032.0,14212799660032.0,-,1.0
2009-03-25,13154399551488.0,13154399551488.0,-,1.0
2009-03-24,14666400006144.0,14666400006144.0,-,1.0
2009-03-23,13759200362496.0,13759200362496.0,-,1.0
2009-03-20,13607999897600.0,13607999897600.0,-,1.0
2009-03-19,14968799887360.0,14968799887360.0,-,1.0
2009-03-18,13456800481280.0,13456800481280.0,-,1.0
2009-03-17,15271199768576.0,15271199768576.0,-,1.0
2009-03-16,13607999897600.0,13607999897600.0,-,1.0
2009-03-13,13607999897600.0,13607999897600.0,-,1.0
2009-03-12,12398400372736.0,12398400372736.0,-,1.0
2009-03-11,13759200362496.0,13759200362496.0,-,1.0
2009-03-10,13607999897600.0,13607999897600.0,-,1.0
2009-03-09,12398400372736.0,12398400372736.0,-,1.0
2009-03-06,11642400145408.0,11642400145408.0,-,1.0
2009-03-05,13305600016384.0,13305600016384.0,-,1.0
2009-03-04,13305600016384.0,13305600016384.0,-,1.0
2009-03-03,14061600243712.0,14061600243712.0,-,1.0
2009-03-02,15422400233472.0,15422400233472.0,-,1.0
2009-02-27,19051199856640.0,19051199856640.0,-,1.0
2009-02-26,21924000301056.0,21924000301056.0,-,1.0
2009-02-25,21470401003520.0,21470401003520.0,-,1.0
2009-02-24,22226399133696.0,22226399133696.0,-,1.0
2009-02-23,21168000073728.0,21168000073728.0,-,1.0
2009-02-20,22831200993280.0,22831200993280.0,-,1.0
2009-02-19,26308799102976.0,26308799102976.0,-,1.0
2009-02-18,27215999795200.0,27215999795200.0,-,1.0
2009-02-17,30240000704512.0,30240000704512.0,-,1.0
2009-02-13,25703999340544.0,25703999340544.0,-,1.0
2009-02-12,25401600507904.0,25401600507904.0,-,1.0
2009-02-11,25552800972800.0,25552800972800.0,-,1.0
2009-02-10,25855199805440.0,25855199805440.0,-,1.0
2009-02-09,27820799557632.0,27820799557632.0,-,1.0
2009-02-06,25855199805440.0,25855199805440.0,-,1.0
2009-02-05,27064799330304.0,27064799330304.0,-,1.0
2009-02-04,27367200260096.0,27367200260096.0,-,1.0
2009-02-03,27518400724992.0,27518400724992.0,-,1.0
2009-02-02,27518400724992.0,27518400724992.0,-,1.0
2009-01-30,27669599092736.0,27669599092736.0,-,1.0
2009-01-29,30240000704512.0,30240000704512.0,-,1.0
2009-01-28,30996000931840.0,30996000931840.0,-,1.0
2009-01-27,30996000931840.0,30996000931840.0,-,1.0
2009-01-26,31449600229376.0,31449600229376.0,-,1.0
2009-01-23,32659199754240.0,32659199754240.0,-,1.0
2009-01-22,30542399537152.0,30542399537152.0,-,1.0
2009-01-21,32810400219136.0,32810400219136.0,-,1.0
2009-01-20,29786399309824.0,29786399309824.0,-,1.0
2009-01-16,31449600229376.0,31449600229376.0,-,1.0
2009-01-15,32810400219136.0,32810400219136.0,-,1.0
2009-01-14,32507999289344.0,32507999289344.0,-,1.0
2009-01-13,34775999971328.0,34775999971328.0,-,1.0
2009-01-12,33868799279104.0,33868799279104.0,-,1.0
2009-01-09,34624799506432.0,34624799506432.0,-,1.0
2009-01-08,34019999744000.0,34019999744000.0,-,1.0
2009-01-07,27972000022528.0,27972000022528.0,-,1.0
2009-01-06,28879200714752.0,28879200714752.0,-,1.0
2009-01-05,28123200487424.0,28123200487424.0,-,1.0
2009-01-02,28728000249856.0,28728000249856.0,-,1.0
2008-12-31,24645600280576.0,24645600280576.0,-,1.0
2008-12-30,25855199805440.0,25855199805440.0,-,1.0
2008-12-29,25250400043008.0,25250400043008.0,-,1.0
2008-12-26,26611200032768.0,26611200032768.0,-,1.0
2008-12-24,27518400724992.0,27518400724992.0,-,1.0
2008-12-23,27518400724992.0,27518400724992.0,-,1.0
2008-12-22,24343199350784.0,24343199350784.0,-,1.0
2008-12-19,23587199123456.0,23587199123456.0,-,1.0
2008-12-18,24192000983040.0,24192000983040.0,-,1.0
2008-12-17,27215999795200.0,27215999795200.0,-,1.0
2008-12-16,25401600507904.0,25401600507904.0,-,1.0
2008-12-15,24494399815680.0,24494399815680.0,-,1.0
2008-12-12,25703999340544.0,25703999340544.0,-,1.0
2008-12-11,26913600962560.0,26913600962560.0,-,1.0
2008-12-10,30088800239616.0,30088800239616.0,-,1.0
2008-12-09,28728000249856.0,28728000249856.0,-,1.0
2008-12-08,27215999795200.0,27215999795200.0,-,1.0
2008-12-05,25552800972800.0,25552800972800.0,-,1.0
2008-12-04,25703999340544.0,25703999340544.0,-,1.0
2008-12-03,27367200260096.0,27367200260096.0,-,1.0
2008-12-02,27820799557632.0,27820799557632.0,-,1.0
2008-12-01,28879200714752.0,28879200714752.0,-,1.0
2008-11-28,29484000477184.0,29484000477184.0,-,1.0
2008-11-26,28879200714752.0,28879200714752.0,-,1.0
2008-11-25,29484000477184.0,29484000477184.0,-,1.0
2008-11-24,28728000249856.0,28728000249856.0,-,1.0
2008-11-21,28728000249856.0,28728000249856.0,-,1.0
2008-11-20,27367200260096.0,27367200260096.0,-,1.0
2008-11-19,28728000249856.0,28728000249856.0,-,1.0
2008-11-18,28576799784960.0,28576799784960.0,-,1.0
2008-11-17,30844800466944.0,30844800466944.0,-,1.0
2008-11-14,28274400952320.0,28274400952320.0,-,1.0
2008-11-13,23587199123456.0,23587199123456.0,-,1.0
2008-11-12,22680000528384.0,22680000528384.0,-,1.0
2008-11-11,24192000983040.0,24192000983040.0,-,1.0
2008-11-10,25703999340544.0,25703999340544.0,-,1.0
2008-11-07,25099199578112.0,25099199578112.0,-,1.0
2008-11-06,25552800972800.0,25552800972800.0,-,1.0
2008-11-05,28274400952320.0,28274400952320.0,-,1.0
2008-11-04,26913600962560.0,26913600962560.0,-,1.0
2008-11-03,25703999340544.0,25703999340544.0,-,1.0
2008-10-31,25703999340544.0,25703999340544.0,-,1.0
2008-10-30,22680000528384.0,22680000528384.0,-,1.0
2008-10-29,22680000528384.0,22680000528384.0,-,1.0
2008-10-28,21168000073728.0,21168000073728.0,-,1.0
2008-10-27,24494399815680.0,24494399815680.0,-,1.0
2008-10-24,27367200260096.0,27367200260096.0,-,1.0
2008-10-23,31600800694272.0,31600800694272.0,-,1.0
2008-10-22,34322400673792.0,34322400673792.0,-,1.0
2008-10-21,36741599723520.0,36741599723520.0,-,1.0
2008-10-20,37346401583104.0,37346401583104.0,-,1.0
2008-10-17,36439198793728.0,36439198793728.0,-,1.0
2008-10-16,37648798318592.0,37648798318592.0,-,1.0
2008-10-15,37044000653312.0,37044000653312.0,-,1.0
2008-10-14,38253600178176.0,38253600178176.0,-,1.0
2008-10-13,37497602048000.0,37497602048000.0,-,1.0
2008-10-10,33415199981568.0,33415199981568.0,-,1.0
2008-10-09,45360001056768.0,45360001056768.0,-,1.0
2008-10-08,41126400622592.0,41126400622592.0,-,1.0
2008-10-07,51710399610880.0,51710399610880.0,-,1.0
2008-10-06,63806399053824.0,63806399053824.0,-,0.0
2008-10-03,70459198537728.0,70459198537728.0,-,0.0
2008-10-02,67435201822720.0,67435201822720.0,-,0.0
2008-10-01,66830399963136.0,66830399963136.0,-,0.0
2008-09-30,70156801802240.0,70156801802240.0,-,0.0
2008-09-29,60480001409024.0,60480001409024.0,-,0.0
2008-09-26,74088001306624.0,74088001306624.0,-,0.0
2008-09-25,78170401275904.0,78170401275904.0,-,0.0
2008-09-24,57607200964608.0,57607200964608.0,-,0.0
2008-09-23,60933598609408.0,60933598609408.0,-,0.0
2008-09-22,62747999993856.0,62747999993856.0,-,0.0
2008-09-19,66830399963136.0,66830399963136.0,-,0.0
2008-09-18,72575996657664.0,72575996657664.0,-,0.0
2008-09-17,65318399508480.0,65318399508480.0,-,0.0
2008-09-16,68644801347584.0,68644801347584.0,-,0.0
2008-09-15,70610403196928.0,70610403196928.0,-,0.0
2008-09-12,70912804126720.0,70912804126720.0,-,0.0
2008-09-11,71366401327104.0,71366401327104.0,-,0.0
2008-09-10,72424800387072.0,72424800387072.0,-,0.0
2008-09-09,72727201316864.0,72727201316864.0,-,0.0
2008-09-08,77263198486528.0,77263198486528.0,-,0.0
2008-09-05,74995204096000.0,74995204096000.0,-,0.0
2008-09-04,79077604065280.0,79077604065280.0,-,0.0
2008-09-03,78926399406080.0,78926399406080.0,-,0.0
2008-09-02,76809601286144.0,76809601286144.0,-,0.0
2008-08-29,79379996606464.0,79379996606464.0,-,0.0
2008-08-28,78926399406080.0,78926399406080.0,-,0.0
2008-08-27,75902398496768.0,75902398496768.0,-,0.0
2008-08-26,69249599012864.0,69249599012864.0,-,0.0
2008-08-25,67888799023104.0,67888799023104.0,-,0.0
2008-08-22,69854400872448.0,69854400872448.0,-,0.0
2008-08-21,67586398093312.0,67586398093312.0,-,0.0
2008-08-20,68796001812480.0,68796001812480.0,-,0.0
2008-08-19,69854400872448.0,69854400872448.0,-,0.0
2008-08-18,71971203186688.0,71971203186688.0,-,0.0
2008-08-15,68191199952896.0,68191199952896.0,-,0.0
2008-08-14,71517597597696.0,71517597597696.0,-,0.0
2008-08-13,75448801296384.0,75448801296384.0,-,0.0
2008-08-12,75146400366592.0,75146400366592.0,-,0.0
2008-08-11,73936796647424.0,73936796647424.0,-,0.0
2008-08-08,73180798517248.0,73180798517248.0,-,0.0
2008-08-07,71819998527488.0,71819998527488.0,-,0.0
2008-08-06,71819998527488.0,71819998527488.0,-,0.0
2008-08-05,70005601337344.0,70005601337344.0,-,0.0
2008-08-04,74541598507008.0,74541598507008.0,-,0.0
2008-08-01,75146400366592.0,75146400366592.0,-,0.0
2008-07-31,78019196616704.0,78019196616704.0,-,0.0
2008-07-30,78926399406080.0,78926399406080.0,-,0.0
2008-07-29,81194402185216.0,81194402185216.0,-,0.0
2008-07-28,81647999385600.0,81647999385600.0,-,0.0
2008-07-25,83160004034560.0,83160004034560.0,-,0.0
2008-07-24,82101596585984.0,82101596585984.0,-,0.0
2008-07-23,84067198435328.0,84067198435328.0,-,0.0
2008-07-22,86183996555264.0,86183996555264.0,-,0.0
2008-07-21,87544796545024.0,87544796545024.0,-,0.0
2008-07-18,88300803063808.0,88300803063808.0,-,0.0
2008-07-17,89661603053568.0,89661603053568.0,-,0.0
2008-07-16,89661603053568.0,89661603053568.0,-,0.0
2008-07-15,87393600274432.0,87393600274432.0,-,0.0
2008-07-14,95407203942400.0,95407203942400.0,-,0.0
2008-07-11,77263198486528.0,77263198486528.0,-,0.0
2008-07-10,77868000346112.0,77868000346112.0,-,0.0
2008-07-09,78321597546496.0,78321597546496.0,-,0.0
2008-07-08,87091199344640.0,87091199344640.0,-,0.0
2008-07-07,84369599365120.0,84369599365120.0,-,0.0
2008-07-03,87696001204224.0,87696001204224.0,-,0.0
2008-07-02,90720002113536.0,90720002113536.0,-,0.0
2008-07-01,93744003022848.0,93744003022848.0,-,0.0
2008-06-30,96768003932160.0,96768003932160.0,-,0.0
2008-06-27,101001600172032.0,101001600172032.0,-,0.0
2008-06-26,105839998271488.0,105839998271488.0,-,0.0
2008-06-25,103269602951168.0,103269602951168.0,-,0.0
2008-06-24,100699199242240.0,100699199242240.0,-,0.0
2008-06-23,106142399201280.0,106142399201280.0,-,0.0
2008-06-20,98431196463104.0,98431196463104.0,-,0.0
2008-06-19,100699199242240.0,100699199242240.0,-,0.0
2008-06-18,101304001101824.0,101304001101824.0,-,0.0
2008-06-17,103269602951168.0,103269602951168.0,-,0.0
2008-06-16,105688802000896.0,105688802000896.0,-,0.0
2008-06-13,104781599211520.0,104781599211520.0,-,0.0
2008-06-12,104176797351936.0,104176797351936.0,-,0.0
2008-06-11,115667999129600.0,115667999129600.0,-,0.0
2008-06-10,123227997208576.0,123227997208576.0,-,0.0
2008-06-09,126251998117888.0,126251998117888.0,-,0.0
2008-06-06,130636799016960.0,130636799016960.0,-,0.0
2008-06-05,133811996196864.0,133811996196864.0,-,0.0
2008-06-04,134719198986240.0,134719198986240.0,-,0.0
2008-06-03,133207202725888.0,133207202725888.0,-,0.0
2008-06-02,133055998066688.0,133055998066688.0,-,0.0
2008-05-30,134416798056448.0,134416798056448.0,-,0.0
2008-05-29,135777598046208.0,135777598046208.0,-,0.0
2008-05-28,134719198986240.0,134719198986240.0,-,0.0
2008-05-27,139859998015488.0,139859998015488.0,-,0.0
2008-05-23,142128000794624.0,142128000794624.0,-,0.0
2008-05-22,148176002613248.0,148176002613248.0,-,0.0
2008-05-21,150897602592768.0,150897602592768.0,-,0.0
2008-05-20,155433608151040.0,155433608151040.0,-,0.0
2008-05-19,137138398035968.0,137138398035968.0,-,0.0
2008-05-16,136835997106176.0,136835997106176.0,-,0.0
2008-05-15,136533596176384.0,136533596176384.0,-,0.0
2008-05-14,133207202725888.0,133207202725888.0,-,0.0
2008-05-13,129729596227584.0,129729596227584.0,-,0.0
2008-05-12,127159200907264.0,127159200907264.0,-,0.0
2008-05-09,124135199997952.0,124135199997952.0,-,0.0
2008-05-08,121413600018432.0,121413600018432.0,-,0.0
2008-05-07,121262403747840.0,121262403747840.0,-,0.0
2008-05-06,123832799068160.0,123832799068160.0,-,0.0
2008-05-05,125193599057920.0,125193599057920.0,-,0.0
2008-05-02,125193599057920.0,125193599057920.0,-,0.0
2008-05-01,126251998117888.0,126251998117888.0,-,0.0
2008-04-30,125949597188096.0,125949597188096.0,-,0.0
2008-04-29,124437600927744.0,124437600927744.0,-,0.0
2008-04-28,129124802756608.0,129124802756608.0,-,0.0
2008-04-25,128822401826816.0,128822401826816.0,-,0.0
2008-04-24,126856799977472.0,126856799977472.0,-,0.0
2008-04-23,125193599057920.0,125193599057920.0,-,0.0
2008-04-22,126705603706880.0,126705603706880.0,-,0.0
2008-04-21,128822401826816.0,128822401826816.0,-,0.0
2008-04-18,125798400917504.0,125798400917504.0,-,0.0
2008-04-17,127764002766848.0,127764002766848.0,-,0.0
2008-04-16,126100801847296.0,126100801847296.0,-,0.0
2008-04-15,120960002818048.0,120960002818048.0,-,0.0
2008-04-14,116726398189568.0,116726398189568.0,-,0.0
2008-04-11,116423997259776.0,116423997259776.0,-,0.0
2008-04-10,120203996299264.0,120203996299264.0,-,0.0
2008-04-09,118238402838528.0,118238402838528.0,-,0.0
2008-04-08,122018401878016.0,122018401878016.0,-,0.0
2008-04-07,124588797198336.0,124588797198336.0,-,0.0
2008-04-04,123984003727360.0,123984003727360.0,-,0.0
2008-04-03,123681602797568.0,123681602797568.0,-,0.0
2008-04-02,120960002818048.0,120960002818048.0,-,0.0
2008-04-01,124891198128128.0,124891198128128.0,-,0.0
2008-03-31,125344803717120.0,125344803717120.0,-,0.0
2008-03-28,132753597136896.0,132753597136896.0,-,0.0
2008-03-27,125949597188096.0,125949597188096.0,-,0.0
2008-03-26,137743199895552.0,137743199895552.0,-,0.0
2008-03-25,126251998117888.0,126251998117888.0,-,0.0
2008-03-24,119901603758080.0,119901603758080.0,-,0.0
2008-03-20,117633600978944.0,117633600978944.0,-,0.0
2008-03-19,111585599160320.0,111585599160320.0,-,0.0
2008-03-18,109317596381184.0,109317596381184.0,-,0.0
2008-03-17,105235196411904.0,105235196411904.0,-,0.0
2008-03-14,107956796391424.0,107956796391424.0,-,0.0
2008-03-13,109771201970176.0,109771201970176.0,-,0.0
2008-03-12,115214401929216.0,115214401929216.0,-,0.0
2008-03-11,115667999129600.0,115667999129600.0,-,0.0
2008-03-10,112492801949696.0,112492801949696.0,-,0.0
2008-03-07,108863999180800.0,108863999180800.0,-,0.0
2008-03-06,111132001959936.0,111132001959936.0,-,0.0
2008-03-05,118389599109120.0,118389599109120.0,-,0.0
2008-03-04,118389599109120.0,118389599109120.0,-,0.0
2008-03-03,122471999078400.0,122471999078400.0,-,0.0
2008-02-29,124740001857536.0,124740001857536.0,-,0.0
2008-02-28,128368796237824.0,128368796237824.0,-,0.0
2008-02-27,131997599006720.0,131997599006720.0,-,0.0
2008-02-26,134719198986240.0,134719198986240.0,-,0.0
2008-02-25,138348001755136.0,138348001755136.0,-,0.0
2008-02-22,137440798965760.0,137440798965760.0,-,0.0
2008-02-21,139708801744896.0,139708801744896.0,-,0.0
2008-02-20,140615996145664.0,140615996145664.0,-,0.0
2008-02-19,143337604513792.0,143337604513792.0,-,0.0
2008-02-15,142430393335808.0,142430393335808.0,-,0.0
2008-02-14,139255196155904.0,139255196155904.0,-,0.0
2008-02-13,129729596227584.0,129729596227584.0,-,0.0
2008-02-12,124286396268544.0,124286396268544.0,-,0.0
2008-02-11,126554399047680.0,126554399047680.0,-,0.0
2008-02-08,119750399098880.0,119750399098880.0,-,0.0
2008-02-07,125193599057920.0,125193599057920.0,-,0.0
2008-02-06,125193599057920.0,125193599057920.0,-,0.0
2008-02-05,131544001806336.0,131544001806336.0,-,0.0
2008-02-04,129729596227584.0,129729596227584.0,-,0.0
2008-02-01,131544001806336.0,131544001806336.0,-,0.0
2008-01-31,140162398945280.0,140162398945280.0,-,0.0
2008-01-30,130636799016960.0,130636799016960.0,-,0.0
2008-01-29,128368796237824.0,128368796237824.0,-,0.0
2008-01-28,117936001908736.0,117936001908736.0,-,0.0
2008-01-25,117028799119360.0,117028799119360.0,-,0.0
2008-01-24,103874396422144.0,103874396422144.0,-,0.0
2008-01-23,102513596432384.0,102513596432384.0,-,0.0
2008-01-22,101152796442624.0,101152796442624.0,-,0.0
2008-01-18,110224799170560.0,110224799170560.0,-,0.0
2008-01-17,113399996350464.0,113399996350464.0,-,0.0
2008-01-16,114760796340224.0,114760796340224.0,-,0.0
2008-01-15,128368796237824.0,128368796237824.0,-,0.0
2008-01-14,136533596176384.0,136533596176384.0,-,0.0
2008-01-11,137894396166144.0,137894396166144.0,-,0.0
2008-01-10,140615996145664.0,140615996145664.0,-,0.0
2008-01-09,149234393284608.0,149234393284608.0,-,0.0
2008-01-08,145605598904320.0,145605598904320.0,-,0.0
2008-01-07,142430393335808.0,142430393335808.0,-,0.0
2008-01-04,150595193274368.0,150595193274368.0,-,0.0
2008-01-03,160574398791680.0,160574398791680.0,-,0.0
2008-01-02,152863204442112.0,152863204442112.0,-,0.0
2007-12-31,151502404452352.0,151502404452352.0,-,0.0
2007-12-28,154677593243648.0,154677593243648.0,-,0.0
2007-12-27,161028004380672.0,161028004380672.0,-,0.0
2007-12-26,163749604360192.0,163749604360192.0,-,0.0
2007-12-24,165110404349952.0,165110404349952.0,-,0.0
2007-12-21,165110404349952.0,165110404349952.0,-,0.0
2007-12-20,164656798760960.0,164656798760960.0,-,0.0
2007-12-19,162842393182208.0,162842393182208.0,-,0.0
2007-12-18,155131198832640.0,155131198832640.0,-,0.0
2007-12-17,153770398842880.0,153770398842880.0,-,0.0
2007-12-14,161935198781440.0,161935198781440.0,-,0.0
2007-12-13,155584804421632.0,155584804421632.0,-,0.0
2007-12-12,152863204442112.0,152863204442112.0,-,0.0
2007-12-11,154677593243648.0,154677593243648.0,-,0.0
2007-12-10,164656798760960.0,164656798760960.0,-,0.0
2007-12-07,162388804370432.0,162388804370432.0,-,0.0
2007-12-06,166017598750720.0,166017598750720.0,-,0.0
2007-12-05,145605598904320.0,145605598904320.0,-,0.0
2007-12-04,172821598699520.0,172821598699520.0,-,0.0
2007-12-03,188244004175872.0,188244004175872.0,-,0.0
2007-11-30,200491204083712.0,200491204083712.0,-,0.0
2007-11-29,196862392926208.0,196862392926208.0,-,0.0
2007-11-28,179171993059328.0,179171993059328.0,-,0.0
2007-11-27,166017598750720.0,166017598750720.0,-,0.0
2007-11-26,174636004278272.0,174636004278272.0,-,0.0
2007-11-23,183707998617600.0,183707998617600.0,-,0.0
2007-11-21,172367993110528.0,172367993110528.0,-,0.0
2007-11-20,180986398638080.0,180986398638080.0,-,0.0
2007-11-19,162842393182208.0,162842393182208.0,-,0.0
2007-11-16,188244004175872.0,188244004175872.0,-,0.0
2007-11-15,195501592936448.0,195501592936448.0,-,0.0
2007-11-14,204573604052992.0,204573604052992.0,-,0.0
2007-11-13,201852004073472.0,201852004073472.0,-,0.0
2007-11-12,190511998566400.0,190511998566400.0,-,0.0
2007-11-09,196408804114432.0,196408804114432.0,-,0.0
2007-11-08,213645598392320.0,213645598392320.0,-,0.0
2007-11-07,228614398279680.0,228614398279680.0,-,0.0
2007-11-06,247211992547328.0,247211992547328.0,-,0.0
2007-11-05,241768792588288.0,241768792588288.0,-,0.0
2007-11-02,256284003663872.0,256284003663872.0,-,0.0
2007-11-01,262180792434688.0,262180792434688.0,-,0.0
2007-10-31,274427992342528.0,274427992342528.0,-,0.0
2007-10-30,270345592373248.0,270345592373248.0,-,0.0
2007-10-29,277149592322048.0,277149592322048.0,-,0.0
2007-10-26,263088003612672.0,263088003612672.0,-,0.0
2007-10-25,263088003612672.0,263088003612672.0,-,0.0
2007-10-24,268984792383488.0,268984792383488.0,-,0.0
2007-10-23,270799197962240.0,270799197962240.0,-,0.0
2007-10-22,264448803602432.0,264448803602432.0,-,0.0
2007-10-19,269438397972480.0,269438397972480.0,-,0.0
2007-10-18,276696003510272.0,276696003510272.0,-,0.0
2007-10-17,280324797890560.0,280324797890560.0,-,0.0
2007-10-16,282139186692096.0,282139186692096.0,-,0.0
2007-10-15,297107986579456.0,297107986579456.0,-,0.0
2007-10-12,303004808904704.0,303004808904704.0,-,0.0
2007-10-11,308448008863744.0,308448008863744.0,-,0.0
2007-10-10,316612808802304.0,316612808802304.0,-,0.0
2007-10-09,317519986425856.0,317519986425856.0,-,0.0
2007-10-08,321602386395136.0,321602386395136.0,-,0.0
2007-10-05,313891208822784.0,313891208822784.0,-,0.0
2007-10-04,309355186487296.0,309355186487296.0,-,0.0
2007-10-03,309355186487296.0,309355186487296.0,-,0.0
2007-10-02,312076786466816.0,312076786466816.0,-,0.0
2007-10-01,317066397614080.0,317066397614080.0,-,0.0
2007-09-28,317066397614080.0,317066397614080.0,-,0.0
2007-09-27,324777608740864.0,324777608740864.0,-,0.0
2007-09-26,306179997696000.0,306179997696000.0,-,0.0
2007-09-25,315252008812544.0,315252008812544.0,-,0.0
2007-09-24,298015197757440.0,298015197757440.0,-,0.0
2007-09-21,273067192352768.0,273067192352768.0,-,0.0
2007-09-20,272159997952000.0,272159997952000.0,-,0.0
2007-09-19,273974403530752.0,273974403530752.0,-,0.0
2007-09-18,268077597982720.0,268077597982720.0,-,0.0
2007-09-17,257191198064640.0,257191198064640.0,-,0.0
2007-09-14,264902392414208.0,264902392414208.0,-,0.0
2007-09-13,268077597982720.0,268077597982720.0,-,0.0
2007-09-12,270345592373248.0,270345592373248.0,-,0.0
2007-09-11,268984792383488.0,268984792383488.0,-,0.0
2007-09-10,268531203571712.0,268531203571712.0,-,0.0
2007-09-07,270799197962240.0,270799197962240.0,-,0.0
2007-09-06,271706392363008.0,271706392363008.0,-,0.0
2007-09-05,274881597931520.0,274881597931520.0,-,0.0
2007-09-04,274881597931520.0,274881597931520.0,-,0.0
2007-08-31,278963997900800.0,278963997900800.0,-,0.0
2007-08-30,268077597982720.0,268077597982720.0,-,0.0
2007-08-29,264902392414208.0,264902392414208.0,-,0.0
2007-08-28,252655192506368.0,252655192506368.0,-,0.0
2007-08-27,259912798044160.0,259912798044160.0,-,0.0
2007-08-24,268531203571712.0,268531203571712.0,-,0.0
2007-08-23,266263192403968.0,266263192403968.0,-,0.0
2007-08-22,278056803500032.0,278056803500032.0,-,0.0
2007-08-21,248119203725312.0,248119203725312.0,-,0.0
2007-08-20,240407992598528.0,240407992598528.0,-,0.0
2007-08-17,235418398228480.0,235418398228480.0,-,0.0
2007-08-16,237232803807232.0,237232803807232.0,-,0.0
2007-08-15,249933592526848.0,249933592526848.0,-,0.0
2007-08-14,277603197911040.0,277603197911040.0,-,0.0
2007-08-13,283499986681856.0,283499986681856.0,-,0.0
2007-08-10,226346403889152.0,226346403889152.0,-,0.0
2007-08-09,234964792639488.0,234964792639488.0,-,0.0
2007-08-08,269438397972480.0,269438397972480.0,-,0.0
2007-08-07,284407197859840.0,284407197859840.0,-,0.0
2007-08-06,283499986681856.0,283499986681856.0,-,0.0
2007-08-03,312076786466816.0,312076786466816.0,-,0.0
2007-08-02,302551186538496.0,302551186538496.0,-,0.0
2007-08-01,283046397870080.0,283046397870080.0,-,0.0
2007-07-31,303004808904704.0,303004808904704.0,-,0.0
2007-07-30,304819197706240.0,304819197706240.0,-,0.0
2007-07-27,311169608843264.0,311169608843264.0,-,0.0
2007-07-26,307087208873984.0,307087208873984.0,-,0.0
2007-07-25,325684786364416.0,325684786364416.0,-,0.0
2007-07-24,331581608689664.0,331581608689664.0,-,0.0
2007-07-23,357436808495104.0,357436808495104.0,-,0.0
2007-07-20,364240808443904.0,364240808443904.0,-,0.0
2007-07-19,365601608433664.0,365601608433664.0,-,0.0
2007-07-18,357890397306880.0,357890397306880.0,-,0.0
2007-07-17,366962408423424.0,366962408423424.0,-,0.0
2007-07-16,367415997235200.0,367415997235200.0,-,0.0
2007-07-13,372405608382464.0,372405608382464.0,-,0.0
2007-07-12,367415997235200.0,367415997235200.0,-,0.0
2007-07-11,362426386087936.0,362426386087936.0,-,0.0
2007-07-10,359251197296640.0,359251197296640.0,-,0.0
2007-07-09,370591186026496.0,370591186026496.0,-,0.0
2007-07-06,365147986067456.0,365147986067456.0,-,0.0
2007-07-05,351993608536064.0,351993608536064.0,-,0.0
2007-07-03,340199997440000.0,340199997440000.0,-,0.0
2007-07-02,332942408679424.0,332942408679424.0,-,0.0
2007-06-29,325684786364416.0,325684786364416.0,-,0.0
2007-06-28,332488786313216.0,332488786313216.0,-,0.0
2007-06-27,331127986323456.0,331127986323456.0,-,0.0
2007-06-26,325684786364416.0,325684786364416.0,-,0.0
2007-06-25,317519986425856.0,317519986425856.0,-,0.0
2007-06-22,321602386395136.0,321602386395136.0,-,0.0
2007-06-21,328860008710144.0,328860008710144.0,-,0.0
2007-06-20,320695208771584.0,320695208771584.0,-,0.0
2007-06-19,317519986425856.0,317519986425856.0,-,0.0
2007-06-18,312076786466816.0,312076786466816.0,-,0.0
2007-06-15,305272786518016.0,305272786518016.0,-,0.0
2007-06-14,305726408884224.0,305726408884224.0,-,0.0
2007-06-13,306633586507776.0,306633586507776.0,-,0.0
2007-06-12,299375997747200.0,299375997747200.0,-,0.0
2007-06-11,302097597726720.0,302097597726720.0,-,0.0
2007-06-08,298015197757440.0,298015197757440.0,-,0.0
2007-06-07,284860786671616.0,284860786671616.0,-,0.0
2007-06-06,288036009017344.0,288036009017344.0,-,0.0
2007-06-05,293932797788160.0,293932797788160.0,-,0.0
2007-06-04,289850397818880.0,289850397818880.0,-,0.0
2007-06-01,282592809058304.0,282592809058304.0,-,0.0
2007-05-31,278963997900800.0,278963997900800.0,-,0.0
2007-05-30,278510392311808.0,278510392311808.0,-,0.0
2007-05-29,279417603489792.0,279417603489792.0,-,0.0
2007-05-25,273520797941760.0,273520797941760.0,-,0.0
2007-05-24,268077597982720.0,268077597982720.0,-,0.0
2007-05-23,272159997952000.0,272159997952000.0,-,0.0
2007-05-22,268077597982720.0,268077597982720.0,-,0.0
2007-05-21,262634398023680.0,262634398023680.0,-,0.0
2007-05-18,248572792537088.0,248572792537088.0,-,0.0
2007-05-17,227707203878912.0,227707203878912.0,-,0.0
2007-05-16,219995992752128.0,219995992752128.0,-,0.0
2007-05-15,215006398382080.0,215006398382080.0,-,0.0
2007-05-14,210016804012032.0,210016804012032.0,-,0.0
2007-05-11,211831192813568.0,211831192813568.0,-,0.0
2007-05-10,208202398433280.0,208202398433280.0,-,0.0
2007-05-09,210016804012032.0,210016804012032.0,-,0.0
2007-05-08,206841598443520.0,206841598443520.0,-,0.0
2007-05-07,206841598443520.0,206841598443520.0,-,0.0
2007-05-04,209109592834048.0,209109592834048.0,-,0.0
2007-05-03,205934404042752.0,205934404042752.0,-,0.0
2007-05-02,210016804012032.0,210016804012032.0,-,0.0
2007-05-01,208656004022272.0,208656004022272.0,-,0.0
2007-04-30,210016804012032.0,210016804012032.0,-,0.0
2007-04-27,213645598392320.0,213645598392320.0,-,0.0
2007-04-26,213645598392320.0,213645598392320.0,-,0.0
2007-04-25,215006398382080.0,215006398382080.0,-,0.0
2007-04-24,210470392823808.0,210470392823808.0,-,0.0
2007-04-23,211831192813568.0,211831192813568.0,-,0.0
2007-04-20,210016804012032.0,210016804012032.0,-,0.0
2007-04-19,207748792844288.0,207748792844288.0,-,0.0
2007-04-18,207748792844288.0,207748792844288.0,-,0.0
2007-04-17,208202398433280.0,208202398433280.0,-,0.0
2007-04-16,208656004022272.0,208656004022272.0,-,0.0
2007-04-13,208202398433280.0,208202398433280.0,-,0.0
2007-04-12,208656004022272.0,208656004022272.0,-,0.0
2007-04-11,207295204032512.0,207295204032512.0,-,0.0
2007-04-10,207295204032512.0,207295204032512.0,-,0.0
2007-04-09,206387992854528.0,206387992854528.0,-,0.0
2007-04-05,210470392823808.0,210470392823808.0,-,0.0
2007-04-04,210016804012032.0,210016804012032.0,-,0.0
2007-04-03,212738403991552.0,212738403991552.0,-,0.0
2007-04-02,213191992803328.0,213191992803328.0,-,0.0
2007-03-30,211377604001792.0,211377604001792.0,-,0.0
2007-03-29,206841598443520.0,206841598443520.0,-,0.0
2007-03-28,205027192864768.0,205027192864768.0,-,0.0
2007-03-27,206841598443520.0,206841598443520.0,-,0.0
2007-03-26,209109592834048.0,209109592834048.0,-,0.0
2007-03-23,207748792844288.0,207748792844288.0,-,0.0
2007-03-22,208656004022272.0,208656004022272.0,-,0.0
2007-03-21,205934404042752.0,205934404042752.0,-,0.0
2007-03-20,207295204032512.0,207295204032512.0,-,0.0
2007-03-19,202305592885248.0,202305592885248.0,-,0.0
2007-03-16,207748792844288.0,207748792844288.0,-,0.0
2007-03-15,211377604001792.0,211377604001792.0,-,0.0
2007-03-14,213191992803328.0,213191992803328.0,-,0.0
2007-03-13,212284798402560.0,212284798402560.0,-,0.0
2007-03-12,217274392772608.0,217274392772608.0,-,0.0
2007-03-09,220903203930112.0,220903203930112.0,-,0.0
2007-03-08,220449598341120.0,220449598341120.0,-,0.0
2007-03-07,227707203878912.0,227707203878912.0,-,0.0
2007-03-06,227707203878912.0,227707203878912.0,-,0.0
2007-03-05,223624803909632.0,223624803909632.0,-,0.0
2007-03-02,216367198371840.0,216367198371840.0,-,0.0
2007-03-01,219995992752128.0,219995992752128.0,-,0.0
2007-02-28,219088798351360.0,219088798351360.0,-,0.0
2007-02-27,217274392772608.0,217274392772608.0,-,0.0
2007-02-26,222264003919872.0,222264003919872.0,-,0.0
2007-02-23,225439192711168.0,225439192711168.0,-,0.0
2007-02-22,224078392721408.0,224078392721408.0,-,0.0
2007-02-21,223624803909632.0,223624803909632.0,-,0.0
2007-02-20,223624803909632.0,223624803909632.0,-,0.0
2007-02-16,225439192711168.0,225439192711168.0,-,0.0
2007-02-15,221810398330880.0,221810398330880.0,-,0.0
2007-02-14,222717592731648.0,222717592731648.0,-,0.0
2007-02-13,224985603899392.0,224985603899392.0,-,0.0
2007-02-12,222717592731648.0,222717592731648.0,-,0.0
2007-02-09,225892798300160.0,225892798300160.0,-,0.0
2007-02-08,224985603899392.0,224985603899392.0,-,0.0
2007-02-07,226799992700928.0,226799992700928.0,-,0.0
2007-02-06,230428803858432.0,230428803858432.0,-,0.0
2007-02-05,234057598238720.0,234057598238720.0,-,0.0
2007-02-02,234964792639488.0,234964792639488.0,-,0.0
2007-02-01,234057598238720.0,234057598238720.0,-,0.0
2007-01-31,227707203878912.0,227707203878912.0,-,0.0
2007-01-30,227253598289920.0,227253598289920.0,-,0.0
2007-01-29,223624803909632.0,223624803909632.0,-,0.0
2007-01-26,219995992752128.0,219995992752128.0,-,0.0
2007-01-25,219542403940352.0,219542403940352.0,-,0.0
2007-01-24,219542403940352.0,219542403940352.0,-,0.0
2007-01-23,218635192762368.0,218635192762368.0,-,0.0
2007-01-22,215460003971072.0,215460003971072.0,-,0.0
2007-01-19,223624803909632.0,223624803909632.0,-,0.0
2007-01-18,219542403940352.0,219542403940352.0,-,0.0
2007-01-17,210923998412800.0,210923998412800.0,-,0.0
2007-01-16,217727998361600.0,217727998361600.0,-,0.0
2007-01-12,224985603899392.0,224985603899392.0,-,0.0
2007-01-11,228614398279680.0,228614398279680.0,-,0.0
2007-01-10,217727998361600.0,217727998361600.0,-,0.0
2007-01-09,217727998361600.0,217727998361600.0,-,0.0
2007-01-08,216820803960832.0,216820803960832.0,-,0.0
2007-01-05,212284798402560.0,212284798402560.0,-,0.0
2007-01-04,210923998412800.0,210923998412800.0,-,0.0
2007-01-03,211831192813568.0,211831192813568.0,-,0.0
2006-12-29,210923998412800.0,210923998412800.0,-,0.0
2006-12-28,219542403940352.0,219542403940352.0,-,0.0
2006-12-27,221356792741888.0,221356792741888.0,-,0.0
2006-12-26,221810398330880.0,221810398330880.0,-,0.0
2006-12-22,222264003919872.0,222264003919872.0,-,0.0
2006-12-21,224531998310400.0,224531998310400.0,-,0.0
2006-12-20,224531998310400.0,224531998310400.0,-,0.0
2006-12-19,220449598341120.0,220449598341120.0,-,0.0
2006-12-18,222264003919872.0,222264003919872.0,-,0.0
2006-12-15,224985603899392.0,224985603899392.0,-,0.0
2006-12-14,224985603899392.0,224985603899392.0,-,0.0
2006-12-13,228614398279680.0,228614398279680.0,-,0.0
2006-12-12,229521592680448.0,229521592680448.0,-,0.0
2006-12-11,231335998259200.0,231335998259200.0,-,0.0
2006-12-08,239954403786752.0,239954403786752.0,-,0.0
2006-12-07,250840803704832.0,250840803704832.0,-,0.0
2006-12-06,249933592526848.0,249933592526848.0,-,0.0
2006-12-05,236325592629248.0,236325592629248.0,-,0.0
2006-12-04,231789603848192.0,231789603848192.0,-,0.0
2006-12-01,234057598238720.0,234057598238720.0,-,0.0
2006-11-30,237686392619008.0,237686392619008.0,-,0.0
2006-11-29,228614398279680.0,228614398279680.0,-,0.0
2006-11-28,265809603592192.0,265809603592192.0,-,0.0
2006-11-27,269892003561472.0,269892003561472.0,-,0.0
2006-11-24,280324797890560.0,280324797890560.0,-,0.0
2006-11-22,274881597931520.0,274881597931520.0,-,0.0
2006-11-21,279871192301568.0,279871192301568.0,-,0.0
2006-11-20,288036009017344.0,288036009017344.0,-,0.0
2006-11-17,265809603592192.0,265809603592192.0,-,0.0
2006-11-16,270345592373248.0,270345592373248.0,-,0.0
2006-11-15,268984792383488.0,268984792383488.0,-,0.0
2006-11-14,268984792383488.0,268984792383488.0,-,0.0
2006-11-13,268531203571712.0,268531203571712.0,-,0.0
2006-11-10,267170403581952.0,267170403581952.0,-,0.0
2006-11-09,269438397972480.0,269438397972480.0,-,0.0
2006-11-08,268984792383488.0,268984792383488.0,-,0.0
2006-11-07,272613603540992.0,272613603540992.0,-,0.0
2006-11-06,272159997952000.0,272159997952000.0,-,0.0
2006-11-03,275788792332288.0,275788792332288.0,-,0.0
2006-11-02,268531203571712.0,268531203571712.0,-,0.0
2006-11-01,273520797941760.0,273520797941760.0,-,0.0
2006-10-31,281685597880320.0,281685597880320.0,-,0.0
2006-10-30,281231992291328.0,281231992291328.0,-,0.0
2006-10-27,280324797890560.0,280324797890560.0,-,0.0
2006-10-26,282592809058304.0,282592809058304.0,-,0.0
2006-10-25,272613603540992.0,272613603540992.0,-,0.0
2006-10-24,270345592373248.0,270345592373248.0,-,0.0
2006-10-23,267623992393728.0,267623992393728.0,-,0.0
2006-10-20,270345592373248.0,270345592373248.0,-,0.0
2006-10-19,267170403581952.0,267170403581952.0,-,0.0
2006-10-18,271706392363008.0,271706392363008.0,-,0.0
2006-10-17,273520797941760.0,273520797941760.0,-,0.0
2006-10-16,275788792332288.0,275788792332288.0,-,0.0
2006-10-13,262634398023680.0,262634398023680.0,-,0.0
2006-10-12,254015992496128.0,254015992496128.0,-,0.0
2006-10-11,258551998054400.0,258551998054400.0,-,0.0
2006-10-10,259912798044160.0,259912798044160.0,-,0.0
2006-10-09,259459192455168.0,259459192455168.0,-,0.0
2006-10-06,259005603643392.0,259005603643392.0,-,0.0
2006-10-05,259005603643392.0,259005603643392.0,-,0.0
2006-10-04,261273598033920.0,261273598033920.0,-,0.0
2006-10-03,259912798044160.0,259912798044160.0,-,0.0
2006-10-02,260819992444928.0,260819992444928.0,-,0.0
2006-09-29,266716797992960.0,266716797992960.0,-,0.0
2006-09-28,269892003561472.0,269892003561472.0,-,0.0
2006-09-27,270799197962240.0,270799197962240.0,-,0.0
2006-09-26,265355998003200.0,265355998003200.0,-,0.0
2006-09-25,258551998054400.0,258551998054400.0,-,0.0
2006-09-22,261727203622912.0,261727203622912.0,-,0.0
2006-09-21,263995198013440.0,263995198013440.0,-,0.0
2006-09-20,261727203622912.0,261727203622912.0,-,0.0
2006-09-19,265809603592192.0,265809603592192.0,-,0.0
2006-09-18,266716797992960.0,266716797992960.0,-,0.0
2006-09-15,267623992393728.0,267623992393728.0,-,0.0
2006-09-14,268984792383488.0,268984792383488.0,-,0.0
2006-09-13,274427992342528.0,274427992342528.0,-,0.0
2006-09-12,272159997952000.0,272159997952000.0,-,0.0
2006-09-11,266263192403968.0,266263192403968.0,-,0.0
2006-09-08,273520797941760.0,273520797941760.0,-,0.0
2006-09-07,282592809058304.0,282592809058304.0,-,0.0
2006-09-06,279871192301568.0,279871192301568.0,-,0.0
2006-09-05,281231992291328.0,281231992291328.0,-,0.0
2006-09-01,285314409037824.0,285314409037824.0,-,0.0
2006-08-31,286221586661376.0,286221586661376.0,-,0.0
2006-08-30,279417603489792.0,279417603489792.0,-,0.0
2006-08-29,278056803500032.0,278056803500032.0,-,0.0
2006-08-28,263995198013440.0,263995198013440.0,-,0.0
2006-08-25,265355998003200.0,265355998003200.0,-,0.0
2006-08-24,267623992393728.0,267623992393728.0,-,0.0
2006-08-23,272159997952000.0,272159997952000.0,-,0.0
2006-08-22,271252803551232.0,271252803551232.0,-,0.0
2006-08-21,260366403633152.0,260366403633152.0,-,0.0
2006-08-18,257644803653632.0,257644803653632.0,-,0.0
2006-08-17,258551998054400.0,258551998054400.0,-,0.0
2006-08-16,254015992496128.0,254015992496128.0,-,0.0
2006-08-15,250840803704832.0,250840803704832.0,-,0.0
2006-08-14,249480003715072.0,249480003715072.0,-,0.0
2006-08-11,255376792485888.0,255376792485888.0,-,0.0
2006-08-10,258098392465408.0,258098392465408.0,-,0.0
2006-08-09,266716797992960.0,266716797992960.0,-,0.0
2006-08-08,267170403581952.0,267170403581952.0,-,0.0
2006-08-07,257191198064640.0,257191198064640.0,-,0.0
2006-08-04,261273598033920.0,261273598033920.0,-,0.0
2006-08-03,267623992393728.0,267623992393728.0,-,0.0
2006-08-02,304819197706240.0,304819197706240.0,-,0.0
2006-08-01,285767997849600.0,285767997849600.0,-,0.0
2006-07-31,276696003510272.0,276696003510272.0,-,0.0
2006-07-28,281231992291328.0,281231992291328.0,-,0.0
2006-07-27,281231992291328.0,281231992291328.0,-,0.0
2006-07-26,281685597880320.0,281685597880320.0,-,0.0
2006-07-25,275788792332288.0,275788792332288.0,-,0.0
2006-07-24,272613603540992.0,272613603540992.0,-,0.0
2006-07-21,263088003612672.0,263088003612672.0,-,0.0
2006-07-20,266716797992960.0,266716797992960.0,-,0.0
2006-07-19,271252803551232.0,271252803551232.0,-,0.0
2006-07-18,263995198013440.0,263995198013440.0,-,0.0
2006-07-17,274881597931520.0,274881597931520.0,-,0.0
2006-07-14,279871192301568.0,279871192301568.0,-,0.0
2006-07-13,279417603489792.0,279417603489792.0,-,0.0
2006-07-12,279871192301568.0,279871192301568.0,-,0.0
2006-07-11,281231992291328.0,281231992291328.0,-,0.0
2006-07-10,275335203520512.0,275335203520512.0,-,0.0
2006-07-07,279871192301568.0,279871192301568.0,-,0.0
2006-07-06,282592809058304.0,282592809058304.0,-,0.0
2006-07-05,283046397870080.0,283046397870080.0,-,0.0
2006-07-03,285767997849600.0,285767997849600.0,-,0.0
2006-06-30,284407197859840.0,284407197859840.0,-,0.0
2006-06-29,285314409037824.0,285314409037824.0,-,0.0
2006-06-28,291664786620416.0,291664786620416.0,-,0.0
2006-06-27,321602386395136.0,321602386395136.0,-,0.0
2006-06-26,336117597470720.0,336117597470720.0,-,0.0
2006-06-23,328860008710144.0,328860008710144.0,-,0.0
2006-06-22,312983997644800.0,312983997644800.0,-,0.0
2006-06-21,306179997696000.0,306179997696000.0,-,0.0
2006-06-20,295293597777920.0,295293597777920.0,-,0.0
2006-06-19,288036009017344.0,288036009017344.0,-,0.0
2006-06-16,296200808955904.0,296200808955904.0,-,0.0
2006-06-15,290303986630656.0,290303986630656.0,-,0.0
2006-06-14,280778403479552.0,280778403479552.0,-,0.0
2006-06-13,276242397921280.0,276242397921280.0,-,0.0
2006-06-12,304365608894464.0,304365608894464.0,-,0.0
2006-06-09,308901597675520.0,308901597675520.0,-,0.0
2006-06-08,315705597624320.0,315705597624320.0,-,0.0
2006-06-07,322056008761344.0,322056008761344.0,-,0.0
2006-06-06,322509597573120.0,322509597573120.0,-,0.0
2006-06-05,329313597521920.0,329313597521920.0,-,0.0
2006-06-02,339292786262016.0,339292786262016.0,-,0.0
2006-06-01,338839197450240.0,338839197450240.0,-,0.0
2006-05-31,329313597521920.0,329313597521920.0,-,0.0
2006-05-30,324323986374656.0,324323986374656.0,-,0.0
2006-05-26,332035197501440.0,332035197501440.0,-,0.0
2006-05-25,324323986374656.0,324323986374656.0,-,0.0
2006-05-24,323870397562880.0,323870397562880.0,-,0.0
2006-05-23,324323986374656.0,324323986374656.0,-,0.0
2006-05-22,322509597573120.0,322509597573120.0,-,0.0
2006-05-19,326591997542400.0,326591997542400.0,-,0.0
2006-05-18,337478397460480.0,337478397460480.0,-,0.0
2006-05-17,349725597368320.0,349725597368320.0,-,0.0
2006-05-16,360158408474624.0,360158408474624.0,-,0.0
2006-05-15,346096786210816.0,346096786210816.0,-,0.0
2006-05-12,369230386036736.0,369230386036736.0,-,0.0
2006-05-11,388735208259584.0,388735208259584.0,-,0.0
2006-05-10,363787186077696.0,363787186077696.0,-,0.0
2006-05-09,375127208361984.0,375127208361984.0,-,0.0
2006-05-08,366055197245440.0,366055197245440.0,-,0.0
2006-05-05,374673585995776.0,374673585995776.0,-,0.0
2006-05-04,340199997440000.0,340199997440000.0,-,0.0
2006-05-03,327952797532160.0,327952797532160.0,-,0.0
2006-05-02,323416808751104.0,323416808751104.0,-,0.0
2006-05-01,328860008710144.0,328860008710144.0,-,0.0
2006-04-28,339746408628224.0,339746408628224.0,-,0.0
2006-04-27,336117597470720.0,336117597470720.0,-,0.0
2006-04-26,350179186180096.0,350179186180096.0,-,0.0
2006-04-25,340653586251776.0,340653586251776.0,-,0.0
2006-04-24,345643197399040.0,345643197399040.0,-,0.0
2006-04-21,357436808495104.0,357436808495104.0,-,0.0
2006-04-20,361972797276160.0,361972797276160.0,-,0.0
2006-04-19,362426386087936.0,362426386087936.0,-,0.0
2006-04-18,352900786159616.0,352900786159616.0,-,0.0
2006-04-17,390549597061120.0,390549597061120.0,-,0.0
2006-04-13,446795985453056.0,446795985453056.0,-,0.0
2006-04-12,439538396692480.0,439538396692480.0,-,0.0
2006-04-11,564278373384192.0,450878385422336.0,-,0.0
2006-04-10,572443173322752.0,457402340081664.0,-,0.0
2006-04-07,560196006969344.0,447616424869888.0,-,0.0
2006-04-06,535247984787456.0,427682072363008.0,-,0.0
2006-04-05,551577584664576.0,440730015236096.0,-,0.0
2006-04-04,557474406989824.0,445441762131968.0,-,0.0
2006-04-03,564732029304832.0,451240873951232.0,-,0.0
2006-03-31,589680017932288.0,471175192903680.0,-,0.0
2006-03-30,618256784162816.0,494009050988544.0,-,0.0
2006-03-29,623246395310080.0,497995921489920.0,-,0.0
2006-03-28,620978384142336.0,496183680172032.0,-,0.0
2006-03-27,803325582770176.0,460664334188544.0,-,0.0
2006-03-24,784274382913536.0,449739514445824.0,-,0.0
2006-03-23,774748816539648.0,444277087797248.0,-,0.0
2006-03-22,821016016191488.0,470808879169536.0,-,0.0
2006-03-21,826459216150528.0,473930246651904.0,-,0.0
2006-03-20,816479993856000.0,468207706046464.0,-,0.0
2006-03-17,791078416416768.0,453641290907648.0,-,0.0
2006-03-16,775655994163200.0,444797349265408.0,-,0.0
2006-03-15,780645605310464.0,447658602790912.0,-,0.0
2006-03-14,774748816539648.0,444277087797248.0,-,0.0
2006-03-13,755697616683008.0,433352268054528.0,-,0.0
2006-03-10,626875172913152.0,359479468097536.0,-,0.0
2006-03-09,606916795432960.0,348034386886656.0,-,0.0
2006-03-08,607823973056512.0,348554614800384.0,-,0.0
2006-03-07,604648784265216.0,346733817102336.0,-,0.0
2006-03-06,610545573036032.0,350115298541568.0,-,0.0
2006-03-03,619617617707008.0,355317644787712.0,-,0.0
2006-03-02,597844817870848.0,342832107749376.0,-,0.0
2006-03-01,588319184388096.0,337369647546368.0,-,0.0
2006-02-28,590587195555840.0,338670250885120.0,-,0.0
2006-02-27,589226429120512.0,337889909014528.0,-,0.0
2006-02-24,591948029100032.0,339450592755712.0,-,0.0
2006-02-23,576979195658240.0,330866798624768.0,-,0.0
2006-02-22,551577584664576.0,316300316377088.0,-,0.0
2006-02-21,544773584715776.0,312398573469696.0,-,0.0
2006-02-17,546588007071744.0,313439062851584.0,-,0.0
2006-02-16,548402395873280.0,314479485124608.0,-,0.0
2006-02-15,550216784674816.0,315519974506496.0,-,0.0
2006-02-14,549309607051264.0,314999746592768.0,-,0.0
2006-02-13,539784007122944.0,309537319944192.0,-,0.0
2006-02-10,542051984736256.0,310837889728512.0,-,0.0
2006-02-09,542051984736256.0,310837889728512.0,-,0.0
2006-02-08,544773584715776.0,312398573469696.0,-,0.0
2006-02-07,547948807061504.0,314219404722176.0,-,0.0
2006-02-06,553845595832320.0,317600886161408.0,-,0.0
2006-02-03,557927995801600.0,319941945327616.0,-,0.0
2006-02-02,547948807061504.0,314219404722176.0,-,0.0
2006-02-01,566092795740160.0,324624030105600.0,-,0.0
2006-01-31,569721573343232.0,326704908206080.0,-,0.0
2006-01-30,566546384551936.0,324884110508032.0,-,0.0
2006-01-27,558381584613376.0,320202059284480.0,-,0.0
2006-01-26,565639206928384.0,324363882594304.0,-,0.0
2006-01-25,561103184592896.0,321762743025664.0,-,0.0
2006-01-24,564732029304832.0,323843688235008.0,-,0.0
2006-01-23,560196006969344.0,321242515111936.0,-,0.0
2006-01-20,569267984531456.0,326444827803648.0,-,0.0
2006-01-19,569721573343232.0,326704908206080.0,-,0.0
2006-01-18,557474406989824.0,319681831370752.0,-,0.0
2006-01-17,564278373384192.0,323583540723712.0,-,0.0
2006-01-13,566092795740160.0,324624030105600.0,-,0.0
2006-01-12,567907218096128.0,325664485933056.0,-,0.0
2006-01-11,590587195555840.0,333207824236544.0,-,0.0
2006-01-10,594669629079552.0,335511134666752.0,-,0.0
2006-01-09,594669629079552.0,335511134666752.0,-,0.0
2006-01-06,579700795637760.0,327065752567808.0,-,0.0
2006-01-05,576979195658240.0,325530234650624.0,-,0.0
2006-01-04,580154384449536.0,327321672220672.0,-,0.0
2006-01-03,576525606846464.0,325274314997760.0,-,0.0
2005-12-30,557927995801600.0,314781609230336.0,-,0.0
2005-12-29,562463984582656.0,317340772204544.0,-,0.0
2005-12-28,569267984531456.0,321179600551936.0,-,0.0
2005-12-27,571535995699200.0,322459198816256.0,-,0.0
2005-12-23,578793618014208.0,326553913262080.0,-,0.0
2005-12-22,575164773302272.0,324506522484736.0,-,0.0
2005-12-21,576979195658240.0,325530234650624.0,-,0.0
2005-12-20,579700795637760.0,327065752567808.0,-,0.0
2005-12-19,577432784470016.0,325786120749056.0,-,0.0
2005-12-16,588319184388096.0,331928192417792.0,-,0.0
2005-12-15,601473595473920.0,339349895905280.0,-,0.0
2005-12-14,591948029100032.0,333975583195136.0,-,0.0
2005-12-13,601020006662144.0,339093976252416.0,-,0.0
2005-12-12,606463206621184.0,342165045641216.0,-,0.0
2005-12-09,598751995494400.0,337814411542528.0,-,0.0
2005-12-08,599205584306176.0,338070297640960.0,-,0.0
2005-12-07,614628006559744.0,346771599392768.0,-,0.0
2005-12-06,627782417645568.0,354193302880256.0,-,0.0
2005-12-05,638215228751872.0,360079454896128.0,-,0.0
2005-12-02,623699984121856.0,351889992450048.0,-,0.0
2005-12-01,615988772995072.0,347539324796928.0,-,0.0
2005-11-30,596483984326656.0,336534779723776.0,-,0.0
2005-11-29,597844817870848.0,337302572236800.0,-,0.0
2005-11-28,590587195555840.0,333207824236544.0,-,0.0
2005-11-25,594215973158912.0,335255181459456.0,-,0.0
2005-11-23,602380773097472.0,339861701656576.0,-,0.0
2005-11-22,609638395412480.0,343956483211264.0,-,0.0
2005-11-21,578340029202432.0,326297993609216.0,-,0.0
2005-11-18,583783229161472.0,329369062998016.0,-,0.0
2005-11-17,588772773199872.0,332184112070656.0,-,0.0
2005-11-16,591494373179392.0,333719629987840.0,-,0.0
2005-11-15,587412006764544.0,331416386666496.0,-,0.0
2005-11-14,604648784265216.0,341141333475328.0,-,0.0
2005-11-11,624607228854272.0,352401831755776.0,-,0.0
2005-11-10,625060817666048.0,352657751408640.0,-,0.0
2005-11-09,649101628669952.0,366221526564864.0,-,0.0
2005-11-08,638668817563648.0,360335374548992.0,-,0.0
2005-11-07,635039972851712.0,358287983771648.0,-,0.0
2005-11-04,618256784162816.0,348818923061248.0,-,0.0
2005-11-03,606009617809408.0,341909125988352.0,-,0.0
2005-11-02,591040784367616.0,333463743889408.0,-,0.0
2005-11-01,583783229161472.0,329369062998016.0,-,0.0
2005-10-31,584236817973248.0,329624949096448.0,-,0.0
2005-10-28,586051173220352.0,330648627707904.0,-,0.0
2005-10-27,577886373281792.0,326042040401920.0,-,0.0
2005-10-26,587412006764544.0,331416386666496.0,-,0.0
2005-10-25,589680017932288.0,332695984930816.0,-,0.0
2005-10-24,606463206621184.0,342165045641216.0,-,0.0
2005-10-21,590587195555840.0,333207824236544.0,-,0.0
2005-10-20,585143995596800.0,330136788402176.0,-,0.0
2005-10-19,601927184285696.0,339605815558144.0,-,0.0
2005-10-18,616896017727488.0,348051197657088.0,-,0.0
2005-10-17,630957606436864.0,355984706895872.0,-,0.0
2005-10-14,628236006457344.0,354449222533120.0,-,0.0
2005-10-13,627782417645568.0,354193302880256.0,-,0.0
2005-10-12,642297595166720.0,362382731771904.0,-,0.0
2005-10-11,656359183876096.0,364941894746112.0,-,0.0
2005-10-10,628689595269120.0,349557355446272.0,-,0.0
2005-10-07,650008806293504.0,361411062530048.0,-,0.0
2005-10-06,645472783958016.0,358888943648768.0,-,0.0
2005-10-05,643658428710912.0,357880129650688.0,-,0.0
2005-10-04,651369572728832.0,362167614308352.0,-,0.0
2005-10-03,660441617399808.0,367211784962048.0,-,0.0
2005-09-30,681307172503552.0,378813229826048.0,-,0.0
2005-09-29,692647228342272.0,385118409588736.0,-,0.0
2005-09-28,694915172401152.0,386379385143296.0,-,0.0
2005-09-27,694007994777600.0,385875028475904.0,-,0.0
2005-09-26,696729594757120.0,387388266250240.0,-,0.0
2005-09-23,703533628260352.0,391171327131648.0,-,0.0
2005-09-22,698997605924864.0,388649241804800.0,-,0.0
2005-09-21,688564794818560.0,382848519372800.0,-,0.0
2005-09-20,693554405965824.0,385622799810560.0,-,0.0
2005-09-19,706255228239872.0,392684598460416.0,-,0.0
2005-09-16,698997605924864.0,388649241804800.0,-,0.0
2005-09-15,689471972442112.0,383352943149056.0,-,0.0
2005-09-14,679492817256448.0,377804449382400.0,-,0.0
2005-09-13,683575183671296.0,380074272489472.0,-,0.0
2005-09-12,699904783548416.0,389153665581056.0,-,0.0
2005-09-09,700358372360192.0,389405860691968.0,-,0.0
2005-09-08,715780794613760.0,397980863561728.0,-,0.0
2005-09-07,712605605822464.0,396215430676480.0,-,0.0
2005-09-06,726667194531840.0,404033814659072.0,-,0.0
2005-09-02,727120783343616.0,404285976215552.0,-,0.0
2005-09-01,691739983609856.0,384613952258048.0,-,0.0
2005-08-31,698997605924864.0,388649241804800.0,-,0.0
2005-08-30,654091172708352.0,363680852082688.0,-,0.0
2005-08-29,651823228649472.0,362419876528128.0,-,0.0
2005-08-26,634586384039936.0,352836026105856.0,-,0.0
2005-08-25,654544828628992.0,363933114302464.0,-,0.0
2005-08-24,661802383835136.0,367968370294784.0,-,0.0
2005-08-23,645019195146240.0,358636748537856.0,-,0.0
2005-08-22,650915983917056.0,361915419197440.0,-,0.0
2005-08-19,652730406273024.0,362924266749952.0,-,0.0
2005-08-18,646380028690432.0,359393400979456.0,-,0.0
2005-08-17,651823228649472.0,362419876528128.0,-,0.0
2005-08-16,656359183876096.0,364941894746112.0,-,0.0
2005-08-15,671781606129664.0,373516897615872.0,-,0.0
2005-08-12,675410383732736.0,375534559166464.0,-,0.0
2005-08-11,679492817256448.0,377804449382400.0,-,0.0
2005-08-10,672235194941440.0,373769092726784.0,-,0.0
2005-08-09,650462395105280.0,361663224086528.0,-,0.0
2005-08-08,664070395002880.0,369229412958208.0,-,0.0
2005-08-05,680399994880000.0,378308806049792.0,-,0.0
2005-08-04,679946406068224.0,378056610938880.0,-,0.0
2005-08-03,719863228137472.0,400250720223232.0,-,0.0
2005-08-02,713966372257792.0,396972016009216.0,-,0.0
2005-08-01,713512783446016.0,396719820898304.0,-,0.0
2005-07-29,697183183568896.0,387640461361152.0,-,0.0
2005-07-28,687204028383232.0,382091900485632.0,-,0.0
2005-07-27,697636772380672.0,387892622917632.0,-,0.0
2005-07-26,697636772380672.0,387892622917632.0,-,0.0
2005-07-25,704894394695680.0,391927946018816.0,-,0.0
2005-07-22,712605605822464.0,396215430676480.0,-,0.0
2005-07-21,709884005842944.0,394702226456576.0,-,0.0
2005-07-20,723038416928768.0,402016220217344.0,-,0.0
2005-07-19,703987217072128.0,391423555796992.0,-,0.0
2005-07-18,721223994572800.0,401007339110400.0,-,0.0
2005-07-15,733017572114432.0,407564680429568.0,-,0.0
2005-07-14,742543205597184.0,412861012639744.0,-,0.0
2005-07-13,747079227932672.0,415383097966592.0,-,0.0
2005-07-12,757511971930112.0,414878640635904.0,-,0.0
2005-07-11,724399183364096.0,396743309000704.0,-,0.0
2005-07-08,716234383425536.0,392271476293632.0,-,0.0
2005-07-07,716687972237312.0,392519946862592.0,-,0.0
2005-07-06,719863228137472.0,394258938855424.0,-,0.0
2005-07-05,713966372257792.0,391029358329856.0,-,0.0
2005-07-01,717595216969728.0,387799811358720.0,-,0.0
2005-06-30,719863228137472.0,389025487650816.0,-,0.0
2005-06-29,724852772175872.0,391721854697472.0,-,0.0
2005-06-28,728028028076032.0,393437828349952.0,-,0.0
2005-06-27,707615994675200.0,382406875938816.0,-,0.0
2005-06-24,712605605822464.0,385103310094336.0,-,0.0
2005-06-23,713059194634240.0,385348458774528.0,-,0.0
2005-06-22,698544017113088.0,377504170770432.0,-,0.0
2005-06-21,660441617399808.0,356913090920448.0,-,0.0
2005-06-20,671328017317888.0,362796290146304.0,-,0.0
2005-06-17,684482428403712.0,369905132109824.0,-,0.0
2005-06-16,682214417235968.0,368679489372160.0,-,0.0
2005-06-15,684936017215488.0,370150280790016.0,-,0.0
2005-06-14,683575183671296.0,369414868303872.0,-,0.0
2005-06-13,693100817154048.0,374562621489152.0,-,0.0
2005-06-10,690379217174528.0,373091830071296.0,-,0.0
2005-06-09,693100817154048.0,374562621489152.0,-,0.0
2005-06-08,696276005945344.0,376278528032768.0,-,0.0
2005-06-07,707615994675200.0,382406875938816.0,-,0.0
2005-06-06,718955983405056.0,388535156736000.0,-,0.0
2005-06-03,715780794613760.0,386819216637952.0,-,0.0
2005-06-02,719409572216832.0,388780271861760.0,-,0.0
2005-06-01,714873616990208.0,386328952832000.0,-,0.0
2005-05-31,723038416928768.0,390741360640000.0,-,0.0
2005-05-27,729388794511360.0,394173240836096.0,-,0.0
2005-05-26,734831994470400.0,397114823671808.0,-,0.0
2005-05-25,725306428096512.0,391967036932096.0,-,0.0
2005-05-24,718955983405056.0,388535156736000.0,-,0.0
2005-05-23,703533628260352.0,380200638480384.0,-,0.0
2005-05-20,716687972237312.0,387309480443904.0,-,0.0
2005-05-19,720316816949248.0,389270535667712.0,-,0.0
2005-05-18,739368016805888.0,399566176256000.0,-,0.0
2005-05-17,748439994368000.0,404468780761088.0,-,0.0
2005-05-16,712152017010688.0,384858161414144.0,-,0.0
2005-05-13,695368828321792.0,375788297781248.0,-,0.0
2005-05-12,657720017420288.0,355442265948160.0,-,0.0
2005-05-11,688564794818560.0,372111268904960.0,-,0.0
2005-05-10,695822417133568.0,376033412907008.0,-,0.0
2005-05-09,705801572319232.0,381426281218048.0,-,0.0
2005-05-06,709430417031168.0,383387369996288.0,-,0.0
2005-05-05,703533628260352.0,380200638480384.0,-,0.0
2005-05-04,703079972339712.0,379955523354624.0,-,0.0
2005-05-03,704440805883904.0,380690969395200.0,-,0.0
2005-05-02,714420028178432.0,386083837706240.0,-,0.0
2005-04-29,707615994675200.0,382406875938816.0,-,0.0
2005-04-28,702172794716160.0,379465225994240.0,-,0.0
2005-04-27,728028028076032.0,393437828349952.0,-,0.0
2005-04-26,740728783241216.0,400301521633280.0,-,0.0
2005-04-25,777924005330944.0,420402404786176.0,-,0.0
2005-04-22,771573627748352.0,416970558144512.0,-,0.0
2005-04-21,776563171786752.0,419666992300032.0,-,0.0
2005-04-20,739368016805888.0,399566176256000.0,-,0.0
2005-04-19,749800827912192.0,405204159692800.0,-,0.0
2005-04-18,706708817051648.0,381916612132864.0,-,0.0
2005-04-15,716234383425536.0,387064365318144.0,-,0.0
2005-04-14,756151205494784.0,408636039888896.0,-,0.0
2005-04-13,790624827604992.0,427266131623936.0,-,0.0
2005-04-12,817840827400192.0,441974112911360.0,-,0.0
2005-04-11,816026405044224.0,440993518190592.0,-,0.0
2005-04-08,824191204982784.0,445405959553024.0,-,0.0
2005-04-07,843695993651200.0,455946648158208.0,-,0.0
2005-04-06,833263182544896.0,450308564058112.0,-,0.0
2005-04-05,839159971315712.0,453495295574016.0,-,0.0
2005-04-04,860479182340096.0,465016545345536.0,-,0.0
2005-04-01,844603171274752.0,456436844855296.0,-,0.0
2005-03-31,841427982483456.0,454720904757248.0,-,0.0
2005-03-30,813758393876480.0,439767875452928.0,-,0.0
2005-03-29,800603982790656.0,432658966380544.0,-,0.0
2005-03-28,825098382606336.0,440748403064832.0,-,0.0
2005-03-24,834624016089088.0,445836697796608.0,-,0.0
2005-03-23,815572816232448.0,435660074778624.0,-,0.0
2005-03-22,858211171172352.0,458436487675904.0,-,0.0
2005-03-21,855035982381056.0,456740411801600.0,-,0.0
2005-03-18,853221627133952.0,455771124924416.0,-,0.0
2005-03-17,855489571192832.0,456982641246208.0,-,0.0
2005-03-16,821923193815040.0,439052260081664.0,-,0.0
2005-03-15,826459216150528.0,441475326279680.0,-,0.0
2005-03-14,829180816130048.0,442929139154944.0,-,0.0
2005-03-11,818294416211968.0,437113887653888.0,-,0.0
2005-03-10,790171171684352.0,422091065131008.0,-,0.0
2005-03-09,854582393569280.0,456498048139264.0,-,0.0
2005-03-08,844149582462976.0,450925059637248.0,-,0.0
2005-03-07,896313570885632.0,478789901484032.0,-,0.0
2005-03-04,919447204265984.0,491147361255424.0,-,0.0
2005-03-03,894499215638528.0,477820681715712.0,-,0.0
2005-03-02,943034426458112.0,503747084025856.0,-,0.0
2005-03-01,948477626417152.0,506654709776384.0,-,0.0
2005-02-28,978868815003648.0,522888981512192.0,-,0.0
2005-02-25,920807970701312.0,491874284470272.0,-,0.0
2005-02-24,921261626621952.0,492116547469312.0,-,0.0
2005-02-23,907199970803712.0,484605186539520.0,-,0.0
2005-02-22,918540026642432.0,490662701039616.0,-,0.0
2005-02-18,901756770844672.0,481697560788992.0,-,0.0
2005-02-17,874994426970112.0,467401695035392.0,-,0.0
2005-02-16,890416782114816.0,475640012734464.0,-,0.0
2005-02-15,866375971110912.0,462797926301696.0,-,0.0
2005-02-14,916272015474688.0,489451218272256.0,-,0.0
2005-02-11,884519993344000.0,472490090430464.0,-,0.0
2005-02-10,884519993344000.0,472490090430464.0,-,0.0
2005-02-09,825551971418112.0,440990733172736.0,-,0.0
2005-02-08,816479993856000.0,436144634331136.0,-,0.0
2005-02-07,825551971418112.0,440990733172736.0,-,0.0
2005-02-04,816933582667776.0,436386930884608.0,-,0.0
2005-02-03,852767971213312.0,455528861925376.0,-,0.0
2005-02-02,860932771151872.0,459890300551168.0,-,0.0
2005-02-01,795614371643392.0,424998690881536.0,-,0.0
2005-01-31,766130427789312.0,409249079361536.0,-,0.0
2005-01-28,752976016703488.0,402222277984256.0,-,0.0
2005-01-27,739821605617664.0,395195476606976.0,-,0.0
2005-01-26,716687972237312.0,382838083944448.0,-,0.0
2005-01-25,702626383527936.0,375326723014656.0,-,0.0
2005-01-24,696276005945344.0,371934470602752.0,-,0.0
2005-01-21,721223994572800.0,385261150142464.0,-,0.0
2005-01-20,714420028178432.0,381626567622656.0,-,0.0
2005-01-19,713059194634240.0,380899677962240.0,-,0.0
2005-01-18,728935205699584.0,389380225105920.0,-,0.0
2005-01-14,744811216764928.0,397860839358464.0,-,0.0
2005-01-13,681760828424192.0,364180813119488.0,-,0.0
2005-01-12,662709628567552.0,354004055883776.0,-,0.0
2005-01-11,658627195043840.0,351823319793664.0,-,0.0
2005-01-10,676771217276928.0,361515450368000.0,-,0.0
2005-01-07,671781606129664.0,358850121170944.0,-,0.0
2005-01-06,698090428301312.0,372903723925504.0,-,0.0
2005-01-05,679492817256448.0,362969296797696.0,-,0.0
2005-01-04,666338406170624.0,355942528974848.0,-,0.0
2005-01-03,680399994880000.0,363453856350208.0,-,0.0
2004-12-31,737100005638144.0,393741730840576.0,-,0.0
2004-12-30,739368016805888.0,394953247162368.0,-,0.0
2004-12-29,733017572114432.0,391560927641600.0,-,0.0
2004-12-28,770666383015936.0,411672112005120.0,-,0.0
2004-12-27,757511971930112.0,404645310627840.0,-,0.0
2004-12-23,782460027666432.0,417971923058688.0,-,0.0
2004-12-22,837345616068608.0,447290544226304.0,-,0.0
2004-12-21,861386427072512.0,460132563550208.0,-,0.0
2004-12-20,861840015884288.0,460374960766976.0,-,0.0
2004-12-17,861386427072512.0,455044201709568.0,-,0.0
2004-12-16,871819171069952.0,460555584274432.0,-,0.0
2004-12-15,874087182237696.0,461753678823424.0,-,0.0
2004-12-14,855943227113472.0,452168788213760.0,-,0.0
2004-12-13,889509604491264.0,469900929794048.0,-,0.0
2004-12-10,832356004921344.0,439708416999424.0,-,0.0
2004-12-09,877716026949632.0,463670643523584.0,-,0.0
2004-12-08,892684793282560.0,471578282295296.0,-,0.0
2004-12-07,900396004409344.0,475651823894528.0,-,0.0
2004-12-06,975239970291712.0,515189648654336.0,-,0.0
2004-12-03,960724792770560.0,507521689190400.0,-,0.0
2004-12-02,868643982278656.0,458878265327616.0,-,0.0
2004-12-01,952559992832000.0,503208501837824.0,-,0.0
2004-11-30,1022868003487740.0,540350103945216.0,-,0.0
2004-11-29,1039651192176640.0,549216157958144.0,-,0.0
2004-11-26,1041012025720830.0,549934961000448.0,-,
2004-11-24,1000188026028030.0,528368890019840.0,-,
2004-11-23,946209615249408.0,499853796835328.0,-,
2004-11-22,931240781807616.0,491946225172480.0,-,
2004-11-19,838252793692160.0,442823476248576.0,-,
2004-11-18,838706382503936.0,443063122001920.0,-,
2004-11-17,806954427482112.0,426289462771712.0,-,
2004-11-16,831902416109568.0,439468737691648.0,-,
2004-11-15,766130427789312.0,404723391791104.0,-,
2004-11-12,757511971930112.0,400170558685184.0,-,
2004-11-11,760233571909632.0,401608298987520.0,-,
2004-11-10,764769594245120.0,404004588748800.0,-,
2004-11-09,741636027973632.0,391783729070080.0,-,
2004-11-08,730749628055552.0,386032834969600.0,-,
2004-11-05,712152017010688.0,376208231497728.0,-,
2004-11-04,727574372155392.0,384355448913920.0,-,
2004-11-03,717595216969728.0,379083745656832.0,-,
2004-11-02,730295972134912.0,385793189216256.0,-,
2004-11-01,776563171786752.0,410234740801536.0,-,
2004-10-29,775655994163200.0,409755482849280.0,-,
2004-10-28,767037605412864.0,405202649743360.0,-,
2004-10-27,775655994163200.0,409755482849280.0,-,
2004-10-26,771119971827712.0,407359226642432.0,-,
2004-10-25,776109582974976.0,409995128602624.0,-,
2004-10-22,743903972032512.0,392981924282368.0,-,
2004-10-21,747532816744448.0,394898855428096.0,-,
2004-10-20,744811216764928.0,393461148680192.0,-,
2004-10-19,735739172093952.0,388668636266496.0,-,
2004-10-18,782913616478208.0,413589512912896.0,-,
2004-10-15,793346427584512.0,419100794814464.0,-,
2004-10-14,771119971827712.0,407359226642432.0,-,
2004-10-13,682668006047744.0,360632733925376.0,-,
2004-10-12,725760016908288.0,383396933009408.0,-,
2004-10-11,783820794101760.0,414068703756288.0,-,
2004-10-08,852767971213312.0,450491368603648.0,-,
2004-10-07,845056827195392.0,446417860558848.0,-,
2004-10-06,836892027256832.0,442104639651840.0,-,
2004-10-05,789717582872576.0,417183863668736.0,-,
2004-10-04,698090428301312.0,368779951341568.0,-,
2004-10-01,723945594552320.0,382438484213760.0,-,
2004-09-30,725306428096512.0,383157320810496.0,-,
2004-09-29,714420028178432.0,377406359601152.0,-,
2004-09-28,703079972339712.0,371415752638464.0,-,
2004-09-27,650008806293504.0,343379883851776.0,-,
2004-09-24,645926372769792.0,341223306952704.0,-,
2004-09-23,666791994982400.0,352245937864704.0,-,
2004-09-22,627328828833792.0,331398804144128.0,-,
2004-09-21,616896017727488.0,325887388024832.0,-,
2004-09-20,578340029202432.0,305519445147648.0,-,
2004-09-17,526176007225344.0,277962783981568.0,-,
2004-09-16,530711996006400.0,280359056965632.0,-,
2004-09-15,534340807163904.0,282276055220224.0,-,
2004-09-14,532980007174144.0,281557151514624.0,-,
2004-09-13,537515995955200.0,283953374167040.0,-,
2004-09-10,508485607358464.0,268617488793600.0,-,
2004-09-09,498960007430144.0,263585414512640.0,-,
2004-09-08,514835984941056.0,271972227350528.0,-,
2004-09-07,520732807266304.0,275087303376896.0,-,
2004-09-03,510299996160000.0,269575971143680.0,-,
2004-09-02,515289607307264.0,272211856326656.0,-,
2004-09-01,512568007327744.0,270774082469888.0,-,
2004-08-31,531619207184384.0,280838298140672.0,-,
2004-08-30,497599207440384.0,262866544361472.0,-,
2004-08-27,492609596293120.0,260230675955712.0,-,
2004-08-26,495784785084416.0,261908045234176.0,-,
2004-08-25,494423985094656.0,261189191860224.0,-,
2004-08-24,494423985094656.0,261189191860224.0,-,
2004-08-23,491702385115136.0,259751434780672.0,-,
2004-08-20,497145585074176.0,262626932162560.0,-,
2004-08-19,498960007430144.0,263585414512640.0,-,
2004-08-18,500774396231680.0,264543913639936.0,-,
2004-08-17,501227985043456.0,264783542616064.0,-,
2004-08-16,498506385063936.0,263345785536512.0,-,
2004-08-13,498506385063936.0,263345785536512.0,-,
2004-08-12,496691996262400.0,262387269632000.0,-,
2004-08-11,507124807368704.0,267898601865216.0,-,
2004-08-10,503949585022976.0,266221282918400.0,-,
2004-08-09,489887996313600.0,258792952430592.0,-,
2004-08-06,494423985094656.0,261189191860224.0,-,
2004-08-05,498052796252160.0,263106173337600.0,-,
2004-08-04,512114384961536.0,270534470270976.0,-,
2004-08-03,517103996108800.0,273170321899520.0,-,
2004-08-02,515743196119040.0,272451434971136.0,,549934961000448.0
