Main,Unnamed: 1,Unnamed: 2,Unnamed: 3,Unnamed: 4,Unnamed: 5,Unnamed: 6,Unnamed: 7,Unnamed: 8,Unnamed: 9,Unnamed: 10,Unnamed: 11
,Name,filamin A,,,,,,,,,
,Gene,"Xq28, 47 exons, two transcripts",,,,,,,,,
,,Sp1 promoter.,,,,,,,,,
,,"Expression for filamin A & B is wide, C is in skeletal & myocardial tissue",,,,,,,,,
,Protein,one actin-binding domain with 24 repeat Ig domains (96 AAs each),,,,,,,,,
,,"F-actin binds at the N terminus and ""promotes orthogonal branching of F-actin""",,,,,,,,,
,,Tau also binds to F-actin.,,,,,,,,,
,,"Rod1, Rod2, Rep. 24,",,,,,,,,,
,,Homologous to filamin B/C,,,,,,,,,
,,Ser(2523) can be phosphorylated and result in decreased binding to F-actin.,,,,,,,,,
,,Amyloid-beta alters protein conformation of FLNA (debunked?),,,,,,,,,
,Function,determines shape and movement of cells by binding actin,,,,,,,,,
,,It can act as a scaffold (???) for signaling molecules or as an adhesion protein???,,,,,,,,,
,,Memantine reduced FLNA expression by nearly half in the hippocampus,,,,,,,,,
,Gene Dosage,periventricular nodular heterotopia (brain malformation due to cellular migration deficit). Males die after birth or soon after.,,,,,,,,,
,,"Heart valve, bone, GI, megakaryocyte",,,,,,,,,
,,Cancer?,,,,,,,,,
,Weight,280kda,,,,,,,,,
,Location,Cytoplasm,,,,,,,,,
,Mutations,p.Ala39Gly loses F-actin binding,,,,,,,,,
,Metabolism,calpain,,,,,,,,,
,Papers,,,,,,,,,,
,,https://pubmed.ncbi.nlm.nih.gov/33330477/,,,,,,,,,
,,https://pubmed.ncbi.nlm.nih.gov/20460118/,,,,,,,,,
,,https://pubmed.ncbi.nlm.nih.gov/36506473/,,,,,,,,,
,,https://pubmed.ncbi.nlm.nih.gov/36399251/,,,,,,,,,
,,,,,,,,,,,
,,The many faces of filamin: A versatile molecular scaffold for cell motility and signalling,,,,,,,,,
,,,,,,,,,,,
,,The filamins: Organizers of cell structure and function,,,,,,,,,
,,,,,,,,,,,
,,,,,,,,,,,
,,Actin-binding protein filamin-A drives tau aggregation and contributes to progressive supranuclear palsy pathology. Tsujikawa et al. Sci Adv 2022.,,,,,,,,,
,,Nagoya University Graduate School of Medicine.,,,,,,,,,
,,Filamin A promotes tau aggregation,,,,,,,,,
,,"Meanwhile, the findings of no increase in FLNA levels under massive tau induction in tau transgenic mice (fig. S3) suggest that the FLNA lies upstream to the tau pathology.",,,,,,,,,
,,"F-actin binds at the N terminus and ""promotes orthogonal branching of F-actin""",,,,,,,,,
,,Serine 2523 phosphorylation allows for tau solubility.,,,,,,,,,
,,,,,,,,,,,
,CASA - chaperone assisted autophagy,,,,,,,,,,
,,,,,,,,,,,
,,,,,,,,,,,
,PMID,Title,Authors,Citation,First Author,Journal/Book,Publication Year,Create Date,PMCID,NIHMS ID,DOI
,39215616,HSPB8-BAG3 chaperone complex modulates cell invasion in intrahepatic cholangiocarcinoma by regulating CASA-mediated Filamin A degradation,"Shu B, Wen Y, Lin R, He C, Luo C, Li F.",Cancer Biol Ther. 2024 Dec 31;25(1):2396694. doi: 10.1080/15384047.2024.2396694. Epub 2024 Aug 31.,Shu B,Cancer Biol Ther,2024,2024-08-31 00:00:00,PMC11370900,,10.1080/15384047.2024.2396694
,39215762,The hinge-1 domain of Flna is not necessary for diverse physiological functions in mice,"Wade EM, Goodin EA, Morgan T, Pereira S, Woolley AG, Jenkins ZA, Daniel PB, Robertson SP.",Eur J Clin Invest. 2024 Dec;54(12):e14308. doi: 10.1111/eci.14308. Epub 2024 Aug 31.,Wade EM,Eur J Clin Invest,2024,2024-08-31 00:00:00,,,10.1111/eci.14308
,39528354,Therapeutic potential of targeting the FLNA-regulated Wee1 kinase in adrenocortical carcinomas,"Esposito E, Marra G, Catalano R, Maioli S, Nozza E, Barbieri AM, Hantel C, Di Dalmazi G, Sigala S, Geginat J, Cassinotti E, Baldari L, Palmieri S, Mangone A, Berruti A, Ferrante E, Mantovani G, Peverelli E.",Int J Cancer. 2024 Nov 11. doi: 10.1002/ijc.35239. Online ahead of print.,Esposito E,Int J Cancer,2024,2024-11-11 00:00:00,,,10.1002/ijc.35239
,39510553,Pulmonary hypertension in patients carrying FLNA loss-of-function variants,"Stourm L, Grynblat J, Savale L, Lacoste-Palasset T, Jaïs X, Coulet F, Levy M, Meyrignac O, Ghigna MR, Cottin V, Sitbon O, Bonnet D, Goupil F, Humbert M, Gagnadoux F, Montani D; French PH Network PULMOTENSION Investigators.",Eur Respir J. 2024 Nov 7:2401132. doi: 10.1183/13993003.01132-2024. Online ahead of print.,Stourm L,Eur Respir J,2024,2024-11-07 00:00:00,,,10.1183/13993003.01132-2024
,39285959,A familial case of diffuse periventricular nodular heterotopia identified prenatally: Filamin A defect as the probable cause,"Neves MT, Borges AL, Martins G, Sá G, Loureiro T, Moldovan O.",Radiol Case Rep. 2024 Aug 31;19(11):5393-5398. doi: 10.1016/j.radcr.2024.07.190. eCollection 2024 Nov.,Neves MT,Radiol Case Rep,2024,2024-09-17 00:00:00,PMC11402618,,10.1016/j.radcr.2024.07.190
,39189664,Filamin A regulates platelet shape change and contractile force generation via phosphorylation of the myosin light chain,"Hong F, Mollica MY, Golla K, De Silva E, Sniadecki NJ, López JA, Kim H.",Biochem J. 2024 Oct 17;481(20):1395-1410. doi: 10.1042/BCJ20240114.,Hong F,Biochem J,2024,2024-08-27 00:00:00,PMC11555712,,10.1042/BCJ20240114
,38853608,Pathogenic FLNA variants affecting the hinge region of filamin A are associated with male survival,"Wade EM, Morgan T, Gimenez G, Jenkins ZA, Titheradge H, O'Donnell M, Skidmore D, Suri M, Robertson SP.",Am J Med Genet A. 2024 Oct;194(10):e63779. doi: 10.1002/ajmg.a.63779. Epub 2024 Jun 10.,Wade EM,Am J Med Genet A,2024,2024-06-10 00:00:00,,,10.1002/ajmg.a.63779
,39351381,Secondary spontaneous pneumothorax as the presenting manifestation of filamin A-associated lung disease,"Holden S, Barker AP, Babar J, Karia S, Gupta N, Sinharay R, Marciniak SJ.",ERJ Open Res. 2024 Sep 30;10(5):00011-2024. doi: 10.1183/23120541.00011-2024. eCollection 2024 Sep.,Holden S,ERJ Open Res,2024,2024-10-01 00:00:00,PMC11440369,,10.1183/23120541.00011-2024
,39399465,Unraveling the pathogenic mechanism of a novel filamin a frameshift variant in periventricular nodular heterotopia,"Xue C, Wang Y, Peng J, Feng S, Guan Y, Hao Y.",Front Pharmacol. 2024 Sep 27;15:1429177. doi: 10.3389/fphar.2024.1429177. eCollection 2024.,Xue C,Front Pharmacol,2024,2024-10-14 00:00:00,PMC11466872,,10.3389/fphar.2024.1429177
,39164108,Reducing Filamin A Restores Cortical Synaptic Connectivity and Early Social Communication Following Cellular Mosaicism in Autism Spectrum Disorder Pathways,"Binder MS, Escobar I, Xu Y, Sokolov AM, Zhang L, Bordey A.",J Neurosci. 2024 Sep 25;44(39):e1245232024. doi: 10.1523/JNEUROSCI.1245-23.2024.,Binder MS,J Neurosci,2024,2024-08-20 00:00:00,PMC11426378,,10.1523/JNEUROSCI.1245-23.2024
,39359981,Polyvalvular Dysplasia and Vascular Abnormalities in a Neonate With an FLNA Variant,"Frenkel A, Frenkel M, Schulte JJ, Srinivasan S, Lamers L.",JACC Case Rep. 2024 Sep 18;29(18):102556. doi: 10.1016/j.jaccas.2024.102556. eCollection 2024 Sep 18.,Frenkel A,JACC Case Rep,2024,2024-10-03 00:00:00,PMC11442230,,10.1016/j.jaccas.2024.102556
,38592439,Curcumin suppresses the malignant phenotype of laryngeal squamous cell carcinoma through downregulating E2F1 to inhibit FLNA,"Xie Y, Qi J, Liu J.",Naunyn Schmiedebergs Arch Pharmacol. 2024 Sep;397(9):6929-6939. doi: 10.1007/s00210-024-03059-x. Epub 2024 Apr 9.,Xie Y,Naunyn Schmiedebergs Arch Pharmacol,2024,2024-04-09 00:00:00,,,10.1007/s00210-024-03059-x
,39273357,"Significance of Fibrillin-1, Filamin A, MMP2 and SOX9 in Mitral Valve Pathology","Opris CE, Suciu H, Jung I, Flamand S, Harpa MM, Opris CI, Popa C, Kovacs Z, Gurzu S.",Int J Mol Sci. 2024 Aug 29;25(17):9410. doi: 10.3390/ijms25179410.,Opris CE,Int J Mol Sci,2024,2024-09-14 00:00:00,PMC11394784,,10.3390/ijms25179410
,39195282,Targeting Cleavage of C-Terminal Fragment of Cytoskeletal Filamin A in Cancers,"Cakici O, Bandaru S, Lee GY, Mustafa D, Akyürek LM.",Cells. 2024 Aug 21;13(16):1394. doi: 10.3390/cells13161394.,Cakici O,Cells,2024,2024-08-28 00:00:00,PMC11352274,,10.3390/cells13161394
,39182401,CircRNA ATF6 suppresses bladder cancer cell proliferation and migration via miR-146a-5p/FLNA axis,"Lu B, Zhou Y, Ma Z, Wang Z.",Mutat Res. 2024 Jul 31;829:111876. doi: 10.1016/j.mrfmmm.2024.111876. Online ahead of print.,Lu B,Mutat Res,2024,2024-08-25 00:00:00,,,10.1016/j.mrfmmm.2024.111876
,39082299,Integrated Genome-Wide Analysis of DNA Methylation and Gene Expression in the Hippocampi of 5xFAD Alzheimer's Disease Mouse Model,"Lee S, Lee HJ, Chun JM, Jung B, Kim J, Moon C, Kim C, Kim JS.",J Integr Neurosci. 2024 Jul 24;23(7):138. doi: 10.31083/j.jin2307138.,Lee S,J Integr Neurosci,2024,2024-07-31 00:00:00,,,10.31083/j.jin2307138
,38958472,Charting the importance of filamin A posttranslational modifications,"Shead KD, Salyahetdinova V, Baillie GS.",Biochem J. 2024 Jul 3;481(13):865-881. doi: 10.1042/BCJ20240121.,Shead KD,Biochem J,2024,2024-07-03 00:00:00,PMC11346442,,10.1042/BCJ20240121
,38614124,FLNA overexpression promotes papillary thyroid cancer aggression via the FAK/AKT signaling pathway,"Liang W, Zhang Y, Guo Y, Zhang P, Jin J, Guan H, Li Y.",Endocr Connect. 2024 May 7;13(6):e240034. doi: 10.1530/EC-24-0034. Print 2024 Jun 1.,Liang W,Endocr Connect,2024,2024-04-13 00:00:00,PMC11103747,,10.1530/EC-24-0034
,38311094,Filamin A in triple negative breast cancer,"Giovannelli P, Di Donato M, Licitra F, Sabbatino E, Tutino V, Castoria G, Migliaccio A.",Steroids. 2024 May;205:109380. doi: 10.1016/j.steroids.2024.109380. Epub 2024 Feb 2.,Giovannelli P,Steroids,2024,2024-02-04 00:00:00,,,10.1016/j.steroids.2024.109380
,38651904,"Erratum to ""Filamin A protects cells against force-induced apoptosis by stabilizing talin- and vinculin-containing cell adhesions""",,FASEB J. 2024 Apr 30;38(8):e23617. doi: 10.1096/fj.202400751.,,FASEB J,2024,2024-04-23 00:00:00,,,10.1096/fj.202400751
,38666944,Role of Filamin A in Growth and Migration of Breast Cancer-Review,"Zawadka P, Zielińska W, Gagat M, Izdebska M.",Curr Issues Mol Biol. 2024 Apr 17;46(4):3408-3423. doi: 10.3390/cimb46040214.,Zawadka P,Curr Issues Mol Biol,2024,2024-04-26 00:00:00,PMC11049233,,10.3390/cimb46040214
,38148157,Filamin A heart valve disease as a genetic cause of inherited bicuspid and tricuspid aortic valve disease,"Delwarde C, Toquet C, Boureau AS, Le Ruz R, Le Scouarnec S, Mérot J, Kyndt F, Bernstein D, Bernstein JA, Aalberts JJJ, Le Marec H, Schott JJ, Roussel JC, Le Tourneau T, Capoulade R.",Heart. 2024 Apr 15;110(9):666-674. doi: 10.1136/heartjnl-2023-323491.,Delwarde C,Heart,2024,2023-12-26 00:00:00,,,10.1136/heartjnl-2023-323491
,38330446,Ganoderic acid A suppresses autophagy by regulating the circFLNA/miR-486-3p/CYP1A1/XRCC1 axis to strengthen the sensitivity of lung cancer cells to cisplatin,"Gong E, Pan J, Ye Z, Cai X, Zheng H, Yin Z, Jiang Y, Wang X, Cao Z.",J Pharm Pharmacol. 2024 Apr 3;76(4):354-367. doi: 10.1093/jpp/rgad116.,Gong E,J Pharm Pharmacol,2024,2024-02-08 00:00:00,,,10.1093/jpp/rgad116
,38148030,Diffuse interstitial lung disease in a male fetus with periventricular nodular heterotopia and filamin A mosaic variant,"Desnous B, Carles G, Riccardi F, Stremler N, Baravalle M, El-Louali F, Testud B, Milh M.",Prenat Diagn. 2024 Mar;44(3):364-368. doi: 10.1002/pd.6505. Epub 2023 Dec 26.,Desnous B,Prenat Diagn,2024,2023-12-26 00:00:00,,,10.1002/pd.6505
,38131667,Digenic FLNA and UCHL1 variants resulting in a complex phenotype,"Pernice HF, O'Donnell LF, Rossor AM, Laura M, Record CJ, Skorupinska M, Blake J, Poh R, Polke J, Reilly MM.",J Peripher Nerv Syst. 2024 Mar;29(1):111-115. doi: 10.1111/jns.12611. Epub 2024 Jan 7.,Pernice HF,J Peripher Nerv Syst,2024,2023-12-22 00:00:00,,,10.1111/jns.12611
,38398103,Filamin A Is a Prognostic Serum Biomarker for Differentiating Benign Prostatic Hyperplasia from Prostate Cancer in Caucasian and African American Men,"Mahaveer Chand N, Tekumalla PK, Rosenberg MT, Dobi A, Ali A, Miller GM, Aristizabal-Henao JJ, Granger E, Freedland SJ, Kellogg MD, Srivastava S, McLeod DG, Narain NR, Kiebish MA.",Cancers (Basel). 2024 Feb 8;16(4):712. doi: 10.3390/cancers16040712.,Mahaveer Chand N,Cancers (Basel),2024,2024-02-24 00:00:00,PMC10887407,,10.3390/cancers16040712
,38010911,Filamin A is involved in human intrahepatic cholangiocarcinoma aggressiveness and progression,"Vitali E, Franceschini B, Milana F, Soldani C, Polidoro MA, Carriero R, Kunderfranco P, Trivellin G, Costa G, Milardi G, Di Tommaso L, Torzilli G, Lleo A, Lania AG, Donadon M.",Liver Int. 2024 Feb;44(2):518-531. doi: 10.1111/liv.15800. Epub 2023 Nov 27.,Vitali E,Liver Int,2024,2023-11-27 00:00:00,,,10.1111/liv.15800
,37922495,GPIbα-filamin A interaction regulates megakaryocyte localization and budding during platelet biogenesis,"Ellis ML, Terreaux A, Alwis I, Smythe R, Perdomo J, Eckly A, Cranmer SL, Passam FH, Maclean J, Schoenwaelder SM, Ruggeri ZM, Lanza F, Taoudi S, Yuan Y, Jackson SP.",Blood. 2024 Jan 25;143(4):342-356. doi: 10.1182/blood.2023021292.,Ellis ML,Blood,2024,2023-11-03 00:00:00,,,10.1182/blood.2023021292
,38176754,"Filamin A gene mutation in an infant with progressive pulmonary emphysema, periventricular nodular heterotopia and congenital heart disease","Khera S, Jauhari S, Pattanayak S, Choubey M.",BMJ Case Rep. 2024 Jan 4;17(1):e257676. doi: 10.1136/bcr-2023-257676.,Khera S,BMJ Case Rep,2024,2024-01-04 00:00:00,PMC10773292,,10.1136/bcr-2023-257676
,37955081,Long-chain noncoding RNA LINC01569 upregulates filamin A-interacting protein 1-like to prevent metastasis of triple-negative breast cancer via sponging miR-300,"Jiang X, Lin J, Zhu Z.",Cancer Biomark. 2024;39(2):79-94. doi: 10.3233/CBM-230261.,Jiang X,Cancer Biomark,2024,2023-11-13 00:00:00,PMC11002719,,10.3233/CBM-230261
,37855268,FLNA expression modulates pathological markers of pituitary neuroendocrine tumours,"Toledo J, Perez PA, Zanetti M, Díaz-Torga G, Mukdsi JH, Gutierrez S.",J Endocrinol. 2023 Nov 22;260(1):e230209. doi: 10.1530/JOE-23-0209. Print 2024 Jan 1.,Toledo J,J Endocrinol,2023,2023-10-19 00:00:00,,,10.1530/JOE-23-0209
,38040692,Filamin A cooperates with the androgen receptor in preventing skeletal muscle senescence,"Di Donato M, Moretti A, Sorrentino C, Toro G, Gentile G, Iolascon G, Castoria G, Migliaccio A.",Cell Death Discov. 2023 Dec 2;9(1):437. doi: 10.1038/s41420-023-01737-y.,Di Donato M,Cell Death Discov,2023,2023-12-01 00:00:00,PMC10692324,,10.1038/s41420-023-01737-y
,38068896,High Filamin a Expression in Adrenocortical Carcinomas Is Associated with a Favourable Tumour Behaviour: A European Multicentric Study,"Catalano R, Altieri B, Angelousi A, Arosio M, Bravi F, Canu L, Croci GA, Detomas M, Esposito E, Ferrante E, Ferrero S, Fuss CT, Kaltsas G, Kimpel O, Landwehr LS, Luconi M, Morelli V, Nesi G, Nozza E, Sbiera S, Serban AL, Ronchi CL, Mantovani G, Peverelli E.",Int J Mol Sci. 2023 Nov 21;24(23):16573. doi: 10.3390/ijms242316573.,Catalano R,Int J Mol Sci,2023,2023-12-09 00:00:00,PMC10706064,,10.3390/ijms242316573
,37729778,Hypomethylation of DRD2 promotes breast cancer through the FLNA-ERK pathway,"Zhang S, Zhong M, Zhu H, You Q, Yuan H, Li Y.",Cancer Genet. 2023 Nov;278-279:71-78. doi: 10.1016/j.cancergen.2023.09.001. Epub 2023 Sep 9.,Zhang S,Cancer Genet,2023,2023-09-20 00:00:00,,,10.1016/j.cancergen.2023.09.001
,37879916,[Molecular dynamics simulation of force-regulated interaction between glycoprotein Ib α and filamin],"Tao R, Xie X, Wu J, Fang Y.",Sheng Wu Yi Xue Gong Cheng Xue Za Zhi. 2023 Oct 25;40(5):876-885. doi: 10.7507/1001-5515.202302043.,Tao R,Sheng Wu Yi Xue Gong Cheng Xue Za Zhi,2023,2023-10-25 00:00:00,PMC10600417,,10.7507/1001-5515.202302043
,37851024,Identification of A Novel Variant of Filamin A Destroying the Attraction Between Benzene Rings and Sulfhydryl in Developmental Dysplasia of the Hip,"Lu YL, Wang Q, Wang M, Chang SH, He JQ, Xiang R, Tang JY, Jin JY.",DNA Cell Biol. 2023 Oct;42(10):638-644. doi: 10.1089/dna.2023.0159.,Lu YL,DNA Cell Biol,2023,2023-10-18 00:00:00,,,10.1089/dna.2023.0159
,37740811,Filamin A facilitates NLRP3 inflammasome activation during arsenic-induced nonalcoholic steatohepatitis,"Shi Y, Qiu T, Wu C, Yuan W, Yao X, Jiang L, Wang N, Wang L, Han Q, Yang G, Liu X, Sun X.",Environ Sci Pollut Res Int. 2023 Oct;30(49):107703-107715. doi: 10.1007/s11356-023-29702-3. Epub 2023 Sep 23.,Shi Y,Environ Sci Pollut Res Int,2023,2023-09-23 00:00:00,,,10.1007/s11356-023-29702-3
,37572267,Environmentally relevant DEHP exposure during gestational and lactational period inhibits filamin a testicular expression,"Pérez PA, Toledo J, Vitellini F, Cuello VN, Cantarelli V, Ponzio M, Mukdsi JH, Gutiérrez S.",J Mol Histol. 2023 Oct;54(5):509-520. doi: 10.1007/s10735-023-10144-7. Epub 2023 Aug 12.,Pérez PA,J Mol Histol,2023,2023-08-12 00:00:00,,,10.1007/s10735-023-10144-7
,37881376,Sinus of Valsalva Aneurysm: A Potential Case of Filamin A Mutation,"Win S, Tucker E, Wallace K, Gower H, Kandasamy K.",Cureus. 2023 Sep 24;15(9):e45858. doi: 10.7759/cureus.45858. eCollection 2023 Sep.,Win S,Cureus,2023,2023-10-26 00:00:00,PMC10597397,,10.7759/cureus.45858
,37762230,Simufilam Reverses Aberrant Receptor Interactions of Filamin A in Alzheimer's Disease,"Wang HY, Cecon E, Dam J, Pei Z, Jockers R, Burns LH.",Int J Mol Sci. 2023 Sep 11;24(18):13927. doi: 10.3390/ijms241813927.,Wang HY,Int J Mol Sci,2023,2023-09-28 00:00:00,PMC10531384,,10.3390/ijms241813927
,37429070,Generation of a FLNA knockout hESC line (WAe009-A-P) to model cardiac valvular dysplasia using CRISPR/Cas9,"Lu F, Gao Y, Li E.",Stem Cell Res. 2023 Sep;71:103162. doi: 10.1016/j.scr.2023.103162. Epub 2023 Jul 1.,Lu F,Stem Cell Res,2023,2023-07-10 00:00:00,,,10.1016/j.scr.2023.103162
,37291958,Targeting α7 nicotinic acetylcholine receptors and their protein interactions in Alzheimer's disease drug development,"Burns LH, Pei Z, Wang HY.",Drug Dev Res. 2023 Sep;84(6):1085-1095. doi: 10.1002/ddr.22085. Epub 2023 Jun 8.,Burns LH,Drug Dev Res,2023,2023-06-09 00:00:00,,,10.1002/ddr.22085
,37585478,Contrasting effects of filamin A and B proteins in modulating filovirus entry,"Shepley-McTaggart A, Liang J, Ding Y, Djurkovic MA, Kriachun V, Shtanko O, Sunyer O, Harty RN.",PLoS Pathog. 2023 Aug 16;19(8):e1011595. doi: 10.1371/journal.ppat.1011595. eCollection 2023 Aug.,Shepley-McTaggart A,PLoS Pathog,2023,2023-08-16 00:00:00,PMC10461817,,10.1371/journal.ppat.1011595
,37576388,Erratum: Zinc-α2-glycoprotein 1 promotes EMT in colorectal cancer by filamin A mediated focal adhesion pathway: Erratum,"Ji M, Li W, He G, Zhu D, Lv S, Tang W, Jian M, Zheng P, Yang L, Qi Z, Mao Y, Ren L, Zhong Y, Tu Y, Wei Y, Xu J.",J Cancer. 2023 Jul 26;14(12):2359-2360. doi: 10.7150/jca.87171. eCollection 2023.,Ji M,J Cancer,2023,2023-08-14 00:00:00,PMC10414041,,10.7150/jca.87171
,37178194,Filamin-A-interacting protein 1 (FILIP1) is a dual compartment protein linking myofibrils and microtubules during myogenic differentiation and upon mechanical stress,"Grande V, Schuld J, van der Ven PFM, Gruss OJ, Fürst DO.",Cell Tissue Res. 2023 Jul;393(1):133-147. doi: 10.1007/s00441-023-03776-4. Epub 2023 May 13.,Grande V,Cell Tissue Res,2023,2023-05-13 00:00:00,PMC10313560,,10.1007/s00441-023-03776-4
,37457922,Simufilam suppresses overactive mTOR and restores its sensitivity to insulin in Alzheimer's disease patient lymphocytes,"Wang HY, Pei Z, Lee KC, Nikolov B, Doehner T, Puente J, Friedmann N, Burns LH.",Front Aging. 2023 Jun 29;4:1175601. doi: 10.3389/fragi.2023.1175601. eCollection 2023.,Wang HY,Front Aging,2023,2023-07-17 00:00:00,PMC10339288,,10.3389/fragi.2023.1175601
,36867840,A mechanism of platelet integrin αIIbβ3 outside-in signaling through a novel integrin αIIb subunit-filamin-actin linkage,"Liu J, Lu F, Ithychanda SS, Apostol M, Das M, Deshpande G, Plow EF, Qin J.",Blood. 2023 May 25;141(21):2629-2641. doi: 10.1182/blood.2022018333.,Liu J,Blood,2023,2023-03-03 00:00:00,PMC10356577,,10.1182/blood.2022018333
,36001550,Multimodality imaging and transcriptomics to phenotype mitral valve dystrophy in a unique knock-in Filamin-A rat model,"Delwarde C, Toquet C, Aumond P, Kayvanjoo AH, Foucal A, Le Vely B, Baudic M, Lauzier B, Blandin S, Véziers J, Paul-Gilloteaux P, Lecointe S, Baron E, Massaiu I, Poggio P, Rémy S, Anegon I, Le Marec H, Monassier L, Schott JJ, Mass E, Barc J, Le Tourneau T, Merot J, Capoulade R.",Cardiovasc Res. 2023 May 2;119(3):759-771. doi: 10.1093/cvr/cvac136.,Delwarde C,Cardiovasc Res,2023,2022-08-24 00:00:00,,,10.1093/cvr/cvac136
,37538498,A novel association between platelet filamin A and soluble N-ethylmaleimide sensitive factor attachment proteins regulates granule secretion,"Golla K, Paul M, Lengyell TC, Simpson EM, Falet H, Kim H.",Res Pract Thromb Haemost. 2022 Dec 20;7(4):100019. doi: 10.1016/j.rpth.2022.100019. eCollection 2023 May.,Golla K,Res Pract Thromb Haemost,2022,2023-08-04 00:00:00,PMC10394388,,10.1016/j.rpth.2022.100019
,36734119,Mutation of FLNA attenuating the migration of abdominal muscles contributed to Melnick-Needles syndrome (MNS) in a family with recurrent miscarriage,"Luo X, Yang Z, Zeng J, Chen J, Chen N, Jiang X, Wei Q, Yi P, Xu J.",Mol Genet Genomic Med. 2023 May;11(5):e2145. doi: 10.1002/mgg3.2145. Epub 2023 Feb 3.,Luo X,Mol Genet Genomic Med,2023,2023-02-03 00:00:00,PMC10178794,,10.1002/mgg3.2145
,37169020,Interaction of LARP4 to filamin A mechanosensing domain regulates cell migrations,"Mao Z, Nakamura F.",Front Cell Dev Biol. 2023 Apr 24;11:1152109. doi: 10.3389/fcell.2023.1152109. eCollection 2023.,Mao Z,Front Cell Dev Biol,2023,2023-05-11 00:00:00,PMC10164935,,10.3389/fcell.2023.1152109
,36863213,Filamin A is overexpressed in non-alcoholic steatohepatitis and contributes to the progression of inflammation and fibrosis,"Lu Y, Wang M, Zhao M, Zhang Q, Qian R, Hu Z, Ke Q, Yu L, Wang L, Lai Q, Liu Z, Jiang X, Zhang B, Yang J, Yao Y.",Biochem Biophys Res Commun. 2023 Apr 23;653:93-101. doi: 10.1016/j.bbrc.2023.02.048. Epub 2023 Feb 22.,Lu Y,Biochem Biophys Res Commun,2023,2023-03-02 00:00:00,,,10.1016/j.bbrc.2023.02.048
,37056997,Corrigendum: NudC L279P mutation destabilizes filamin a by inhibiting the Hsp90 chaperoning pathway and suppresses cell migration,"Liu M, Xu Z, Zhang C, Yang C, Feng J, Lu Y, Zhang W, Chen W, Xu X, Sun X, Yang M, Liu W, Zhou T, Yang Y.",Front Cell Dev Biol. 2023 Mar 28;11:1163790. doi: 10.3389/fcell.2023.1163790. eCollection 2023.,Liu M,Front Cell Dev Biol,2023,2023-04-14 00:00:00,PMC10086320,,10.3389/fcell.2023.1163790
,36857526,Identification of Filamin A Mechanobinding Partner III: SAV1 Specifically Interacts with Filamin A Mechanosensitive Domain 21,"Zhang H, Mao Z, Yang Z, Nakamura F.",Biochemistry. 2023 Mar 21;62(6):1197-1208. doi: 10.1021/acs.biochem.2c00665. Epub 2023 Mar 1.,Zhang H,Biochemistry,2023,2023-03-01 00:00:00,,,10.1021/acs.biochem.2c00665
,36806943,The force-dependent filamin A-G3BP1 interaction regulates phase-separated stress granule formation,"Feng Z, Mao Z, Yang Z, Liu X, Nakamura F.",J Cell Sci. 2023 Mar 15;136(6):jcs260684. doi: 10.1242/jcs.260684. Epub 2023 Mar 20.,Feng Z,J Cell Sci,2023,2023-02-22 00:00:00,,,10.1242/jcs.260684
,36704846,Deficiency of filamin A in smooth muscle cells protects against hypoxia‑mediated pulmonary hypertension in mice,"Zheng Y, Ma H, Yan Y, Ye P, Yu W, Lin S, Chen SL.",Int J Mol Med. 2023 Mar;51(3):22. doi: 10.3892/ijmm.2023.5225. Epub 2023 Jan 27.,Zheng Y,Int J Mol Med,2023,2023-01-27 00:00:00,PMC9911089,,10.3892/ijmm.2023.5225
,36399251,Direct and Indirect Effects of Filamin A on Tau Pathology in Neuronal Cells,"Levert S, Pilliod J, Aumont É, Armanville S, Tremblay C, Calon F, Leclerc N.",Mol Neurobiol. 2023 Feb;60(2):1021-1039. doi: 10.1007/s12035-022-03121-w. Epub 2022 Nov 18.,Levert S,Mol Neurobiol,2023,2022-11-18 00:00:00,PMC9849303,,10.1007/s12035-022-03121-w
,36253584,"Albumin, filamin-A and cytokeratin 19 help distinguish intrahepatic cholangiocarcinoma from extrahepatic adenocarcinoma","Chung YS, Jeon Y, Yoo JE, Chung T, Ryu HJ, Kim H, Rhee H, Park YN.",Hepatol Int. 2023 Feb;17(1):77-85. doi: 10.1007/s12072-022-10428-2. Epub 2022 Oct 17.,Chung YS,Hepatol Int,2023,2022-10-17 00:00:00,,,10.1007/s12072-022-10428-2
,36596803,Filamin A organizes γ‑aminobutyric acid type B receptors at the plasma membrane,"Jobin ML, Siddig S, Koszegi Z, Lanoiselée Y, Khayenko V, Sungkaworn T, Werner C, Seier K, Misigaiski C, Mantovani G, Sauer M, Maric HM, Calebiro D.",Nat Commun. 2023 Jan 3;14(1):34. doi: 10.1038/s41467-022-35708-1.,Jobin ML,Nat Commun,2023,2023-01-03 00:00:00,PMC9810740,,10.1038/s41467-022-35708-1
,37720273,Molecular docking analysis of protein filamin-A with thioazo compounds,"Satish S, Rengasamy G, Sekaran S, Sankaran K, Veeraraghavan VP, Eswaramoorthy R.",Bioinformation. 2023 Jan 1;19(1):99-104. doi: 10.6026/97320630019099. eCollection 2023.,Satish S,Bioinformation,2023,2023-09-18 00:00:00,PMC10504497,,10.6026/97320630019099
,37548015,Importance of the filamin A-Sav1 interaction in organ size control: evidence from transgenic mice,"Zhang H, Yang Z, Nakamura F.",Int J Dev Biol. 2023;67(2):27-37. doi: 10.1387/ijdb.230054fn.,Zhang H,Int J Dev Biol,2023,2023-08-07 00:00:00,,,10.1387/ijdb.230054fn
,37040719,LINC01002 Targets miR-650/FLNA Pathway to Suppress Prostate Cancer Progression,"Qian L, Wang Y, Xiong Y, Ren H, Liu S, Chen D, Liu Y.",Urol Int. 2023;107(5):526-538. doi: 10.1159/000529947. Epub 2023 Apr 11.,Qian L,Urol Int,2023,2023-04-11 00:00:00,,,10.1159/000529947
,36174535,Case report: Filamin A mutation lung disease recognized in an 11-year-old child,"West T, Williamson N, Akhter J.",Pediatr Pulmonol. 2023 Jan;58(1):61-65. doi: 10.1002/ppul.26156. Epub 2022 Nov 7.,West T,Pediatr Pulmonol,2023,2022-09-29 00:00:00,,,10.1002/ppul.26156
,35981053,The long Filamin-A isoform is required for intestinal development and motility: implications for chronic intestinal pseudo-obstruction,"Zada A, Zhao Y, Halim D, Windster J, van der Linde HC, Glodener J, Overkleeft S, de Graaf BM, Verdijk RM, Brooks AS, Shepherd I, Gao Y, Burns AJ, Hofstra RMW, Alves MM.",Hum Mol Genet. 2023 Jan 1;32(1):151-160. doi: 10.1093/hmg/ddac199.,Zada A,Hum Mol Genet,2023,2022-08-18 00:00:00,PMC9838097,,10.1093/hmg/ddac199
,36577757,"LPA receptor 1 (LPAR1) is a novel interaction partner of Filamin A that promotes Filamin A phosphorylation, MRTF-A transcriptional activity and oncogene-induced senescence","Konopa A, Meier MA, Franz MJ, Bernardinelli E, Voegele AL, Atreya R, Ribback S, Roessler S, Aigner A, Singer K, Singer S, Sarikas A, Muehlich S.",Oncogenesis. 2022 Dec 28;11(1):69. doi: 10.1038/s41389-022-00445-z.,Konopa A,Oncogenesis,2022,2022-12-28 00:00:00,PMC9797565,,10.1038/s41389-022-00445-z
,36605989,Filamin A in platelets: Bridging the (signaling) gap between the plasma membrane and the actin cytoskeleton,"De Silva E, Hong F, Falet H, Kim H.",Front Mol Biosci. 2022 Dec 20;9:1060361. doi: 10.3389/fmolb.2022.1060361. eCollection 2022.,De Silva E,Front Mol Biosci,2022,2023-01-06 00:00:00,PMC9808056,,10.3389/fmolb.2022.1060361
,36509760,A novel FLNA variant in a fetus with skeletal dysplasia,"Oshina K, Kamei Y, Hori A, Hasegawa F, Taniguchi K, Migita O, Itakura A, Hata K.",Hum Genome Var. 2022 Dec 13;9(1):45. doi: 10.1038/s41439-022-00224-7.,Oshina K,Hum Genome Var,2022,2022-12-12 00:00:00,PMC9744731,,10.1038/s41439-022-00224-7
,36457700,Filamin A pre-mRNA editing modulates vascularization and tumor growth,"Jain M, Manjaly G, Maly K, de Vries MR, Janisiw M, König L, Nossent AY, Jantsch MF.",Mol Ther Nucleic Acids. 2022 Nov 9;30:522-534. doi: 10.1016/j.omtn.2022.11.004. eCollection 2022 Dec 13.,Jain M,Mol Ther Nucleic Acids,2022,2022-12-02 00:00:00,PMC9685389,,10.1016/j.omtn.2022.11.004
,36477027,Phosphoproteomic analysis of neoadjuvant breast cancer suggests that increased sensitivity to paclitaxel is driven by CDK4 and filamin A,"Mouron S, Bueno MJ, Lluch A, Manso L, Calvo I, Cortes J, Garcia-Saenz JA, Gil-Gil M, Martinez-Janez N, Apala JV, Caleiras E, Ximénez-Embún P, Muñoz J, Gonzalez-Cortijo L, Murillo R, Sánchez-Bayona R, Cejalvo JM, Gómez-López G, Fustero-Torre C, Sabroso-Lasa S, Malats N, Martinez M, Moreno A, Megias D, Malumbres M, Colomer R, Quintela-Fandino M.",Nat Commun. 2022 Dec 7;13(1):7529. doi: 10.1038/s41467-022-35065-z.,Mouron S,Nat Commun,2022,2022-12-08 00:00:00,PMC9729295,,10.1038/s41467-022-35065-z
,35767027,Heterogenous Disease Course and Long-Term Outcome of Children's Interstitial Lung Disease Related to Filamin A Gene Variants,"Carlens J, Johnson KT, Bush A, Renz D, Hehr U, Laenger F, Hogg C, Wetzke M, Schwerk N, Rayment JH.",Ann Am Thorac Soc. 2022 Dec;19(12):2021-2030. doi: 10.1513/AnnalsATS.202202-142OC.,Carlens J,Ann Am Thorac Soc,2022,2022-06-29 00:00:00,,,10.1513/AnnalsATS.202202-142OC
,36239738,Filamin A regulates caspase-3 cleavage in platelets in a protein kinase C (PKC)-dependent manner,"De Silva E, Devine DV, Jan E, Roskelley CD, Kim H.",Biochem J. 2022 Nov 30;479(22):2351-2364. doi: 10.1042/BCJ20220177.,De Silva E,Biochem J,2022,2022-10-14 00:00:00,,,10.1042/BCJ20220177
,36506473,Evidence of Filamin A loss of solubility at the prodromal stage of neuropathologically-defined Alzheimer's disease,"Aumont E, Tremblay C, Levert S, Bennett DA, Calon F, Leclerc N.",Front Aging Neurosci. 2022 Nov 24;14:1038343. doi: 10.3389/fnagi.2022.1038343. eCollection 2022.,Aumont E,Front Aging Neurosci,2022,2022-12-12 00:00:00,PMC9730531,,10.3389/fnagi.2022.1038343
,36006037,A gain-of-function filamin A mutation in mouse platelets induces thrombus instability,"Adam F, Kauskot A, Lamrani L, Solarz J, Soukaseum C, Repérant C, Denis CV, Raslova H, Rosa JP, Bryckaert M.",J Thromb Haemost. 2022 Nov;20(11):2666-2678. doi: 10.1111/jth.15864. Epub 2022 Sep 23.,Adam F,J Thromb Haemost,2022,2022-08-25 00:00:00,PMC9826440,,10.1111/jth.15864
,35585709,Valve-Sparing Aortic Root Replacement in a Patient With an FLNA Variant,"Lobbestael AJ, Bupp CP, Haw MP.",World J Pediatr Congenit Heart Surg. 2022 Nov;13(6):805-807. doi: 10.1177/21501351221099272. Epub 2022 May 18.,Lobbestael AJ,World J Pediatr Congenit Heart Surg,2022,2022-05-19 00:00:00,,,10.1177/21501351221099272
,37435454,Role of filamin A in the pathogenesis of neuroendocrine tumors and adrenal cancer,"Treppiedi D, Catalano R, Mangili F, Mantovani G, Peverelli E.",Endocr Oncol. 2022 Oct 28;2(1):R143-R152. doi: 10.1530/EO-22-0055. eCollection 2022 Jan.,Treppiedi D,Endocr Oncol,2022,2023-07-12 00:00:00,PMC10259351,,10.1530/EO-22-0055
,36268276,TRIP13/FLNA Complex Promotes Tumor Progression and Is Associated with Unfavorable Outcomes in Melanoma,"Lu W, Mengxuan Z, Ming R, Zixu G, Yong Z, Simin Z, Yang Y, Leqi Q, Kangjie S, Yanlin L, Jia F, Yiteng D, Chuanyuan W, Jianying G.",J Oncol. 2022 Oct 11;2022:1419179. doi: 10.1155/2022/1419179. eCollection 2022.,Lu W,J Oncol,2022,2022-10-21 00:00:00,PMC9578791,,10.1155/2022/1419179
,36101542,Filamin A Variant as a Possible Second-Hit Gene Promoting Moyamoya Disease-like Vascular Formation Associated With RNF213 p.R4810K Variant,"Ikeuchi Y, Kitayama J, Sahara N, Okata T, Miyake N, Matsumoto N, Kitazono T, Ago T.",Neurol Genet. 2022 Sep 9;8(5):e200017. doi: 10.1212/NXG.0000000000200017. eCollection 2022 Oct.,Ikeuchi Y,Neurol Genet,2022,2022-09-14 00:00:00,PMC9465836,,10.1212/NXG.0000000000200017
,35819109,Asymmetrical aortic root aneurism in patient with Filamin A mutation,"Martin-Suarez S, Gliozzi G, Pagano V, Leone O, Foà A, Ruggiero A, Snaidero S, Cerchierini E, Pacini D.",J Card Surg. 2022 Oct;37(10):3408-3412. doi: 10.1111/jocs.16765. Epub 2022 Jul 12.,Martin-Suarez S,J Card Surg,2022,2022-07-12 00:00:00,,,10.1111/jocs.16765
,35992099,Dimerization of GPCRs: Novel insight into the role of FLNA and SSAs regulating SST(2) and SST(5) homo- and hetero-dimer formation,"Treppiedi D, Marra G, Di Muro G, Catalano R, Mangili F, Esposito E, Calebiro D, Arosio M, Peverelli E, Mantovani G.",Front Endocrinol (Lausanne). 2022 Aug 5;13:892668. doi: 10.3389/fendo.2022.892668. eCollection 2022.,Treppiedi D,Front Endocrinol (Lausanne),2022,2022-08-22 00:00:00,PMC9389162,,10.3389/fendo.2022.892668
,35703352,[Retracted] Filamin A regulates EGFR/ERK/Akt signaling and affects colorectal cancer cell growth and migration,"Wang K, Zhu TN, Zhao RJ.",Mol Med Rep. 2022 Aug;26(2):254. doi: 10.3892/mmr.2022.12770. Epub 2022 Jun 15.,Wang K,Mol Med Rep,2022,2022-06-15 00:00:00,PMC9218733,,10.3892/mmr.2022.12770
,35191183,The mechanosensor Filamin A/Cheerio promotes tumourigenesis via specific interactions with components of the cell cortex,"Külshammer E, Kilinc M, Csordás G, Bresser T, Nolte H, Uhlirova M.",FEBS J. 2022 Aug;289(15):4497-4517. doi: 10.1111/febs.16408. Epub 2022 Mar 9.,Külshammer E,FEBS J,2022,2022-02-22 00:00:00,,,10.1111/febs.16408
,35124883,"A-to-I RNA editing of Filamin A regulates cellular adhesion, migration and mechanical properties","Jain M, Weber A, Maly K, Manjaly G, Deek J, Tsvyetkova O, Stulić M, Toca-Herrera JL, Jantsch MF.",FEBS J. 2022 Aug;289(15):4580-4601. doi: 10.1111/febs.16391. Epub 2022 Mar 9.,Jain M,FEBS J,2022,2022-02-06 00:00:00,PMC9546289,,10.1111/febs.16391
,35968360,Cases report: MRI findings of asymptomatically familial subependymal heterotopia with filamin A gene abnormality,"Lv B, Zhou Y, Zeng J, Wang L, Zhao F, Chen H, Li X, Song Y, Xiao M, Ding Z, Cheng B.",Front Neurosci. 2022 Jul 27;16:956545. doi: 10.3389/fnins.2022.956545. eCollection 2022.,Lv B,Front Neurosci,2022,2022-08-15 00:00:00,PMC9364927,,10.3389/fnins.2022.956545
,35677349,Mechanism Study on Radiosensitization Effect of Curcumin in Bladder Cancer Cells Regulated by Filamin A,"Wang Z, He S, Jiang M, Li X, Chen N.",Dose Response. 2022 Jun 2;20(2):15593258221100997. doi: 10.1177/15593258221100997. eCollection 2022 Apr-Jun.,Wang Z,Dose Response,2022,2022-06-09 00:00:00,PMC9168873,,10.1177/15593258221100997
,35660364,The clinical and imaging features of FLNA positive and negative periventricular nodular heterotopia,"Lu YT, Hsu CY, Liu YT, Chan CK, Chuang YC, Lin CH, Chang KP, Ho CJ, Ng CC, Lim KS, Tsai MH.",Biomed J. 2022 Jun;45(3):542-548. doi: 10.1016/j.bj.2021.05.003. Epub 2021 May 20.,Lu YT,Biomed J,2022,2022-06-06 00:00:00,PMC9421925,,10.1016/j.bj.2021.05.003
,35156755,Platelet function and filamin A expression in two families with novel FLNA gene mutations associated with periventricular nodular heterotopia and panlobular emphysema,"Tanner LM, Kunishima S, Lehtinen E, Helin T, Volmonen K, Lassila R, Pöyhönen M.",Am J Med Genet A. 2022 Jun;188(6):1716-1722. doi: 10.1002/ajmg.a.62690. Epub 2022 Feb 14.,Tanner LM,Am J Med Genet A,2022,2022-02-14 00:00:00,PMC9303863,,10.1002/ajmg.a.62690
,35613261,Actin-binding protein filamin-A drives tau aggregation and contributes to progressive supranuclear palsy pathology,"Tsujikawa K, Hamanaka K, Riku Y, Hattori Y, Hara N, Iguchi Y, Ishigaki S, Hashizume A, Miyatake S, Mitsuhashi S, Miyazaki Y, Kataoka M, Jiayi L, Yasui K, Kuru S, Koike H, Kobayashi K, Sahara N, Ozaki N, Yoshida M, Kakita A, Saito Y, Iwasaki Y, Miyashita A, Iwatsubo T; Japanese Alzheimer’s Disease Neuroimaging Initiative (J-ADNI); Ikeuchi T; Japanese Longitudinal Biomarker Study in PSP and CBD (JALPAC) Consortium; Miyata T, Sobue G, Matsumoto N, Sahashi K, Katsuno M.",Sci Adv. 2022 May 27;8(21):eabm5029. doi: 10.1126/sciadv.abm5029. Epub 2022 May 25.,Tsujikawa K,Sci Adv,2022,2022-05-25 00:00:00,PMC9132466,,10.1126/sciadv.abm5029
,35613087,"Computational analysis of missense filamin-A variants, including the novel p.Arg484Gln variant of two brothers with periventricular nodular heterotopia","Gerlevik U, Saygı C, Cangül H, Kutlu A, Çaralan EF, Topçu Y, Özören N, Sezerman OU.",PLoS One. 2022 May 25;17(5):e0265400. doi: 10.1371/journal.pone.0265400. eCollection 2022.,Gerlevik U,PLoS One,2022,2022-05-25 00:00:00,PMC9132340,,10.1371/journal.pone.0265400
,35629050,The Impact of Lifestyle on Prostate Cancer: A Road to the Discovery of New Biomarkers,"Leitão C, Matos B, Roque F, Herdeiro MT, Fardilha M.",J Clin Med. 2022 May 22;11(10):2925. doi: 10.3390/jcm11102925.,Leitão C,J Clin Med,2022,2022-05-28 00:00:00,PMC9148038,,10.3390/jcm11102925
,35656405,The Role of Transforming Growth Factor-β Signaling in Myxomatous Mitral Valve Degeneration,"Tang Q, McNair AJ, Phadwal K, Macrae VE, Corcoran BM.",Front Cardiovasc Med. 2022 May 17;9:872288. doi: 10.3389/fcvm.2022.872288. eCollection 2022.,Tang Q,Front Cardiovasc Med,2022,2022-06-03 00:00:00,PMC9152029,,10.3389/fcvm.2022.872288
,35633906,"Gut homeostasis, injury, and healing: New therapeutic targets","Oncel S, Basson MD.",World J Gastroenterol. 2022 May 7;28(17):1725-1750. doi: 10.3748/wjg.v28.i17.1725.,Oncel S,World J Gastroenterol,2022,2022-05-31 00:00:00,PMC9099196,,10.3748/wjg.v28.i17.1725
,35032450,Valve-sparing Aortic Root Replacement for a Patient With Filamin A Mutation,"Yamazaki K, Minatoya K, Kumagai M, Handa T, Ohsumi A, Torishima M, Kawasaki H.",Ann Thorac Surg. 2022 May;113(5):e397. doi: 10.1016/j.athoracsur.2021.12.037. Epub 2022 Jan 13.,Yamazaki K,Ann Thorac Surg,2022,2022-01-15 00:00:00,,,10.1016/j.athoracsur.2021.12.037
,35563324,Early Growth Response 1 Strengthens Pol-III-Directed Transcription and Transformed Cell Proliferation by Controlling PTEN/AKT Signalling Activity,"Wu Z, Huang L, Zhao S, Wang J, Zhang C, Song X, Chen Q, Du J, Yu D, Sun X, Zhang Y, Deng W, Zhang S, Deng H.",Int J Mol Sci. 2022 Apr 29;23(9):4930. doi: 10.3390/ijms23094930.,Wu Z,Int J Mol Sci,2022,2022-05-14 00:00:00,PMC9105817,,10.3390/ijms23094930
,35414575,Phenotypic manifestations in FLNA-related periventricular nodular heterotopia: a case report and review of the literature,"Loft Nagel J, Jønch AE, Nguyen NTTN, Bygum A.",BMJ Case Rep. 2022 Apr 12;15(4):e247268. doi: 10.1136/bcr-2021-247268.,Loft Nagel J,BMJ Case Rep,2022,2022-04-13 00:00:00,PMC9006829,,10.1136/bcr-2021-247268
,33979555,Actin polymerization regulates glycoprotein Ibα shedding,"Zhou K, Xia Y, Yang M, Xiao W, Zhao L, Hu R, Shoaib KM, Yan R, Dai K.",Platelets. 2022 Apr 3;33(3):381-389. doi: 10.1080/09537104.2021.1922882. Epub 2021 May 12.,Zhou K,Platelets,2022,2021-05-12 00:00:00,,,10.1080/09537104.2021.1922882
,33852449,"Cardiovascular, Brain, and Lung Involvement in a Newborn With a Novel FLNA Mutation: A Case Report and Literature Review","Meliota G, Vairo U, Ficarella R, Milella L, Faienza MF, D'Amato G.",Adv Neonatal Care. 2022 Apr 1;22(2):125-131. doi: 10.1097/ANC.0000000000000878. Epub 2021 Apr 13.,Meliota G,Adv Neonatal Care,2022,2021-04-14 00:00:00,,,10.1097/ANC.0000000000000878
,35353864,Retraction: Naloxone's Pentapeptide Binding Site on Filamin A Blocks Mu Opioid Receptor-Gs Coupling and CREB Activation of Acute Morphine,PLOS ONE Editors.,PLoS One. 2022 Mar 30;17(3):e0266629. doi: 10.1371/journal.pone.0266629. eCollection 2022.,PLOS ONE Editors,PLoS One,2022,2022-03-30 00:00:00,PMC8967007,,10.1371/journal.pone.0266629
,35353861,Retraction: High-Affinity Naloxone Binding to Filamin A Prevents Mu Opioid Receptor-Gs Coupling Underlying Opioid Tolerance and Dependence,PLOS ONE Editors.,PLoS One. 2022 Mar 30;17(3):e0266627. doi: 10.1371/journal.pone.0266627. eCollection 2022.,PLOS ONE Editors,PLoS One,2022,2022-03-30 00:00:00,PMC8967022,,10.1371/journal.pone.0266627
,37435448,Molecular mechanisms involved in somatostatin receptor regulation in corticotroph tumors: the role of cytoskeleton and USP8 mutations,"Peverelli E, Treppiedi D, Mantovani G.",Endocr Oncol. 2022 Mar 23;2(1):R24-R30. doi: 10.1530/EO-22-0042. eCollection 2022 Jan.,Peverelli E,Endocr Oncol,2022,2023-07-12 00:00:00,PMC10259348,,10.1530/EO-22-0042
,35318456,Pre-activation of autophagy impacts response to olaparib in prostate cancer cells,"Cahuzac M, Langlois P, Péant B, Fleury H, Mes-Masson AM, Saad F.",Commun Biol. 2022 Mar 22;5(1):251. doi: 10.1038/s42003-022-03210-5.,Cahuzac M,Commun Biol,2022,2022-03-23 00:00:00,PMC8940895,,10.1038/s42003-022-03210-5
,35316942,New insights into regulation of αIIbβ3 integrin signaling by filamin A,"Lamrani L, Adam F, Soukaseum C, Denis CV, Raslova H, Rosa JP, Bryckaert M.",Res Pract Thromb Haemost. 2022 Mar 16;6(2):e12672. doi: 10.1002/rth2.12672. eCollection 2022 Feb.,Lamrani L,Res Pract Thromb Haemost,2022,2022-03-23 00:00:00,PMC8924993,,10.1002/rth2.12672
,35124461,Filamin A forms a complex with EphA2 and regulates EphA2 serine 897 phosphorylation and glioblastoma cell proliferation,"Tamura Y, Nakamizo Y, Watanabe Y, Kimura I, Katoh H.",Biochem Biophys Res Commun. 2022 Mar 15;597:64-70. doi: 10.1016/j.bbrc.2022.01.050. Epub 2022 Jan 31.,Tamura Y,Biochem Biophys Res Commun,2022,2022-02-06 00:00:00,,,10.1016/j.bbrc.2022.01.050
,35359350,Filamin A Is a Potential Driver of Breast Cancer Metastasis via Regulation of MMP-1,"Zhou J, Wu L, Xu P, Li Y, Ji Z, Kang X.",Front Oncol. 2022 Mar 11;12:836126. doi: 10.3389/fonc.2022.836126. eCollection 2022.,Zhou J,Front Oncol,2022,2022-04-01 00:00:00,PMC8962737,,10.3389/fonc.2022.836126
,35060604,Lipid-driven CFTR clustering is impaired in cystic fibrosis and restored by corrector drugs,"Abu-Arish A, Pandžić E, Luo Y, Sato Y, Turner MJ, Wiseman PW, Hanrahan JW.",J Cell Sci. 2022 Mar 1;135(5):jcs259002. doi: 10.1242/jcs.259002. Epub 2022 Mar 7.,Abu-Arish A,J Cell Sci,2022,2022-01-21 00:00:00,PMC8976878,,10.1242/jcs.259002
,35038452,Transcription factor GATA4 drives RNA polymerase III-directed transcription and transformed cell proliferation through a filamin A/GATA4/SP1 pathway,"Zhang C, Zhao H, Song X, Wang J, Zhao S, Deng H, He L, Zhou X, Yin X, Zhang K, Zhang Y, Wu Z, Chen Q, Du J, Yu D, Zhang S, Deng W.",J Biol Chem. 2022 Mar;298(3):101581. doi: 10.1016/j.jbc.2022.101581. Epub 2022 Jan 14.,Zhang C,J Biol Chem,2022,2022-01-17 00:00:00,PMC8857480,,10.1016/j.jbc.2022.101581
,35441138,Filamin A increases aggressiveness of human neuroblastoma,"Bandaru S, Prajapati B, Juvvuna PK, Dosa S, Kogner P, Johnsen JI, Kanduri C, Akyürek LM.",Neurooncol Adv. 2022 Feb 28;4(1):vdac028. doi: 10.1093/noajnl/vdac028. eCollection 2022 Jan-Dec.,Bandaru S,Neurooncol Adv,2022,2022-04-20 00:00:00,PMC9012446,,10.1093/noajnl/vdac028
,35268287,Platelet-Derived Drug Targets and Biomarkers of Ischemic Stroke-The First Dynamic Human LC-MS Proteomic Study,"Gawryś K, Turek-Jakubowska A, Gawryś J, Jakubowski M, Dębski J, Szahidewicz-Krupska E, Trocha M, Derkacz A, Doroszko A.",J Clin Med. 2022 Feb 23;11(5):1198. doi: 10.3390/jcm11051198.,Gawryś K,J Clin Med,2022,2022-03-10 00:00:00,PMC8911047,,10.3390/jcm11051198
,34774991,Targeting Filamin A alleviates ovariectomy-induced bone loss in mice via the WNT/β-catenin signaling pathway,"Yang C, Yang P, Liu P, Wang H, Ke E, Li K, Yan H.",Cell Signal. 2022 Feb;90:110191. doi: 10.1016/j.cellsig.2021.110191. Epub 2021 Nov 12.,Yang C,Cell Signal,2022,2021-11-14 00:00:00,,,10.1016/j.cellsig.2021.110191
,34677823,Filamin-A expression in laryngeal squamous cell carcinoma and its clinical significance,Ouban A.,Histol Histopathol. 2022 Feb;37(2):125-136. doi: 10.14670/HH-18-383. Epub 2021 Oct 22.,Ouban A,Histol Histopathol,2022,2021-10-22 00:00:00,,,10.14670/HH-18-383
,35014790,Pralatrexate Sustainably Released from Polypeptide Thermogel Is Effective for Chondrogenic Differentiation of Mesenchymal Stem Cells,"Woo Y, Patel M, Kim H, Park JK, Jung YJ, Cha SS, Jeong B.",ACS Appl Mater Interfaces. 2022 Jan 26;14(3):3773-3783. doi: 10.1021/acsami.1c20585. Epub 2022 Jan 11.,Woo Y,ACS Appl Mater Interfaces,2022,2022-01-11 00:00:00,,,10.1021/acsami.1c20585
,35152673,[Mechanism study of the protective effects of selective cyclooxygenase-2 enzyme inhibitors on the liver of rats with type 2 diabetes mellitus combined with nonalcoholic steatohepatitis via Rho/ROCK pathway],"Yuan L, Tian F.",Zhonghua Gan Zang Bing Za Zhi. 2022 Jan 20;30(1):74-80. doi: 10.3760/cma.j.cn501113-20200507-00234.,Yuan L,Zhonghua Gan Zang Bing Za Zhi,2022,2022-02-14 00:00:00,,,10.3760/cma.j.cn501113-20200507-00234
,35152668,"[Effects of adenovirus-mediated shRNA down-regulates PTEN expression on fibril-binding proteins vinculin, filamin A and cortactin in activated hepatic stellate cells]","Hao LS, Song J, Zhang MT, Song XJ, Jiang MY, Ji JX, Mo YB, Wang J.",Zhonghua Gan Zang Bing Za Zhi. 2022 Jan 20;30(1):38-44. doi: 10.3760/cma.j.cn501113-20201230-00691.,Hao LS,Zhonghua Gan Zang Bing Za Zhi,2022,2022-02-14 00:00:00,,,10.3760/cma.j.cn501113-20201230-00691
,34921050,"Expression of Concern: Wang et al., ""Reducing Amyloid-Related Alzheimer's Disease Pathogenesis by a Small Molecule Targeting Filamin A""",,J Neurosci. 2022 Jan 19;42(3):529. doi: 10.1523/JNEUROSCI.2306-21.2021. Epub 2021 Dec 17.,,J Neurosci,2022,2021-12-18 00:00:00,PMC8802929,,10.1523/JNEUROSCI.2306-21.2021
,35008419,RhoGDI2-Mediated Rac1 Recruitment to Filamin A Enhances Rac1 Activity and Promotes Invasive Abilities of Gastric Cancer Cells,"Kim HJ, Ryu KJ, Kim M, Kim T, Kim SH, Han H, Kim H, Hong KS, Song CY, Choi Y, Hwangbo C, Kim KD, Yoo J.",Cancers (Basel). 2022 Jan 5;14(1):255. doi: 10.3390/cancers14010255.,Kim HJ,Cancers (Basel),2022,2022-01-11 00:00:00,PMC8750349,,10.3390/cancers14010255
,35058930,Filamin A Is Required for NK Cell Cytotoxicity at the Expense of Cytokine Production via Synaptic Filamentous Actin Modulation,"Kim N, Yi E, Kwon SJ, Park HJ, Kwon HJ, Kim HS.",Front Immunol. 2022 Jan 4;12:792334. doi: 10.3389/fimmu.2021.792334. eCollection 2021.,Kim N,Front Immunol,2022,2022-01-21 00:00:00,PMC8764188,,10.3389/fimmu.2021.792334
,34882997,Application of lung volume reduction surgery for a child with filamin A (FLNA) mutations,"Burrage LC, Heinle JS, Cerfolio RH, Guillerman RP, Patel KR, Santiago NC, Hoover WC, Mallory GB Jr.",Pediatr Pulmonol. 2022 Jan;57(1):224-230. doi: 10.1002/ppul.25681. Epub 2021 Oct 4.,Burrage LC,Pediatr Pulmonol,2022,2021-12-09 00:00:00,,,10.1002/ppul.25681
,34735580,Role of chaperone-assisted selective autophagy (CASA) in mechanical stress protection of periodontal ligament cells,"Salim C, Muders H, Jäger A, Konermann A.",J Orofac Orthop. 2022 Jan;83(1):1-12. doi: 10.1007/s00056-021-00358-3. Epub 2021 Nov 4.,Salim C,J Orofac Orthop,2022,2021-11-04 00:00:00,PMC8766363,,10.1007/s00056-021-00358-3
,34297413,The role of Bag3 in cell signaling,"Sherman MY, Gabai V.",J Cell Biochem. 2022 Jan;123(1):43-53. doi: 10.1002/jcb.30111. Epub 2021 Jul 23.,Sherman MY,J Cell Biochem,2022,2021-07-23 00:00:00,,,10.1002/jcb.30111
,33524974,Pituitary Tumors: Genetic and Molecular Factors Underlying Pathogenesis and Clinical Behavior,"Spada A, Mantovani G, Lania AG, Treppiedi D, Mangili F, Catalano R, Carosi G, Sala E, Peverelli E.",Neuroendocrinology. 2022;112(1):15-33. doi: 10.1159/000514862. Epub 2021 Feb 1.,Spada A,Neuroendocrinology,2022,2021-02-01 00:00:00,,,10.1159/000514862
,35011576,A Small Peptide Targeting the Ligand-Induced Androgen Receptor/Filamin a Interaction Inhibits the Invasive Phenotype of Prostate Cancer Cells,"Di Donato M, Giovannelli P, Barone MV, Auricchio F, Castoria G, Migliaccio A.",Cells. 2021 Dec 22;11(1):14. doi: 10.3390/cells11010014.,Di Donato M,Cells,2021,2022-01-11 00:00:00,PMC8750472,,10.3390/cells11010014
,34806902,Extracellular Matrix in Heart Failure: Role of ADAMTS5 in Proteoglycan Remodeling,"Barallobre-Barreiro J, Radovits T, Fava M, Mayr U, Lin WY, Ermolaeva E, Martínez-López D, Lindberg EL, Duregotti E, Daróczi L, Hasman M, Schmidt LE, Singh B, Lu R, Baig F, Siedlar AM, Cuello F, Catibog N, Theofilatos K, Shah AM, Crespo-Leiro MG, Doménech N, Hübner N, Merkely B, Mayr M.",Circulation. 2021 Dec 21;144(25):2021-2034. doi: 10.1161/CIRCULATIONAHA.121.055732. Epub 2021 Nov 22.,Barallobre-Barreiro J,Circulation,2021,2021-11-22 00:00:00,PMC8687617,,10.1161/CIRCULATIONAHA.121.055732
,34781738,mDia1 Assembles a Linear F-Actin Coat at Membrane Invaginations To Drive Listeria monocytogenes Cell-to-Cell Spreading,"Dhanda AS, Vogl AW, Ness F, Innocenti M, Guttman JA.",mBio. 2021 Dec 21;12(6):e0293921. doi: 10.1128/mBio.02939-21. Epub 2021 Nov 16.,Dhanda AS,mBio,2021,2021-11-16 00:00:00,PMC8593688,,10.1128/mBio.02939-21
,34943250,The Pharmacological Inhibition of CaMKII Regulates Sodium Chloride Cotransporter Activity in mDCT15 Cells,"Gholam MF, Ko B, Ghazi ZM, Hoover RS, Alli AA.",Biology (Basel). 2021 Dec 16;10(12):1335. doi: 10.3390/biology10121335.,Gholam MF,Biology (Basel),2021,2021-12-24 00:00:00,PMC8698651,,10.3390/biology10121335
,34759033,"Erratum: Wang et al., ""Reducing Amyloid-Related Alzheimer's Disease Pathogenesis by a Small Molecule Targeting Filamin A""",,J Neurosci. 2021 Dec 15;41(50):10405. doi: 10.1523/JNEUROSCI.2154-21.2021. Epub 2021 Nov 10.,,J Neurosci,2021,2021-11-11 00:00:00,PMC8672690,,10.1523/JNEUROSCI.2154-21.2021
,34718101,"Weighted gene coexpression network analysis reveals ESR1, FLNA and Furin as hub genes for DEHP-induced prepubertal testicular injury","Chen J, Kang L, Wang J, Wu Y, Han L, Zheng X, Wei Y, Zhao T, Shen L, Long C, Wei G, Wu S.",Reprod Toxicol. 2021 Dec;106:115-125. doi: 10.1016/j.reprotox.2021.10.011. Epub 2021 Oct 28.,Chen J,Reprod Toxicol,2021,2021-10-31 00:00:00,,,10.1016/j.reprotox.2021.10.011
,34509570,Binary and ternary complexes of FLNa-Ig21 with cytosolic tails of αMß2 integrin reveal dual role of filamin mediated regulation,"Zhiping LL, Ong LT, Chatterjee D, Tan SM, Bhattacharjya S.",Biochim Biophys Acta Gen Subj. 2021 Dec;1865(12):130005. doi: 10.1016/j.bbagen.2021.130005. Epub 2021 Sep 9.,Zhiping LL,Biochim Biophys Acta Gen Subj,2021,2021-09-12 00:00:00,,,10.1016/j.bbagen.2021.130005
,37366380,Interactome Analysis of the ER Stress Sensor Perk Uncovers Key Components of ER-Mitochondria Contact Sites and Ca(2+) Signalling,"Sassano ML, Derua R, Waelkens E, Agostinis P, van Vliet AR.",Contact (Thousand Oaks). 2021 Nov 29;4:25152564211052392. doi: 10.1177/25152564211052392. eCollection 2021 Jan-Dec.,Sassano ML,Contact (Thousand Oaks),2021,2023-06-27 00:00:00,PMC10243573,,10.1177/25152564211052392
,34869388,Two Complementary Signaling Pathways Depict Eukaryotic Chemotaxis: A Mechanochemical Coupling Model,"Zhou L, Feng S, Li L, Lü S, Zhang Y, Long M.",Front Cell Dev Biol. 2021 Nov 17;9:786254. doi: 10.3389/fcell.2021.786254. eCollection 2021.,Zhou L,Front Cell Dev Biol,2021,2021-12-06 00:00:00,PMC8635958,,10.3389/fcell.2021.786254
,34771736,Screening for the Key Proteins Associated with Rete Testis Invasion in Clinical Stage I Seminoma via Label-Free Quantitative Mass Spectrometry,"Borszéková Pulzová L, Roška J, Kalman M, Kliment J, Slávik P, Smolková B, Goffa E, Jurkovičová D, Kulcsár Ľ, Lešková K, Bujdák P, Mego M, Bhide MR, Plank L, Chovanec M.",Cancers (Basel). 2021 Nov 8;13(21):5573. doi: 10.3390/cancers13215573.,Borszéková Pulzová L,Cancers (Basel),2021,2021-11-13 00:00:00,PMC8583098,,10.3390/cancers13215573
,34498720,circFLNA promotes glioblastoma proliferation and invasion by negatively regulating miR‑199‑3p expression,"Sun Y, Ma G, Xiang H, Wang X, Wang H, Zhang Y, Qie F, Li C.",Mol Med Rep. 2021 Nov;24(5):786. doi: 10.3892/mmr.2021.12426. Epub 2021 Sep 9.,Sun Y,Mol Med Rep,2021,2021-09-09 00:00:00,PMC8441964,,10.3892/mmr.2021.12426
,34417201,FILIP1L Loss Is a Driver of Aggressive Mucinous Colorectal Adenocarcinoma and Mediates Cytokinesis Defects through PFDN1,"Kwon M, Rubio G, Nolan N, Auteri P, Volmar JA, Adem A, Javidian P, Zhou Z, Verzi MP, Pine SR, Libutti SK.",Cancer Res. 2021 Nov 1;81(21):5523-5539. doi: 10.1158/0008-5472.CAN-21-0897. Epub 2021 Aug 20.,Kwon M,Cancer Res,2021,2021-08-21 00:00:00,PMC8563430,NIHMS1735936,10.1158/0008-5472.CAN-21-0897
,34183625,Surgical Management of Craniomaxillofacial Features in the Otopalatodigital Spectrum Disorders,"Roland-Billecart T, Schlund M, Lauwers L, Nicot R, Ferri J.",J Craniofac Surg. 2021 Nov-Dec 01;32(8):2823-2826. doi: 10.1097/SCS.0000000000007707.,Roland-Billecart T,J Craniofac Surg,2021,2021-06-29 00:00:00,,,10.1097/SCS.0000000000007707
,34771537,"Tetraspanin 5 (TSPAN5), a Novel Gatekeeper of the Tumor Suppressor DLC1 and Myocardin-Related Transcription Factors (MRTFs), Controls HCC Growth and Senescence","Schreyer L, Mittermeier C, Franz MJ, Meier MA, Martin DE, Maier KC, Huebner K, Schneider-Stock R, Singer S, Holzer K, Fischer D, Ribback S, Liebl B, Gudermann T, Aigner A, Muehlich S.",Cancers (Basel). 2021 Oct 26;13(21):5373. doi: 10.3390/cancers13215373.,Schreyer L,Cancers (Basel),2021,2021-11-13 00:00:00,PMC8582588,,10.3390/cancers13215373
,34606470,Filamin A and parafibromin expression in parathyroid carcinoma,"Storvall S, Leijon H, Ryhänen EM, Vesterinen T, Heiskanen I, Schalin-Jäntti C, Arola J.",Eur J Endocrinol. 2021 Oct 25;185(6):803-812. doi: 10.1530/EJE-21-0668.,Storvall S,Eur J Endocrinol,2021,2021-10-04 00:00:00,,,10.1530/EJE-21-0668
,34669321,Association between β arrestin 2 and filamin A gene variations with medical treatment response in acromegaly patients,"Akdemir AS, Metin Armagan D, Polat Korkmaz O, Ozkaya HM, Kadioglu P, Gazioglu N, Tanriover N, Dirican A, Ozturk M.",Minerva Endocrinol (Torino). 2021 Oct 20. doi: 10.23736/S2724-6507.21.03611-3. Online ahead of print.,Akdemir AS,Minerva Endocrinol (Torino),2021,2021-10-20 00:00:00,,,10.23736/S2724-6507.21.03611-3
,34629090,Bipolar disorder with Melnick-Needles syndrome and periventricular nodular heterotopia: two case reports and a review of the literature,"Riccio MP, D'Andrea G, Sarnataro E, Marino M, Bravaccio C, Albert U.",J Med Case Rep. 2021 Oct 11;15(1):495. doi: 10.1186/s13256-021-03064-1.,Riccio MP,J Med Case Rep,2021,2021-10-11 00:00:00,PMC8504088,,10.1186/s13256-021-03064-1
,34018148,Interaction of FLNA and ANXA2 promotes gefitinib resistance by activating the Wnt pathway in non-small-cell lung cancer,"Cheng L, Tong Q.",Mol Cell Biochem. 2021 Oct;476(10):3563-3575. doi: 10.1007/s11010-021-04179-1. Epub 2021 May 20.,Cheng L,Mol Cell Biochem,2021,2021-05-21 00:00:00,,,10.1007/s11010-021-04179-1
,20301392,FLNA Deficiency,"Chen MH, Walsh CA.","2002 Oct 8 [updated 2021 Sep 30]. In: Adam MP, Feldman J, Mirzaa GM, Pagon RA, Wallace SE, Amemiya A, editors. GeneReviews(®) [Internet]. Seattle (WA): University of Washington, Seattle; 1993–2024.",Chen MH,GeneReviews(®),1993,2021-09-30 00:00:00,,,
,34578226,Proteomic Analysis of Leishmania donovani Membrane Components Reveals the Role of Activated Protein C Kinase in Host-Parasite Interaction,"Verma S, Deep DK, Gautam P, Singh R, Salotra P.",Pathogens. 2021 Sep 15;10(9):1194. doi: 10.3390/pathogens10091194.,Verma S,Pathogens,2021,2021-09-28 00:00:00,PMC8465321,,10.3390/pathogens10091194
,34174537,Hydrostatic pressure promotes migration and filamin-A activation in fibroblasts with increased p38 phosphorylation and TGF-β production,"Kao YC, Chen ZH, Wang WY, Lee CH, Kuo PL.",Biochem Biophys Res Commun. 2021 Sep 3;568:15-22. doi: 10.1016/j.bbrc.2021.06.055. Epub 2021 Jun 24.,Kao YC,Biochem Biophys Res Commun,2021,2021-06-26 00:00:00,,,10.1016/j.bbrc.2021.06.055
,34210801,UVB mutagenesis differs in Nras- and Braf-mutant mouse models of melanoma,"Bowman RL, Hennessey RC, Weiss TJ, Tallman DA, Crawford ER, Murphy BM, Webb A, Zhang S, La Perle KM, Burd CJ, Levine RL, Shain AH, Burd CE.",Life Sci Alliance. 2021 Jul 1;4(9):e202101135. doi: 10.26508/lsa.202101135. Print 2021 Sep.,Bowman RL,Life Sci Alliance,2021,2021-07-02 00:00:00,PMC8321651,,10.26508/lsa.202101135
,34260278,Survey of cancer cell anatomy in nonadhesive confinement reveals a role for filamin-A and fascin-1 in leader bleb-based migration,"Adams G Jr, López MP, Cartagena-Rivera AX, Waterman CM.",Mol Biol Cell. 2021 Aug 19;32(18):1772-1791. doi: 10.1091/mbc.E21-04-0174. Epub 2021 Jul 14.,Adams G Jr,Mol Biol Cell,2021,2021-07-14 00:00:00,PMC8684732,,10.1091/mbc.E21-04-0174
,34485398,Downregulation of Filamin a Expression in the Aorta Is Correlated With Aortic Dissection,"Chen Y, Wei X, Zhang Z, He Y, Huo B, Guo X, Feng X, Fang ZM, Jiang DS, Zhu XH.",Front Cardiovasc Med. 2021 Aug 13;8:690846. doi: 10.3389/fcvm.2021.690846. eCollection 2021.,Chen Y,Front Cardiovasc Med,2021,2021-09-06 00:00:00,PMC8414519,,10.3389/fcvm.2021.690846
,34279937,SlyD Accelerates trans-to-cis Prolyl Isomerization in a Mechanosignaling Protein under Load,"Sengupta A, Rognoni LE, Merkel U, Žoldák G, Rief M.",J Phys Chem B. 2021 Aug 12;125(31):8712-8721. doi: 10.1021/acs.jpcb.1c03648. Epub 2021 Jul 19.,Sengupta A,J Phys Chem B,2021,2021-07-19 00:00:00,,,10.1021/acs.jpcb.1c03648
,33978285,Chromium (VI) promotes EMT by regulating FLNA in BLCA,"Sheng F, Chen KX, Liu J, Li JX, Liang GH, Xu Y, Du E, Zhang ZH.",Environ Toxicol. 2021 Aug;36(8):1694-1701. doi: 10.1002/tox.23165. Epub 2021 May 12.,Sheng F,Environ Toxicol,2021,2021-05-12 00:00:00,,,10.1002/tox.23165
,33649519,The variants at FLNA and FLNB contribute to the susceptibility of hypertension and stroke with differentially expressed mRNA,"Liu C, Tang W, Zhao H, Yang S, Ren Z, Li J, Chen Y, Zhao X, Xu D, Zhao Y, Shen C.",Pharmacogenomics J. 2021 Aug;21(4):458-466. doi: 10.1038/s41397-021-00222-y. Epub 2021 Mar 1.,Liu C,Pharmacogenomics J,2021,2021-03-02 00:00:00,,,10.1038/s41397-021-00222-y
,34322075,"The Impacts of Surgery and Intracerebral Electrodes in C57BL/6J Mouse Kainate Model of Epileptogenesis: Seizure Threshold, Proteomics, and Cytokine Profiles","Tse K, Beamer E, Simpson D, Beynon RJ, Sills GJ, Thippeswamy T.",Front Neurol. 2021 Jul 12;12:625017. doi: 10.3389/fneur.2021.625017. eCollection 2021.,Tse K,Front Neurol,2021,2021-07-29 00:00:00,PMC8312573,,10.3389/fneur.2021.625017
,34213679,Probing mechanobiological role of filamin A in migration and invasion of human U87 glioblastoma cells using submicron soft pillars,"Ketebo AA, Park C, Kim J, Jun M, Park S.",Nano Converg. 2021 Jul 2;8(1):19. doi: 10.1186/s40580-021-00267-6.,Ketebo AA,Nano Converg,2021,2021-07-02 00:00:00,PMC8253861,,10.1186/s40580-021-00267-6
,34085389,LXN deficiency regulates cytoskeleton remodelling by promoting proteolytic cleavage of Filamin A in vascular endothelial cells,"He G, Kan S, Xu S, Sun X, Li R, Shu W, Chen M.",J Cell Mol Med. 2021 Jul;25(14):6815-6827. doi: 10.1111/jcmm.16685. Epub 2021 Jun 3.,He G,J Cell Mol Med,2021,2021-06-04 00:00:00,PMC8278077,,10.1111/jcmm.16685
,33464596,Congenital Short-Bowel Syndrome: Clinical and Genetic Presentation in China,"Wang Y, Chen S, Yan W, Lu L, Tao Y, Xiao Y, Cai W.",JPEN J Parenter Enteral Nutr. 2021 Jul;45(5):1009-1015. doi: 10.1002/jpen.1974. Epub 2020 Aug 20.,Wang Y,JPEN J Parenter Enteral Nutr,2021,2021-01-19 00:00:00,,,10.1002/jpen.1974
,34262899,NudC L279P Mutation Destabilizes Filamin A by Inhibiting the Hsp90 Chaperoning Pathway and Suppresses Cell Migration,"Liu M, Xu Z, Zhang C, Yang C, Feng J, Lu Y, Zhang W, Chen W, Xu X, Sun X, Yang M, Liu W, Zhou T, Yang Y.",Front Cell Dev Biol. 2021 Jun 18;9:671233. doi: 10.3389/fcell.2021.671233. eCollection 2021.,Liu M,Front Cell Dev Biol,2021,2021-07-15 00:00:00,PMC8273881,,10.3389/fcell.2021.671233
,34207234,Filamin A Regulates Cardiovascular Remodeling,"Bandaru S, Ala C, Zhou AX, Akyürek LM.",Int J Mol Sci. 2021 Jun 18;22(12):6555. doi: 10.3390/ijms22126555.,Bandaru S,Int J Mol Sci,2021,2021-07-02 00:00:00,PMC8235345,,10.3390/ijms22126555
,33737122,The function and pathogenic mechanism of filamin A,"Zhou J, Kang X, An H, Lv Y, Liu X.",Gene. 2021 Jun 5;784:145575. doi: 10.1016/j.gene.2021.145575. Epub 2021 Mar 16.,Zhou J,Gene,2021,2021-03-19 00:00:00,,,10.1016/j.gene.2021.145575
,33996257,Testicular orphan receptor 4 (TR4) promotes papillary thyroid cancer invasion via activating circ-FNLA/miR-149-5p/MMP9 signaling,"Ouyang X, Feng L, Yao L, Xiao Y, Hu X, Zhang G, Liu G, Wang Z.",Mol Ther Nucleic Acids. 2021 Apr 2;24:755-767. doi: 10.1016/j.omtn.2021.03.021. eCollection 2021 Jun 4.,Ouyang X,Mol Ther Nucleic Acids,2021,2021-05-17 00:00:00,PMC8094593,,10.1016/j.omtn.2021.03.021
,34150753,Periostin/Filamin-A: A Candidate Central Regulatory Axis for Valve Fibrogenesis and Matrix Compaction,"Misra S, Ghatak S, Moreno-Rodriguez RA, Norris RA, Hascall VC, Markwald RR.",Front Cell Dev Biol. 2021 Jun 3;9:649862. doi: 10.3389/fcell.2021.649862. eCollection 2021.,Misra S,Front Cell Dev Biol,2021,2021-06-21 00:00:00,PMC8209548,,10.3389/fcell.2021.649862
,34105487,[The Role of Zyxin in Regulating Platelet Cytoskeleton Distribution],"Cheng B, Yan R, Zhang SQ, Yang MN, Dai KS.",Zhongguo Shi Yan Xue Ye Xue Za Zhi. 2021 Jun;29(3):876-880. doi: 10.19746/j.cnki.issn.1009-2137.2021.03.035.,Cheng B,Zhongguo Shi Yan Xue Ye Xue Za Zhi,2021,2021-06-09 00:00:00,,,10.19746/j.cnki.issn.1009-2137.2021.03.035
,34001951,A high-efficiency method for site-directed mutagenesis of large plasmids based on large DNA fragment amplification and recombinational ligation,"Zhang K, Yin X, Shi K, Zhang S, Wang J, Zhao S, Deng H, Zhang C, Wu Z, Li Y, Zhou X, Deng W.",Sci Rep. 2021 May 17;11(1):10454. doi: 10.1038/s41598-021-89884-z.,Zhang K,Sci Rep,2021,2021-05-18 00:00:00,PMC8129136,,10.1038/s41598-021-89884-z
,33761765,Inducible Depletion of Calpain-2 Mitigates Abdominal Aortic Aneurysm in Mice,"Muniappan L, Okuyama M, Javidan A, Thiagarajan D, Jiang W, Moorleghen JJ, Yang L, Balakrishnan A, Howatt DA, Uchida HA, Saido TC, Subramanian V.",Arterioscler Thromb Vasc Biol. 2021 May 5;41(5):1694-1709. doi: 10.1161/ATVBAHA.120.315546. Epub 2021 Mar 25.,Muniappan L,Arterioscler Thromb Vasc Biol,2021,2021-03-25 00:00:00,PMC8062307,NIHMS1684147,10.1161/ATVBAHA.120.315546
,33907311,Author Correction: IRE1α governs cytoskeleton remodeling and cell migration through a direct interaction with filamin A,"Urra H, Henriquez DR, Cánovas J, Villarroel-Campos D, Carreras-Sureda A, Pulgar E, Molina E, Hazari YM, Limia CM, Alvarez-Rojas S, Figueroa R, Vidal RL, Rodriguez DA, Rivera CA, Court FA, Couve A, Qi L, Chevet E, Akai R, Iwawaki T, Concha ML, Glavic Á, Gonzalez-Billault C, Hetz C.",Nat Cell Biol. 2021 May;23(5):577. doi: 10.1038/s41556-021-00673-2.,Urra H,Nat Cell Biol,2021,2021-04-28 00:00:00,,,10.1038/s41556-021-00673-2
,33860543,The role of filamins in mechanically stressed podocytes,"Greiten JK, Kliewe F, Schnarre A, Artelt N, Schröder S, Rogge H, Amann K, Daniel C, Lindenmeyer MT, Cohen CD, Endlich K, Endlich N.",FASEB J. 2021 May;35(5):e21560. doi: 10.1096/fj.202001179RR.,Greiten JK,FASEB J,2021,2021-04-16 00:00:00,,,10.1096/fj.202001179RR
,33675866,The impact of SST2 trafficking and signaling in the treatment of pancreatic neuroendocrine tumors,"Vitali E, Piccini S, Trivellin G, Smiroldo V, Lavezzi E, Zerbi A, Pepe G, Lania AG.",Mol Cell Endocrinol. 2021 May 1;527:111226. doi: 10.1016/j.mce.2021.111226. Epub 2021 Mar 3.,Vitali E,Mol Cell Endocrinol,2021,2021-03-06 00:00:00,,,10.1016/j.mce.2021.111226
,32653277,Valve-sparing root replacement in a patient with a filamin A variant,"Fukunaga N, Seidman MA, David TE.",J Thorac Cardiovasc Surg. 2021 May;161(5):e353-e355. doi: 10.1016/j.jtcvs.2020.04.177. Epub 2020 Jun 5.,Fukunaga N,J Thorac Cardiovasc Surg,2021,2020-07-13 00:00:00,,,10.1016/j.jtcvs.2020.04.177
,33355329,Integrated proteomics and phosphoproteomics reveal perturbed regulative pathways in pancreatic ductal adenocarcinoma,"Tao L, Zhong L, Li Y, Li D, Xiu D, Zhou J.",Mol Omics. 2021 Apr 19;17(2):230-240. doi: 10.1039/d0mo00125b.,Tao L,Mol Omics,2021,2020-12-23 00:00:00,,,10.1039/d0mo00125b
,33372358,Frontometaphyseal dysplasia 1 in a patient from Sri Lanka,"Dissanayake R, Senanayake MP, Fernando J, Robertson SP, Dissanayake VHW, Sirisena ND.",Am J Med Genet A. 2021 Apr;185(4):1317-1320. doi: 10.1002/ajmg.a.62058. Epub 2020 Dec 29.,Dissanayake R,Am J Med Genet A,2021,2020-12-29 00:00:00,,,10.1002/ajmg.a.62058
,33359122,Vitamin E can promote spermatogenesis by regulating the expression of proteins associated with the plasma membranes and protamine biosynthesis,"Gao Y, Jian L, Lu W, Xue Y, Machaty Z, Luo H.",Gene. 2021 Mar 20;773:145364. doi: 10.1016/j.gene.2020.145364. Epub 2021 Jan 5.,Gao Y,Gene,2021,2020-12-28 00:00:00,,,10.1016/j.gene.2020.145364
,33723231,Correction to: The androgen receptor/filamin A complex as a target in prostate cancer microenvironment,"Di Donato M, Zamagni A, Galasso G, Di Zazzo E, Giovannelli P, Barone MV, Zanoni M, Gunelli R, Costantini M, Auricchio F, Migliaccio A, Tesei A, Castoria G.",Cell Death Dis. 2021 Mar 15;12(3):272. doi: 10.1038/s41419-021-03483-4.,Di Donato M,Cell Death Dis,2021,2021-03-16 00:00:00,PMC7961034,,10.1038/s41419-021-03483-4
,33428965,Filamin A is required for somatostatin receptor type 5 expression and pasireotide-mediated signaling in pituitary corticotroph tumor cells,"Treppiedi D, Di Muro G, Mangili F, Catalano R, Giardino E, Barbieri AM, Locatelli M, Arosio M, Spada A, Peverelli E, Mantovani G.",Mol Cell Endocrinol. 2021 Mar 15;524:111159. doi: 10.1016/j.mce.2021.111159. Epub 2021 Jan 9.,Treppiedi D,Mol Cell Endocrinol,2021,2021-01-11 00:00:00,,,10.1016/j.mce.2021.111159
,33801954,Neo-Fs Index: A Novel Immunohistochemical Biomarker Panel Predicts Survival and Response to Anti-Angiogenetic Agents in Clear Cell Renal Cell Carcinoma,"Kim J, Park JY, Shin SJ, Lim BJ, Go H.",Cancers (Basel). 2021 Mar 10;13(6):1199. doi: 10.3390/cancers13061199.,Kim J,Cancers (Basel),2021,2021-04-03 00:00:00,PMC8000111,,10.3390/cancers13061199
,33734874,Heterogeneous Pulmonary Phenotypes in Filamin A Mutation-Related Lung Disease,"Shah AS, Black ED, Simon DM, Gambello MJ, Garber KB, Iannucci GJ, Riedesel EL, Kasi AS.",Pediatr Allergy Immunol Pulmonol. 2021 Mar;34(1):7-14. doi: 10.1089/ped.2020.1280.,Shah AS,Pediatr Allergy Immunol Pulmonol,2021,2021-03-18 00:00:00,PMC8082031,,10.1089/ped.2020.1280
,33678279,Filamin A Mutations: A New Cause of Unexplained Emphysema in Adults?,"Valentin V, Bervar JF, Vincent-Delorme C, Smol T, Wemeau L, Remy M, Le Rouzic O, Chenivesse C.",Chest. 2021 Mar;159(3):e131-e135. doi: 10.1016/j.chest.2020.10.003.,Valentin V,Chest,2021,2021-03-08 00:00:00,,,10.1016/j.chest.2020.10.003
,33374033,The modulation of the burn wound environment by negative pressure wound therapy: Insights from the proteome,"Frear CC, Zang T, Griffin BR, McPhail SM, Parker TJ, Kimble RM, Cuttle L.",Wound Repair Regen. 2021 Mar;29(2):288-297. doi: 10.1111/wrr.12887. Epub 2020 Dec 29.,Frear CC,Wound Repair Regen,2021,2020-12-29 00:00:00,,,10.1111/wrr.12887
,33090288,Arid2-IR promotes NF-κB-mediated renal inflammation by targeting NLRC5 transcription,"Zhang P, Yu C, Yu J, Li Z, Lan HY, Zhou Q.",Cell Mol Life Sci. 2021 Mar;78(5):2387-2404. doi: 10.1007/s00018-020-03659-9. Epub 2020 Oct 22.,Zhang P,Cell Mol Life Sci,2021,2020-10-22 00:00:00,PMC11072509,,10.1007/s00018-020-03659-9
,32735399,Pulmonary growth abnormalities as etiologies for pediatric pulmonary hypertension,"Mallory GB Jr, Spielberg DR, Silva-Carmona M.",Pediatr Pulmonol. 2021 Mar;56(3):678-685. doi: 10.1002/ppul.24998.,Mallory GB Jr,Pediatr Pulmonol,2021,2020-08-01 00:00:00,,,10.1002/ppul.24998
,33717133,AHR Regulates NK Cell Migration via ASB2-Mediated Ubiquitination of Filamin A,"Shin JH, Moreno-Nieves UY, Zhang LH, Chen C, Dixon AL, Linde MH, Mace EM, Sunwoo JB.",Front Immunol. 2021 Feb 24;12:624284. doi: 10.3389/fimmu.2021.624284. eCollection 2021.,Shin JH,Front Immunol,2021,2021-03-15 00:00:00,PMC7943850,,10.3389/fimmu.2021.624284
,33664708,A Novel Mechanism Regulating Dopamine Receptor Type 2 Signal Transduction in Pituitary Tumoral Cells: The Role of cAMP/PKA-Induced Filamin A Phosphorylation,"Mangili F, Treppiedi D, Catalano R, Marra G, Di Muro G, Spada A, Arosio M, Peverelli E, Mantovani G.",Front Endocrinol (Lausanne). 2021 Feb 16;11:611752. doi: 10.3389/fendo.2020.611752. eCollection 2020.,Mangili F,Front Endocrinol (Lausanne),2021,2021-03-05 00:00:00,PMC7921166,,10.3389/fendo.2020.611752
,33568630,Akt kinase LANCL2 functions as a key driver in EGFR-mutant lung adenocarcinoma tumorigenesis,"Lou Y, Xu J, Zhang Y, Zhang W, Zhang X, Gu P, Zhong H, Wang H, Lu J, Han B.",Cell Death Dis. 2021 Feb 10;12(2):170. doi: 10.1038/s41419-021-03439-8.,Lou Y,Cell Death Dis,2021,2021-02-11 00:00:00,PMC7876134,,10.1038/s41419-021-03439-8
,33212252,Proteomic alterations in the plasma of Beagle dogs induced by Toxocara canis infection,"Zheng WB, Zou Y, He JJ, Liu GH, Hu MH, Zhu XQ.",J Proteomics. 2021 Feb 10;232:104049. doi: 10.1016/j.jprot.2020.104049. Epub 2020 Nov 17.,Zheng WB,J Proteomics,2021,2020-11-19 00:00:00,,,10.1016/j.jprot.2020.104049
,33615072,Recessive Mutations in SYNPO2 as a Candidate of Monogenic Nephrotic Syndrome,"Mao Y, Schneider R, van der Ven PFM, Assent M, Lohanadan K, Klämbt V, Buerger F, Kitzler TM, Deutsch K, Nakayama M, Majmundar AJ, Mann N, Hermle T, Onuchic-Whitford AC, Zhou W, Margam NN, Duncan R, Marquez J, Khokha M, Fathy HM, Kari JA, El Desoky S, Eid LA, Awad HS, Al-Saffar M, Mane S, Lifton RP, Fürst DO, Shril S, Hildebrandt F.",Kidney Int Rep. 2020 Nov 10;6(2):472-483. doi: 10.1016/j.ekir.2020.10.040. eCollection 2021 Feb.,Mao Y,Kidney Int Rep,2020,2021-02-22 00:00:00,PMC7879128,,10.1016/j.ekir.2020.10.040
,33552263,"Comprehensive analysis of lncRNA-associated ceRNA network reveals the novel potential of lncRNA, miRNA and mRNA biomarkers in human rectosigmoid junction cancer","Zhang Q, Feng Z, Shi S, Zhang Y, Ren S.",Oncol Lett. 2021 Feb;21(2):144. doi: 10.3892/ol.2020.12405. Epub 2020 Dec 21.,Zhang Q,Oncol Lett,2021,2021-02-08 00:00:00,PMC7798100,,10.3892/ol.2020.12405
,33535532,"The Infantile Leukoencephalopathy-Associated Mutation of C11ORF73/HIKESHI Proteins Generates de novo Interactive Activity with Filamin A, Inhibiting Oligodendroglial Cell Morphological Differentiation","Hattori K, Tago K, Memezawa S, Ochiai A, Sawaguchi S, Kato Y, Sato T, Tomizuka K, Ooizumi H, Ohbuchi K, Mizoguchi K, Miyamoto Y, Yamauchi J.",Medicines (Basel). 2021 Feb 1;8(2):9. doi: 10.3390/medicines8020009.,Hattori K,Medicines (Basel),2021,2021-02-04 00:00:00,PMC7912763,,10.3390/medicines8020009
,33197421,Exploration of identifying novel serum biomarkers for malignant mesothelioma using iTRAQ combined with 2D-LC-MS/MS,"Xia H, Feng L, Lin L, Jiang Z, Chen J, Shi W, Ying S, Yu M, Ju L, Zhu L, Shi L, Zhang X, Lou J.",Environ Res. 2021 Feb;193:110467. doi: 10.1016/j.envres.2020.110467. Epub 2020 Nov 13.,Xia H,Environ Res,2021,2020-11-16 00:00:00,,,10.1016/j.envres.2020.110467
,33075426,The cytoskeleton actin binding protein filamin A impairs both IGF2 mitogenic effects and the efficacy of IGF1R inhibitors in adrenocortical cancer cells,"Catalano R, Giardino E, Treppiedi D, Mangili F, Morelli V, Elli FM, Serban AL, Luconi M, Mannelli M, Spada A, Arosio M, Mantovani G, Peverelli E.",Cancer Lett. 2021 Jan 28;497:77-88. doi: 10.1016/j.canlet.2020.10.022. Epub 2020 Oct 16.,Catalano R,Cancer Lett,2021,2020-10-19 00:00:00,,,10.1016/j.canlet.2020.10.022
,33500395,The androgen receptor/filamin A complex as a target in prostate cancer microenvironment,"Di Donato M, Zamagni A, Galasso G, Di Zazzo E, Giovannelli P, Barone MV, Zanoni M, Gunelli R, Costantini M, Auricchio F, Migliaccio A, Tesei A, Castoria G.",Cell Death Dis. 2021 Jan 26;12(1):127. doi: 10.1038/s41419-021-03402-7.,Di Donato M,Cell Death Dis,2021,2021-01-27 00:00:00,PMC7838283,,10.1038/s41419-021-03402-7
,35023120,Phenotype and Genotype Study in a Case of Frontometaphyseal Dysplasia 1,"Yapijakis C, Vylliotis A, Angelopoulou A, Adamopoulou M, Chrousos GP, Voumvourakis C.",Adv Exp Med Biol. 2021;1339:319-323. doi: 10.1007/978-3-030-78787-5_38.,Yapijakis C,Adv Exp Med Biol,2021,2022-01-13 00:00:00,,,10.1007/978-3-030-78787-5_38
,33384711,Whole-Exome Sequencing Identified Novel CLMP Mutations in a Family With Congenital Short Bowel Syndrome Presenting Differently in Two Probands,"Chuang YH, Fan WL, Chu YD, Liang KH, Yeh YM, Chen CC, Chiu CH, Lai MW.",Front Genet. 2020 Dec 15;11:574943. doi: 10.3389/fgene.2020.574943. eCollection 2020.,Chuang YH,Front Genet,2020,2021-01-01 00:00:00,PMC7770137,,10.3389/fgene.2020.574943
,33679243,Clinicopathological significance of immunohistochemical expression of Filamin A in breast cancer,"Joshua LM, Huda F, Rao S, Ravi B.",J Carcinog. 2020 Dec 5;19:13. doi: 10.4103/jcar.JCar_9_20. eCollection 2020.,Joshua LM,J Carcinog,2020,2021-03-08 00:00:00,PMC7921776,,10.4103/jcar.JCar_9_20
,33267867,Shotgun proteomics coupled to nanoparticle-based biomarker enrichment reveals a novel panel of extracellular matrix proteins as candidate serum protein biomarkers for early-stage breast cancer detection,"Fredolini C, Pathak KV, Paris L, Chapple KM, Tsantilas KA, Rosenow M, Tegeler TJ, Garcia-Mansfield K, Tamburro D, Zhou W, Russo P, Massarut S, Facchiano F, Belluco C, De Maria R, Garaci E, Liotta L, Petricoin EF, Pirrotte P.",Breast Cancer Res. 2020 Dec 2;22(1):135. doi: 10.1186/s13058-020-01373-9.,Fredolini C,Breast Cancer Res,2020,2020-12-03 00:00:00,PMC7709252,,10.1186/s13058-020-01373-9
,33125133,Role and mechanism of FLNa and UCP2 in the development of cervical cancer,"Wang A, Liu L, Yuan M, Han S, You X, Zhang H, Lei F, Zhang Y.",Oncol Rep. 2020 Dec;44(6):2656-2668. doi: 10.3892/or.2020.7819. Epub 2020 Oct 21.,Wang A,Oncol Rep,2020,2020-10-30 00:00:00,PMC7640370,,10.3892/or.2020.7819
,32942229,The elastic properties and deformation mechanisms of actin filament networks crosslinked by filamins,"Wang X, Zhu H, Lu Y, Wang Z, Kennedy D.",J Mech Behav Biomed Mater. 2020 Dec;112:104075. doi: 10.1016/j.jmbbm.2020.104075. Epub 2020 Sep 6.,Wang X,J Mech Behav Biomed Mater,2020,2020-09-17 00:00:00,,,10.1016/j.jmbbm.2020.104075
,33266100,"Filamin A Orchestrates Cytoskeletal Structure, Cell Migration and Stem Cell Characteristics in Human Seminoma TCam-2 Cells","Welter H, Herrmann C, Fröhlich T, Flenkenthaler F, Eubler K, Schorle H, Nettersheim D, Mayerhofer A, Müller-Taubenberger A.",Cells. 2020 Nov 30;9(12):2563. doi: 10.3390/cells9122563.,Welter H,Cells,2020,2020-12-03 00:00:00,PMC7761120,,10.3390/cells9122563
,33330471,Molecular Tuning of Filamin A Activities in the Context of Adhesion and Migration,"Lamsoul I, Dupré L, Lutz PG.",Front Cell Dev Biol. 2020 Nov 20;8:591323. doi: 10.3389/fcell.2020.591323. eCollection 2020.,Lamsoul I,Front Cell Dev Biol,2020,2020-12-17 00:00:00,PMC7714767,,10.3389/fcell.2020.591323
,33330477,Echinacoside Suppresses Amyloidogenesis and Modulates F-actin Remodeling by Targeting the ER Stress Sensor PERK in a Mouse Model of Alzheimer's Disease,"Dai Y, Han G, Xu S, Yuan Y, Zhao C, Ma T.",Front Cell Dev Biol. 2020 Nov 19;8:593659. doi: 10.3389/fcell.2020.593659. eCollection 2020.,Dai Y,Front Cell Dev Biol,2020,2020-12-17 00:00:00,PMC7717986,,10.3389/fcell.2020.593659
,33143682,"Where the congenital heart disease meets the pulmonary arterial hypertension, FLNA matters: a case report and literature review","Deng X, Li S, Qiu Q, Jin B, Yan M, Hu Y, Wu Y, Zhou H, Zhang G, Zheng X.",BMC Pediatr. 2020 Nov 3;20(1):504. doi: 10.1186/s12887-020-02393-2.,Deng X,BMC Pediatr,2020,2020-11-04 00:00:00,PMC7607646,,10.1186/s12887-020-02393-2
,33131250,Migfilin supports hemostasis and thrombosis through regulating platelet αIIbβ3 outside-in signaling,"Zhou Y, Hu M, Chen X, Wang S, Li J, Sa L, Li L, Huang J, Cheng H, Hu H.",Haematologica. 2020 Nov 1;105(11):2608-2618. doi: 10.3324/haematol.2019.232488.,Zhou Y,Haematologica,2020,2020-11-02 00:00:00,PMC7604612,,10.3324/haematol.2019.232488
,33142867,"Novel Nanocomposite PLA Films with Lignin/Zinc Oxide Hybrids: Design, Characterization, Interaction with Mesenchymal Stem Cells","Luzi F, Tortorella I, Di Michele A, Dominici F, Argentati C, Morena F, Torre L, Puglia D, Martino S.",Nanomaterials (Basel). 2020 Oct 31;10(11):2176. doi: 10.3390/nano10112176.,Luzi F,Nanomaterials (Basel),2020,2020-11-04 00:00:00,PMC7692172,,10.3390/nano10112176
,33142786,Extracellular Matrix-Specific Platelet Activation Leads to a Differential Translational Response and Protein De Novo Synthesis in Human Platelets,"Kraemer BF, Geimer M, Franz-Wachtel M, Lamkemeyer T, Mannell H, Lindemann S.",Int J Mol Sci. 2020 Oct 31;21(21):8155. doi: 10.3390/ijms21218155.,Kraemer BF,Int J Mol Sci,2020,2020-11-04 00:00:00,PMC7672557,,10.3390/ijms21218155
,33050503,Modulation of Actin Filament Dynamics by Inward Rectifying of Potassium Channel Kir2.1,"Wu L, Wang Q, Gu J, Zhang H, Gu Y.",Int J Mol Sci. 2020 Oct 10;21(20):7479. doi: 10.3390/ijms21207479.,Wu L,Int J Mol Sci,2020,2020-10-14 00:00:00,PMC7589188,,10.3390/ijms21207479
,33036298,Involvement of Actin and Actin-Binding Proteins in Carcinogenesis,"Izdebska M, Zielińska W, Hałas-Wiśniewska M, Grzanka A.",Cells. 2020 Oct 6;9(10):2245. doi: 10.3390/cells9102245.,Izdebska M,Cells,2020,2020-10-10 00:00:00,PMC7600575,,10.3390/cells9102245
,33083238,Aortic aneurysm and dissection in pregnancy: A case report,"Chin JM, Bartholomew ML.",Case Rep Womens Health. 2020 Oct 2;28:e00261. doi: 10.1016/j.crwh.2020.e00261. eCollection 2020 Oct.,Chin JM,Case Rep Womens Health,2020,2020-10-21 00:00:00,PMC7554023,,10.1016/j.crwh.2020.e00261
,33101257,Influenza A Virus Nucleoprotein Activates the JNK Stress-Signaling Pathway for Viral Replication by Sequestering Host Filamin A Protein,"Sharma A, Batra J, Stuchlik O, Reed MS, Pohl J, Chow VTK, Sambhara S, Lal SK.",Front Microbiol. 2020 Sep 25;11:581867. doi: 10.3389/fmicb.2020.581867. eCollection 2020.,Sharma A,Front Microbiol,2020,2020-10-26 00:00:00,PMC7546217,,10.3389/fmicb.2020.581867
,32991423,Identification of potential gene drivers of cutaneous squamous cell carcinoma: Analysis of microarray data,"Zheng Y, Chi S, Li C.",Medicine (Baltimore). 2020 Sep 25;99(39):e22257. doi: 10.1097/MD.0000000000022257.,Zheng Y,Medicine (Baltimore),2020,2020-09-29 00:00:00,PMC7523824,,10.1097/MD.0000000000022257
,32941503,Lack of RAC1 in macrophages protects against atherosclerosis,"Bandaru S, Ala C, Ekstrand M, Akula MK, Pedrelli M, Liu X, Bergström G, Håversen L, Borén J, Bergo MO, Akyürek LM.",PLoS One. 2020 Sep 17;15(9):e0239284. doi: 10.1371/journal.pone.0239284. eCollection 2020.,Bandaru S,PLoS One,2020,2020-09-17 00:00:00,PMC7498073,,10.1371/journal.pone.0239284
,32678325,High fat diet causes distinct aberrations in the testicular proteome,"Jarvis S, Gethings LA, Samanta L, Pedroni SMA, Withers DJ, Gray N, Plumb RS, Winston RML, Williamson C, Bevan CL.",Int J Obes (Lond). 2020 Sep;44(9):1958-1969. doi: 10.1038/s41366-020-0595-6. Epub 2020 Jul 16.,Jarvis S,Int J Obes (Lond),2020,2020-07-18 00:00:00,PMC7445115,,10.1038/s41366-020-0595-6
,32389644,Cooperative roles of PAK1 and filamin A in regulation of vimentin assembly and cell extension formation,"Ding I, Ostrowska-Podhorodecka Z, Lee W, Liu RSC, Carneiro K, Janmey PA, McCulloch CA.",Biochim Biophys Acta Mol Cell Res. 2020 Sep;1867(9):118739. doi: 10.1016/j.bbamcr.2020.118739. Epub 2020 May 7.,Ding I,Biochim Biophys Acta Mol Cell Res,2020,2020-05-12 00:00:00,,,10.1016/j.bbamcr.2020.118739
,32814550,A family of Melnick-Needles syndrome: a case report,"Oh CH, Lee CH, Kim SY, Lee SY, Jun HH, Lee S.",BMC Pediatr. 2020 Aug 19;20(1):391. doi: 10.1186/s12887-020-02288-2.,Oh CH,BMC Pediatr,2020,2020-08-21 00:00:00,PMC7436951,,10.1186/s12887-020-02288-2
,32678854,Proteomic biomarkers in mid-trimester amniotic fluid associated with adverse pregnancy outcomes in patients with systemic lupus erythematosus,"Jeon HS, Lee SM, Jung YM, Oh S, Park JK, Lee EB, Park CW, Park JS, Han D, Jun JK.",PLoS One. 2020 Jul 17;15(7):e0235838. doi: 10.1371/journal.pone.0235838. eCollection 2020.,Jeon HS,PLoS One,2020,2020-07-18 00:00:00,PMC7367458,,10.1371/journal.pone.0235838
,32636244,Toxoplasma gondii Co-opts the Unfolded Protein Response To Enhance Migration and Dissemination of Infected Host Cells,"Augusto L, Martynowicz J, Amin PH, Alakhras NS, Kaplan MH, Wek RC, Sullivan WJ Jr.",mBio. 2020 Jul 7;11(4):e00915-20. doi: 10.1128/mBio.00915-20.,Augusto L,mBio,2020,2020-07-09 00:00:00,PMC7343987,,10.1128/mBio.00915-20
,32217802,Filamin A-negative hyaline astrocytic inclusions in pediatric patients with intractable epilepsy: report of 2 cases,"Fischer GM, Vaziri Fard E, Shah MN, Patel RP, Von Allmen G, Ballester LY, Bhattacharjee MB.",J Neurosurg Pediatr. 2020 Mar 27;26(1):38-44. doi: 10.3171/2020.1.PEDS19706. Print 2020 Jul 1.,Fischer GM,J Neurosurg Pediatr,2020,2020-03-29 00:00:00,,,10.3171/2020.1.PEDS19706
,32592953,An integration-free iPSC line ZZUNEUi008-A derived from dermal fibroblasts of a child with cardiac valvular dysplasia carrying a mutation in FLNA gene,"Li X, Lu Y, Wang J, Liu M, Wang M, Hu L, Du W, Wang L, Jiang Z, Gu X, Ding Z, Feng D, Li L, Dong J, Zhao X.",Stem Cell Res. 2020 Jun 22;47:101882. doi: 10.1016/j.scr.2020.101882. Online ahead of print.,Li X,Stem Cell Res,2020,2020-06-28 00:00:00,,,10.1016/j.scr.2020.101882
,32595503,Exploration of Oxygen-Induced Retinopathy Model to Discover New Therapeutic Drug Targets in Retinopathies,"Vähätupa M, Järvinen TAH, Uusitalo-Järvinen H.",Front Pharmacol. 2020 Jun 11;11:873. doi: 10.3389/fphar.2020.00873. eCollection 2020.,Vähätupa M,Front Pharmacol,2020,2020-06-30 00:00:00,PMC7300227,,10.3389/fphar.2020.00873
,32103382,Calpain suppresses cell growth and invasion of glioblastoma multiforme by producing the cleavage of filamin A,"Cai L, Li Q, Li W, Wang C, Tu M, Zhu Z, Su Z, Lu X.",Int J Clin Oncol. 2020 Jun;25(6):1055-1066. doi: 10.1007/s10147-020-01636-7. Epub 2020 Feb 27.,Cai L,Int J Clin Oncol,2020,2020-02-28 00:00:00,,,10.1007/s10147-020-01636-7
,32444788,Phosphoproteomics identifies dual-site phosphorylation in an extended basophilic motif regulating FILIP1-mediated degradation of filamin-C,"Reimann L, Schwäble AN, Fricke AL, Mühlhäuser WWD, Leber Y, Lohanadan K, Puchinger MG, Schäuble S, Faessler E, Wiese H, Reichenbach C, Knapp B, Peikert CD, Drepper F, Hahn U, Kreutz C, van der Ven PFM, Radziwill G, Djinović-Carugo K, Fürst DO, Warscheid B.",Commun Biol. 2020 May 22;3(1):253. doi: 10.1038/s42003-020-0982-5.,Reimann L,Commun Biol,2020,2020-05-24 00:00:00,PMC7244511,,10.1038/s42003-020-0982-5
,32156598,TACC3 promotes prostate cancer cell proliferation and restrains primary cilium formation,"Qie Y, Wang L, Du E, Chen S, Lu C, Ding N, Yang K, Xu Y.",Exp Cell Res. 2020 May 15;390(2):111952. doi: 10.1016/j.yexcr.2020.111952. Epub 2020 Mar 7.,Qie Y,Exp Cell Res,2020,2020-03-12 00:00:00,,,10.1016/j.yexcr.2020.111952
,32108395,The X-linked filaminopathies: Synergistic insights from clinical and molecular analysis,"Wade EM, Halliday BJ, Jenkins ZA, O'Neill AC, Robertson SP.",Hum Mutat. 2020 May;41(5):865-883. doi: 10.1002/humu.24002. Epub 2020 Mar 11.,Wade EM,Hum Mutat,2020,2020-02-29 00:00:00,,,10.1002/humu.24002
,32295012,Structure and Function of Filamin C in the Muscle Z-Disc,"Mao Z, Nakamura F.",Int J Mol Sci. 2020 Apr 13;21(8):2696. doi: 10.3390/ijms21082696.,Mao Z,Int J Mol Sci,2020,2020-04-17 00:00:00,PMC7216277,,10.3390/ijms21082696
,32115405,The transcription factor Sp1 modulates RNA polymerase III gene transcription by controlling BRF1 and GTF3C2 expression in human cells,"Peng F, Zhou Y, Wang J, Guo B, Wei Y, Deng H, Wu Z, Zhang C, Shi K, Li Y, Wang X, Shore P, Zhao S, Deng W.",J Biol Chem. 2020 Apr 3;295(14):4617-4630. doi: 10.1074/jbc.RA119.011555. Epub 2020 Mar 1.,Peng F,J Biol Chem,2020,2020-03-03 00:00:00,PMC7135974,,10.1074/jbc.RA119.011555
,32053195,Immunohistochemical and nanoString-Based Subgrouping of Clinical Medulloblastoma Samples,"D'Arcy CE, Nobre LF, Arnaldo A, Ramaswamy V, Taylor MD, Naz-Hazrati L, Hawkins CE.",J Neuropathol Exp Neurol. 2020 Apr 1;79(4):437-447. doi: 10.1093/jnen/nlaa005.,D'Arcy CE,J Neuropathol Exp Neurol,2020,2020-02-14 00:00:00,,,10.1093/jnen/nlaa005
,32179481,Loss of Asb2 Impairs Cardiomyocyte Differentiation and Leads to Congenital Double Outlet Right Ventricle,"Yamak A, Hu D, Mittal N, Buikema JW, Ditta S, Lutz PG, Moog-Lutz C, Ellinor PT, Domian IJ.",iScience. 2020 Mar 27;23(3):100959. doi: 10.1016/j.isci.2020.100959. Epub 2020 Mar 4.,Yamak A,iScience,2020,2020-03-18 00:00:00,PMC7078385,,10.1016/j.isci.2020.100959
,31870551,Melanoma migration is promoted by prion protein via Akt-hsp27 signaling axis,"Ke J, Wu G, Zhang J, Li H, Gao S, Shao M, Gao Z, Sy MS, Cao Y, Yang X, Xu J, Li C.",Biochem Biophys Res Commun. 2020 Mar 5;523(2):375-381. doi: 10.1016/j.bbrc.2019.12.042. Epub 2019 Dec 20.,Ke J,Biochem Biophys Res Commun,2020,2019-12-25 00:00:00,,,10.1016/j.bbrc.2019.12.042
,32450679,Expression levels of filamin A in preeclampsia placenta,"Zheng LL, Zhang XY, Zhang H, Wang Y, Zhou Y.",J Biol Regul Homeost Agents. 2020 Mar-Apr;34(2):599-604. doi: 10.23812/19-390-L-40.,Zheng LL,J Biol Regul Homeost Agents,2020,2020-05-27 00:00:00,,,10.23812/19-390-L-40
,32070090,Adjunctive markers for classification and diagnosis of central nervous system tumors: results of a multi-center neuropathological survey in Korea,"Cha YJ, Kim SH, Kim NR.",J Pathol Transl Med. 2020 Mar;54(2):165-170. doi: 10.4132/jptm.2020.02.04. Epub 2020 Feb 20.,Cha YJ,J Pathol Transl Med,2020,2020-02-20 00:00:00,PMC7093289,,10.4132/jptm.2020.02.04
,31844251,Inhibition of TRPM7 blocks MRTF/SRF-dependent transcriptional and tumorigenic activity,"Voringer S, Schreyer L, Nadolni W, Meier MA, Woerther K, Mittermeier C, Ferioli S, Singer S, Holzer K, Zierler S, Chubanov V, Liebl B, Gudermann T, Muehlich S.",Oncogene. 2020 Mar;39(11):2328-2344. doi: 10.1038/s41388-019-1140-8. Epub 2019 Dec 16.,Voringer S,Oncogene,2020,2019-12-18 00:00:00,,,10.1038/s41388-019-1140-8
,32102425,Non-Phosphorylatable PEA-15 Sensitises SKOV-3 Ovarian Cancer Cells to Cisplatin,"Dilruba S, Grondana A, Schiedel AC, Ueno NT, Bartholomeusz C, Cinatl J Jr, McLaughlin KM, Wass MN, Michaelis M, Kalayda GV.",Cells. 2020 Feb 24;9(2):515. doi: 10.3390/cells9020515.,Dilruba S,Cells,2020,2020-02-28 00:00:00,PMC7072772,,10.3390/cells9020515
,32085749,Prune belly syndrome in surviving males can be caused by Hemizygous missense mutations in the X-linked Filamin A gene,"Iqbal NS, Jascur TA, Harrison SM, Edwards AB, Smith LT, Choi ES, Arevalo MK, Chen C, Zhang S, Kern AJ, Scheuerle AE, Sanchez EJ, Xing C, Baker LA.",BMC Med Genet. 2020 Feb 21;21(1):38. doi: 10.1186/s12881-020-0973-x.,Iqbal NS,BMC Med Genet,2020,2020-02-23 00:00:00,PMC7035669,,10.1186/s12881-020-0973-x
,32075941,Filamin A inhibition reduces seizure activity in a mouse model of focal cortical malformations,"Zhang L, Huang T, Teaw S, Nguyen LH, Hsieh LS, Gong X, Burns LH, Bordey A.",Sci Transl Med. 2020 Feb 19;12(531):eaay0289. doi: 10.1126/scitranslmed.aay0289.,Zhang L,Sci Transl Med,2020,2020-02-21 00:00:00,,,10.1126/scitranslmed.aay0289
,31811830,"R5, a neutralizing antibody to Robo1, suppresses breast cancer growth and metastasis by inhibiting angiogenesis via down-regulating filamin A","Li Q, Cao J, He Y, Liu X, Mao G, Wei B, Liao S, Zhang Q, Li J, Zheng L, Wang L, Qi C.",Exp Cell Res. 2020 Feb 1;387(1):111756. doi: 10.1016/j.yexcr.2019.111756. Epub 2019 Dec 4.,Li Q,Exp Cell Res,2020,2019-12-08 00:00:00,,,10.1016/j.yexcr.2019.111756
,31759091,"Identification of actin network proteins, talin-1 and filamin-A, in circulating extracellular vesicles as blood biomarkers for human myalgic encephalomyelitis/chronic fatigue syndrome","Eguchi A, Fukuda S, Kuratsune H, Nojima J, Nakatomi Y, Watanabe Y, Feldstein AE.",Brain Behav Immun. 2020 Feb;84:106-114. doi: 10.1016/j.bbi.2019.11.015. Epub 2019 Nov 20.,Eguchi A,Brain Behav Immun,2020,2019-11-24 00:00:00,PMC7010541,NIHMS1544728,10.1016/j.bbi.2019.11.015
,31495936,Fucoidan affects oral squamous cell carcinoma cell functions in vitro by regulating FLNA-derived circular RNA,"Zhang N, Gao L, Ren W, Li S, Zhang D, Song X, Zhao C, Zhi K.",Ann N Y Acad Sci. 2020 Feb;1462(1):65-78. doi: 10.1111/nyas.14190. Epub 2019 Sep 8.,Zhang N,Ann N Y Acad Sci,2020,2019-09-10 00:00:00,,,10.1111/nyas.14190
,31996260,Characteristic electron-microscopic features of cryofibrinogen-associated glomerulonephritis: a case report,"Ibuki E, Shiraishi A, Sofue T, Kushida Y, Kadota K, Honda K, Kang D, Joh K, Minamino T, Haba R.",BMC Nephrol. 2020 Jan 29;21(1):27. doi: 10.1186/s12882-020-1696-0.,Ibuki E,BMC Nephrol,2020,2020-01-31 00:00:00,PMC6988214,,10.1186/s12882-020-1696-0
,31740529,The Host GTPase Arf1 and Its Effectors AP1 and PICK1 Stimulate Actin Polymerization and Exocytosis To Promote Entry of Listeria monocytogenes,"Saila S, Gyanwali GC, Hussain M, Gianfelice A, Ireton K.",Infect Immun. 2020 Jan 22;88(2):e00578-19. doi: 10.1128/IAI.00578-19. Print 2020 Jan 22.,Saila S,Infect Immun,2020,2019-11-20 00:00:00,PMC6977119,,10.1128/IAI.00578-19
,33176330,Alveolar Airspace Size in Healthy and Diseased Infant Lungs Measured via Hyperpolarized 3He Gas Diffusion Magnetic Resonance Imaging,"Higano NS, Thomen RP, Quirk JD, Huyck HL, Hahn AD, Fain SB, Pryhuber GS, Woods JC.",Neonatology. 2020;117(6):704-712. doi: 10.1159/000511084. Epub 2020 Nov 11.,Higano NS,Neonatology,2020,2020-11-11 00:00:00,PMC7878286,NIHMS1633331,10.1159/000511084
,32920628,PTI-125 Reduces Biomarkers of Alzheimer's Disease in Patients,"Wang HY, Pei Z, Lee KC, Lopez-Brignoni E, Nikolov B, Crowley CA, Marsman MR, Barbier R, Friedmann N, Burns LH.",J Prev Alzheimers Dis. 2020;7(4):256-264. doi: 10.14283/jpad.2020.6.,Wang HY,J Prev Alzheimers Dis,2020,2020-09-13 00:00:00,,,10.14283/jpad.2020.6
,32232196,"Examination of the expression levels of MACC1, Filamin A and FBXW7 genes in colorectal cancer patients","Yesilkaya F, Tastekin D, Saadoni HA, Ergen A, Pence S.",North Clin Istanb. 2019 Nov 21;7(1):1-5. doi: 10.14744/nci.2019.26780. eCollection 2020.,Yesilkaya F,North Clin Istanb,2019,2020-04-02 00:00:00,PMC7103745,,10.14744/nci.2019.26780
,31574507,Cytoskeleton Protein Filamin A Is Required for Efficient Somatostatin Receptor Type 2 Internalization and Recycling through Rab5 and Rab4 Sorting Endosomes in Tumor Somatotroph Cells,"Treppiedi D, Mangili F, Giardino E, Catalano R, Locatelli M, Lania AG, Spada A, Arosio M, Calebiro D, Mantovani G, Peverelli E.",Neuroendocrinology. 2020;110(7-8):642-652. doi: 10.1159/000503791. Epub 2019 Oct 1.,Treppiedi D,Neuroendocrinology,2020,2019-10-02 00:00:00,,,10.1159/000503791
,31468740,Allogeneic mesenchymal stromal cells: Novel therapeutic option for mutated FLNA-associated respiratory failure in the pediatric setting,"Pelizzo G, Avanzini MA, Lenta E, Mantelli M, Croce S, Catenacci L, Acquafredda G, Ferraro AL, Giambanco C, D'Amelio L, Giordano S, Re G, Zennaro F, Calcaterra V.",Pediatr Pulmonol. 2020 Jan;55(1):190-197. doi: 10.1002/ppul.24497. Epub 2019 Aug 29.,Pelizzo G,Pediatr Pulmonol,2020,2019-08-31 00:00:00,,,10.1002/ppul.24497
,31942422,Otopalatodigital Syndrome Type I: Novel Characteristics and Prenatal Manifestations in two Siblings,"Joksic I, Cuturilo G, Jurisic A, Djuricic S, Peterlin B, Mijovic M, Karadzov ON, Egic A, Milovanovic Z.",Balkan J Med Genet. 2019 Dec 21;22(2):83-88. doi: 10.2478/bjmg-2019-0024. eCollection 2019 Dec.,Joksic I,Balkan J Med Genet,2019,2020-01-17 00:00:00,PMC6956634,,10.2478/bjmg-2019-0024
,31639388,Sam68 impedes the recovery of arterial injury by augmenting inflammatory response,"Han S, Xu S, Zhou J, Qiao A, Boriboun C, Ma W, Li H, Biyashev D, Yang L, Zhang E, Liu Q, Jiang S, Zhao TC, Krishnamurthy P, Zhang C, Richard S, Qiu H, Zhang J, Qin G.",J Mol Cell Cardiol. 2019 Dec;137:82-92. doi: 10.1016/j.yjmcc.2019.10.003. Epub 2019 Oct 19.,Han S,J Mol Cell Cardiol,2019,2019-10-23 00:00:00,PMC6889069,NIHMS1542326,10.1016/j.yjmcc.2019.10.003
,31765260,"Response by Akyürek et al to Letter Regarding Article, ""Targeting Filamin A Reduces Macrophage Activity and Atherosclerosis""","Akyürek LM, Bergo MO, Bandaru S.",Circulation. 2019 Nov 26;140(22):e814-e815. doi: 10.1161/CIRCULATIONAHA.119.043865. Epub 2019 Nov 25.,Akyürek LM,Circulation,2019,2019-11-26 00:00:00,,,10.1161/CIRCULATIONAHA.119.043865
,31765256,"Letter by Wang et al Regarding Article, ""Targeting Filamin A Reduces Macrophage Activity and Atherosclerosis""","Wang D, Yang X, Chen T.",Circulation. 2019 Nov 26;140(22):e812-e813. doi: 10.1161/CIRCULATIONAHA.119.043075. Epub 2019 Nov 25.,Wang D,Circulation,2019,2019-11-26 00:00:00,,,10.1161/CIRCULATIONAHA.119.043075
,30990690,Identification of Filamin A Mechanobinding Partner I: Smoothelin Specifically Interacts with the Filamin A Mechanosensitive Domain 21,"Wang L, Nakamura F.",Biochemistry. 2019 Nov 26;58(47):4726-4736. doi: 10.1021/acs.biochem.9b00100. Epub 2019 Apr 24.,Wang L,Biochemistry,2019,2019-04-17 00:00:00,,,10.1021/acs.biochem.9b00100
,30990684,Identification of Filamin A Mechanobinding Partner II: Fimbacin Is a Novel Actin Cross-Linking and Filamin A Binding Protein,"Wang J, Nakamura F.",Biochemistry. 2019 Nov 26;58(47):4737-4743. doi: 10.1021/acs.biochem.9b00101. Epub 2019 Apr 24.,Wang J,Biochemistry,2019,2019-04-17 00:00:00,,,10.1021/acs.biochem.9b00101
,31747409,Inducible microRNA-200c decreases motility of breast cancer cells and reduces filamin A,"Ljepoja B, Schreiber C, Gegenfurtner FA, García-Roman J, Köhler B, Zahler S, Rädler JO, Wagner E, Roidl A.",PLoS One. 2019 Nov 20;14(11):e0224314. doi: 10.1371/journal.pone.0224314. eCollection 2019.,Ljepoja B,PLoS One,2019,2019-11-21 00:00:00,PMC6867627,,10.1371/journal.pone.0224314
,31681605,Asparagine Synthetase and Filamin A Have Different Roles in Ovarian Cancer,"Zeng L, Wang Q, Gu C, Yuan L, Xie X, He L, Chen K, Tan P, Xue L, Huang S, Shi K.",Front Oncol. 2019 Oct 18;9:1072. doi: 10.3389/fonc.2019.01072. eCollection 2019.,Zeng L,Front Oncol,2019,2019-11-05 00:00:00,PMC6813569,,10.3389/fonc.2019.01072
,31471375,Filamin A: key actor in platelet biology,"Rosa JP, Raslova H, Bryckaert M.",Blood. 2019 Oct 17;134(16):1279-1288. doi: 10.1182/blood.2019000014.,Rosa JP,Blood,2019,2019-09-01 00:00:00,,,10.1182/blood.2019000014
,31542223,Critical Structural Defects Explain Filamin A Mutations Causing Mitral Valve Dysplasia,"Haataja TJK, Capoulade R, Lecointe S, Hellman M, Merot J, Permi P, Pentikäinen U.",Biophys J. 2019 Oct 15;117(8):1467-1475. doi: 10.1016/j.bpj.2019.08.032. Epub 2019 Aug 31.,Haataja TJK,Biophys J,2019,2019-09-23 00:00:00,PMC6817519,,10.1016/j.bpj.2019.08.032
,20301567,X-Linked Otopalatodigital Spectrum Disorders,Robertson S.,"2005 Nov 30 [updated 2019 Oct 3]. In: Adam MP, Feldman J, Mirzaa GM, Pagon RA, Wallace SE, Amemiya A, editors. GeneReviews(®) [Internet]. Seattle (WA): University of Washington, Seattle; 1993–2024.",Robertson S,GeneReviews(®),1993,2019-10-03 00:00:00,,,
,31489630,A somatic mutation in MEN1 gene detected in periventricular nodular heterotopia tissue obtained from depth electrodes,"Montier L, Haneef Z, Gavvala J, Yoshor D, North R, Verla T, Van Ness PC, Drabek J, Goldman AM.",Epilepsia. 2019 Oct;60(10):e104-e109. doi: 10.1111/epi.16328. Epub 2019 Sep 6.,Montier L,Epilepsia,2019,2019-09-07 00:00:00,PMC6852559,,10.1111/epi.16328
,31485594,Filamin A regulates EGFR/ERK/Akt signaling and affects colorectal cancer cell growth and migration,"Wang K, Zhu TN, Zhao RJ.",Mol Med Rep. 2019 Oct;20(4):3671-3678. doi: 10.3892/mmr.2019.10622. Epub 2019 Aug 27.,Wang K,Mol Med Rep,2019,2019-09-06 00:00:00,PMC6755168,,10.3892/mmr.2019.10622
,31358530,Targeting Mechanoresponsive Proteins in Pancreatic Cancer: 4-Hydroxyacetophenone Blocks Dissemination and Invasion by Activating MYH14,"Surcel A, Schiffhauer ES, Thomas DG, Zhu Q, DiNapoli KT, Herbig M, Otto O, West-Foyle H, Jacobi A, Kräter M, Plak K, Guck J, Jaffee EM, Iglesias PA, Anders RA, Robinson DN.",Cancer Res. 2019 Sep 15;79(18):4665-4678. doi: 10.1158/0008-5472.CAN-18-3131. Epub 2019 Jul 29.,Surcel A,Cancer Res,2019,2019-07-31 00:00:00,PMC6744980,NIHMS1535969,10.1158/0008-5472.CAN-18-3131
,31351056,Retinal proteome associated with bradykinin-induced edema,"Murugesan N, Fickweiler W, Clermont AC, Zhou Q, Feener EP.",Exp Eye Res. 2019 Sep;186:107744. doi: 10.1016/j.exer.2019.107744. Epub 2019 Jul 24.,Murugesan N,Exp Eye Res,2019,2019-07-28 00:00:00,,,10.1016/j.exer.2019.107744
,31302158,Proteomics reveals a set of highly enriched proteins in epiretinal membrane compared with inner limiting membrane,"Christakopoulos C, Cehofski LJ, Christensen SR, Vorum H, Honoré B.",Exp Eye Res. 2019 Sep;186:107722. doi: 10.1016/j.exer.2019.107722. Epub 2019 Jul 11.,Christakopoulos C,Exp Eye Res,2019,2019-07-15 00:00:00,,,10.1016/j.exer.2019.107722
,31268639,Biological roles of filamin a in prostate cancer cells,"Li XC, Huang CX, Wu SK, Yu L, Zhou GJ, Chen LJ.",Int Braz J Urol. 2019 Sep-Oct;45(5):916-924. doi: 10.1590/S1677-5538.IBJU.2018.0535.,Li XC,Int Braz J Urol,2019,2019-07-04 00:00:00,PMC6844337,,10.1590/S1677-5538.IBJU.2018.0535
,31632499,Zinc-α2-glycoprotein 1 promotes EMT in colorectal cancer by filamin A mediated focal adhesion pathway,"Ji M, Li W, He G, Zhu D, Lv S, Tang W, Jian M, Zheng P, Yang L, Qi Z, Mao Y, Ren L, Zhong Y, Tu Y, Wei Y, Xu J.",J Cancer. 2019 Aug 29;10(22):5557-5566. doi: 10.7150/jca.35380. eCollection 2019.,Ji M,J Cancer,2019,2019-10-22 00:00:00,PMC6775688,,10.7150/jca.35380
,31315944,Filamin A mediates isotropic distribution of applied force across the actin network,"Kumar A, Shutova MS, Tanaka K, Iwamoto DV, Calderwood DA, Svitkina TM, Schwartz MA.",J Cell Biol. 2019 Aug 5;218(8):2481-2491. doi: 10.1083/jcb.201901086. Epub 2019 Jul 17.,Kumar A,J Cell Biol,2019,2019-07-19 00:00:00,PMC6683746,,10.1083/jcb.201901086
,30361615,Deletion of TMEM268 inhibits growth of gastric cancer cells by downregulating the ITGB4 signaling pathway,"Hong D, Zhang X, Li R, Yu J, Lou Y, He Q, Li X, Xu D, Lv P, Lin J, Chen Y.",Cell Death Differ. 2019 Aug;26(8):1453-1466. doi: 10.1038/s41418-018-0223-3. Epub 2018 Oct 25.,Hong D,Cell Death Differ,2019,2018-10-27 00:00:00,PMC6748091,,10.1038/s41418-018-0223-3
,31384171,Upregulation of circFLNA contributes to laryngeal squamous cell carcinoma migration by circFLNA-miR-486-3p-FLNA axis,"Wang JX, Liu Y, Jia XJ, Liu SX, Dong JH, Ren XM, Xu O, Zhang HZ, Duan HJ, Shan CG.",Cancer Cell Int. 2019 Jul 29;19:196. doi: 10.1186/s12935-019-0924-9. eCollection 2019.,Wang JX,Cancer Cell Int,2019,2019-08-07 00:00:00,PMC6664525,,10.1186/s12935-019-0924-9
,31014088,Targeting Filamin A Reduces Macrophage Activity and Atherosclerosis,"Bandaru S, Ala C, Salimi R, Akula MK, Ekstrand M, Devarakonda S, Karlsson J, Van den Eynden J, Bergström G, Larsson E, Levin M, Borén J, Bergo MO, Akyürek LM.",Circulation. 2019 Jul 2;140(1):67-79. doi: 10.1161/CIRCULATIONAHA.119.039697. Epub 2019 Apr 24.,Bandaru S,Circulation,2019,2019-04-25 00:00:00,,,10.1161/CIRCULATIONAHA.119.039697
,31081149,Comparative proteomics analysis of microvesicles in human serum for the evaluation of osteoporosis,"Huo C, Li Y, Qiao Z, Shang Z, Cao C, Hong Y, Xiao H.",Electrophoresis. 2019 Jul;40(14):1839-1847. doi: 10.1002/elps.201900130. Epub 2019 May 21.,Huo C,Electrophoresis,2019,2019-05-14 00:00:00,,,10.1002/elps.201900130
,30987847,Microdeletion in Xq28 with a polymorphic inversion in a patient with FLNA-associated progressive lung disease,"Yoshii K, Matsumoto H, Hirasawa K, Sakauchi M, Hara H, Ito S, Osawa M, Fukami M, Horikawa R, Nagata S.",Respir Investig. 2019 Jul;57(4):395-398. doi: 10.1016/j.resinv.2019.02.008. Epub 2019 Apr 12.,Yoshii K,Respir Investig,2019,2019-04-17 00:00:00,,,10.1016/j.resinv.2019.02.008
,30986657,HCN ion channels and accessory proteins in epilepsy: genetic analysis of a large cohort of patients and review of the literature,"DiFrancesco JC, Castellotti B, Milanesi R, Ragona F, Freri E, Canafoglia L, Franceschetti S, Ferrarese C, Magri S, Taroni F, Costa C, Labate A, Gambardella A, Solazzi R, Binda A, Rivolta I, Di Gennaro G, Casciato S, D'Incerti L, Barbuti A, DiFrancesco D, Granata T, Gellera C.",Epilepsy Res. 2019 Jul;153:49-58. doi: 10.1016/j.eplepsyres.2019.04.004. Epub 2019 Apr 8.,DiFrancesco JC,Epilepsy Res,2019,2019-04-16 00:00:00,,,10.1016/j.eplepsyres.2019.04.004
,31239323,Depolysulfidation of Drp1 induced by low-dose methylmercury exposure increases cardiac vulnerability to hemodynamic overload,"Nishimura A, Shimoda K, Tanaka T, Toyama T, Nishiyama K, Shinkai Y, Numaga-Tomita T, Yamazaki D, Kanda Y, Akaike T, Kumagai Y, Nishida M.",Sci Signal. 2019 Jun 25;12(587):eaaw1920. doi: 10.1126/scisignal.aaw1920.,Nishimura A,Sci Signal,2019,2019-06-27 00:00:00,,,10.1126/scisignal.aaw1920
,31061750,First Report of Congenital Short Bowel Syndrome in an Iranian Patient Caused by a Mutation in the CLMP Gene,"Gharesouran J, Esfahani BS, Valilou SF, Moradi M, Mousavi MH, Rezazadeh M.",J Pediatr Genet. 2019 Jun;8(2):73-80. doi: 10.1055/s-0038-1675339. Epub 2018 Oct 26.,Gharesouran J,J Pediatr Genet,2019,2019-05-08 00:00:00,PMC6499612,,10.1055/s-0038-1675339
,31002357,Overexpression of calpain‑1 predicts poor outcome in patients with colorectal cancer and promotes tumor cell progression associated with downregulation of FLNA,"Xu C, Yu X, Zhu Y, Cai Z, Yu L, Lin Y, Yu H, Xue Z, Zhou L.",Oncol Rep. 2019 Jun;41(6):3424-3434. doi: 10.3892/or.2019.7121. Epub 2019 Apr 16.,Xu C,Oncol Rep,2019,2019-04-20 00:00:00,,,10.3892/or.2019.7121
,30671632,Mechanobiology of mice cervix: expression profile of mechano-related molecules during pregnancy,"Gordon J, Mowa CN.",Cell Tissue Res. 2019 Jun;376(3):443-456. doi: 10.1007/s00441-018-02983-8. Epub 2019 Jan 22.,Gordon J,Cell Tissue Res,2019,2019-01-24 00:00:00,,,10.1007/s00441-018-02983-8
,29659741,Formin 2 Regulates Lysosomal Degradation of Wnt-Associated β-Catenin in Neural Progenitors,"Lian G, Chenn A, Ekuta V, Kanaujia S, Sheen V.",Cereb Cortex. 2019 May 1;29(5):1938-1952. doi: 10.1093/cercor/bhy073.,Lian G,Cereb Cortex,2019,2018-04-17 00:00:00,PMC6458913,,10.1093/cercor/bhy073
,30602618,Disrupted filamin A/α(IIb)β(3) interaction induces macrothrombocytopenia by increasing RhoA activity,"Donada A, Balayn N, Sliwa D, Lordier L, Ceglia V, Baschieri F, Goizet C, Favier R, Tosca L, Tachdjian G, Denis CV, Plo I, Vainchenker W, Debili N, Rosa JP, Bryckaert M, Raslova H.",Blood. 2019 Apr 18;133(16):1778-1788. doi: 10.1182/blood-2018-07-861427. Epub 2019 Jan 2.,Donada A,Blood,2019,2019-01-04 00:00:00,PMC6484462,,10.1182/blood-2018-07-861427
,30938478,Re: Bilateral periventricular nodular heterotopia detected on fetal and maternal MRI attributable to novel filamin A gene mutation,"Garel C, Jouannic JM, Blondiaux E.",Ultrasound Obstet Gynecol. 2019 Apr;53(4):555-556. doi: 10.1002/uog.20240.,Garel C,Ultrasound Obstet Gynecol,2019,2019-04-03 00:00:00,,,10.1002/uog.20240
,30799513,Filamin A and DRD2 expression in corticotrophinomas,"Sickler T, Trarbach EB, Frassetto FP, Dettoni JB, Alves VAF, Fragoso MCBV, Machado MC, Cardoso EF, Bronstein MD, Glezer A.",Pituitary. 2019 Apr;22(2):163-169. doi: 10.1007/s11102-019-00947-x.,Sickler T,Pituitary,2019,2019-02-26 00:00:00,,,10.1007/s11102-019-00947-x
,30922288,Congenital emphysematous lung disease associated with a novel Filamin A mutation. Case report and literature review,"Pelizzo G, Collura M, Puglisi A, Pappalardo MP, Agolini E, Novelli A, Piccione M, Cacace C, Bussani R, Corsello G, Calcaterra V.",BMC Pediatr. 2019 Mar 29;19(1):86. doi: 10.1186/s12887-019-1460-4.,Pelizzo G,BMC Pediatr,2019,2019-03-30 00:00:00,PMC6440113,,10.1186/s12887-019-1460-4
,30651325,MicroRNA-1224 Splicing CircularRNA-Filip1l in an Ago2-Dependent Manner Regulates Chronic Inflammatory Pain via Targeting Ubr5,"Pan Z, Li GF, Sun ML, Xie L, Liu D, Zhang Q, Yang XX, Xia S, Liu X, Zhou H, Xue ZY, Zhang M, Hao LY, Zhu LJ, Cao JL.",J Neurosci. 2019 Mar 13;39(11):2125-2143. doi: 10.1523/JNEUROSCI.1631-18.2018. Epub 2019 Jan 16.,Pan Z,J Neurosci,2019,2019-01-18 00:00:00,PMC6507086,,10.1523/JNEUROSCI.1631-18.2018
,30623593,Exosome proteomic analyses identify inflammatory phenotype and novel biomarkers in African American prostate cancer patients,"Panigrahi GK, Praharaj PP, Kittaka H, Mridha AR, Black OM, Singh R, Mercer R, van Bokhoven A, Torkko KC, Agarwal C, Agarwal R, Abd Elmageed ZY, Yadav H, Mishra SK, Deep G.",Cancer Med. 2019 Mar;8(3):1110-1123. doi: 10.1002/cam4.1885. Epub 2019 Jan 8.,Panigrahi GK,Cancer Med,2019,2019-01-10 00:00:00,PMC6434210,,10.1002/cam4.1885
,29462287,Cytoskeletal Associated Filamin A and RhoA Affect Neural Progenitor Specification During Mitosis,"Lian G, Wong T, Lu J, Hu J, Zhang J, Sheen V.",Cereb Cortex. 2019 Mar 1;29(3):1280-1290. doi: 10.1093/cercor/bhy033.,Lian G,Cereb Cortex,2019,2018-02-21 00:00:00,PMC6499011,,10.1093/cercor/bhy033
,30718563,Clinical significance of filamin A in patients with acromegaly and its association with somatostatin and dopamine receptor profiles,"Coelho MCA, Vasquez ML, Wildemberg LE, Vázquez-Borrego MC, Bitana L, Camacho AHDS, Silva D, Ogino LL, Ventura N, Sánchez-Sánchez R, Chimelli L, Kasuki L, Luque RM, Gadelha MR.",Sci Rep. 2019 Feb 4;9(1):1122. doi: 10.1038/s41598-018-37692-3.,Coelho MCA,Sci Rep,2019,2019-02-06 00:00:00,PMC6361919,,10.1038/s41598-018-37692-3
,30868486,Kartogenin and Its Application in Regenerative Medicine,"Cai JY, Zhang L, Chen J, Chen SY.",Curr Med Sci. 2019 Feb;39(1):16-20. doi: 10.1007/s11596-019-1994-6. Epub 2019 Mar 13.,Cai JY,Curr Med Sci,2019,2019-03-15 00:00:00,,,10.1007/s11596-019-1994-6
,30589642,Cytoskeleton actin-binding proteins in clinical behavior of pituitary tumors,"Mantovani G, Treppiedi D, Giardino E, Catalano R, Mangili F, Vercesi P, Arosio M, Spada A, Peverelli E.",Endocr Relat Cancer. 2019 Feb 1;26(2):R95-R108. doi: 10.1530/ERC-18-0442.,Mantovani G,Endocr Relat Cancer,2019,2018-12-28 00:00:00,,,10.1530/ERC-18-0442
,30547349,A review of filamin A mutations and associated interstitial lung disease,"Sasaki E, Byrne AT, Phelan E, Cox DW, Reardon W.",Eur J Pediatr. 2019 Feb;178(2):121-129. doi: 10.1007/s00431-018-3301-0. Epub 2018 Dec 13.,Sasaki E,Eur J Pediatr,2019,2018-12-15 00:00:00,,,10.1007/s00431-018-3301-0
,30208338,Serotonin contribution to cardiac valve degeneration: new insights for novel therapies?,"Ayme-Dietrich E, Lawson R, Da-Silva S, Mazzucotelli JP, Monassier L.",Pharmacol Res. 2019 Feb;140:33-42. doi: 10.1016/j.phrs.2018.09.009. Epub 2018 Sep 9.,Ayme-Dietrich E,Pharmacol Res,2019,2018-09-13 00:00:00,,,10.1016/j.phrs.2018.09.009
,30696811,S-nitrosylation of E3 ubiquitin-protein ligase RNF213 alters non-canonical Wnt/Ca+2 signaling in the P301S mouse model of tauopathy,"Amal H, Gong G, Gjoneska E, Lewis SM, Wishnok JS, Tsai LH, Tannenbaum SR.",Transl Psychiatry. 2019 Jan 29;9(1):44. doi: 10.1038/s41398-019-0388-7.,Amal H,Transl Psychiatry,2019,2019-01-31 00:00:00,PMC6351542,,10.1038/s41398-019-0388-7
,30344108,Non-syndromic Mitral Valve Dysplasia Mutation Changes the Force Resilience and Interaction of Human Filamin A,"Haataja TJK, Bernardi RC, Lecointe S, Capoulade R, Merot J, Pentikäinen U.",Structure. 2019 Jan 2;27(1):102-112.e4. doi: 10.1016/j.str.2018.09.007. Epub 2018 Oct 18.,Haataja TJK,Structure,2019,2018-10-23 00:00:00,PMC6984350,NIHMS1036030,10.1016/j.str.2018.09.007
,31237474,Vibrio vulnificus RtxA1 cytotoxin targets filamin A to regulate PAK1- and MAPK-dependent cytoskeleton reorganization and cell death,"Guo RH, Im YJ, Shin SI, Jeong K, Rhee JH, Kim YR.",Emerg Microbes Infect. 2019;8(1):934-945. doi: 10.1080/22221751.2019.1632153.,Guo RH,Emerg Microbes Infect,2019,2019-06-26 00:00:00,PMC6598492,,10.1080/22221751.2019.1632153
,31037635,Role of Periostin in Cardiac Valve Development,"Markwald RR, Moreno-Rodriguez RA, Ghatak S, Misra S, Norris RA, Sugi Y.",Adv Exp Med Biol. 2019;1132:177-191. doi: 10.1007/978-981-13-6657-4_17.,Markwald RR,Adv Exp Med Biol,2019,2019-05-01 00:00:00,,,10.1007/978-981-13-6657-4_17
,30561107,Terminal osseous dysplasia with pigmentary defects (TODPD) in a Turkish girl with new skin findings,"Azakli H, Akkaya AD, Aygün MS, Demirkesen C, Eraslan S, Kayserili H.",Am J Med Genet A. 2019 Jan;179(1):123-129. doi: 10.1002/ajmg.a.60686. Epub 2018 Dec 18.,Azakli H,Am J Med Genet A,2019,2018-12-19 00:00:00,,,10.1002/ajmg.a.60686
,30348826,The Host Scaffolding Protein Filamin A and the Exocyst Complex Control Exocytosis during InlB-Mediated Entry of Listeria monocytogenes,"Bhalla M, Van Ngo H, Gyanwali GC, Ireton K.",Infect Immun. 2018 Dec 19;87(1):e00689-18. doi: 10.1128/IAI.00689-18. Print 2019 Jan.,Bhalla M,Infect Immun,2018,2018-10-24 00:00:00,PMC6300635,,10.1128/IAI.00689-18
,30288957,Filamin-A as a Balance between Erk/Smad Activities During Cardiac Valve Development,"Toomer K, Sauls K, Fulmer D, Guo L, Moore K, Glover J, Stairley R, Bischoff J, Levine RA, Norris RA.",Anat Rec (Hoboken). 2019 Jan;302(1):117-124. doi: 10.1002/ar.23911. Epub 2018 Oct 5.,Toomer K,Anat Rec (Hoboken),2019,2018-10-06 00:00:00,PMC6312478,NIHMS982162,10.1002/ar.23911
,30568657,Filamin A Phosphorylation at Serine 2152 by the Serine/Threonine Kinase Ndr2 Controls TCR-Induced LFA-1 Activation in T Cells,"Waldt N, Seifert A, Demiray YE, Devroe E, Turk BE, Reichardt P, Mix C, Reinhold A, Freund C, Müller AJ, Schraven B, Stork O, Kliche S.",Front Immunol. 2018 Dec 4;9:2852. doi: 10.3389/fimmu.2018.02852. eCollection 2018.,Waldt N,Front Immunol,2018,2018-12-21 00:00:00,PMC6290345,,10.3389/fimmu.2018.02852
,30557962,A case report on filamin A gene mutation and progressive pulmonary disease in an infant: A lung tissued derived mesenchymal stem cell study,"Calcaterra V, Avanzini MA, Mantelli M, Agolini E, Croce S, De Silvestri A, Re G, Collura M, Maltese A, Novelli A, Pelizzo G.",Medicine (Baltimore). 2018 Dec;97(50):e13033. doi: 10.1097/MD.0000000000013033.,Calcaterra V,Medicine (Baltimore),2018,2018-12-19 00:00:00,PMC6319781,,10.1097/MD.0000000000013033
,30305575,The Inflammatory Transcription Factor C/EBPβ Plays a Critical Role in Cardiac Fibroblast Differentiation and a Rat Model of Cardiac Fibrosis Induced by Autoimmune Myocarditis,"Li X, Sun M, Men S, Shi Y, Ma L, An Y, Gao Y, Jin H, Liu W, Du Z.",Int Heart J. 2018 Nov 28;59(6):1389-1397. doi: 10.1536/ihj.17-446. Epub 2018 Oct 10.,Li X,Int Heart J,2018,2018-10-12 00:00:00,,,10.1536/ihj.17-446
,30425165,Hypoxia-induced interaction of filamin with Drp1 causes mitochondrial hyperfission-associated myocardial senescence,"Nishimura A, Shimauchi T, Tanaka T, Shimoda K, Toyama T, Kitajima N, Ishikawa T, Shindo N, Numaga-Tomita T, Yasuda S, Sato Y, Kuwahara K, Kumagai Y, Akaike T, Ide T, Ojida A, Mori Y, Nishida M.",Sci Signal. 2018 Nov 13;11(556):eaat5185. doi: 10.1126/scisignal.aat5185.,Nishimura A,Sci Signal,2018,2018-11-15 00:00:00,,,10.1126/scisignal.aat5185
,30425163,A cytoskeletal anchor connects ischemic mitochondrial fission to myocardial senescence,"Boyer MJ, Eguchi S.",Sci Signal. 2018 Nov 13;11(556):eaav3267. doi: 10.1126/scisignal.aav3267.,Boyer MJ,Sci Signal,2018,2018-11-15 00:00:00,,,10.1126/scisignal.aav3267
,30401791,Filamin A modulates platelet function,"Lopez JJ, Jardin I, Rosado JA.",Aging (Albany NY). 2018 Nov 6;10(11):3052-3053. doi: 10.18632/aging.101635.,Lopez JJ,Aging (Albany NY),2018,2018-11-08 00:00:00,PMC6286847,,10.18632/aging.101635
,30405761,Filamin A inhibits tumor progression through regulating BRCA1 expression in human breast cancer,"Guo Y, Li M, Bai G, Li X, Sun Z, Yang J, Wang L, Sun J.",Oncol Lett. 2018 Nov;16(5):6261-6266. doi: 10.3892/ol.2018.9473. Epub 2018 Sep 20.,Guo Y,Oncol Lett,2018,2018-11-09 00:00:00,PMC6202495,,10.3892/ol.2018.9473
,30168171,Terminal osseous dysplasia presenting with intracytoplasmic inclusion bodies in digital fibromas,"Gontijo JRV, Dos Santos WF, Gontijo B, Happle R.",Pediatr Dermatol. 2018 Nov;35(6):e353-e356. doi: 10.1111/pde.13656. Epub 2018 Aug 31.,Gontijo JRV,Pediatr Dermatol,2018,2018-09-01 00:00:00,,,10.1111/pde.13656
,30125693,Structural and functional analyses of calcium ion response factors in the mantle of Pinctada fucata,"Matsuura A, Yoshimura K, Kintsu H, Atsumi T, Tsuchihashi Y, Takeuchi T, Satoh N, Negishi L, Sakuda S, Asakura T, Imura Y, Yoshimura E, Suzuki M.",J Struct Biol. 2018 Nov;204(2):240-249. doi: 10.1016/j.jsb.2018.08.014. Epub 2018 Aug 17.,Matsuura A,J Struct Biol,2018,2018-08-21 00:00:00,,,10.1016/j.jsb.2018.08.014
,29266454,Bilateral periventricular nodular heterotopia detected on fetal and maternal MRI attributable to novel filamin A gene mutation,"Stoecklein S, Haberler C, Gruber G, Diogo M, Ulm B, Laccone FA, Prayer D.",Ultrasound Obstet Gynecol. 2018 Nov;52(5):678-680. doi: 10.1002/uog.18991.,Stoecklein S,Ultrasound Obstet Gynecol,2018,2017-12-22 00:00:00,,,10.1002/uog.18991
,30098401,cAMP/PKA-induced filamin A (FLNA) phosphorylation inhibits SST2 signal transduction in GH-secreting pituitary tumor cells,"Peverelli E, Giardino E, Mangili F, Treppiedi D, Catalano R, Ferrante E, Sala E, Locatelli M, Lania AG, Arosio M, Spada A, Mantovani G.",Cancer Lett. 2018 Oct 28;435:101-109. doi: 10.1016/j.canlet.2018.08.002. Epub 2018 Aug 8.,Peverelli E,Cancer Lett,2018,2018-08-12 00:00:00,,,10.1016/j.canlet.2018.08.002
,30224736,Structural basis of the filamin A actin-binding domain interaction with F-actin,"Iwamoto DV, Huehn A, Simon B, Huet-Calderwood C, Baldassarre M, Sindelar CV, Calderwood DA.",Nat Struct Mol Biol. 2018 Oct;25(10):918-927. doi: 10.1038/s41594-018-0128-3. Epub 2018 Sep 17.,Iwamoto DV,Nat Struct Mol Biol,2018,2018-09-19 00:00:00,PMC6173970,NIHMS1502931,10.1038/s41594-018-0128-3
,30089843,Publisher Correction: IRE1α governs cytoskeleton remodelling and cell migration through a direct interaction with filamin A,"Urra H, Henriquez DR, Cánovas J, Villarroel-Campos D, Carreras-Sureda A, Pulgar E, Molina E, Hazari YM, Limia CM, Alvarez-Rojas S, Figueroa R, Vidal RL, Rodriguez DA, Rivera CA, Court FA, Couve A, Qi L, Chevet E, Akai R, Iwawaki T, Concha ML, Glavic Á, Gonzalez-Billault C, Hetz C.",Nat Cell Biol. 2018 Oct;20(10):1228. doi: 10.1038/s41556-018-0186-0.,Urra H,Nat Cell Biol,2018,2018-08-10 00:00:00,,,10.1038/s41556-018-0186-0
,30087110,RNA editing of Filamin A pre-mRNA regulates vascular contraction and diastolic blood pressure,"Jain M, Mann TD, Stulić M, Rao SP, Kirsch A, Pullirsch D, Strobl X, Rath C, Reissig L, Moreth K, Klein-Rodewald T, Bekeredjian R, Gailus-Durner V, Fuchs H, Hrabě de Angelis M, Pablik E, Cimatti L, Martin D, Zinnanti J, Graier WF, Sibilia M, Frank S, Levanon EY, Jantsch MF.",EMBO J. 2018 Oct 1;37(19):e94813. doi: 10.15252/embj.201694813. Epub 2018 Aug 7.,Jain M,EMBO J,2018,2018-08-09 00:00:00,PMC6166124,,10.15252/embj.201694813
,30248938,Low-Dose Naltrexone (LDN)-Review of Therapeutic Utilization,"Toljan K, Vrooman B.",Med Sci (Basel). 2018 Sep 21;6(4):82. doi: 10.3390/medsci6040082.,Toljan K,Med Sci (Basel),2018,2018-09-26 00:00:00,PMC6313374,,10.3390/medsci6040082
,30283360,Proteomics Analysis of Myocardial Tissues in a Mouse Model of Coronary Microembolization,"Chen A, Chen Z, Xia Y, Lu D, Jia J, Hu K, Sun A, Zou Y, Qian J, Ge J.",Front Physiol. 2018 Sep 19;9:1318. doi: 10.3389/fphys.2018.01318. eCollection 2018.,Chen A,Front Physiol,2018,2018-10-05 00:00:00,PMC6157402,,10.3389/fphys.2018.01318
,30217809,The LPA-LPA4 axis is required for establishment of bipolar morphology and radial migration of newborn cortical neurons,"Kurabayashi N, Tanaka A, Nguyen MD, Sanada K.",Development. 2018 Sep 14;145(17):dev162529. doi: 10.1242/dev.162529.,Kurabayashi N,Development,2018,2018-09-16 00:00:00,,,10.1242/dev.162529
,30155352,Comprehensive analysis of metastasis-related genes reveals a gene signature predicting the survival of colon cancer patients,"Wei H, Li J, Xie M, Lei R, Hu B.",PeerJ. 2018 Aug 21;6:e5433. doi: 10.7717/peerj.5433. eCollection 2018.,Wei H,PeerJ,2018,2018-08-30 00:00:00,PMC6108311,,10.7717/peerj.5433
,30089473,FLNA mutations in surviving males presenting with connective tissue findings: two new case reports and review of the literature,"Cannaerts E, Shukla A, Hasanhodzic M, Alaerts M, Schepers D, Van Laer L, Girisha KM, Hojsak I, Loeys B, Verstraeten A.",BMC Med Genet. 2018 Aug 8;19(1):140. doi: 10.1186/s12881-018-0655-0.,Cannaerts E,BMC Med Genet,2018,2018-08-10 00:00:00,PMC6083619,,10.1186/s12881-018-0655-0
,30013108,IRE1α governs cytoskeleton remodelling and cell migration through a direct interaction with filamin A,"Urra H, Henriquez DR, Cánovas J, Villarroel-Campos D, Carreras-Sureda A, Pulgar E, Molina E, Hazari YM, Limia CM, Alvarez-Rojas S, Figueroa R, Vidal RL, Rodriguez DA, Rivera CA, Court FA, Couve A, Qi L, Chevet E, Akai R, Iwawaki T, Concha ML, Glavic Á, Gonzalez-Billault C, Hetz C.",Nat Cell Biol. 2018 Aug;20(8):942-953. doi: 10.1038/s41556-018-0141-0. Epub 2018 Jul 16.,Urra H,Nat Cell Biol,2018,2018-07-18 00:00:00,,,10.1038/s41556-018-0141-0
,29931263,Single-Molecule Microscopy Reveals Dynamic FLNA Interactions Governing SSTR2 Clustering and Internalization,"Treppiedi D, Jobin ML, Peverelli E, Giardino E, Sungkaworn T, Zabel U, Arosio M, Spada A, Mantovani G, Calebiro D.",Endocrinology. 2018 Aug 1;159(8):2953-2965. doi: 10.1210/en.2018-00368.,Treppiedi D,Endocrinology,2018,2018-06-23 00:00:00,,,10.1210/en.2018-00368
,30025079,SWATH-MS Proteomic Analysis of Oxygen-Induced Retinopathy Reveals Novel Potential Therapeutic Targets,"Vähätupa M, Nättinen J, Jylhä A, Aapola U, Kataja M, Kööbi P, Järvinen TAH, Uusitalo H, Uusitalo-Järvinen H.",Invest Ophthalmol Vis Sci. 2018 Jul 2;59(8):3294-3306. doi: 10.1167/iovs.18-23831.,Vähätupa M,Invest Ophthalmol Vis Sci,2018,2018-07-20 00:00:00,,,10.1167/iovs.18-23831
,30271470,A Rare Cause of Refractory Epilepsy: Posterior Periventricular Nodular Heterotopia,"Direk MC, Komur M, Ozgur A, Okuyaz C.",J Pediatr Neurosci. 2018 Jul-Sep;13(3):340-342. doi: 10.4103/JPN.JPN_178_17.,Direk MC,J Pediatr Neurosci,2018,2018-10-02 00:00:00,PMC6144599,,10.4103/JPN.JPN_178_17
,29862660,ATPR-induced G(0) /G(1) phase arrest in gastric cancer cells by regulating the binding of 14-3-3ε and filamin A,"Zhao Y, Fang X, Fang H, Feng Y, Chen F, Xia Q.",Cancer Med. 2018 Jul;7(7):3373-3384. doi: 10.1002/cam4.1583. Epub 2018 Jun 4.,Zhao Y,Cancer Med,2018,2018-06-05 00:00:00,PMC6051145,,10.1002/cam4.1583
,29146485,In-frame Variants in FLNA Proximal Rod 1 Domain Associate With a Predominant Cardiac Valvular Phenotype,"Fernández L, Tenorio J, Polo-Vaquero C, Vallespín E, Palomares-Bralo M, García-Miñaúr S, Santos-Simarro F, Arias P, Carnicer H, Giannivelli S, Medina J, Pérez-Piaya R, Solís J, Rodríguez M, Villagrá A, Rodríguez L, Nevado J, Martínez-Glez V, Heath KE, Lapunzina P.",Rev Esp Cardiol (Engl Ed). 2018 Jul;71(7):545-552. doi: 10.1016/j.rec.2017.10.013. Epub 2017 Nov 14.,Fernández L,Rev Esp Cardiol (Engl Ed),2018,2017-11-18 00:00:00,,,10.1016/j.rec.2017.10.013
,29941981,ADAM-like Decysin-1 (ADAMDEC1) is a positive regulator of Epithelial Defense Against Cancer (EDAC) that promotes apical extrusion of RasV12-transformed cells,"Yako Y, Hayashi T, Takeuchi Y, Ishibashi K, Kasai N, Sato N, Kuromiya K, Ishikawa S, Fujita Y.",Sci Rep. 2018 Jun 25;8(1):9639. doi: 10.1038/s41598-018-27469-z.,Yako Y,Sci Rep,2018,2018-06-27 00:00:00,PMC6018119,,10.1038/s41598-018-27469-z
,30003023,"Respiratory distress in a 2-month-old infant: Is the primary cause cardiac, pulmonary or both?","Demirel N, Ochoa R, Dishop MK, Holm T, Gershan W, Brottman G.",Respir Med Case Rep. 2018 Jun 19;25:61-65. doi: 10.1016/j.rmcr.2018.06.010. eCollection 2018.,Demirel N,Respir Med Case Rep,2018,2018-07-14 00:00:00,PMC6039757,,10.1016/j.rmcr.2018.06.010
,30074213,Silencing Filamin A Inhibits the Invasion and Migration of Breast Cancer Cells by Up-regulating 14-3-3σ,"Ji ZM, Yang LL, Ni J, Xu SP, Yang C, Duan P, Lou LP, Ruan QR.",Curr Med Sci. 2018 Jun;38(3):461-466. doi: 10.1007/s11596-018-1901-6. Epub 2018 Jun 22.,Ji ZM,Curr Med Sci,2018,2018-08-04 00:00:00,,,10.1007/s11596-018-1901-6
,29449050,"A novel truncating mutation in FLNA causes periventricular nodular heterotopia, Ehlers-Danlos-like collagenopathy and macrothrombocytopenia","Ieda D, Hori I, Nakamura Y, Ohshita H, Negishi Y, Shinohara T, Hattori A, Kato T, Inukai S, Kitamura K, Kawai T, Ohara O, Kunishima S, Saitoh S.",Brain Dev. 2018 Jun;40(6):489-492. doi: 10.1016/j.braindev.2018.01.010. Epub 2018 Feb 12.,Ieda D,Brain Dev,2018,2018-02-17 00:00:00,,,10.1016/j.braindev.2018.01.010
,29352010,Genetics of syndromic and non-syndromic mitral valve prolapse,"Le Tourneau T, Mérot J, Rimbert A, Le Scouarnec S, Probst V, Le Marec H, Levine RA, Schott JJ.",Heart. 2018 Jun;104(12):978-984. doi: 10.1136/heartjnl-2017-312420. Epub 2018 Jan 19.,Le Tourneau T,Heart,2018,2018-01-21 00:00:00,PMC6168077,NIHMS988352,10.1136/heartjnl-2017-312420
,29581355,"Filamin A Is Required for Optimal T Cell Integrin-Mediated Force Transmission, Flow Adhesion, and T Cell Trafficking","Savinko T, Guenther C, Uotila LM, Llort Asens M, Yao S, Tojkander S, Fagerholm SC.",J Immunol. 2018 May 1;200(9):3109-3116. doi: 10.4049/jimmunol.1700913. Epub 2018 Mar 26.,Savinko T,J Immunol,2018,2018-03-28 00:00:00,,,10.4049/jimmunol.1700913
,29226331,A novel pathway activated by somatostatin receptor type 2 (SST2): Inhibition of pituitary tumor cell migration and invasion through cytoskeleton protein recruitment,"Peverelli E, Giardino E, Treppiedi D, Catalano R, Mangili F, Locatelli M, Lania AG, Arosio M, Spada A, Mantovani G.",Int J Cancer. 2018 May 1;142(9):1842-1852. doi: 10.1002/ijc.31205. Epub 2017 Dec 20.,Peverelli E,Int J Cancer,2018,2017-12-12 00:00:00,,,10.1002/ijc.31205
,29040517,"Filamin A mitral valve disease: prolapse, dystrophy, or dysplasia?","Thiene G, Basso C.",Eur Heart J. 2018 Apr 14;39(15):1278-1280. doi: 10.1093/eurheartj/ehx578.,Thiene G,Eur Heart J,2018,2017-10-18 00:00:00,,,10.1093/eurheartj/ehx578
,29020406,New insights into mitral valve dystrophy: a Filamin-A genotype-phenotype and outcome study,"Le Tourneau T, Le Scouarnec S, Cueff C, Bernstein D, Aalberts JJJ, Lecointe S, Mérot J, Bernstein JA, Oomen T, Dina C, Karakachoff M, Desal H, Al Habash O, Delling FN, Capoulade R, Suurmeijer AJH, Milan D, Norris RA, Markwald R, Aikawa E, Slaugenhaupt SA, Jeunemaitre X, Hagège A, Roussel JC, Trochu JN, Levine RA, Kyndt F, Probst V, Le Marec H, Schott JJ.",Eur Heart J. 2018 Apr 14;39(15):1269-1277. doi: 10.1093/eurheartj/ehx505.,Le Tourneau T,Eur Heart J,2018,2017-10-12 00:00:00,PMC5905589,,10.1093/eurheartj/ehx505
,29615775,"NMR Structure, Dynamics and Interactions of the Integrin β2 Cytoplasmic Tail with Filamin Domain IgFLNa21","Chatterjee D, Zhiping LL, Tan SM, Bhattacharjya S.",Sci Rep. 2018 Apr 3;8(1):5490. doi: 10.1038/s41598-018-23866-6.,Chatterjee D,Sci Rep,2018,2018-04-05 00:00:00,PMC5882645,,10.1038/s41598-018-23866-6
,29599325,Blocking the Cleavage of Filamin A by Calpain Inhibitor Decreases Tumor Cell Growth,"Salimi R, Bandaru S, Devarakonda S, Gökalp S, Ala C, Alvandian A, Yener N, Akyürek LM.",Anticancer Res. 2018 Apr;38(4):2079-2085. doi: 10.21873/anticanres.12447.,Salimi R,Anticancer Res,2018,2018-03-31 00:00:00,,,10.21873/anticanres.12447
,29480151,Potential biomarkers and targets in reversibility of pulmonary arterial hypertension secondary to congenital heart disease: an explorative study,"Huang L, Li L, Hu E, Chen G, Meng X, Xiong C, He J.",Pulm Circ. 2018 Apr-Jun;8(2):2045893218755987. doi: 10.1177/2045893218755987. Epub 2018 Feb 26.,Huang L,Pulm Circ,2018,2018-02-27 00:00:00,PMC5865461,,10.1177/2045893218755987
,29596499,Specific protein carbonylation in human breast cancer tissue compared to adjacent healthy epithelial tissue,"Aryal B, Rao VA.",PLoS One. 2018 Mar 29;13(3):e0194164. doi: 10.1371/journal.pone.0194164. eCollection 2018.,Aryal B,PLoS One,2018,2018-03-30 00:00:00,PMC5875748,,10.1371/journal.pone.0194164
,29615978,Genome-Wide Analyses Identify Filamin-A As a Novel Downstream Target for Insulin and IGF1 Action,"Aizen D, Pasmanik-Chor M, Sarfstein R, Laron Z, Bruchim I, Werner H.",Front Endocrinol (Lausanne). 2018 Mar 20;9:105. doi: 10.3389/fendo.2018.00105. eCollection 2018.,Aizen D,Front Endocrinol (Lausanne),2018,2018-04-05 00:00:00,PMC5870203,,10.3389/fendo.2018.00105
,29374072,Asb2α-Filamin A Axis Is Essential for Actin Cytoskeleton Remodeling During Heart Development,"Métais A, Lamsoul I, Melet A, Uttenweiler-Joseph S, Poincloux R, Stefanovic S, Valière A, Gonzalez de Peredo A, Stella A, Burlet-Schiltz O, Zaffran S, Lutz PG, Moog-Lutz C.",Circ Res. 2018 Mar 16;122(6):e34-e48. doi: 10.1161/CIRCRESAHA.117.312015. Epub 2018 Jan 26.,Métais A,Circ Res,2018,2018-01-28 00:00:00,,,10.1161/CIRCRESAHA.117.312015
,29593499,Mob2 Insufficiency Disrupts Neuronal Migration in the Developing Cortex,"O'Neill AC, Kyrousi C, Einsiedler M, Burtscher I, Drukker M, Markie DM, Kirk EP, Götz M, Robertson SP, Cappello S.",Front Cell Neurosci. 2018 Mar 12;12:57. doi: 10.3389/fncel.2018.00057. eCollection 2018.,O'Neill AC,Front Cell Neurosci,2018,2018-03-30 00:00:00,PMC5857600,,10.3389/fncel.2018.00057
,29334594,"Thoracic aortic aneurysm in patients with loss of function Filamin A mutations: Clinical characterization, genetics, and recommendations","Chen MH, Choudhury S, Hirata M, Khalsa S, Chang B, Walsh CA.",Am J Med Genet A. 2018 Feb;176(2):337-350. doi: 10.1002/ajmg.a.38580.,Chen MH,Am J Med Genet A,2018,2018-01-16 00:00:00,PMC7534149,NIHMS946882,10.1002/ajmg.a.38580
,29288417,"Filamin A (FLNA) regulates autophagy of bladder carcinoma cell and affects its proliferation, invasion and metastasis","Wang Z, Li C, Jiang M, Chen J, Yang M, Pu J.",Int Urol Nephrol. 2018 Feb;50(2):263-273. doi: 10.1007/s11255-017-1772-y. Epub 2017 Dec 29.,Wang Z,Int Urol Nephrol,2018,2017-12-31 00:00:00,,,10.1007/s11255-017-1772-y
,29284605,Filamin A Modulates Store-Operated Ca(2+) Entry by Regulating STIM1 (Stromal Interaction Molecule 1)-Orai1 Association in Human Platelets,"Lopez JJ, Albarrán L, Jardín I, Sanchez-Collado J, Redondo PC, Bermejo N, Bobe R, Smani T, Rosado JA.",Arterioscler Thromb Vasc Biol. 2018 Feb;38(2):386-397. doi: 10.1161/ATVBAHA.117.310139. Epub 2017 Dec 28.,Lopez JJ,Arterioscler Thromb Vasc Biol,2018,2017-12-30 00:00:00,,,10.1161/ATVBAHA.117.310139
,29272322,FLNa negatively regulated proliferation and metastasis in lung adenocarcinoma A549 cells via suppression of EGFR,"Zhang Y, Zhu T, Liu J, Liu J, Gao D, Su T, Zhao R.",Acta Biochim Biophys Sin (Shanghai). 2018 Feb 1;50(2):164-170. doi: 10.1093/abbs/gmx135.,Zhang Y,Acta Biochim Biophys Sin (Shanghai),2018,2017-12-23 00:00:00,,,10.1093/abbs/gmx135
,29251807,Proteomic diversity of high-density lipoprotein explains its association with clinical outcome in patients with heart failure,"Emmens JE, Jones DJL, Cao TH, Chan DCS, Romaine SPR, Quinn PA, Anker SD, Cleland JG, Dickstein K, Filippatos G, Hillege HL, Lang CC, Ponikowski P, Samani NJ, van Veldhuisen DJ, Zannad F, Zwinderman AH, Metra M, de Boer RA, Voors AA, Ng LL.",Eur J Heart Fail. 2018 Feb;20(2):260-267. doi: 10.1002/ejhf.1101. Epub 2017 Dec 18.,Emmens JE,Eur J Heart Fail,2018,2017-12-19 00:00:00,,,10.1002/ejhf.1101
,28727243,Filamin A expression predicts early recurrence of hepatocellular carcinoma after hepatectomy,"Donadon M, Di Tommaso L, Soldani C, Franceschini B, Terrone A, Mimmo A, Vitali E, Roncalli M, Lania A, Torzilli G.",Liver Int. 2018 Feb;38(2):303-311. doi: 10.1111/liv.13522. Epub 2017 Aug 20.,Donadon M,Liver Int,2018,2017-07-21 00:00:00,,,10.1111/liv.13522
,30064337,Organ-wide profiling in mouse reveals high editing levels of Filamin B mRNA in the musculoskeletal system,"Czermak P, Amman F, Jantsch MF, Cimatti L.",RNA Biol. 2018;15(7):877-885. doi: 10.1080/15476286.2018.1480252. Epub 2018 Jul 31.,Czermak P,RNA Biol,2018,2018-08-02 00:00:00,PMC6161736,,10.1080/15476286.2018.1480252
,29062687,Integrity of the corpus callosum in patients with periventricular nodular heterotopia related epilepsy by FLNA mutation,"Liu W, An D, Niu R, Gong Q, Zhou D.",Neuroimage Clin. 2017 Oct 13;17:109-114. doi: 10.1016/j.nicl.2017.10.002. eCollection 2018.,Liu W,Neuroimage Clin,2017,2017-10-25 00:00:00,PMC5647519,,10.1016/j.nicl.2017.10.002
,29024177,Differential regulation of two FLNA transcripts explains some of the phenotypic heterogeneity in the loss-of-function filaminopathies,"Jenkins ZA, Macharg A, Chang CY, van Kogelenberg M, Morgan T, Frentz S, Wei W, Pilch J, Hannibal M, Foulds N, McGillivray G, Leventer RJ, García-Miñaúr S, Sugito S, Nightingale S, Markie DM, Dudding T, Kapur RP, Robertson SP.",Hum Mutat. 2018 Jan;39(1):103-113. doi: 10.1002/humu.23355. Epub 2017 Nov 2.,Jenkins ZA,Hum Mutat,2018,2017-10-13 00:00:00,,,10.1002/humu.23355
,29240780,"FilaminA and Formin2 regulate skeletal, muscular, and intestinal formation through mesenchymal progenitor proliferation","Lian G, Kanaujia S, Wong T, Sheen V.",PLoS One. 2017 Dec 14;12(12):e0189285. doi: 10.1371/journal.pone.0189285. eCollection 2017.,Lian G,PLoS One,2017,2017-12-15 00:00:00,PMC5730144,,10.1371/journal.pone.0189285
,29234037,Dynamic regulation of TREK1 gating by Polycystin 2 via a Filamin A-mediated cytoskeletal Mechanism,"Li Fraine S, Patel A, Duprat F, Sharif-Naeini R.",Sci Rep. 2017 Dec 12;7(1):17403. doi: 10.1038/s41598-017-16540-w.,Li Fraine S,Sci Rep,2017,2017-12-14 00:00:00,PMC5727099,,10.1038/s41598-017-16540-w
,29285101,Proteomic changes of CD4(+)/CD25(+)/forkhead box p3(+) regulatory T cells in a 30-day rat model of sepsis survival,"Jiao Y, Tan S, Xiong J.",Exp Ther Med. 2017 Dec;14(6):5619-5628. doi: 10.3892/etm.2017.5233. Epub 2017 Sep 29.,Jiao Y,Exp Ther Med,2017,2017-12-30 00:00:00,PMC5740604,,10.3892/etm.2017.5233
,29237676,Familial Ebstein Anomaly: Whole Exome Sequencing Identifies Novel Phenotype Associated With FLNA,"Mercer CL, Andreoletti G, Carroll A, Salmon AP, Temple IK, Ennis S.",Circ Cardiovasc Genet. 2017 Dec;10(6):e001683. doi: 10.1161/CIRCGENETICS.116.001683.,Mercer CL,Circ Cardiovasc Genet,2017,2017-12-15 00:00:00,,,10.1161/CIRCGENETICS.116.001683
,28821634,Lipidomic and proteomic analysis of exosomes from mouse cortical collecting duct cells,"Dang VD, Jella KK, Ragheb RRT, Denslow ND, Alli AA.",FASEB J. 2017 Dec;31(12):5399-5408. doi: 10.1096/fj.201700417R. Epub 2017 Aug 16.,Dang VD,FASEB J,2017,2017-08-20 00:00:00,PMC5690384,,10.1096/fj.201700417R
,29190677,Cortical actin nodes: Their dynamics and recruitment of podosomal proteins as revealed by super-resolution and single-molecule microscopy,"Shirai YM, Tsunoyama TA, Hiramoto-Yamaki N, Hirosawa KM, Shibata ACE, Kondo K, Tsurumune A, Ishidate F, Kusumi A, Fujiwara TK.",PLoS One. 2017 Nov 30;12(11):e0188778. doi: 10.1371/journal.pone.0188778. eCollection 2017.,Shirai YM,PLoS One,2017,2017-12-01 00:00:00,PMC5708734,,
,28986439,"Filamin A Regulates Neutrophil Adhesion, Production of Reactive Oxygen Species, and Neutrophil Extracellular Trap Release","Uotila LM, Guenther C, Savinko T, Lehti TA, Fagerholm SC.",J Immunol. 2017 Nov 15;199(10):3644-3653. doi: 10.4049/jimmunol.1700087. Epub 2017 Oct 6.,Uotila LM,J Immunol,2017,2017-10-08 00:00:00,,,
,29044292,Investigation of the Filamin A-Dependent Mechanisms of Tissue Factor Incorporation into Microvesicles,"Collier MEW, Ettelaie C, Goult BT, Maraveyas A, Goodall AH.",Thromb Haemost. 2017 Nov;117(11):2034-2044. doi: 10.1160/TH17-01-0009. Epub 2017 Nov 30.,Collier MEW,Thromb Haemost,2017,2017-10-19 00:00:00,,,
,28973524,Liver cyst gene knockout in cholangiocytes inhibits cilium formation and Wnt signaling,"Wills ES, Te Morsche RHM, van Reeuwijk J, Horn N, Geomini I, van de Laarschot LFM, Mans DA, Ueffing M, Boldt K, Drenth JPH, Roepman R.",Hum Mol Genet. 2017 Nov 1;26(21):4190-4202. doi: 10.1093/hmg/ddx308.,Wills ES,Hum Mol Genet,2017,2017-10-04 00:00:00,,,
,28855378,ADP-ribosylation factor-like 4C binding to filamin-A modulates filopodium formation and cell migration,"Chiang TS, Wu HF, Lee FS.",Mol Biol Cell. 2017 Nov 1;28(22):3013-3028. doi: 10.1091/mbc.E17-01-0059. Epub 2017 Aug 30.,Chiang TS,Mol Biol Cell,2017,2017-09-01 00:00:00,PMC5662259,,
,28841465,Design of a nanocomposite substrate inducing adult stem cell assembly and progression toward an Epiblast-like or Primitive Endoderm-like phenotype via mechanotransduction,"Morena F, Armentano I, Montanucci P, Argentati C, Fortunati E, Montesano S, Bicchi I, Pescara T, Pennoni I, Mattioli S, Torre L, Latterini L, Emiliani C, Basta G, Calafiore R, Kenny JM, Martino S.",Biomaterials. 2017 Nov;144:211-229. doi: 10.1016/j.biomaterials.2017.08.015. Epub 2017 Aug 16.,Morena F,Biomaterials,2017,2017-08-26 00:00:00,,,
,29065889,Injury induced expression of caveolar proteins in human kidney tubules - role of megakaryoblastic leukemia 1,"Krawczyk KM, Hansson J, Nilsson H, Krawczyk KK, Swärd K, Johansson ME.",BMC Nephrol. 2017 Oct 24;18(1):320. doi: 10.1186/s12882-017-0738-8.,Krawczyk KM,BMC Nephrol,2017,2017-10-26 00:00:00,PMC5655893,,
,29052574,Filamin A Gene Associated Periventricular Nodular Heterotopia and Epilepsy in a Cohort of Chinese Patients,"Liu WY, Zhou D.",Chin Med J (Engl). 2017 Oct 20;130(20):2506-2507. doi: 10.4103/0366-6999.216397.,Liu WY,Chin Med J (Engl),2017,2017-10-21 00:00:00,PMC5684623,,
,28898549,Filamin A (FLNA) mutation-A newcomer to the childhood interstitial lung disease (ChILD) classification,"Shelmerdine SC, Semple T, Wallis C, Aurora P, Moledina S, Ashworth MT, Owens CM.",Pediatr Pulmonol. 2017 Oct;52(10):1306-1315. doi: 10.1002/ppul.23695. Epub 2017 Sep 12.,Shelmerdine SC,Pediatr Pulmonol,2017,2017-09-13 00:00:00,,,
,28778796,Filamin A upregulation correlates with Snail-induced epithelial to mesenchymal transition (EMT) and cell adhesion but its inhibition increases the migration of colon adenocarcinoma HT29 cells,"Wieczorek K, Wiktorska M, Sacewicz-Hofman I, Boncela J, Lewiński A, Kowalska MA, Niewiarowska J.",Exp Cell Res. 2017 Oct 1;359(1):163-170. doi: 10.1016/j.yexcr.2017.07.035. Epub 2017 Aug 1.,Wieczorek K,Exp Cell Res,2017,2017-08-06 00:00:00,,,
,29100390,FLNA is implicated in pulmonary neuroendocrine tumors aggressiveness and progression,"Vitali E, Boemi I, Rosso L, Cambiaghi V, Novellis P, Mantovani G, Spada A, Alloisio M, Veronesi G, Ferrero S, Lania AG.",Oncotarget. 2017 Aug 24;8(44):77330-77340. doi: 10.18632/oncotarget.20473. eCollection 2017 Sep 29.,Vitali E,Oncotarget,2017,2017-11-05 00:00:00,PMC5652783,,
,29100323,Enhanced antitumor effect of biodegradable cationic heparin-polyethyleneimine nanogels delivering FILIP1LΔC103 gene combined with low-dose cisplatin on ovarian cancer,"Xie C, Gou M, Yi T, Qi X, Liu P, Wei Y, Zhao X.",Oncotarget. 2017 Jul 22;8(44):76432-76442. doi: 10.18632/oncotarget.19464. eCollection 2017 Sep 29.,Xie C,Oncotarget,2017,2017-11-05 00:00:00,PMC5652717,,
,28595776,Filamin A promotes efficient migration and phagocytosis of neutrophil-like HL-60 cells,"Roth H, Samereier M, Begandt D, Pick R, Salvermoser M, Brechtefeld D, Schleicher M, Walzog B, Müller-Taubenberger A.",Eur J Cell Biol. 2017 Sep;96(6):553-566. doi: 10.1016/j.ejcb.2017.05.004. Epub 2017 May 27.,Roth H,Eur J Cell Biol,2017,2017-06-10 00:00:00,,,
,28650341,Two rheumatoid arthritis-specific autoantigens correlate microbial immunity with autoimmune responses in joints,"Pianta A, Arvikar SL, Strle K, Drouin EE, Wang Q, Costello CE, Steere AC.",J Clin Invest. 2017 Aug 1;127(8):2946-2956. doi: 10.1172/JCI93450. Epub 2017 Jun 26.,Pianta A,J Clin Invest,2017,2017-06-27 00:00:00,PMC5531397,,
,28487281,Filamin A is required for spindle migration and asymmetric division in mouse oocytes,"Wang H, Guo J, Lin Z, Namgoong S, Oh JS, Kim NH.",FASEB J. 2017 Aug;31(8):3677-3688. doi: 10.1096/fj.201700056R. Epub 2017 May 9.,Wang H,FASEB J,2017,2017-05-11 00:00:00,,,
,28785264,Epithelial Sodium Channel-α Mediates the Protective Effect of the TNF-Derived TIP Peptide in Pneumolysin-Induced Endothelial Barrier Dysfunction,"Czikora I, Alli AA, Sridhar S, Matthay MA, Pillich H, Hudel M, Berisha B, Gorshkov B, Romero MJ, Gonzales J, Wu G, Huo Y, Su Y, Verin AD, Fulton D, Chakraborty T, Eaton DC, Lucas R.",Front Immunol. 2017 Jul 21;8:842. doi: 10.3389/fimmu.2017.00842. eCollection 2017.,Czikora I,Front Immunol,2017,2017-08-09 00:00:00,PMC5519615,,
,29057305,PERK and filamin A in actin cytoskeleton remodeling at ER-plasma membrane contact sites,"van Vliet AR, Agostinis P.",Mol Cell Oncol. 2017 Jul 13;4(5):e1340105. doi: 10.1080/23723556.2017.1340105. eCollection 2017.,van Vliet AR,Mol Cell Oncol,2017,2017-10-24 00:00:00,PMC5644482,,
,28697756,Proteomic characterization of paired non-malignant and malignant African-American prostate epithelial cell lines distinguishes them by structural proteins,"Myers JS, Vallega KA, White J, Yu K, Yates CC, Sang QA.",BMC Cancer. 2017 Jul 11;17(1):480. doi: 10.1186/s12885-017-3462-7.,Myers JS,BMC Cancer,2017,2017-07-13 00:00:00,PMC5504803,,
,28660794,Left main coronary artery compression by a dilated main pulmonary artery and left coronary sinus of Valsalva aneurysm in a patient with heritable pulmonary arterial hypertension and FLNA mutation,"Hirashiki A, Adachi S, Nakano Y, Kamimura Y, Ogo T, Nakanishi N, Morisaki T, Morisaki H, Shimizu A, Toba K, Murohara T, Kondo T.",Pulm Circ. 2017 Jul-Sep;7(3):734-740. doi: 10.1177/2045893217716107. Epub 2017 Jun 29.,Hirashiki A,Pulm Circ,2017,2017-06-30 00:00:00,PMC5841897,,
,28457011,Diagnosis of inherited platelet disorders on a blood smear: a tool to facilitate worldwide diagnosis of platelet disorders,"Greinacher A, Pecci A, Kunishima S, Althaus K, Nurden P, Balduini CL, Bakchoul T.",J Thromb Haemost. 2017 Jul;15(7):1511-1521. doi: 10.1111/jth.13729. Epub 2017 Jun 4.,Greinacher A,J Thromb Haemost,2017,2017-05-01 00:00:00,,,
,28438486,PTI-125 binds and reverses an altered conformation of filamin A to reduce Alzheimer's disease pathogenesis,"Wang HY, Lee KC, Pei Z, Khan A, Bakshi K, Burns LH.",Neurobiol Aging. 2017 Jul;55:99-114. doi: 10.1016/j.neurobiolaging.2017.03.016. Epub 2017 Mar 31.,Wang HY,Neurobiol Aging,2017,2017-04-26 00:00:00,,,
,28436273,Proteome analysis of sheep B lymphocytes in the course of bovine leukemia virus-induced leukemia,Reichert M.,Exp Biol Med (Maywood). 2017 Jul;242(13):1363-1375. doi: 10.1177/1535370217705864. Epub 2017 Apr 24.,Reichert M,Exp Biol Med (Maywood),2017,2017-04-25 00:00:00,PMC5529001,,
,28411558,"Sporadic periventricular nodular heterotopia: Classification, phenotype and correlation with Filamin A mutations","Liu W, Yan B, An D, Xiao J, Hu F, Zhou D.",Epilepsy Res. 2017 Jul;133:33-40. doi: 10.1016/j.eplepsyres.2017.03.005. Epub 2017 Apr 4.,Liu W,Epilepsy Res,2017,2017-04-16 00:00:00,,,
,28592659,Mitochondrial DNA 3243A>G heteroplasmy is associated with changes in cytoskeletal protein expression and cell mechanics,"Kandel J, Picard M, Wallace DC, Eckmann DM.",J R Soc Interface. 2017 Jun;14(131):20170071. doi: 10.1098/rsif.2017.0071.,Kandel J,J R Soc Interface,2017,2017-06-09 00:00:00,PMC5493791,,
,28432720,Androgen receptor dysfunction as a prevalent manifestation in young male carriers of a FLNA gene mutation,"Carrera-García L, Rivas-Crespo MF, Fernández García MS.",Am J Med Genet A. 2017 Jun;173(6):1710-1713. doi: 10.1002/ajmg.a.38230. Epub 2017 Apr 21.,Carrera-García L,Am J Med Genet A,2017,2017-04-23 00:00:00,,,
,28428218,Gain-of-Function Mutation in Filamin A Potentiates Platelet Integrin α(IIb)β(3) Activation,"Berrou E, Adam F, Lebret M, Planche V, Fergelot P, Issertial O, Coupry I, Bordet JC, Nurden P, Bonneau D, Colin E, Goizet C, Rosa JP, Bryckaert M.",Arterioscler Thromb Vasc Biol. 2017 Jun;37(6):1087-1097. doi: 10.1161/ATVBAHA.117.309337. Epub 2017 Apr 20.,Berrou E,Arterioscler Thromb Vasc Biol,2017,2017-04-22 00:00:00,,,
,28348077,Structural and thermodynamic basis of a frontometaphyseal dysplasia mutation in filamin A,"Ithychanda SS, Dou K, Robertson SP, Qin J.",J Biol Chem. 2017 May 19;292(20):8390-8400. doi: 10.1074/jbc.M117.776740. Epub 2017 Mar 27.,Ithychanda SS,J Biol Chem,2017,2017-03-29 00:00:00,PMC5437244,,
,28232487,Fatty acid synthase inhibits the O-GlcNAcase during oxidative stress,"Groves JA, Maduka AO, O'Meally RN, Cole RN, Zachara NE.",J Biol Chem. 2017 Apr 21;292(16):6493-6511. doi: 10.1074/jbc.M116.760785. Epub 2017 Feb 23.,Groves JA,J Biol Chem,2017,2017-02-25 00:00:00,PMC5399103,,
,28420501,Bioinformatics analysis of gene expression profiles in B cells of postmenopausal osteoporosis patients,"Ma M, Luo S, Zhou W, Lu L, Cai J, Yuan F, Yin F.",Taiwan J Obstet Gynecol. 2017 Apr;56(2):165-170. doi: 10.1016/j.tjog.2016.04.038.,Ma M,Taiwan J Obstet Gynecol,2017,2017-04-20 00:00:00,,,
,28031322,"Extranuclear partners of androgen receptor: at the crossroads of proliferation, migration, and neuritogenesis","Castoria G, Auricchio F, Migliaccio A.",FASEB J. 2017 Apr;31(4):1289-1300. doi: 10.1096/fj.201601047R. Epub 2016 Dec 28.,Castoria G,FASEB J,2017,2016-12-30 00:00:00,,,
,27779751,"Distinct subcellular mechanisms for the enhancement of the surface membrane expression of SK2 channel by its interacting proteins, α-actinin2 and filamin A","Zhang Z, Ledford HA, Park S, Wang W, Rafizadeh S, Kim HJ, Xu W, Lu L, Lau VC, Knowlton AA, Zhang XD, Yamoah EN, Chiamvimonvat N.",J Physiol. 2017 Apr 1;595(7):2271-2284. doi: 10.1113/JP272942. Epub 2016 Dec 7.,Zhang Z,J Physiol,2017,2016-10-26 00:00:00,PMC5374114,,
,28137667,Identification of novel autoantigens via mass spectroscopy-based antibody-mediated identification of autoantigens (MS-AMIDA) using immune thrombocytopenic purpura (ITP) as a model disease,"Kamhieh-Milz J, Sterzer V, Celik H, Khorramshahi O, Fadl Hassan Moftah R, Salama A.",J Proteomics. 2017 Mar 22;157:59-70. doi: 10.1016/j.jprot.2017.01.012. Epub 2017 Jan 27.,Kamhieh-Milz J,J Proteomics,2017,2017-02-01 00:00:00,,,
,28238652,The ER Stress Sensor PERK Coordinates ER-Plasma Membrane Contact Site Formation through Interaction with Filamin-A and F-Actin Remodeling,"van Vliet AR, Giordano F, Gerlo S, Segura I, Van Eygen S, Molenberghs G, Rocha S, Houcine A, Derua R, Verfaillie T, Vangindertael J, De Keersmaecker H, Waelkens E, Tavernier J, Hofkens J, Annaert W, Carmeliet P, Samali A, Mizuno H, Agostinis P.",Mol Cell. 2017 Mar 2;65(5):885-899.e6. doi: 10.1016/j.molcel.2017.01.020. Epub 2017 Feb 23.,van Vliet AR,Mol Cell,2017,2017-02-28 00:00:00,,,
,28344825,Identification of Filamin-A and -B as potential biomarkers for prostate cancer,"Narain NR, Diers AR, Lee A, Lao S, Chan JY, Schofield S, Andreazi J, Ouro-Djobo R, Jimenez JJ, Friss T, Tanna N, Dalvi A, Wang S, Bunch D, Sun Y, Wu W, Thapa K, Gesta S, Rodrigues LO, Akmaev VR, Vishnudas VK, Sarangarajan R.",Future Sci OA. 2016 Dec 22;3(1):FSO161. doi: 10.4155/fsoa-2016-0065. eCollection 2017 Mar.,Narain NR,Future Sci OA,2016,2017-03-28 00:00:00,PMC5351499,,
,28257035,"RNase L Suppresses Androgen Receptor Signaling, Cell Migration and Matrix Metalloproteinase Activity in Prostate Cancer Cells","Dayal S, Zhou J, Manivannan P, Siddiqui MA, Ahmad OF, Clark M, Awadia S, Garcia-Mata R, Shemshedini L, Malathi K.",Int J Mol Sci. 2017 Mar 1;18(3):529. doi: 10.3390/ijms18030529.,Dayal S,Int J Mol Sci,2017,2017-03-04 00:00:00,PMC5372545,,
,27863071,The putative involvement of actin-binding proteins and cytoskeleton proteins in pathological mechanisms of ketamine cystitis-Revealed by a prospective pilot study using proteomic approaches,"Yang HH, Zhai WJ, Kuo HC.",Proteomics Clin Appl. 2017 Mar;11(3-4). doi: 10.1002/prca.201600085. Epub 2016 Dec 21.,Yang HH,Proteomics Clin Appl,2017,2016-11-19 00:00:00,,,
,28234934,Subcellular distribution of non-muscle myosin IIb is controlled by FILIP through Hsc70,"Yagi H, Takabayashi T, Xie MJ, Kuroda K, Sato M.",PLoS One. 2017 Feb 24;12(2):e0172257. doi: 10.1371/journal.pone.0172257. eCollection 2017.,Yagi H,PLoS One,2017,2017-02-25 00:00:00,PMC5325215,,
,28231263,Uniformity under in vitro conditions: Changes in the phenotype of cancer cell lines derived from different medulloblastoma subgroups,"Chlapek P, Zitterbart K, Kren L, Filipova L, Sterba J, Veselska R.",PLoS One. 2017 Feb 23;12(2):e0172552. doi: 10.1371/journal.pone.0172552. eCollection 2017.,Chlapek P,PLoS One,2017,2017-02-24 00:00:00,PMC5322931,,
,27899394,Stress-Activated Kinase Mitogen-Activated Kinase Kinase-7 Governs Epigenetics of Cardiac Repolarization for Arrhythmia Prevention,"Chowdhury SK, Liu W, Zi M, Li Y, Wang S, Tsui H, Prehar S, Castro S, Zhang H, Ji Y, Zhang X, Xiao R, Zhang R, Lei M, Cyganek L, Guan K, Millar CB, Liao X, Jain MK, Boyett MR, Cartwright EJ, Shiels HA, Wang X.",Circulation. 2017 Feb 14;135(7):683-699. doi: 10.1161/CIRCULATIONAHA.116.022941. Epub 2016 Nov 29.,Chowdhury SK,Circulation,2017,2016-12-01 00:00:00,,,
,28176162,Somatostatin receptor ligands in the treatment of acromegaly,"Gadelha MR, Wildemberg LE, Bronstein MD, Gatto F, Ferone D.",Pituitary. 2017 Feb;20(1):100-108. doi: 10.1007/s11102-017-0791-0.,Gadelha MR,Pituitary,2017,2017-02-09 00:00:00,,,
,27872158,Filamin A is reduced and contributes to the CASR sensitivity in human parathyroid tumors,"Mingione A, Verdelli C, Ferrero S, Vaira V, Guarnieri V, Scillitani A, Vicentini L, Balza G, Beretta E, Terranegra A, Vezzoli G, Soldati L, Corbetta S.",J Mol Endocrinol. 2017 Feb;58(2):91-103. doi: 10.1530/JME-16-0184. Epub 2016 Nov 21.,Mingione A,J Mol Endocrinol,2017,2016-11-23 00:00:00,,,
,27206800,Signaling regulation and role of filamin A cleavage in Ca2+-stimulated migration of androgen receptor-deficient prostate cancer cells,"Huang C, Miller RT, Freter CE.",Oncotarget. 2017 Jan 17;8(3):3840-3853. doi: 10.18632/oncotarget.9472.,Huang C,Oncotarget,2017,2016-05-22 00:00:00,PMC5354799,,
,27909248,Phosphorylation of filamin A regulates chemokine receptor CCR2 recycling,"Pons M, Izquierdo I, Andreu-Carbó M, Garrido G, Planagumà J, Muriel O, Del Pozo MA, Geli MI, Aragay AM.",J Cell Sci. 2017 Jan 15;130(2):490-501. doi: 10.1242/jcs.193821. Epub 2016 Dec 1.,Pons M,J Cell Sci,2017,2016-12-03 00:00:00,,,
,34295950,Altered filamin A enables amyloid beta-induced tau hyperphosphorylation and neuroinflammation in Alzheimer's disease,"Burns LH, Wang HY.",Neuroimmunol Neuroinflamm. 2017;4(12):263-271. doi: 10.20517/2347-8659.2017.50. Epub 2017 Dec 8.,Burns LH,Neuroimmunol Neuroinflamm,2017,2021-07-23 00:00:00,PMC8294116,,
,29682400,"Clinical Validation of a Serum Protein Panel (FLNA, FLNB and KRT19) for Diagnosis of Prostate Cancer","Ravipaty S, Wu W, Dalvi A, Tanna N, Andreazi J, Friss T, Klotz A, Liao C, Garren J, Schofield S, Diamandis EP, Klein EA, Dobi A, Srivastava S, Tekumalla P, Kiebish MA, Vishnudas V, Sarangarajan RP, Narain NR, Akmaev VR.",J Mol Biomark Diagn. 2017;8(2):323. doi: 10.4172/2155-9929.1000323. Epub 2017 Feb 8.,Ravipaty S,J Mol Biomark Diagn,2017,2018-04-24 00:00:00,PMC5909981,,
,29052140,Prion Protein Family Contributes to Tumorigenesis via Multiple Pathways,"Yang X, Cheng Z, Zhang L, Wu G, Shi R, Gao Z, Li C.",Adv Exp Med Biol. 2017;1018:207-224. doi: 10.1007/978-981-10-5765-6_13.,Yang X,Adv Exp Med Biol,2017,2017-10-21 00:00:00,,,
,27773611,Involvement of caveolin-1 in low shear stress-induced breast cancer cell motility and adhesion: Roles of FAK/Src and ROCK/p-MLC pathways,"Xiong N, Li S, Tang K, Bai H, Peng Y, Yang H, Wu C, Liu Y.",Biochim Biophys Acta Mol Cell Res. 2017 Jan;1864(1):12-22. doi: 10.1016/j.bbamcr.2016.10.013. Epub 2016 Oct 20.,Xiong N,Biochim Biophys Acta Mol Cell Res,2017,2016-11-07 00:00:00,,,
,27739212,Ehlers-Danlos syndrome with lethal cardiac valvular dystrophy in males carrying a novel splice mutation in FLNA,"Ritelli M, Morlino S, Giacopuzzi E, Carini G, Cinquina V, Chiarelli N, Majore S, Colombi M, Castori M.",Am J Med Genet A. 2017 Jan;173(1):169-176. doi: 10.1002/ajmg.a.38004. Epub 2016 Oct 14.,Ritelli M,Am J Med Genet A,2017,2016-10-15 00:00:00,,,
,27911816,Rapid emergence and mechanisms of resistance by U87 glioblastoma cells to doxorubicin in an in vitro tumor microfluidic ecology,"Han J, Jun Y, Kim SH, Hoang HH, Jung Y, Kim S, Kim J, Austin RH, Lee S, Park S.",Proc Natl Acad Sci U S A. 2016 Dec 13;113(50):14283-14288. doi: 10.1073/pnas.1614898113. Epub 2016 Nov 22.,Han J,Proc Natl Acad Sci U S A,2016,2016-12-03 00:00:00,PMC5167174,,
,27914199,"Filamin, a synaptic organizer in Drosophila, determines glutamate receptor composition and membrane growth","Lee G, Schwarz TL.",Elife. 2016 Dec 3;5:e19991. doi: 10.7554/eLife.19991.,Lee G,Elife,2016,2016-12-04 00:00:00,PMC5173320,,
,27789627,Filamin A- and formin 2-dependent endocytosis regulates proliferation via the canonical Wnt pathway,"Lian G, Dettenhofer M, Lu J, Downing M, Chenn A, Wong T, Sheen V.",Development. 2016 Dec 1;143(23):4509-4520. doi: 10.1242/dev.139295. Epub 2016 Oct 27.,Lian G,Development,2016,2016-11-02 00:00:00,PMC5201043,,
,27779699,Differential expression of filamin B splice variants in giant cell tumor cells,"Tsui JC, Lau CP, Cheung AC, Wong KC, Huang L, Tsui SK, Kumta SM.",Oncol Rep. 2016 Dec;36(6):3181-3187. doi: 10.3892/or.2016.5197. Epub 2016 Oct 24.,Tsui JC,Oncol Rep,2016,2016-10-26 00:00:00,PMC5112600,,
,27829215,RSK2 activity mediates glioblastoma invasiveness and is a potential target for new therapeutics,"Sulzmaier FJ, Young-Robbins S, Jiang P, Geerts D, Prechtl AM, Matter ML, Kesari S, Ramos JW.",Oncotarget. 2016 Nov 29;7(48):79869-79884. doi: 10.18632/oncotarget.13084.,Sulzmaier FJ,Oncotarget,2016,2016-11-10 00:00:00,PMC5346757,,
,27738102,Cytoskeletal Filamin A Differentially Modulates RNA Polymerase III Gene Transcription in Transformed Cell Lines,"Wang J, Zhao S, Wei Y, Zhou Y, Shore P, Deng W.",J Biol Chem. 2016 Nov 25;291(48):25239-25246. doi: 10.1074/jbc.M116.735886. Epub 2016 Oct 13.,Wang J,J Biol Chem,2016,2016-10-15 00:00:00,PMC5122789,,
,27776341,"Reduced expression of FILIP1L, a novel WNT pathway inhibitor, is associated with poor survival, progression and chemoresistance in ovarian cancer","Kwon M, Kim JH, Rybak Y, Luna A, Choi CH, Chung JY, Hewitt SM, Adem A, Tubridy E, Lin J, Libutti SK.",Oncotarget. 2016 Nov 22;7(47):77052-77070. doi: 10.18632/oncotarget.12784.,Kwon M,Oncotarget,2016,2016-10-25 00:00:00,PMC5340232,,
,27713116,"Prostate-specific membrane antigen (PSMA) assembles a macromolecular complex regulating growth and survival of prostate cancer cells ""in vitro"" and correlating with progression ""in vivo""","Perico ME, Grasso S, Brunelli M, Martignoni G, Munari E, Moiso E, Fracasso G, Cestari T, Naim HY, Bronte V, Colombatti M, Ramarli D.",Oncotarget. 2016 Nov 8;7(45):74189-74202. doi: 10.18632/oncotarget.12404.,Perico ME,Oncotarget,2016,2016-10-08 00:00:00,PMC5342045,,
,27750216,Filamin A interacting protein 1-like expression inhibits progression in colorectal cancer,"Park YL, Park SY, Lee SH, Kim RB, Kim JK, Rew SY, Myung DS, Cho SB, Lee WS, Kim HS, Joo YE.",Oncotarget. 2016 Nov 1;7(44):72229-72241. doi: 10.18632/oncotarget.12664.,Park YL,Oncotarget,2016,2016-10-18 00:00:00,PMC5342157,,
,27639164,Cellular Prion Protein Mediates Pancreatic Cancer Cell Survival and Invasion through Association with and Enhanced Signaling of Notch1,"Wang Y, Yu S, Huang D, Cui M, Hu H, Zhang L, Wang W, Parameswaran N, Jackson M, Osborne B, Bedogni B, Li C, Sy MS, Xin W, Zhou L.",Am J Pathol. 2016 Nov;186(11):2945-2956. doi: 10.1016/j.ajpath.2016.07.010. Epub 2016 Sep 14.,Wang Y,Am J Pathol,2016,2016-09-18 00:00:00,PMC6667968,,
,27191914,Hyaline protoplasmic astrocytopathy with associated focal cortical dysplasia and hippocampal sclerosis,Prayson RA.,Clin Neuropathol. 2016 Nov/Dec;35(6):381-384. doi: 10.5414/NP300950.,Prayson RA,Clin Neuropathol,2016,2016-05-19 00:00:00,,,
,26061098,Terminal osseous dysplasia with pigmentary defects; Case and brief review of filamin A-related disorders,"Bhabha FK, Walsh M, Orchard D, Savarirayan R.",Australas J Dermatol. 2016 Nov;57(4):312-315. doi: 10.1111/ajd.12367. Epub 2015 Jun 9.,Bhabha FK,Australas J Dermatol,2016,2015-06-11 00:00:00,,,
,27391408,SQSTM1/p62 mediates crosstalk between autophagy and the UPS in DNA repair,"Hewitt G, Carroll B, Sarallah R, Correia-Melo C, Ogrodnik M, Nelson G, Otten EG, Manni D, Antrobus R, Morgan BA, von Zglinicki T, Jurk D, Seluanov A, Gorbunova V, Johansen T, Passos JF, Korolchuk VI.",Autophagy. 2016 Oct 2;12(10):1917-1930. doi: 10.1080/15548627.2016.1210368. Epub 2016 Jul 8.,Hewitt G,Autophagy,2016,2016-07-09 00:00:00,PMC5391493,,
,27699008,Comparison of gene expression profiles in aortic dissection and normal human aortic tissues,"Zhang L, Yu C, Chang Q, Luo X, Qiu J, Liu S.",Biomed Rep. 2016 Oct;5(4):421-427. doi: 10.3892/br.2016.740. Epub 2016 Aug 9.,Zhang L,Biomed Rep,2016,2016-10-05 00:00:00,PMC5038499,,
,27698798,Celecoxib exhibits an anti-gastric cancer effect by targeting focal adhesion and leukocyte transendothelial migration-associated genes,"Jin GH, Xu W, Shi Y, Wang LB.",Oncol Lett. 2016 Oct;12(4):2345-2350. doi: 10.3892/ol.2016.4976. Epub 2016 Aug 8.,Jin GH,Oncol Lett,2016,2016-10-05 00:00:00,PMC5038604,,
,27407006,Filamin A regulates the organization and remodeling of the pericellular collagen matrix,"Mezawa M, Pinto VI, Kazembe MP, Lee WS, McCulloch CA.",FASEB J. 2016 Oct;30(10):3613-3627. doi: 10.1096/fj.201600354RR. Epub 2016 Jul 12.,Mezawa M,FASEB J,2016,2016-07-14 00:00:00,,,
,27144976,Juvenile muscular atrophy of the distal upper extremities associated with x-linked periventricular heterotopia with features of Ehlers-Danlos syndrome,"Hommel AL, Jewett T, Mortenson M, Caress JB.",Muscle Nerve. 2016 Oct;54(4):794-7. doi: 10.1002/mus.25175. Epub 2016 May 27.,Hommel AL,Muscle Nerve,2016,2016-05-05 00:00:00,,,
,27510034,Phosphatidic Acid Produced by RalA-activated PLD2 Stimulates Caveolae-mediated Endocytosis and Trafficking in Endothelial Cells,"Jiang Y, Sverdlov MS, Toth PT, Huang LS, Du G, Liu Y, Natarajan V, Minshall RD.",J Biol Chem. 2016 Sep 23;291(39):20729-38. doi: 10.1074/jbc.M116.752485. Epub 2016 Aug 10.,Jiang Y,J Biol Chem,2016,2016-08-12 00:00:00,PMC5034062,,
,27625105,A Novel Mutation of Filamin A Gene in a Chinese Family with Periventricular Nodular Heterotopia,"Zhou WD, Liu CH, Yin XM, Zeng QY.",Chin Med J (Engl). 2016 Sep 20;129(18):2262-3. doi: 10.4103/0366-6999.189902.,Zhou WD,Chin Med J (Engl),2016,2016-09-15 00:00:00,PMC5022354,,
,27559755,Mechanosensing Controlled Directly by Tyrosine Kinases,"Yang B, Lieu ZZ, Wolfenson H, Hameed FM, Bershadsky AD, Sheetz MP.",Nano Lett. 2016 Sep 14;16(9):5951-61. doi: 10.1021/acs.nanolett.6b02995. Epub 2016 Aug 25.,Yang B,Nano Lett,2016,2016-08-26 00:00:00,PMC5330949,,
,27614019,DPP9 is a novel component of the N-end rule pathway targeting the tyrosine kinase Syk,"Justa-Schuch D, Silva-Garcia M, Pilla E, Engelke M, Kilisch M, Lenz C, Möller U, Nakamura F, Urlaub H, Geiss-Friedlander R.",Elife. 2016 Sep 10;5:e16370. doi: 10.7554/eLife.16370.,Justa-Schuch D,Elife,2016,2016-09-11 00:00:00,PMC5039030,,
,27522265,The P2Y2 receptor mediates uptake of matrix-retained and aggregated low density lipoprotein in primary vascular smooth muscle cells,"Dissmore T, Seye CI, Medeiros DM, Weisman GA, Bradford B, Mamedova L.",Atherosclerosis. 2016 Sep;252:128-135. doi: 10.1016/j.atherosclerosis.2016.07.927. Epub 2016 Jul 29.,Dissmore T,Atherosclerosis,2016,2016-08-15 00:00:00,PMC5060008,,
,27004951,Longitudinal Echocardiographic Evaluation of an Unusual Presentation of X-Linked Myxomatous Valvular Dystrophy Caused by Filamin A Mutation,"Ma PH, Sachdeva R, Wilson EC, Guzzetta NA.",Semin Cardiothorac Vasc Anesth. 2016 Sep;20(3):240-5. doi: 10.1177/1089253216640088. Epub 2016 Mar 22.,Ma PH,Semin Cardiothorac Vasc Anesth,2016,2016-03-24 00:00:00,,,
,27345385,Tsc1 haploinsufficiency is sufficient to increase dendritic patterning and Filamin A levels,"Zhang L, Huang T, Bordey A.",Neurosci Lett. 2016 Aug 26;629:15-18. doi: 10.1016/j.neulet.2016.06.037. Epub 2016 Jun 21.,Zhang L,Neurosci Lett,2016,2016-06-28 00:00:00,PMC4983256,,
,27565344,Cell-Type-Specific Alternative Splicing Governs Cell Fate in the Developing Cerebral Cortex,"Zhang X, Chen MH, Wu X, Kodani A, Fan J, Doan R, Ozawa M, Ma J, Yoshida N, Reiter JF, Black DL, Kharchenko PV, Sharp PA, Walsh CA.",Cell. 2016 Aug 25;166(5):1147-1162.e15. doi: 10.1016/j.cell.2016.07.025.,Zhang X,Cell,2016,2016-08-28 00:00:00,PMC5248659,,
,27508443,Glycoprotein Ib-IX-V Complex Transmits Cytoskeletal Forces That Enhance Platelet Adhesion,"Feghhi S, Munday AD, Tooley WW, Rajsekar S, Fura AM, Kulman JD, López JA, Sniadecki NJ.",Biophys J. 2016 Aug 9;111(3):601-608. doi: 10.1016/j.bpj.2016.06.023.,Feghhi S,Biophys J,2016,2016-08-11 00:00:00,PMC4982925,,
,27322910,Discovery of Manassantin A Protein Targets Using Large-Scale Protein Folding and Stability Measurements,"Geer Wallace MA, Kwon DY, Weitzel DH, Lee CT, Stephenson TN, Chi JT, Mook RA Jr, Dewhirst MW, Hong J, Fitzgerald MC.",J Proteome Res. 2016 Aug 5;15(8):2688-96. doi: 10.1021/acs.jproteome.6b00237. Epub 2016 Jul 8.,Geer Wallace MA,J Proteome Res,2016,2016-06-21 00:00:00,PMC5270646,,
,27246739,The SHIP2 interactor Myo1c is required for cell migration in 1321 N1 glioblastoma cells,"Edimo WE, Ramos AR, Ghosh S, Vanderwinden JM, Erneux C.",Biochem Biophys Res Commun. 2016 Aug 5;476(4):508-514. doi: 10.1016/j.bbrc.2016.05.154. Epub 2016 May 28.,Edimo WE,Biochem Biophys Res Commun,2016,2016-06-02 00:00:00,,,
,27485544,Quantitative proteomic analysis for novel biomarkers of buccal squamous cell carcinoma arising in background of oral submucous fibrosis,"Liu W, Zeng L, Li N, Wang F, Jiang C, Guo F, Chen X, Su T, Xu C, Zhang S, Fang C.",BMC Cancer. 2016 Aug 2;16:584. doi: 10.1186/s12885-016-2650-1.,Liu W,BMC Cancer,2016,2016-08-04 00:00:00,PMC4971621,,
,27193221,Otopalatodigital spectrum disorders: refinement of the phenotypic and mutational spectrum,"Moutton S, Fergelot P, Naudion S, Cordier MP, Solé G, Guerineau E, Hubert C, Rooryck C, Vuillaume ML, Houcinat N, Deforges J, Bouron J, Devès S, Le Merrer M, David A, Geneviève D, Giuliano F, Journel H, Megarbane A, Faivre L, Chassaing N, Francannet C, Sarrazin E, Stattin EL, Vigneron J, Leclair D, Abadie C, Sarda P, Baumann C, Delrue MA, Arveiler B, Lacombe D, Goizet C, Coupry I.",J Hum Genet. 2016 Aug;61(8):693-9. doi: 10.1038/jhg.2016.37. Epub 2016 May 19.,Moutton S,J Hum Genet,2016,2016-05-20 00:00:00,,,
,27188791,RalA employs GRK2 and β-arrestins for the filamin A-mediated regulation of trafficking and signaling of dopamine D2 and D3 receptor,"Zheng M, Zhang X, Sun N, Min C, Zhang X, Kim KM.",Biochim Biophys Acta. 2016 Aug;1863(8):2072-83. doi: 10.1016/j.bbamcr.2016.05.010. Epub 2016 May 14.,Zheng M,Biochim Biophys Acta,2016,2016-05-19 00:00:00,,,
,27023351,Smooth muscle filamin A is a major determinant of conduit artery structure and function at the adult stage,"Retailleau K, Arhatte M, Demolombe S, Jodar M, Baudrie V, Offermanns S, Feng Y, Patel A, Honoré E, Duprat F.",Pflugers Arch. 2016 Jul;468(7):1151-1160. doi: 10.1007/s00424-016-1813-x. Epub 2016 Mar 29.,Retailleau K,Pflugers Arch,2016,2016-03-30 00:00:00,,,
,29787121,Congenital Heart Disease: In Search of Remedial Etiologies,"Markwald RR, Ghatak S, Misra S, Moreno-Rodríguez RA, Sugi Y, Norris RA.","2016 Jun 25. In: Nakanishi T, Markwald RR, Baldwin HS, Keller BB, Srivastava D, Yamagishi H, editors. Etiology and Morphogenesis of Congenital Heart Disease: From Gene Function and Cellular Interaction to Morphology [Internet]. Tokyo: Springer; 2016. Chapter 5.",Markwald RR,Etiology and Morphogenesis of Congenital Heart Disease: From Gene Function and Cellular Interaction to Morphology,2016,2016-06-25 00:00:00,,,
,27059097,Mammalian target of rapamycin (mTOR) complex 2 regulates filamin A-dependent focal adhesion dynamics and cell migration,"Sato T, Ishii J, Ota Y, Sasaki E, Shibagaki Y, Hattori S.",Genes Cells. 2016 Jun;21(6):579-93. doi: 10.1111/gtc.12366. Epub 2016 Apr 5.,Sato T,Genes Cells,2016,2016-04-10 00:00:00,,,
,26053065,Role of EGFR expression levels in the regulation of integrin function by EGF,"Vial D, McKeown-Longo PJ.",Mol Carcinog. 2016 Jun;55(6):1118-23. doi: 10.1002/mc.22346. Epub 2015 Jun 4.,Vial D,Mol Carcinog,2016,2015-06-09 00:00:00,PMC4670293,,
,25557137,Actin crosslinking protein filamin A during early pregnancy in the rat uterus,"Madawala RJ, Poon CE, Dowland SN, Murphy CR.",Reprod Fertil Dev. 2016 Jun;28(7):960-968. doi: 10.1071/RD14240.,Madawala RJ,Reprod Fertil Dev,2016,2015-01-06 00:00:00,,,
,26589422,"The radiology of diffuse interstitial pulmonary disease in children: pearls, pitfalls and new kids on the block in 2015","Semple T, Owens CM.",Radiol Med. 2016 May;121(5):352-61. doi: 10.1007/s11547-015-0599-9. Epub 2015 Nov 20.,Semple T,Radiol Med,2016,2015-11-22 00:00:00,,,
,26308372,A global proteomic study identifies distinct pathological features of IgG4-related and primary sclerosing cholangitis,"Zen Y, Britton D, Mitra V, Pike I, Heaton N, Quaglia A.",Histopathology. 2016 May;68(6):796-809. doi: 10.1111/his.12813. Epub 2015 Nov 2.,Zen Y,Histopathology,2016,2015-08-27 00:00:00,,,
,27104924,Unravelling a new mechanism linking actin polymerization and gene transcription,"Muehlich S, Hermanns C, Meier MA, Kircher P, Gudermann T.",Nucleus. 2016 Apr 25;7(2):121-5. doi: 10.1080/19491034.2016.1171433. Epub 2016 Apr 22.,Muehlich S,Nucleus,2016,2016-04-23 00:00:00,PMC4916864,,
,27091362,Lung disease associated with filamin A gene mutation: a case report,"Eltahir S, Ahmad KS, Al-Balawi MM, Bukhamsien H, Al-Mobaireek K, Alotaibi W, Al-Shamrani A.",J Med Case Rep. 2016 Apr 18;10:97. doi: 10.1186/s13256-016-0871-1.,Eltahir S,J Med Case Rep,2016,2016-04-20 00:00:00,PMC4836084,,
,27144998,MicroRNAs as key regulators of GTPase-mediated apical actin reorganization in multiciliated epithelia,"Mercey O, Kodjabachian L, Barbry P, Marcet B.",Small GTPases. 2016 Apr 2;7(2):54-8. doi: 10.1080/21541248.2016.1151099. Epub 2016 May 4.,Mercey O,Small GTPases,2016,2016-05-05 00:00:00,PMC4905265,,
,26804200,"A distinct X-linked syndrome involving joint contractures, keloids, large optic cup-to-disc ratio, and renal stones results from a filamin A (FLNA) mutation","Lah M, Niranjan T, Srikanth S, Holloway L, Schwartz CE, Wang T, Weaver DD.",Am J Med Genet A. 2016 Apr;170A(4):881-90. doi: 10.1002/ajmg.a.37567. Epub 2016 Jan 24.,Lah M,Am J Med Genet A,2016,2016-01-26 00:00:00,PMC5549633,,
,26686323,"Novel X-linked syndrome of cardiac valvulopathy, keloid scarring, and reduced joint mobility due to filamin A substitution G1576R","Atwal PS, Blease S, Braxton A, Graves J, He W, Person R, Slattery L, Bernstein JA, Hudgins L.",Am J Med Genet A. 2016 Apr;170A(4):891-5. doi: 10.1002/ajmg.a.37491. Epub 2015 Dec 21.,Atwal PS,Am J Med Genet A,2016,2015-12-22 00:00:00,,,
,26546439,Filamin A (FLNA) modulates chemosensitivity to docetaxel in triple-negative breast cancer through the MAPK/ERK pathway,"Zhao P, Ma W, Hu Z, Zang L, Tian Z, Zhang K.",Tumour Biol. 2016 Apr;37(4):5107-15. doi: 10.1007/s13277-015-4357-3. Epub 2015 Nov 7.,Zhao P,Tumour Biol,2016,2015-11-08 00:00:00,,,
,26341089,Filamin A: Insights into its Exact Role in Cancers,"Shao QQ, Zhang TP, Zhao WJ, Liu ZW, You L, Zhou L, Guo JC, Zhao YP.",Pathol Oncol Res. 2016 Apr;22(2):245-52. doi: 10.1007/s12253-015-9980-1. Epub 2015 Sep 5.,Shao QQ,Pathol Oncol Res,2016,2015-09-06 00:00:00,,,
,26972007,The Oxygen Sensor PHD2 Controls Dendritic Spines and Synapses via Modification of Filamin A,"Segura I, Lange C, Knevels E, Moskalyuk A, Pulizzi R, Eelen G, Chaze T, Tudor C, Boulegue C, Holt M, Daelemans D, Matondo M, Ghesquière B, Giugliano M, Ruiz de Almodovar C, Dewerchin M, Carmeliet P.",Cell Rep. 2016 Mar 22;14(11):2653-67. doi: 10.1016/j.celrep.2016.02.047. Epub 2016 Mar 10.,Segura I,Cell Rep,2016,2016-03-15 00:00:00,PMC4805856,,
,26923587,Arterial Myogenic Activation through Smooth Muscle Filamin A,"Retailleau K, Arhatte M, Demolombe S, Peyronnet R, Baudrie V, Jodar M, Bourreau J, Henrion D, Offermanns S, Nakamura F, Feng Y, Patel A, Duprat F, Honoré E.",Cell Rep. 2016 Mar 8;14(9):2050-2058. doi: 10.1016/j.celrep.2016.02.019. Epub 2016 Feb 25.,Retailleau K,Cell Rep,2016,2016-03-01 00:00:00,,,
,26733502,Filamin-A is required to mediate SST2 effects in pancreatic neuroendocrine tumours,"Vitali E, Cambiaghi V, Zerbi A, Carnaghi C, Colombo P, Peverelli E, Spada A, Mantovani G, Lania AG.",Endocr Relat Cancer. 2016 Mar;23(3):181-90. doi: 10.1530/ERC-15-0358. Epub 2016 Jan 5.,Vitali E,Endocr Relat Cancer,2016,2016-01-07 00:00:00,,,
,26404489,Fetal phenotypes in otopalatodigital spectrum disorders,"Naudion S, Moutton S, Coupry I, Sole G, Deforges J, Guerineau E, Hubert C, Deves S, Pilliod J, Rooryck C, Abel C, Le Breton F, Collardeau-Frachon S, Cordier MP, Delezoide AL, Goldenberg A, Loget P, Melki J, Odent S, Patrier S, Verloes A, Viot G, Blesson S, Bessières B, Lacombe D, Arveiler B, Goizet C, Fergelot P.",Clin Genet. 2016 Mar;89(3):371-7. doi: 10.1111/cge.12679. Epub 2015 Oct 29.,Naudion S,Clin Genet,2016,2015-09-26 00:00:00,,,
,26059841,Exon skipping causes atypical phenotypes associated with a loss-of-function mutation in FLNA by restoring its protein function,"Oda H, Sato T, Kunishima S, Nakagawa K, Izawa K, Hiejima E, Kawai T, Yasumi T, Doi H, Katamura K, Numabe H, Okamoto S, Nakase H, Hijikata A, Ohara O, Suzuki H, Morisaki H, Morisaki T, Nunoi H, Hattori S, Nishikomori R, Heike T.",Eur J Hum Genet. 2016 Mar;24(3):408-14. doi: 10.1038/ejhg.2015.119. Epub 2015 Jun 10.,Oda H,Eur J Hum Genet,2016,2015-06-11 00:00:00,PMC4755370,,
,26742839,Filamin A Is Involved in HIV-1 Vpu-mediated Evasion of Host Restriction by Modulating Tetherin Expression,"Dotson D, Woodruff EA, Villalta F, Dong X.",J Biol Chem. 2016 Feb 19;291(8):4236-46. doi: 10.1074/jbc.M115.708123. Epub 2016 Jan 7.,Dotson D,J Biol Chem,2016,2016-01-09 00:00:00,PMC4759197,,
,26683373,Glycosylphosphatidylinositol Anchor Modification Machinery Deficiency Is Responsible for the Formation of Pro-Prion Protein (PrP) in BxPC-3 Protein and Increases Cancer Cell Motility,"Yang L, Gao Z, Hu L, Wu G, Yang X, Zhang L, Zhu Y, Wong BS, Xin W, Sy MS, Li C.",J Biol Chem. 2016 Feb 19;291(8):3905-17. doi: 10.1074/jbc.M115.705830. Epub 2015 Dec 18.,Yang L,J Biol Chem,2016,2015-12-20 00:00:00,PMC4759170,,
,26773155,Phosphatidylinositol 4-Phosphate 5-Kinase β Controls Recruitment of Lipid Rafts into the Immunological Synapse,"Kallikourdis M, Trovato AE, Roselli G, Muscolini M, Porciello N, Tuosto L, Viola A.",J Immunol. 2016 Feb 15;196(4):1955-63. doi: 10.4049/jimmunol.1501788. Epub 2016 Jan 15.,Kallikourdis M,J Immunol,2016,2016-01-17 00:00:00,,,
,26631556,A role of the sphingosine-1-phosphate (S1P)-S1P receptor 2 pathway in epithelial defense against cancer (EDAC),"Yamamoto S, Yako Y, Fujioka Y, Kajita M, Kameyama T, Kon S, Ishikawa S, Ohba Y, Ohno Y, Kihara A, Fujita Y.",Mol Biol Cell. 2016 Feb 1;27(3):491-9. doi: 10.1091/mbc.E15-03-0161. Epub 2015 Dec 2.,Yamamoto S,Mol Biol Cell,2016,2015-12-04 00:00:00,PMC4751600,,
,26655467,Filamin A interacting protein plays a role in proper positioning of callosal projection neurons in the cortex,"Yagi H, Oka Y, Komada M, Xie MJ, Noguchi K, Sato M.",Neurosci Lett. 2016 Jan 26;612:18-24. doi: 10.1016/j.neulet.2015.11.049. Epub 2015 Dec 2.,Yagi H,Neurosci Lett,2016,2015-12-15 00:00:00,,,
,26707877,An adventitious interaction of filamin A with RhoGDI2(Tyr153Glu),"Song M, He Q, Berk BA, Hartwig JH, Stossel TP, Nakamura F.",Biochem Biophys Res Commun. 2016 Jan 15;469(3):659-64. doi: 10.1016/j.bbrc.2015.12.044. Epub 2015 Dec 17.,Song M,Biochem Biophys Res Commun,2016,2015-12-29 00:00:00,PMC4715983,,
,26552704,Filamin A Expression Negatively Regulates Sphingosine-1-Phosphate-Induced NF-κB Activation in Melanoma Cells by Inhibition of Akt Signaling,"Campos LS, Rodriguez YI, Leopoldino AM, Hait NC, Lopez Bergami P, Castro MG, Sanchez ES, Maceyka M, Spiegel S, Alvarez SE.",Mol Cell Biol. 2015 Nov 9;36(2):320-9. doi: 10.1128/MCB.00554-15. Print 2016 Jan 15.,Campos LS,Mol Cell Biol,2015,2015-11-11 00:00:00,PMC4719300,,
,26766444,Endothelial RSPO3 Controls Vascular Stability and Pruning through Non-canonical WNT/Ca(2+)/NFAT Signaling,"Scholz B, Korn C, Wojtarowicz J, Mogler C, Augustin I, Boutros M, Niehrs C, Augustin HG.",Dev Cell. 2016 Jan 11;36(1):79-93. doi: 10.1016/j.devcel.2015.12.015.,Scholz B,Dev Cell,2016,2016-01-15 00:00:00,,,
,26725196,Cyclic Mechanical Loading Is Essential for Rac1-Mediated Elongation and Remodeling of the Embryonic Mitral Valve,"Gould RA, Yalcin HC, MacKay JL, Sauls K, Norris R, Kumar S, Butcher JT.",Curr Biol. 2016 Jan 11;26(1):27-37. doi: 10.1016/j.cub.2015.11.033. Epub 2015 Dec 24.,Gould RA,Curr Biol,2016,2016-01-04 00:00:00,PMC4905748,,
,26760998,The Roles of RNase-L in Antimicrobial Immunity and the Cytoskeleton-Associated Innate Response,"Ezelle HJ, Malathi K, Hassel BA.",Int J Mol Sci. 2016 Jan 8;17(1):74. doi: 10.3390/ijms17010074.,Ezelle HJ,Int J Mol Sci,2016,2016-01-14 00:00:00,PMC4730318,,
,27478655,Maxillofacial Changes in Melnick-Needles Syndrome,"Albuquerque do Nascimento LL, Salgueiro Mda C, Quintela M, Teixeira VP, Mota AC, de Godoy CH, Bussadori SK.",Case Rep Dent. 2016;2016:9685429. doi: 10.1155/2016/9685429. Epub 2016 Jul 12.,Albuquerque do Nascimento LL,Case Rep Dent,2016,2016-08-02 00:00:00,PMC4960323,,
,26791551,[Pathologic markers for evaluation of reversibility in pulmonary hypertension related to congenital heart disease],"Li L, Huang L, Chen G, Huang S, Liu C, Wang H, Duan X, Wang Q, Zhao R, He J.",Zhonghua Bing Li Xue Za Zhi. 2016 Jan;45(1):31-6. doi: 10.3760/cma.j.issn.0529-5807.2016.01.008.,Li L,Zhonghua Bing Li Xue Za Zhi,2016,2016-01-22 00:00:00,,,
,26774150,Overexpression of filamin-A protein is associated with aggressive phenotype and poor survival outcomes in NSCLC patients treated with platinum-based combination chemotherapy,"Gachechiladze M, Skarda J, Janikova M, Mgebrishvili G, Kharaishvili G, Kolek V, Grygarkova I, Klein J, Poprachova A, Arabuli M, Kolar Z.",Neoplasma. 2016;63(2):274-81. doi: 10.4149/214_150224N108.,Gachechiladze M,Neoplasma,2016,2016-01-18 00:00:00,,,
,26446354,High-level secretion of tissue factor-rich extracellular vesicles from ovarian cancer cells mediated by filamin-A and protease-activated receptors,"Koizume S, Ito S, Yoshioka Y, Kanayama T, Nakamura Y, Yoshihara M, Yamada R, Ochiya T, Ruf W, Miyagi E, Hirahara F, Miyagi Y.",Thromb Haemost. 2016 Jan;115(2):299-310. doi: 10.1160/TH15-03-0213. Epub 2015 Oct 8.,Koizume S,Thromb Haemost,2016,2015-10-09 00:00:00,,,
,26733942,Dopamine and Somatostatin Analogues Resistance of Pituitary Tumors: Focus on Cytoskeleton Involvement,"Peverelli E, Treppiedi D, Giardino E, Vitali E, Lania AG, Mantovani G.",Front Endocrinol (Lausanne). 2015 Dec 22;6:187. doi: 10.3389/fendo.2015.00187. eCollection 2015.,Peverelli E,Front Endocrinol (Lausanne),2015,2016-01-07 00:00:00,PMC4686608,,
,26672597,MECP2 duplication syndrome in a Chinese family,"Zhang Q, Zhao Y, Yang Y, Bao X.",BMC Med Genet. 2015 Dec 16;16:112. doi: 10.1186/s12881-015-0264-0.,Zhang Q,BMC Med Genet,2015,2015-12-18 00:00:00,PMC4682232,,
,26572583,Expression of FLNa in human melanoma cells regulates the function of integrin α1β1 and phosphorylation and localisation of PKB/AKT/ERK1/2 kinases,"Krebs K, Ruusmann A, Simonlatser G, Velling T.",Eur J Cell Biol. 2015 Dec;94(12):564-75. doi: 10.1016/j.ejcb.2015.10.006. Epub 2015 Oct 31.,Krebs K,Eur J Cell Biol,2015,2015-11-18 00:00:00,,,
,25873011,Association of mutations in FLNA with craniosynostosis,"Fennell N, Foulds N, Johnson DS, Wilson LC, Wyatt M, Robertson SP, Johnson D, Wall SA, Wilkie AO.",Eur J Hum Genet. 2015 Dec;23(12):1684-8. doi: 10.1038/ejhg.2015.31. Epub 2015 Apr 15.,Fennell N,Eur J Hum Genet,2015,2015-04-16 00:00:00,PMC4519681,,
,26554816,Filamin A interacts with the coactivator MKL1 to promote the activity of the transcription factor SRF and cell migration,"Kircher P, Hermanns C, Nossek M, Drexler MK, Grosse R, Fischer M, Sarikas A, Penkava J, Lewis T, Prywes R, Gudermann T, Muehlich S.",Sci Signal. 2015 Nov 10;8(402):ra112. doi: 10.1126/scisignal.aad2959.,Kircher P,Sci Signal,2015,2015-11-12 00:00:00,,,
,26460884,G protein-coupled receptors directly bind filamin A with high affinity and promote filamin phosphorylation,"Tirupula KC, Ithychanda SS, Mohan ML, Naga Prasad SV, Qin J, Karnik SS.",Biochemistry. 2015 Nov 10;54(44):6673-83. doi: 10.1021/acs.biochem.5b00975. Epub 2015 Nov 2.,Tirupula KC,Biochemistry,2015,2015-10-14 00:00:00,PMC4642222,,
,26537633,Substrates of the ASB2α E3 ubiquitin ligase in dendritic cells,"Spinner CA, Uttenweiler-Joseph S, Metais A, Stella A, Burlet-Schiltz O, Moog-Lutz C, Lamsoul I, Lutz PG.",Sci Rep. 2015 Nov 5;5:16269. doi: 10.1038/srep16269.,Spinner CA,Sci Rep,2015,2015-11-06 00:00:00,PMC4633680,,
,26548489,Filamin A Mediates Wound Closure by Promoting Elastic Deformation and Maintenance of Tension in the Collagen Matrix,"Gurtner GC, Wong VW.",J Invest Dermatol. 2015 Nov;135(11):2569-2571. doi: 10.1038/jid.2015.327.,Gurtner GC,J Invest Dermatol,2015,2015-11-10 00:00:00,,,
,26390157,TCR-induced sumoylation of the kinase PKC-θ controls T cell synapse organization and T cell activation,"Wang XD, Gong Y, Chen ZL, Gong BN, Xie JJ, Zhong CQ, Wang QL, Diao LH, Xu A, Han J, Altman A, Li Y.",Nat Immunol. 2015 Nov;16(11):1195-203. doi: 10.1038/ni.3259. Epub 2015 Sep 21.,Wang XD,Nat Immunol,2015,2015-09-22 00:00:00,,,
,26345253,TGF-beta1 pathway activation and adherens junction molecular pattern in nonsyndromic mitral valve prolapse,"Rizzo S, Basso C, Lazzarini E, Celeghin R, Paolin A, Gerosa G, Valente M, Thiene G, Pilichou K.",Cardiovasc Pathol. 2015 Nov-Dec;24(6):359-67. doi: 10.1016/j.carpath.2015.07.009. Epub 2015 Aug 1.,Rizzo S,Cardiovasc Pathol,2015,2015-09-09 00:00:00,,,
,26134946,Filamin A Mediates Wound Closure by Promoting Elastic Deformation and Maintenance of Tension in the Collagen Matrix,"Mohammadi H, Pinto VI, Wang Y, Hinz B, Janmey PA, McCulloch CA.",J Invest Dermatol. 2015 Nov;135(11):2852-2861. doi: 10.1038/jid.2015.251. Epub 2015 Jul 2.,Mohammadi H,J Invest Dermatol,2015,2015-07-03 00:00:00,PMC4890573,,
,26471271,47 patients with FLNA associated periventricular nodular heterotopia,"Lange M, Kasper B, Bohring A, Rutsch F, Kluger G, Hoffjan S, Spranger S, Behnecke A, Ferbert A, Hahn A, Oehl-Jaschkowitz B, Graul-Neumann L, Diepold K, Schreyer I, Bernhard MK, Mueller F, Siebers-Renelt U, Beleza-Meireles A, Uyanik G, Janssens S, Boltshauser E, Winkler J, Schuierer G, Hehr U.",Orphanet J Rare Dis. 2015 Oct 15;10:134. doi: 10.1186/s13023-015-0331-9.,Lange M,Orphanet J Rare Dis,2015,2015-10-17 00:00:00,PMC4608144,,
,26156744,Mechanisms of integrin and filamin binding and their interplay with talin during early focal adhesion formation,"Truong T, Shams H, Mofrad MR.",Integr Biol (Camb). 2015 Oct;7(10):1285-96. doi: 10.1039/c5ib00133a. Epub 2015 Jul 9.,Truong T,Integr Biol (Camb),2015,2015-07-10 00:00:00,,,
,26059211,Anetoderma in a patient with terminal osseous dysplasia with pigmentary defects,"Connor CJ, Shchelochkov OA, Ciliberto H.",Am J Med Genet A. 2015 Oct;167A(10):2459-62. doi: 10.1002/ajmg.a.37176. Epub 2015 Jun 8.,Connor CJ,Am J Med Genet A,2015,2015-06-11 00:00:00,,,
,25708806,"Multiscale impact of nucleotides and cations on the conformational equilibrium, elasticity and rheology of actin filaments and crosslinked networks","Bidone TC, Kim T, Deriu MA, Morbiducci U, Kamm RD.",Biomech Model Mechanobiol. 2015 Oct;14(5):1143-55. doi: 10.1007/s10237-015-0660-6. Epub 2015 Feb 24.,Bidone TC,Biomech Model Mechanobiol,2015,2015-02-25 00:00:00,,,
,26381333,miR-34/449 control apical actin network formation during multiciliogenesis through small GTPase pathways,"Chevalier B, Adamiok A, Mercey O, Revinski DR, Zaragosi LE, Pasini A, Kodjabachian L, Barbry P, Marcet B.",Nat Commun. 2015 Sep 18;6:8386. doi: 10.1038/ncomms9386.,Chevalier B,Nat Commun,2015,2015-09-19 00:00:00,PMC4595761,,
,26157139,Filamin A is required in injured axons for HDAC5 activity and axon regeneration,"Cho Y, Park D, Cavalli V.",J Biol Chem. 2015 Sep 11;290(37):22759-70. doi: 10.1074/jbc.M115.638445. Epub 2015 Jul 8.,Cho Y,J Biol Chem,2015,2015-07-10 00:00:00,PMC4566247,,
,26594644,MVP-Associated Filamin A Mutations Affect FlnA-PTPN12 (PTP-PEST) Interactions,"Duval D, Labbé P, Bureau L, Le Tourneau T, Norris RA, Markwald RR, Levine R, Schott JJ, Mérot J.",J Cardiovasc Dev Dis. 2015 Sep 8;2(3):233-247. doi: 10.3390/jcdd2030233.,Duval D,J Cardiovasc Dev Dis,2015,2015-11-24 00:00:00,PMC4654411,,
,26966714,Data for iTRAQ profiling of micro-vesicular plasma specimens: In search of potential prognostic circulatory biomarkers for Lacunar infarction,"Datta A, Sze SK.",Data Brief. 2015 Jul 26;4:510-7. doi: 10.1016/j.dib.2015.07.021. eCollection 2015 Sep.,Datta A,Data Brief,2015,2016-03-12 00:00:00,PMC4783520,,
,26473162,Increased Infiltration of Extra-Cardiac Cells in Myxomatous Valve Disease,"Sauls K, Toomer K, Williams K, Johnson AJ, Markwald RR, Hajdu Z, Norris RA.",J Cardiovasc Dev Dis. 2015 Sep;2(3):200-213. doi: 10.3390/jcdd2030200. Epub 2015 Jul 24.,Sauls K,J Cardiovasc Dev Dis,2015,2015-10-17 00:00:00,PMC4603574,,
,25652545,Hindsight regulates photoreceptor axon targeting through transcriptional control of jitterbug/Filamin and multiple genes involved in axon guidance in Drosophila,"Oliva C, Molina-Fernandez C, Maureira M, Candia N, López E, Hassan B, Aerts S, Cánovas J, Olguín P, Sierralta J.",Dev Neurobiol. 2015 Sep;75(9):1018-32. doi: 10.1002/dneu.22271. Epub 2015 Feb 18.,Oliva C,Dev Neurobiol,2015,2015-02-06 00:00:00,,,
,26322797,Flexible Structure of Peptide-Bound Filamin A Mechanosensor Domain Pair 20-21,"Seppälä J, Tossavainen H, Rodic N, Permi P, Pentikäinen U, Ylänne J.",PLoS One. 2015 Aug 31;10(8):e0136969. doi: 10.1371/journal.pone.0136969. eCollection 2015.,Seppälä J,PLoS One,2015,2015-09-01 00:00:00,PMC4554727,,
,26200251,ERK signaling mediates CaSR-promoted axon growth,"Vizard TN, Newton M, Howard L, Wyatt S, Davies AM.",Neurosci Lett. 2015 Aug 31;603:77-83. doi: 10.1016/j.neulet.2015.07.019. Epub 2015 Jul 19.,Vizard TN,Neurosci Lett,2015,2015-07-23 00:00:00,PMC4552171,,
,26063730,Cross-talk between androgen receptor/filamin A and TrkA regulates neurite outgrowth in PC12 cells,"Di Donato M, Bilancio A, D'Amato L, Claudiani P, Oliviero MA, Barone MV, Auricchio A, Appella E, Migliaccio A, Auricchio F, Castoria G.",Mol Biol Cell. 2015 Aug 1;26(15):2858-72. doi: 10.1091/mbc.E14-09-1352. Epub 2015 Jun 10.,Di Donato M,Mol Biol Cell,2015,2015-06-12 00:00:00,PMC4571344,,
,25894069,Deletion of filamin A in monocytes protects cortical and trabecular bone from post-menopausal changes in bone microarchitecture,"Goldberg S, Glogauer J, Grynpas MD, Glogauer M.",Calcif Tissue Int. 2015 Aug;97(2):113-24. doi: 10.1007/s00223-015-9994-4. Epub 2015 Apr 17.,Goldberg S,Calcif Tissue Int,2015,2015-04-21 00:00:00,,,
,26186445,Vimentin Phosphorylation Underlies Myofibroblast Sensitivity to Withaferin A In Vitro and during Corneal Fibrosis,"Bargagna-Mohan P, Lei L, Thompson A, Shaw C, Kasahara K, Inagaki M, Mohan R.",PLoS One. 2015 Jul 17;10(7):e0133399. doi: 10.1371/journal.pone.0133399. eCollection 2015.,Bargagna-Mohan P,PLoS One,2015,2015-07-18 00:00:00,PMC4506086,,
,26134617,Significance of filamin A in mTORC2 function in glioblastoma,"Chantaravisoot N, Wongkongkathep P, Loo JA, Mischel PS, Tamanoi F.",Mol Cancer. 2015 Jul 2;14:127. doi: 10.1186/s12943-015-0396-z.,Chantaravisoot N,Mol Cancer,2015,2015-07-03 00:00:00,PMC4489161,,
,26133172,Platelet functional alterations in a Bernard-Soulier syndrome patient with filamin A mutation,"Li J, Dai K, Wang Z, Cao L, Bai X, Ruan C.",J Hematol Oncol. 2015 Jul 2;8:79. doi: 10.1186/s13045-015-0171-z.,Li J,J Hematol Oncol,2015,2015-07-03 00:00:00,PMC4496858,,
,25838348,FlnA binding to PACSIN2 F-BAR domain regulates membrane tubulation in megakaryocytes and platelets,"Begonja AJ, Pluthero FG, Suphamungmee W, Giannini S, Christensen H, Leung R, Lo RW, Nakamura F, Lehman W, Plomann M, Hoffmeister KM, Kahr WH, Hartwig JH, Falet H.",Blood. 2015 Jul 2;126(1):80-8. doi: 10.1182/blood-2014-07-587600. Epub 2015 Apr 2.,Begonja AJ,Blood,2015,2015-04-04 00:00:00,PMC4492198,,
,25815782,Gene expression changes in human mesenchymal stem cells from patients with osteoporosis,"Liu L, Zhu Q, Wang J, Xi Q, Zhu H, Gu M.",Mol Med Rep. 2015 Jul;12(1):981-7. doi: 10.3892/mmr.2015.3514. Epub 2015 Mar 19.,Liu L,Mol Med Rep,2015,2015-03-28 00:00:00,PMC4438949,,
,25686753,Diverse phenotypic consequences of mutations affecting the C-terminus of FLNA,"van Kogelenberg M, Clark AR, Jenkins Z, Morgan T, Anandan A, Sawyer GM, Edwards M, Dudding T, Homfray T, Castle B, Tolmie J, Stewart F, Kivuva E, Pilz DT, Gabbett M, Sutherland-Smith AJ, Robertson SP.",J Mol Med (Berl). 2015 Jul;93(7):773-82. doi: 10.1007/s00109-015-1261-7. Epub 2015 Feb 18.,van Kogelenberg M,J Mol Med (Berl),2015,2015-02-18 00:00:00,,,
,25899317,Frontometaphyseal dysplasia and keloid formation without FLNA mutations,"Basart H, van de Kar A, Adès L, Cho TJ, Carter E, Maas SM, Wilson LC, van der Horst CM, Wade EM, Robertson SP, Hennekam RC.",Am J Med Genet A. 2015 Jun;167(6):1215-22. doi: 10.1002/ajmg.a.37044. Epub 2015 Apr 21.,Basart H,Am J Med Genet A,2015,2015-04-23 00:00:00,,,
,25759396,Transcription of Nrdp1 by the androgen receptor is regulated by nuclear filamin A in prostate cancer,"Savoy RM, Chen L, Siddiqui S, Melgoza FU, Durbin-Johnson B, Drake C, Jathal MK, Bose S, Steele TM, Mooso BA, D'Abronzo LS, Fry WH, Carraway KL 3rd, Mudryj M, Ghosh PM.",Endocr Relat Cancer. 2015 Jun;22(3):369-86. doi: 10.1530/ERC-15-0021. Epub 2015 Mar 10.,Savoy RM,Endocr Relat Cancer,2015,2015-03-12 00:00:00,PMC4433410,,
,25944616,Filamin A phosphorylation by Akt promotes cell migration in response to arsenic,"Li L, Lu Y, Stemmer PM, Chen F.",Oncotarget. 2015 May 20;6(14):12009-19. doi: 10.18632/oncotarget.3617.,Li L,Oncotarget,2015,2015-05-07 00:00:00,PMC4494919,,
,25849143,Structural mechanism of integrin inactivation by filamin,"Liu J, Das M, Yang J, Ithychanda SS, Yakubenko VP, Plow EF, Qin J.",Nat Struct Mol Biol. 2015 May;22(5):383-9. doi: 10.1038/nsmb.2999. Epub 2015 Apr 6.,Liu J,Nat Struct Mol Biol,2015,2015-04-08 00:00:00,PMC4424056,,
,25753121,Proteomic profile of the skin mucus of farmed gilthead seabream (Sparus aurata),"Jurado J, Fuentes-Almagro CA, Guardiola FA, Cuesta A, Esteban MÁ, Prieto-Álamo MJ.",J Proteomics. 2015 Apr 29;120:21-34. doi: 10.1016/j.jprot.2015.02.019. Epub 2015 Mar 6.,Jurado J,J Proteomics,2015,2015-03-11 00:00:00,,,
,25481285,Looking for a needle in a haystack: Cellular proteins that may interact with the tyrosine-based sorting signal of the TGEV S protein,"Trincone A, Schwegmann-Weßels C.",Virus Res. 2015 Apr 16;202:3-11. doi: 10.1016/j.virusres.2014.11.029. Epub 2014 Dec 4.,Trincone A,Virus Res,2015,2014-12-08 00:00:00,PMC7114463,,
,25861040,Filamin-a increases the stability and plasma membrane expression of polycystin-2,"Wang Q, Zheng W, Wang Z, Yang J, Hussein S, Tang J, Chen XZ.",PLoS One. 2015 Apr 10;10(4):e0123018. doi: 10.1371/journal.pone.0123018. eCollection 2015.,Wang Q,PLoS One,2015,2015-04-11 00:00:00,PMC4393133,,
,25512366,S6K is a morphogenic protein with a mechanism involving Filamin-A phosphorylation and phosphatidic acid binding,"Henkels KM, Mallets ER, Dennis PB, Gomez-Cambronero J.",FASEB J. 2015 Apr;29(4):1299-313. doi: 10.1096/fj.14-260992. Epub 2014 Dec 15.,Henkels KM,FASEB J,2015,2014-12-17 00:00:00,PMC4396601,,
,25475607,Association of periventricular nodular heterotopia with posterior fossa cyst: a prenatal case series,"Teixeira SR, Blondiaux E, Cassart M, Couture A, Moutard ML, Whalen S, Gelot A, Ducou le Pointe H, Garel C; GRRIF (Groupe de Recherche Radiopédiatrique en Imagerie Fœtale)-SFIPP (Société Francophone d'Imagerie Pédiatrique et Prénatale).",Prenat Diagn. 2015 Apr;35(4):337-41. doi: 10.1002/pd.4543. Epub 2015 Jan 5.,Teixeira SR,Prenat Diagn,2015,2014-12-06 00:00:00,,,
,24414222,"H(N), N(H), C (α), C (β), and methyl group assignments of filamin multidomain fragments IgFLNc4-5 and IgFLNa3-5","Tossavainen H, Seppälä J, Sethi R, Pihlajamaa T, Permi P.",Biomol NMR Assign. 2015 Apr;9(1):47-50. doi: 10.1007/s12104-014-9542-6. Epub 2014 Jan 11.,Tossavainen H,Biomol NMR Assign,2015,2014-01-14 00:00:00,,,
,25666618,A mechanism of global shape-dependent recognition and phosphorylation of filamin by protein kinase A,"Ithychanda SS, Fang X, Mohan ML, Zhu L, Tirupula KC, Naga Prasad SV, Wang YX, Karnik SS, Qin J.",J Biol Chem. 2015 Mar 27;290(13):8527-38. doi: 10.1074/jbc.M114.633446. Epub 2015 Feb 9.,Ithychanda SS,J Biol Chem,2015,2015-02-11 00:00:00,PMC4375502,,
,25481874,Proteomic analysis of zoledronic-acid resistant prostate cancer cells unveils novel pathways characterizing an invasive phenotype,"Milone MR, Pucci B, Bifulco K, Iannelli F, Lombardi R, Ciardiello C, Bruzzese F, Carriero MV, Budillon A.",Oncotarget. 2015 Mar 10;6(7):5324-41. doi: 10.18632/oncotarget.2694.,Milone MR,Oncotarget,2015,2014-12-08 00:00:00,PMC4467152,,
,25717257,New cancer suppressor gene for colorectal adenocarcinoma: filamin A,"Tian ZQ, Shi JW, Wang XR, Li Z, Wang GY.",World J Gastroenterol. 2015 Feb 21;21(7):2199-205. doi: 10.3748/wjg.v21.i7.2199.,Tian ZQ,World J Gastroenterol,2015,2015-02-27 00:00:00,PMC4326159,,
,25609711,EPLIN is a crucial regulator for extrusion of RasV12-transformed cells,"Ohoka A, Kajita M, Ikenouchi J, Yako Y, Kitamoto S, Kon S, Ikegawa M, Shimada T, Ishikawa S, Fujita Y.",J Cell Sci. 2015 Feb 15;128(4):781-9. doi: 10.1242/jcs.163113. Epub 2015 Jan 20.,Ohoka A,J Cell Sci,2015,2015-01-23 00:00:00,,,
,25355818,Filamin A interaction with the CXCR4 third intracellular loop regulates endocytosis and signaling of WT and WHIM-like receptors,"Gómez-Moutón C, Fischer T, Peregil RM, Jiménez-Baranda S, Stossel TP, Nakamura F, Mañes S.",Blood. 2015 Feb 12;125(7):1116-25. doi: 10.1182/blood-2014-09-601807. Epub 2014 Oct 29.,Gómez-Moutón C,Blood,2015,2014-10-31 00:00:00,PMC4347305,,
,25344364,Deficiency of filamin A in endothelial cells impairs left ventricular remodelling after myocardial infarction,"Bandaru S, Grönros J, Redfors B, Çil Ç, Pazooki D, Salimi R, Larsson E, Zhou AX, Ömerovic E, Akyürek LM.",Cardiovasc Res. 2015 Feb 1;105(2):151-9. doi: 10.1093/cvr/cvu226. Epub 2014 Oct 24.,Bandaru S,Cardiovasc Res,2015,2014-10-26 00:00:00,,,
,24521555,Surgical experience for prolapse of both atrioventricular valves in a patient with filamin A mutation,"Hoashi T, Shiraishi I, Ichikawa H.",Cardiol Young. 2015 Feb;25(2):365-7. doi: 10.1017/S1047951114000122. Epub 2014 Feb 13.,Hoashi T,Cardiol Young,2015,2014-02-14 00:00:00,,,
,25646090,Non-genomic androgen action regulates proliferative/migratory signaling in stromal cells,"Di Donato M, Giovannelli P, Cernera G, Di Santi A, Marino I, Bilancio A, Galasso G, Auricchio F, Migliaccio A, Castoria G.",Front Endocrinol (Lausanne). 2015 Jan 19;5:225. doi: 10.3389/fendo.2014.00225. eCollection 2014.,Di Donato M,Front Endocrinol (Lausanne),2015,2015-02-04 00:00:00,PMC4298220,,
,25445790,Phosphorylation of filamin A by Cdk1 regulates filamin A localization and daughter cell separation,"Szeto SGY, Williams EC, Rudner AD, Lee JM.",Exp Cell Res. 2015 Jan 15;330(2):248-266. doi: 10.1016/j.yexcr.2014.10.024. Epub 2014 Nov 13.,Szeto SGY,Exp Cell Res,2015,2014-12-03 00:00:00,,,
,26252358,Microaggregate-associated protein involved in invasion of epithelial cells by Mycobacterium avium subsp. Hominissuis,"Babrak L, Danelishvili L, Rose SJ, Bermudez LE.",Virulence. 2015;6(7):694-703. doi: 10.1080/21505594.2015.1072676.,Babrak L,Virulence,2015,2015-08-08 00:00:00,PMC4720229,,
,26055057,"Calcium-Sensing Receptor: Trafficking, Endocytosis, Recycling, and Importance of Interacting Proteins",Ray K.,Prog Mol Biol Transl Sci. 2015;132:127-50. doi: 10.1016/bs.pmbts.2015.02.006. Epub 2015 Apr 25.,Ray K,Prog Mol Biol Transl Sci,2015,2015-06-10 00:00:00,,,
,25768046,Phage-display-guided nanocarrier targeting to atheroprone vasculature,"Hofmeister LH, Lee SH, Norlander AE, Montaniel KR, Chen W, Harrison DG, Sung HJ.",ACS Nano. 2015;9(4):4435-46. doi: 10.1021/acsnano.5b01048. Epub 2015 Mar 23.,Hofmeister LH,ACS Nano,2015,2015-03-14 00:00:00,PMC4654777,,
,25607466,TXNDC17 promotes paclitaxel resistance via inducing autophagy in ovarian cancer,"Zhang SF, Wang XY, Fu ZQ, Peng QH, Zhang JY, Ye F, Fu YF, Zhou CY, Lu WG, Cheng XD, Xie X.",Autophagy. 2015;11(2):225-38. doi: 10.1080/15548627.2014.998931.,Zhang SF,Autophagy,2015,2015-01-22 00:00:00,PMC4502659,,
,25472536,Tyrosyl phosphorylated serine-threonine kinase PAK1 is a novel regulator of prolactin-dependent breast cancer cell motility and invasion,"Hammer A, Diakonova M.",Adv Exp Med Biol. 2015;846:97-137. doi: 10.1007/978-3-319-12114-7_5.,Hammer A,Adv Exp Med Biol,2015,2014-12-05 00:00:00,PMC4576997,,
,25476896,Role of non-genomic androgen signalling in suppressing proliferation of fibroblasts and fibrosarcoma cells,"Castoria G, Giovannelli P, Di Donato M, Ciociola A, Hayashi R, Bernal F, Appella E, Auricchio F, Migliaccio A.",Cell Death Dis. 2014 Dec 4;5(12):e1548. doi: 10.1038/cddis.2014.497.,Castoria G,Cell Death Dis,2014,2014-12-06 00:00:00,PMC4649827,,
,25330904,The β isoform of the catalytic subunit of protein phosphatase 2B restrains platelet function by suppressing outside-in αII b β3 integrin signaling,"Khatlani T, Pradhan S, Da Q, Gushiken FC, Bergeron AL, Langlois KW, Molkentin JD, Rumbaut RE, Vijayan KV.",J Thromb Haemost. 2014 Dec;12(12):2089-101. doi: 10.1111/jth.12761. Epub 2014 Nov 15.,Khatlani T,J Thromb Haemost,2014,2014-10-22 00:00:00,PMC4268338,,
,25200207,Filamin A interacting protein 1-like as a therapeutic target in cancer,"Kwon M, Libutti SK.",Expert Opin Ther Targets. 2014 Dec;18(12):1435-47. doi: 10.1517/14728222.2014.957181. Epub 2014 Sep 9.,Kwon M,Expert Opin Ther Targets,2014,2014-09-10 00:00:00,,,
,25238962,Mouse limb skeletal growth and synovial joint development are coordinately enhanced by Kartogenin,"Decker RS, Koyama E, Enomoto-Iwamoto M, Maye P, Rowe D, Zhu S, Schultz PG, Pacifici M.",Dev Biol. 2014 Nov 15;395(2):255-67. doi: 10.1016/j.ydbio.2014.09.011. Epub 2014 Sep 18.,Decker RS,Dev Biol,2014,2014-09-21 00:00:00,PMC4253021,,
,25614868,Terminal osseous dysplasia with pigmentary defects (TODPD) due to a recurrent filamin A (FLNA) mutation,"Brunetti-Pierri N, Torrado M, Fernandez Mdel C, Tello AM, Arberas CL, Cardinale A, Piccolo P, Bacino CA.",Mol Genet Genomic Med. 2014 Nov;2(6):467-71. doi: 10.1002/mgg3.90. Epub 2014 Aug 8.,Brunetti-Pierri N,Mol Genet Genomic Med,2014,2015-01-24 00:00:00,PMC4303216,,
,25124759,Arterial tortuosity in patients with Filamin A- associated vascular aneurysms,"Reinstein E, Morris SA, Rimoin DL, Robertson SP, Lacro RV.",Am J Med Genet A. 2014 Nov;164A(11):2961-3. doi: 10.1002/ajmg.a.36717. Epub 2014 Aug 14.,Reinstein E,Am J Med Genet A,2014,2014-08-16 00:00:00,,,
,25068602,Filamin A in somatostatin and dopamine receptor regulation in pituitary and the role of cAMP/PKA dependent phosphorylation,"Peverelli E, Giardino E, Vitali E, Treppiedi D, Lania AG, Mantovani G.",Horm Metab Res. 2014 Nov;46(12):845-53. doi: 10.1055/s-0034-1384520. Epub 2014 Jul 28.,Peverelli E,Horm Metab Res,2014,2014-07-29 00:00:00,,,
,25053830,Filamin A mutation may be associated with diffuse lung disease mimicking bronchopulmonary dysplasia in premature newborns,"Lord A, Shapiro AJ, Saint-Martin C, Claveau M, Melançon S, Wintermark P.",Respir Care. 2014 Nov;59(11):e171-7. doi: 10.4187/respcare.02847. Epub 2014 Jul 22.,Lord A,Respir Care,2014,2014-07-24 00:00:00,,,
,24908328,Filamin A expression correlates with proliferation and invasive properties of human metastatic melanoma tumors: implications for survival in patients,"Zhang K, Zhu T, Gao D, Zhang Y, Zhao Q, Liu S, Su T, Bernier M, Zhao R.",J Cancer Res Clin Oncol. 2014 Nov;140(11):1913-26. doi: 10.1007/s00432-014-1722-3. Epub 2014 Jun 8.,Zhang K,J Cancer Res Clin Oncol,2014,2014-06-09 00:00:00,PMC8504314,,
,25358863,Amino- and carboxyl-terminal domains of Filamin-A interact with CRMP1 to mediate Sema3A signalling,"Nakamura F, Kumeta K, Hida T, Isono T, Nakayama Y, Kuramata-Matsuoka E, Yamashita N, Uchida Y, Ogura K, Gengyo-Ando K, Mitani S, Ogino T, Goshima Y.",Nat Commun. 2014 Oct 31;5:5325. doi: 10.1038/ncomms6325.,Nakamura F,Nat Commun,2014,2014-11-01 00:00:00,,,
,25351258,Noninvasive molecular imaging of cell death in myocardial infarction using 111In-GSAO,"Tahara N, Zandbergen HR, de Haas HJ, Petrov A, Pandurangi R, Yamaki T, Zhou J, Imaizumi T, Slart RH, Dyszlewski M, Scarabelli T, Kini A, Reutelingsperger C, Narula N, Fuster V, Narula J.",Sci Rep. 2014 Oct 29;4:6826. doi: 10.1038/srep06826.,Tahara N,Sci Rep,2014,2014-10-30 00:00:00,PMC4212241,,
,25352621,RNase L interacts with Filamin A to regulate actin dynamics and barrier function for viral entry,"Malathi K, Siddiqui MA, Dayal S, Naji M, Ezelle HJ, Zeng C, Zhou A, Hassel BA.",mBio. 2014 Oct 28;5(6):e02012. doi: 10.1128/mBio.02012-14.,Malathi K,mBio,2014,2014-10-30 00:00:00,PMC4217177,,
,25326515,Vesicular transport of a ribonucleoprotein to mitochondria,"Mukherjee J, Mahato B, Adhya S.",Biol Open. 2014 Oct 17;3(11):1083-91. doi: 10.1242/bio.20149076.,Mukherjee J,Biol Open,2014,2014-10-19 00:00:00,PMC4232766,,
,25061177,A new form of macrothrombocytopenia induced by a germ-line mutation in the PRKACG gene,"Manchev VT, Hilpert M, Berrou E, Elaib Z, Aouba A, Boukour S, Souquere S, Pierron G, Rameau P, Andrews R, Lanza F, Bobe R, Vainchenker W, Rosa JP, Bryckaert M, Debili N, Favier R, Raslova H.",Blood. 2014 Oct 16;124(16):2554-63. doi: 10.1182/blood-2014-01-551820. Epub 2014 Jul 24.,Manchev VT,Blood,2014,2014-07-26 00:00:00,PMC4199957,,
,25277454,MEK-ERK1/2-dependent FLNA overexpression promotes abnormal dendritic patterning in tuberous sclerosis independent of mTOR,"Zhang L, Bartley CM, Gong X, Hsieh LS, Lin TV, Feliciano DM, Bordey A.",Neuron. 2014 Oct 1;84(1):78-91. doi: 10.1016/j.neuron.2014.09.009.,Zhang L,Neuron,2014,2014-10-04 00:00:00,PMC4185153,,
,25242330,Prox1 promotes expansion of the colorectal cancer stem cell population to fuel tumor growth and ischemia resistance,"Wiener Z, Högström J, Hyvönen V, Band AM, Kallio P, Holopainen T, Dufva O, Haglund C, Kruuna O, Oliver G, Ben-Neriah Y, Alitalo K.",Cell Rep. 2014 Sep 25;8(6):1943-1956. doi: 10.1016/j.celrep.2014.08.034. Epub 2014 Sep 18.,Wiener Z,Cell Rep,2014,2014-09-23 00:00:00,,,
,25244493,Targeting filamin B induces tumor growth and metastasis via enhanced activity of matrix metalloproteinase-9 and secretion of VEGF-A,"Bandaru S, Zhou AX, Rouhi P, Zhang Y, Bergo MO, Cao Y, Akyürek LM.",Oncogenesis. 2014 Sep 22;3(9):e119. doi: 10.1038/oncsis.2014.33.,Bandaru S,Oncogenesis,2014,2014-09-23 00:00:00,PMC4183982,,
,25220605,Filamin A-interacting protein (FILIP) is a region-specific modulator of myosin 2b and controls spine morphology and NMDA receptor accumulation,"Yagi H, Nagano T, Xie MJ, Ikeda H, Kuroda K, Komada M, Iguchi T, Tariqur RM, Morikubo S, Noguchi K, Murase K, Okabe M, Sato M.",Sci Rep. 2014 Sep 15;4:6353. doi: 10.1038/srep06353.,Yagi H,Sci Rep,2014,2014-09-16 00:00:00,PMC4163676,,
,25276096,Two dimensional gel phosphoproteome of peripheral blood mononuclear cells: comparison between two enrichment methods,"Rocchetti MT, Alfarano M, Varraso L, Di Paolo S, Papale M, Ranieri E, Grandaliano G, Gesualdo L.",Proteome Sci. 2014 Sep 9;12(1):46. doi: 10.1186/s12953-014-0046-1. eCollection 2014.,Rocchetti MT,Proteome Sci,2014,2014-10-03 00:00:00,PMC4177430,,
,24948634,Adult somatic progenitor cells and hematopoiesis in oysters,"Jemaà M, Morin N, Cavelier P, Cau J, Strub JM, Delsert C.",J Exp Biol. 2014 Sep 1;217(Pt 17):3067-77. doi: 10.1242/jeb.106575. Epub 2014 Jun 19.,Jemaà M,J Exp Biol,2014,2014-06-21 00:00:00,,,
,25120197,Documentation and localization of force-mediated filamin A domain perturbations in moving cells,"Nakamura F, Song M, Hartwig JH, Stossel TP.",Nat Commun. 2014 Aug 14;5:4656. doi: 10.1038/ncomms5656.,Nakamura F,Nat Commun,2014,2014-08-15 00:00:00,PMC4139033,,
,25105875,Quantitative analysis of the processes and signaling events involved in early HIV-1 infection of T cells,"Santos G, Valenzuela-Fernández A, Torres NV.",PLoS One. 2014 Aug 8;9(8):e103845. doi: 10.1371/journal.pone.0103845. eCollection 2014.,Santos G,PLoS One,2014,2014-08-09 00:00:00,PMC4126662,,
,24828612,Filamin A (FLNA) plays an essential role in somatostatin receptor 2 (SST2) signaling and stabilization after agonist stimulation in human and rat somatotroph tumor cells,"Peverelli E, Giardino E, Treppiedi D, Vitali E, Cambiaghi V, Locatelli M, Lasio GB, Spada A, Lania AG, Mantovani G.",Endocrinology. 2014 Aug;155(8):2932-41. doi: 10.1210/en.2014-1063. Epub 2014 May 14.,Peverelli E,Endocrinology,2014,2014-05-16 00:00:00,,,
,25079702,Filamin acts as a key regulator in epithelial defence against transformed cells,"Kajita M, Sugimura K, Ohoka A, Burden J, Suganuma H, Ikegawa M, Shimada T, Kitamura T, Shindoh M, Ishikawa S, Yamamoto S, Saitoh S, Yako Y, Takahashi R, Okajima T, Kikuta J, Maijima Y, Ishii M, Tada M, Fujita Y.",Nat Commun. 2014 Jul 31;5:4428. doi: 10.1038/ncomms5428.,Kajita M,Nat Commun,2014,2014-08-01 00:00:00,,,
,24850755,Interaction of TIF-90 and filamin A in the regulation of rRNA synthesis in leukemic cells,"Nguyen le XT, Chan SM, Ngo TD, Raval A, Kim KK, Majeti R, Mitchell BS.",Blood. 2014 Jul 24;124(4):579-89. doi: 10.1182/blood-2013-12-544726. Epub 2014 May 21.,Nguyen le XT,Blood,2014,2014-05-23 00:00:00,,,
,24951510,Functional interaction with filamin A and intracellular Ca2+ enhance the surface membrane expression of a small-conductance Ca2+-activated K+ (SK2) channel,"Rafizadeh S, Zhang Z, Woltz RL, Kim HJ, Myers RE, Lu L, Tuteja D, Singapuri A, Bigdeli AA, Harchache SB, Knowlton AA, Yarov-Yarovoy V, Yamoah EN, Chiamvimonvat N.",Proc Natl Acad Sci U S A. 2014 Jul 8;111(27):9989-94. doi: 10.1073/pnas.1323541111. Epub 2014 Jun 20.,Rafizadeh S,Proc Natl Acad Sci U S A,2014,2014-06-22 00:00:00,PMC4103345,,
,24327474,Filamin A interacting protein 1-like inhibits WNT signaling and MMP expression to suppress cancer cell invasion and metastasis,"Kwon M, Lee SJ, Wang Y, Rybak Y, Luna A, Reddy S, Adem A, Beaty BT, Condeelis JS, Libutti SK.",Int J Cancer. 2014 Jul 1;135(1):48-60. doi: 10.1002/ijc.28662. Epub 2014 Feb 20.,Kwon M,Int J Cancer,2014,2013-12-12 00:00:00,PMC3991758,,
,24821726,The Cdc42 guanine nucleotide exchange factor FGD6 coordinates cell polarity and endosomal membrane recycling in osteoclasts,"Steenblock C, Heckel T, Czupalla C, Espírito Santo AI, Niehage C, Sztacho M, Hoflack B.",J Biol Chem. 2014 Jun 27;289(26):18347-59. doi: 10.1074/jbc.M113.504894. Epub 2014 May 12.,Steenblock C,J Biol Chem,2014,2014-05-14 00:00:00,PMC4140270,,
,25097827,Filamin A mediated Big2 dependent endocytosis: From apical abscission to periventricular heterotopia,Sheen VL.,Tissue Barriers. 2014 Jun 16;2:e29431. doi: 10.4161/tisb.29431. eCollection 2014.,Sheen VL,Tissue Barriers,2014,2014-08-07 00:00:00,PMC4117685,,
,24933155,ARHGAP22 localizes at endosomes and regulates actin cytoskeleton,"Mori M, Saito K, Ohta Y.",PLoS One. 2014 Jun 16;9(6):e100271. doi: 10.1371/journal.pone.0100271. eCollection 2014.,Mori M,PLoS One,2014,2014-06-17 00:00:00,PMC4059726,,
,24687583,Polycystins and partners: proposed role in mechanosensitivity,"Retailleau K, Duprat F.",J Physiol. 2014 Jun 15;592(12):2453-71. doi: 10.1113/jphysiol.2014.271346. Epub 2014 Mar 31.,Retailleau K,J Physiol,2014,2014-04-02 00:00:00,PMC4080931,,
,24906659,Germline mosaicism in X-linked periventricular nodular heterotopia,"LaPointe MM, Spriggs EL, Mhanni AA.",BMC Neurol. 2014 Jun 7;14:125. doi: 10.1186/1471-2377-14-125.,LaPointe MM,BMC Neurol,2014,2014-06-08 00:00:00,PMC4057563,,
,24491254,Modelling of cross-linked actin networks - Influence of geometrical parameters and cross-link compliance,"Fallqvist B, Kulachenko A, Kroon M.",J Theor Biol. 2014 Jun 7;350:57-69. doi: 10.1016/j.jtbi.2014.01.032. Epub 2014 Jan 31.,Fallqvist B,J Theor Biol,2014,2014-02-05 00:00:00,,,
,24790222,"Distinct c-Met activation mechanisms induce cell rounding or invasion through pathways involving integrins, RhoA and HIP1","Mai A, Muharram G, Barrow-McGee R, Baghirov H, Rantala J, Kermorgant S, Ivaska J.",J Cell Sci. 2014 May 1;127(Pt 9):1938-52. doi: 10.1242/jcs.140657.,Mai A,J Cell Sci,2014,2014-05-03 00:00:00,,,10.1242/jcs.140657
,24560895,"Molecular cloning and characterization of rhesus monkey platelet glycoprotein Ibα, a major ligand-binding subunit of GPIb-IX-V complex","Qiao J, Shen Y, Shi M, Lu Y, Cheng J, Chen Y.",Thromb Res. 2014 May;133(5):817-25. doi: 10.1016/j.thromres.2014.01.032. Epub 2014 Feb 4.,Qiao J,Thromb Res,2014,2014-02-25 00:00:00,,,10.1016/j.thromres.2014.01.032
,24752076,Discovery of prognostic biomarker candidates of lacunar infarction by quantitative proteomics of microvesicles enriched plasma,"Datta A, Chen CP, Sze SK.",PLoS One. 2014 Apr 21;9(4):e94663. doi: 10.1371/journal.pone.0094663. eCollection 2014.,Datta A,PLoS One,2014,2014-04-23 00:00:00,PMC3994162,,10.1371/journal.pone.0094663
,24390612,Filamin A regulates MMP-9 expression and suppresses prostate cancer cell migration and invasion,"Sun GG, Lu YF, Zhang J, Hu WN.",Tumour Biol. 2014 Apr;35(4):3819-26. doi: 10.1007/s13277-013-1504-6. Epub 2014 Jan 5.,Sun GG,Tumour Biol,2014,2014-01-07 00:00:00,,,10.1007/s13277-013-1504-6
,24258684,Filamin-A is required for the incorporation of tissue factor into cell-derived microvesicles,"Collier ME, Maraveyas A, Ettelaie C.",Thromb Haemost. 2014 Apr 1;111(4):647-55. doi: 10.1160/TH13-09-0769. Epub 2013 Nov 21.,Collier ME,Thromb Haemost,2014,2013-11-22 00:00:00,,,10.1160/TH13-09-0769
,24218340,Absent expression of FLNA is correlated with poor prognosis of nasopharyngeal cancer,"Sun GG, Lu YF, Cheng YJ, Hu WN.",Tumour Biol. 2014 Apr;35(4):2967-74. doi: 10.1007/s13277-013-1381-z. Epub 2013 Nov 12.,Sun GG,Tumour Biol,2014,2013-11-13 00:00:00,,,10.1007/s13277-013-1381-z
,25330623,"Filamin: a structural and functional biomolecule with important roles in cell biology, signaling and mechanics","Modarres HP, Mofradt MR.",Mol Cell Biomech. 2014 Mar;11(1):39-65.,Modarres HP,Mol Cell Biomech,2014,2014-10-22 00:00:00,,,
,24709996,Filamin A and Big2: a shared endocytic pathway,Sheen VL.,Bioarchitecture. 2014 Mar-Apr;4(2):53-7. doi: 10.4161/bioa.28516. Epub 2014 Apr 7.,Sheen VL,Bioarchitecture,2014,2014-04-09 00:00:00,PMC4199812,,10.4161/bioa.28516
,24241900,An antiproliferative gene FLNA regulates migration and invasion of gastric carcinoma cell in vitro and its clinical significance,"Sun GG, Sheng SH, Jing SW, Hu WN.",Tumour Biol. 2014 Mar;35(3):2641-8. doi: 10.1007/s13277-013-1347-1. Epub 2013 Nov 16.,Sun GG,Tumour Biol,2014,2013-11-19 00:00:00,,,10.1007/s13277-013-1347-1
,24403084,Filamin A promotes dynamin-dependent internalization of hyperpolarization-activated cyclic nucleotide-gated type 1 (HCN1) channels and restricts Ih in hippocampal neurons,"Noam Y, Ehrengruber MU, Koh A, Feyen P, Manders EM, Abbott GW, Wadman WJ, Baram TZ.",J Biol Chem. 2014 Feb 28;289(9):5889-903. doi: 10.1074/jbc.M113.522060. Epub 2014 Jan 8.,Noam Y,J Biol Chem,2014,2014-01-10 00:00:00,PMC3937658,,10.1074/jbc.M113.522060
,24550283,Hypoxia-induced and calpain-dependent cleavage of filamin A regulates the hypoxic response,"Zheng X, Zhou AX, Rouhi P, Uramoto H, Borén J, Cao Y, Pereira T, Akyürek LM, Poellinger L.",Proc Natl Acad Sci U S A. 2014 Feb 18;111(7):2560-5. doi: 10.1073/pnas.1320815111. Epub 2014 Feb 3.,Zheng X,Proc Natl Acad Sci U S A,2014,2014-02-20 00:00:00,PMC3932879,,10.1073/pnas.1320815111
,24297527,Prolonged androgen deprivation leads to overexpression of calpain 2: implications for prostate cancer progression,"Liu T, Mendes DE, Berkman CE.",Int J Oncol. 2014 Feb;44(2):467-72. doi: 10.3892/ijo.2013.2196. Epub 2013 Nov 29.,Liu T,Int J Oncol,2014,2013-12-04 00:00:00,PMC3898865,,10.3892/ijo.2013.2196
,24200678,Valvular dystrophy associated filamin A mutations reveal a new role of its first repeats in small-GTPase regulation,"Duval D, Lardeux A, Le Tourneau T, Norris RA, Markwald RR, Sauzeau V, Probst V, Le Marec H, Levine R, Schott JJ, Merot J.",Biochim Biophys Acta. 2014 Feb;1843(2):234-44. doi: 10.1016/j.bbamcr.2013.10.022. Epub 2013 Nov 4.,Duval D,Biochim Biophys Acta,2014,2013-11-09 00:00:00,PMC3928473,NIHMS537874,10.1016/j.bbamcr.2013.10.022
,24120284,Obligatory roles of filamin A in E-cadherin-mediated cell-cell adhesion in epidermal keratinocytes,"Tu CL, You M.",J Dermatol Sci. 2014 Feb;73(2):142-51. doi: 10.1016/j.jdermsci.2013.09.007. Epub 2013 Sep 26.,Tu CL,J Dermatol Sci,2014,2013-10-15 00:00:00,PMC3947258,NIHMS532205,10.1016/j.jdermsci.2013.09.007
,24413261,Differential expression of the alternatively spliced OPRM1 isoform μ-opioid receptor-1K in HIV-infected individuals,"Dever SM, Costin BN, Xu R, El-Hage N, Balinang J, Samoshkin A, O'Brien MA, McRae M, Diatchenko L, Knapp PE, Hauser KF.",AIDS. 2014 Jan 2;28(1):19-30. doi: 10.1097/QAD.0000000000000113.,Dever SM,AIDS,2014,2014-01-14 00:00:00,PMC3939043,NIHMS544032,10.1097/QAD.0000000000000113
,25182765,Analysis of the androgen receptor/filamin a complex in stromal cells,"Giovannelli P, Di Donato M, Auricchio F, Castoria G.",Methods Mol Biol. 2014;1204:109-21. doi: 10.1007/978-1-4939-1346-6_10.,Giovannelli P,Methods Mol Biol,2014,2014-09-04 00:00:00,,,10.1007/978-1-4939-1346-6_10
,25033545,[Filamin A as a mediator of alterations in cancer cells],"Wieczorek K, Niewiarowska J.",Postepy Biochem. 2014;60(1):77-83.,Wieczorek K,Postepy Biochem,2014,2014-07-19 00:00:00,,,
,24870795,Interactions between filamin A and MMP-9 regulate proliferation and invasion in renal cell carcinoma,"Sun GG, Wei CD, Jing SW, Hu WN.",Asian Pac J Cancer Prev. 2014;15(8):3789-95. doi: 10.7314/apjcp.2014.15.8.3789.,Sun GG,Asian Pac J Cancer Prev,2014,2014-05-30 00:00:00,,,10.7314/apjcp.2014.15.8.3789
,24243761,"Screening of TGFBR1, TGFBR2, and FLNA in familial mitral valve prolapse","Aalberts JJ, van Tintelen JP, Oomen T, Bergman JE, Halley DJ, Jongbloed JD, Suurmeijer AJ, van den Berg MP.",Am J Med Genet A. 2014 Jan;164A(1):113-9. doi: 10.1002/ajmg.a.36211. Epub 2013 Nov 15.,Aalberts JJ,Am J Med Genet A,2014,2013-11-19 00:00:00,,,10.1002/ajmg.a.36211
,24177323,Proteasome proteolysis supports stimulated platelet function and thrombosis,"Gupta N, Li W, Willard B, Silverstein RL, McIntyre TM.",Arterioscler Thromb Vasc Biol. 2014 Jan;34(1):160-8. doi: 10.1161/ATVBAHA.113.302116. Epub 2013 Oct 31.,Gupta N,Arterioscler Thromb Vasc Biol,2014,2013-11-02 00:00:00,PMC4059534,NIHMS587822,10.1161/ATVBAHA.113.302116
,24097310,Filamin A protects cells against force-induced apoptosis by stabilizing talin- and vinculin-containing cell adhesions,"Pinto VI, Senini VW, Wang Y, Kazembe MP, McCulloch CA.",FASEB J. 2014 Jan;28(1):453-63. doi: 10.1096/fj.13-233759. Epub 2013 Oct 4.,Pinto VI,FASEB J,2014,2013-10-08 00:00:00,,,10.1096/fj.13-233759
,24340050,"Down-regulation of Filamin A interacting protein 1-like Is associated with promoter methylation and an invasive phenotype in breast, colon, lung and pancreatic cancers [corrected]","Kwon M, Lee SJ, Reddy S, Rybak Y, Adem A, Libutti SK.",PLoS One. 2013 Dec 5;8(12):e82620. doi: 10.1371/journal.pone.0082620. eCollection 2013.,Kwon M,PLoS One,2013,2013-12-17 00:00:00,PMC3855469,,10.1371/journal.pone.0082620
,24108109,"The dual role of filamin A in cancer: can't live with (too much of) it, can't live without it","Savoy RM, Ghosh PM.",Endocr Relat Cancer. 2013 Nov 4;20(6):R341-56. doi: 10.1530/ERC-13-0364. Print 2013 Dec.,Savoy RM,Endocr Relat Cancer,2013,2013-10-11 00:00:00,PMC4376317,NIHMS673753,10.1530/ERC-13-0364
,24044920,Phosphorylation of serine 323 of ASB2α is pivotal for the targeting of filamin A to degradation,"Zakaria R, Lamsoul I, Uttenweiler-Joseph S, Erard M, Monsarrat B, Burlet-Schiltz O, Moog-Lutz C, Lutz PG.",Cell Signal. 2013 Dec;25(12):2823-30. doi: 10.1016/j.cellsig.2013.09.011. Epub 2013 Sep 15.,Zakaria R,Cell Signal,2013,2013-09-19 00:00:00,,,10.1016/j.cellsig.2013.09.011
,24089360,Grb7 and Filamin-a associate and are colocalized to cell membrane ruffles upon EGF stimulation,"Paudyal P, Shrestha S, Madanayake T, Shuster CB, Rohrschneider LR, Rowland A, Lyons BA.",J Mol Recognit. 2013 Nov;26(11):532-41. doi: 10.1002/jmr.2297.,Paudyal P,J Mol Recognit,2013,2013-10-04 00:00:00,PMC4096567,NIHMS520548,10.1002/jmr.2297
,24056535,Periventricular heterotopia in 6q terminal deletion syndrome: role of the C6orf70 gene,"Conti V, Carabalona A, Pallesi-Pocachard E, Parrini E, Leventer RJ, Buhler E, McGillivray G, Michel FJ, Striano P, Mei D, Watrin F, Lise S, Pagnamenta AT, Taylor JC, Kini U, Clayton-Smith J, Novara F, Zuffardi O, Dobyns WB, Scheffer IE, Robertson SP, Berkovic SF, Represa A, Keays DA, Cardoso C, Guerrini R.",Brain. 2013 Nov;136(Pt 11):3378-94. doi: 10.1093/brain/awt249. Epub 2013 Sep 20.,Conti V,Brain,2013,2013-09-24 00:00:00,,,10.1093/brain/awt249
,24052262,"ASB2α, an E3 ubiquitin ligase specificity subunit, regulates cell spreading and triggers proteasomal degradation of filamins by targeting the filamin calponin homology 1 domain","Razinia Z, Baldassarre M, Cantelli G, Calderwood DA.",J Biol Chem. 2013 Nov 1;288(44):32093-105. doi: 10.1074/jbc.M113.496604. Epub 2013 Sep 19.,Razinia Z,J Biol Chem,2013,2013-09-21 00:00:00,PMC3814802,,10.1074/jbc.M113.496604
,24021649,The cytoplasmic domain of neuropilin-1 regulates focal adhesion turnover,"Seerapu HR, Borthakur S, Kong N, Agrawal S, Drazba J, Vasanji A, Fantin A, Ruhrberg C, Buck M, Horowitz A.",FEBS Lett. 2013 Nov 1;587(21):3392-9. doi: 10.1016/j.febslet.2013.08.040. Epub 2013 Sep 8.,Seerapu HR,FEBS Lett,2013,2013-09-12 00:00:00,PMC3856898,NIHMS524729,10.1016/j.febslet.2013.08.040
,23988151,MMGBSA as a tool to understand the binding affinities of filamin-peptide interactions,"Ylilauri M, Pentikäinen OT.",J Chem Inf Model. 2013 Oct 28;53(10):2626-33. doi: 10.1021/ci4002475. Epub 2013 Sep 13.,Ylilauri M,J Chem Inf Model,2013,2013-08-31 00:00:00,,,10.1021/ci4002475
,24205360,Filamin-A regulates neutrophil uropod retraction through RhoA during chemotaxis,"Sun C, Forster C, Nakamura F, Glogauer M.",PLoS One. 2013 Oct 25;8(10):e79009. doi: 10.1371/journal.pone.0079009. eCollection 2013.,Sun C,PLoS One,2013,2013-11-09 00:00:00,PMC3808352,,10.1371/journal.pone.0079009
,24089482,Filamin A regulates neuronal migration through brefeldin A-inhibited guanine exchange factor 2-dependent Arf1 activation,"Zhang J, Neal J, Lian G, Hu J, Lu J, Sheen V.",J Neurosci. 2013 Oct 2;33(40):15735-46. doi: 10.1523/JNEUROSCI.1939-13.2013.,Zhang J,J Neurosci,2013,2013-10-04 00:00:00,PMC3787497,,10.1523/JNEUROSCI.1939-13.2013
,24025532,Spatio-temporal profiling of Filamin A RNA-editing reveals ADAR preferences and high editing levels outside neuronal tissues,"Stulić M, Jantsch MF.",RNA Biol. 2013 Oct;10(10):1611-7. doi: 10.4161/rna.26216. Epub 2013 Sep 4.,Stulić M,RNA Biol,2013,2013-09-13 00:00:00,PMC3866242,,10.4161/rna.26216
,24081490,Analysis of the local organization and dynamics of cellular actin networks,"Luo W, Yu CH, Lieu ZZ, Allard J, Mogilner A, Sheetz MP, Bershadsky AD.",J Cell Biol. 2013 Sep 30;202(7):1057-73. doi: 10.1083/jcb.201210123.,Luo W,J Cell Biol,2013,2013-10-02 00:00:00,PMC3787384,,10.1083/jcb.201210123
,23806659,Structure and function of palladin's actin binding domain,"Beck MR, Dixon RD, Goicoechea SM, Murphy GS, Brungardt JG, Beam MT, Srinath P, Patel J, Mohiuddin J, Otey CA, Campbell SL.",J Mol Biol. 2013 Sep 23;425(18):3325-37. doi: 10.1016/j.jmb.2013.06.016. Epub 2013 Jun 25.,Beck MR,J Mol Biol,2013,2013-06-29 00:00:00,PMC3759364,NIHMS500449,10.1016/j.jmb.2013.06.016
,23843620,Rac1 is deactivated at integrin activation sites through an IQGAP1-filamin-A-RacGAP1 pathway,"Jacquemet G, Morgan MR, Byron A, Humphries JD, Choi CK, Chen CS, Caswell PT, Humphries MJ.",J Cell Sci. 2013 Sep 15;126(Pt 18):4121-35. doi: 10.1242/jcs.121988. Epub 2013 Jul 10.,Jacquemet G,J Cell Sci,2013,2013-07-12 00:00:00,PMC3772387,,10.1242/jcs.121988
,24019887,Integrated analysis of global mRNA and protein expression data in HEK293 cells overexpressing PRL-1,"Dumaual CM, Steere BA, Walls CD, Wang M, Zhang ZY, Randall SK.",PLoS One. 2013 Sep 3;8(9):e72977. doi: 10.1371/journal.pone.0072977. eCollection 2013.,Dumaual CM,PLoS One,2013,2013-09-11 00:00:00,PMC3760866,,10.1371/journal.pone.0072977
,24137390,Differential expression of filamin A and its clinical significance in breast cancer,"Tian HM, Liu XH, Han W, Zhao LL, Yuan B, Yuan CJ.",Oncol Lett. 2013 Sep;6(3):681-686. doi: 10.3892/ol.2013.1454. Epub 2013 Jul 9.,Tian HM,Oncol Lett,2013,2013-10-19 00:00:00,PMC3789035,,10.3892/ol.2013.1454
,23929303,Bernard-Soulier syndrome: an update,"Andrews RK, Berndt MC.",Semin Thromb Hemost. 2013 Sep;39(6):656-62. doi: 10.1055/s-0033-1353390. Epub 2013 Aug 8.,Andrews RK,Semin Thromb Hemost,2013,2013-08-10 00:00:00,,,10.1055/s-0033-1353390
,23873601,Novel no-stop FLNA mutation causes multi-organ involvement in males,"Oegema R, Hulst JM, Theuns-Valks SD, van Unen LM, Schot R, Mancini GM, Schipper ME, de Wit MC, Sibbles BJ, de Coo IF, Nanninga V, Hofstra RM, Halley DJ, Brooks AS.",Am J Med Genet A. 2013 Sep;161A(9):2376-84. doi: 10.1002/ajmg.a.36109. Epub 2013 Jul 19.,Oegema R,Am J Med Genet A,2013,2013-07-23 00:00:00,,,10.1002/ajmg.a.36109
,23977256,Calpain-2 compensation promotes angiotensin II-induced ascending and abdominal aortic aneurysms in calpain-1 deficient mice,"Subramanian V, Moorleghen JJ, Balakrishnan A, Howatt DA, Chishti AH, Uchida HA.",PLoS One. 2013 Aug 19;8(8):e72214. doi: 10.1371/journal.pone.0072214. eCollection 2013.,Subramanian V,PLoS One,2013,2013-08-27 00:00:00,PMC3747148,,10.1371/journal.pone.0072214
,23801747,Regulation of the transcriptional coactivator FHL2 licenses activation of the androgen receptor in castrate-resistant prostate cancer,"McGrath MJ, Binge LC, Sriratana A, Wang H, Robinson PA, Pook D, Fedele CG, Brown S, Dyson JM, Cottle DL, Cowling BS, Niranjan B, Risbridger GP, Mitchell CA.",Cancer Res. 2013 Aug 15;73(16):5066-79. doi: 10.1158/0008-5472.CAN-12-4520. Epub 2013 Jun 25.,McGrath MJ,Cancer Res,2013,2013-06-27 00:00:00,,,10.1158/0008-5472.CAN-12-4520
,24778940,Filamin and Phospholipase C-ε are required for calcium signaling in the Caenorhabditis elegans Spermatheca,"Kovacevic I, Cram EJ.",Worm. 2013 Jul 1;2(3):e25717. doi: 10.4161/worm.25717. Epub 2013 Jul 12.,Kovacevic I,Worm,2013,2014-04-30 00:00:00,PMC3875652,,10.4161/worm.25717
,23763313,FilGAP and its close relatives: a mediator of Rho-Rac antagonism that regulates cell morphology and migration,Nakamura F.,Biochem J. 2013 Jul 1;453(1):17-25. doi: 10.1042/BJ20130290.,Nakamura F,Biochem J,2013,2013-06-15 00:00:00,,,10.1042/BJ20130290
,23636454,RACK1 interacts with filamin-A to regulate plasma membrane levels of the cystic fibrosis transmembrane conductance regulator,"Smith L, Litman P, Kohli E, Amick J, Page RC, Misra S, Liedtke CM.",Am J Physiol Cell Physiol. 2013 Jul 1;305(1):C111-20. doi: 10.1152/ajpcell.00026.2013. Epub 2013 May 1.,Smith L,Am J Physiol Cell Physiol,2013,2013-05-03 00:00:00,PMC3725521,,10.1152/ajpcell.00026.2013
,23531444,Insufficient versican cleavage and Smad2 phosphorylation results in bicuspid aortic and pulmonary valves,"Dupuis LE, Osinska H, Weinstein MB, Hinton RB, Kern CB.",J Mol Cell Cardiol. 2013 Jul;60:50-9. doi: 10.1016/j.yjmcc.2013.03.010. Epub 2013 Mar 24.,Dupuis LE,J Mol Cell Cardiol,2013,2013-03-28 00:00:00,PMC4437693,NIHMS478422,10.1016/j.yjmcc.2013.03.010
,23647160,Genome wide proteomics of ERBB2 and EGFR and other oncogenic pathways in inflammatory breast cancer,"Zhang EY, Cristofanilli M, Robertson F, Reuben JM, Mu Z, Beavis RC, Im H, Snyder M, Hofree M, Ideker T, Omenn GS, Fanayan S, Jeong SK, Paik YK, Zhang AF, Wu SL, Hancock WS.",J Proteome Res. 2013 Jun 7;12(6):2805-17. doi: 10.1021/pr4001527. Epub 2013 May 22.,Zhang EY,J Proteome Res,2013,2013-05-08 00:00:00,PMC4142215,NIHMS484555,10.1021/pr4001527
,23856261,"The calcium sensing receptor life cycle: trafficking, cell surface expression, and degradation",Breitwieser GE.,Best Pract Res Clin Endocrinol Metab. 2013 Jun;27(3):303-13. doi: 10.1016/j.beem.2013.03.003. Epub 2013 Apr 19.,Breitwieser GE,Best Pract Res Clin Endocrinol Metab,2013,2013-07-17 00:00:00,,,10.1016/j.beem.2013.03.003
,23636902,Paternal inheritance of classic X-linked bilateral periventricular nodular heterotopia,"Kasper BS, Kurzbuch K, Chang BS, Pauli E, Hamer HM, Winkler J, Hehr U.",Am J Med Genet A. 2013 Jun;161A(6):1323-8. doi: 10.1002/ajmg.a.35917. Epub 2013 May 1.,Kasper BS,Am J Med Genet A,2013,2013-05-03 00:00:00,,,10.1002/ajmg.a.35917
,23663845,Domain-domain interactions in filamin A (16-23) impose a hierarchy of unfolding forces,"Xu T, Lannon H, Wolf S, Nakamura F, Brujic J.",Biophys J. 2013 May 7;104(9):2022-30. doi: 10.1016/j.bpj.2013.03.034.,Xu T,Biophys J,2013,2013-05-14 00:00:00,PMC3647155,,10.1016/j.bpj.2013.03.034
,23671426,Filamin and phospholipase C-ε are required for calcium signaling in the Caenorhabditis elegans spermatheca,"Kovacevic I, Orozco JM, Cram EJ.",PLoS Genet. 2013 May;9(5):e1003510. doi: 10.1371/journal.pgen.1003510. Epub 2013 May 9.,Kovacevic I,PLoS Genet,2013,2013-05-15 00:00:00,PMC3650001,,10.1371/journal.pgen.1003510
,23645746,Mitogen-inducible Gene-2 (MIG2) and migfilin expression is reduced in samples of human breast cancer,"Gkretsi V, Papanikolaou V, Zacharia LC, Athanassiou E, Wu C, Tsezou A.",Anticancer Res. 2013 May;33(5):1977-81.,Gkretsi V,Anticancer Res,2013,2013-05-07 00:00:00,,,
,23584089,A colorectal cancer classification system that associates cellular phenotype and responses to therapy,"Sadanandam A, Lyssiotis CA, Homicsko K, Collisson EA, Gibb WJ, Wullschleger S, Ostos LC, Lannon WA, Grotzinger C, Del Rio M, Lhermitte B, Olshen AB, Wiedenmann B, Cantley LC, Gray JW, Hanahan D.",Nat Med. 2013 May;19(5):619-25. doi: 10.1038/nm.3175. Epub 2013 Apr 14.,Sadanandam A,Nat Med,2013,2013-04-16 00:00:00,PMC3774607,NIHMS511820,10.1038/nm.3175
,23032111,Vascular and connective tissue anomalies associated with X-linked periventricular heterotopia due to mutations in Filamin A,"Reinstein E, Frentz S, Morgan T, García-Miñaúr S, Leventer RJ, McGillivray G, Pariani M, van der Steen A, Pope M, Holder-Espinasse M, Scott R, Thompson EM, Robertson T, Coppin B, Siegel R, Bret Zurita M, Rodríguez JI, Morales C, Rodrigues Y, Arcas J, Saggar A, Horton M, Zackai E, Graham JM, Rimoin DL, Robertson SP.",Eur J Hum Genet. 2013 May;21(5):494-502. doi: 10.1038/ejhg.2012.209. Epub 2012 Oct 3.,Reinstein E,Eur J Hum Genet,2013,2012-10-04 00:00:00,PMC3641385,,10.1038/ejhg.2012.209
,23429260,Deregulation of smooth muscle cell cytoskeleton within the human atherosclerotic coronary media layer,"de la Cuesta F, Zubiri I, Maroto AS, Posada M, Padial LR, Vivanco F, Alvarez-Llamas G, Barderas MG.",J Proteomics. 2013 Apr 26;82:155-65. doi: 10.1016/j.jprot.2013.01.032. Epub 2013 Feb 18.,de la Cuesta F,J Proteomics,2013,2013-02-23 00:00:00,,,10.1016/j.jprot.2013.01.032
,23575248,Gelsolin activity controls efficient early HIV-1 infection,"García-Expósito L, Ziglio S, Barroso-González J, de Armas-Rillo L, Valera MS, Zipeto D, Machado JD, Valenzuela-Fernández A.",Retrovirology. 2013 Apr 10;10:39. doi: 10.1186/1742-4690-10-39.,García-Expósito L,Retrovirology,2013,2013-04-12 00:00:00,PMC3626799,,10.1186/1742-4690-10-39
,23496306,"Tubulin beta chain, filamin A alpha isoform 1, and cytochrome b-c1 complex subunit 1 as serological diagnostic biomarkers of esophageal squamous cell carcinoma: a proteomics study","Fan NJ, Gao CF, Wang XL.",OMICS. 2013 Apr;17(4):215-23. doi: 10.1089/omi.2012.0133. Epub 2013 Mar 15.,Fan NJ,OMICS,2013,2013-03-19 00:00:00,,,10.1089/omi.2012.0133
,23037936,Congenital short bowel syndrome as the presenting symptom in male patients with FLNA mutations,"van der Werf CS, Sribudiani Y, Verheij JB, Carroll M, O'Loughlin E, Chen CH, Brooks AS, Liszewski MK, Atkinson JP, Hofstra RM.",Genet Med. 2013 Apr;15(4):310-3. doi: 10.1038/gim.2012.123. Epub 2012 Oct 4.,van der Werf CS,Genet Med,2013,2012-10-06 00:00:00,,,10.1038/gim.2012.123
,27625837,Otopalatodigital syndrome type 2 in a male infant: A case report with a novel sequence variation,"Sankararaman S, Kurepa D, Shen Y, Kakkilaya V, Ursin S, Chen H.",J Pediatr Genet. 2013 Mar;2(1):33-6. doi: 10.3233/PGE-13045.,Sankararaman S,J Pediatr Genet,2013,2016-09-15 00:00:00,PMC5020956,,10.3233/PGE-13045
,23340249,Tyrosyl phosphorylated PAK1 regulates breast cancer cell motility in response to prolactin through filamin A,"Hammer A, Rider L, Oladimeji P, Cook L, Li Q, Mattingly RR, Diakonova M.",Mol Endocrinol. 2013 Mar;27(3):455-65. doi: 10.1210/me.2012-1291. Epub 2013 Jan 22.,Hammer A,Mol Endocrinol,2013,2013-01-24 00:00:00,PMC3589676,,10.1210/me.2012-1291
,23388158,Complex roles of filamin-A mediated cytoskeleton network in cancer progression,"Yue J, Huhn S, Shen Z.",Cell Biosci. 2013 Feb 6;3(1):7. doi: 10.1186/2045-3701-3-7.,Yue J,Cell Biosci,2013,2013-02-08 00:00:00,PMC3573937,,10.1186/2045-3701-3-7
,23264443,Selective involvement of serum response factor in pressure-induced myogenic tone in resistance arteries,"Retailleau K, Toutain B, Galmiche G, Fassot C, Sharif-Naeini R, Kauffenstein G, Mericskay M, Duprat F, Grimaud L, Merot J, Lardeux A, Pizard A, Baudrie V, Jeunemaitre X, Feil R, Göthert JR, Lacolley P, Henrion D, Li Z, Loufrani L.",Arterioscler Thromb Vasc Biol. 2013 Feb;33(2):339-46. doi: 10.1161/ATVBAHA.112.300708. Epub 2012 Dec 20.,Retailleau K,Arterioscler Thromb Vasc Biol,2013,2012-12-25 00:00:00,,,10.1161/ATVBAHA.112.300708
,23220206,Bronchial balloon occlusion in children with complex pulmonary air leaks,"Hathorn C, Armitage N, Wensley D, Seear M.",Arch Dis Child. 2013 Feb;98(2):136-40. doi: 10.1136/archdischild-2012-302529. Epub 2012 Dec 6.,Hathorn C,Arch Dis Child,2013,2012-12-11 00:00:00,,,10.1136/archdischild-2012-302529
,23161538,Filamin interacts with epithelial sodium channel and inhibits its channel function,"Wang Q, Dai XQ, Li Q, Tuli J, Liang G, Li SS, Chen XZ.",J Biol Chem. 2013 Jan 4;288(1):264-73. doi: 10.1074/jbc.M112.396408. Epub 2012 Nov 16.,Wang Q,J Biol Chem,2013,2012-11-20 00:00:00,PMC3537021,,10.1074/jbc.M112.396408
,23622213,Diffuse malformations of cortical development,"Bahi-Buisson N, Guerrini R.",Handb Clin Neurol. 2013;111:653-65. doi: 10.1016/B978-0-444-52891-9.00068-3.,Bahi-Buisson N,Handb Clin Neurol,2013,2013-04-30 00:00:00,,,10.1016/B978-0-444-52891-9.00068-3
,23571456,Mechanical perturbation of filamin A immunoglobulin repeats 20-21 reveals potential non-equilibrium mechanochemical partner binding function,"Chen H, Chandrasekar S, Sheetz MP, Stossel TP, Nakamura F, Yan J.",Sci Rep. 2013;3:1642. doi: 10.1038/srep01642.,Chen H,Sci Rep,2013,2013-04-11 00:00:00,PMC3622079,,10.1038/srep01642
,23289018,Inhibition of filamin-A reduces cancer metastatic potential,"Jiang X, Yue J, Lu H, Campbell N, Yang Q, Lan S, Haffty BG, Yuan C, Shen Z.",Int J Biol Sci. 2013;9(1):67-77. doi: 10.7150/ijbs.5577. Epub 2012 Dec 21.,Jiang X,Int J Biol Sci,2013,2013-01-05 00:00:00,PMC3535535,,10.7150/ijbs.5577
,23277876,Association Analysis Between FILIP1 Polymorphisms and Aspirin Hypersensitivity in Korean Asthmatics,"Kim JY, Kim JH, Park BL, Pasaje CF, Bae JS, Park JS, Jang AS, Uh ST, Kim YH, Kim MK, Choi IS, Cho SH, Choi BW, Park CS, Shin HD.",Allergy Asthma Immunol Res. 2013 Jan;5(1):34-41. doi: 10.4168/aair.2013.5.1.34. Epub 2012 Oct 25.,Kim JY,Allergy Asthma Immunol Res,2013,2013-01-02 00:00:00,PMC3529227,,10.4168/aair.2013.5.1.34
,23117662,Heterogeneity of platelet functional alterations in patients with filamin A mutations,"Berrou E, Adam F, Lebret M, Fergelot P, Kauskot A, Coupry I, Jandrot-Perrus M, Nurden A, Favier R, Rosa JP, Goizet C, Nurden P, Bryckaert M.",Arterioscler Thromb Vasc Biol. 2013 Jan;33(1):e11-8. doi: 10.1161/ATVBAHA.112.300603. Epub 2012 Nov 1.,Berrou E,Arterioscler Thromb Vasc Biol,2013,2012-11-03 00:00:00,,,10.1161/ATVBAHA.112.300603
,23115305,Endoplasmic spreading requires coalescence of vimentin intermediate filaments at force-bearing adhesions,"Lynch CD, Lazar AM, Iskratsch T, Zhang X, Sheetz MP.",Mol Biol Cell. 2013 Jan;24(1):21-30. doi: 10.1091/mbc.E12-05-0377. Epub 2012 Oct 31.,Lynch CD,Mol Biol Cell,2013,2012-11-02 00:00:00,PMC3530776,,10.1091/mbc.E12-05-0377
,22372530,New insights into the versatile roles of platelet FlnA,Falet H.,Platelets. 2013;24(1):1-5. doi: 10.3109/09537104.2011.654004. Epub 2012 Feb 28.,Falet H,Platelets,2013,2012-03-01 00:00:00,PMC6781629,NIHMS1052415,10.3109/09537104.2011.654004
,23041423,Electron microscopy and 3D reconstruction reveals filamin Ig domain binding to F-actin,"Suphamungmee W, Nakamura F, Hartwig JH, Lehman W.",J Mol Biol. 2012 Dec 14;424(5):248-56. doi: 10.1016/j.jmb.2012.09.025. Epub 2012 Oct 4.,Suphamungmee W,J Mol Biol,2012,2012-10-09 00:00:00,PMC3502691,NIHMS412382,10.1016/j.jmb.2012.09.025
,23087206,RhoD regulates cytoskeletal dynamics via the actin nucleation-promoting factor WASp homologue associated with actin Golgi membranes and microtubules,"Gad AK, Nehru V, Ruusala A, Aspenström P.",Mol Biol Cell. 2012 Dec;23(24):4807-19. doi: 10.1091/mbc.E12-07-0555. Epub 2012 Oct 19.,Gad AK,Mol Biol Cell,2012,2012-10-23 00:00:00,PMC3521688,,10.1091/mbc.E12-07-0555
,23044792,Patient-specific protein aggregates in myofibrillar myopathies: laser microdissection and differential proteomics for identification of plaque components,"Feldkirchner S, Schessl J, Müller S, Schoser B, Hanisch FG.",Proteomics. 2012 Dec;12(23-24):3598-609. doi: 10.1002/pmic.201100559. Epub 2012 Nov 5.,Feldkirchner S,Proteomics,2012,2012-10-10 00:00:00,,,10.1002/pmic.201100559
,22993077,Enhancing the effectiveness of androgen deprivation in prostate cancer by inducing Filamin A nuclear localization,"Mooso BA, Vinall RL, Tepper CG, Savoy RM, Cheung JP, Singh S, Siddiqui S, Wang Y, Bedolla RG, Martinez A, Mudryj M, Kung HJ, Devere White RW, Ghosh PM.",Endocr Relat Cancer. 2012 Nov 9;19(6):759-77. doi: 10.1530/ERC-12-0171. Print 2012 Dec.,Mooso BA,Endocr Relat Cancer,2012,2012-09-21 00:00:00,PMC3540117,NIHMS427235,10.1530/ERC-12-0171
,23150587,Dynamic force sensing of filamin revealed in single-molecule experiments,"Rognoni L, Stigler J, Pelz B, Ylänne J, Rief M.",Proc Natl Acad Sci U S A. 2012 Nov 27;109(48):19679-84. doi: 10.1073/pnas.1211274109. Epub 2012 Nov 13.,Rognoni L,Proc Natl Acad Sci U S A,2012,2012-11-15 00:00:00,PMC3511698,,10.1073/pnas.1211274109
,23007402,Epidermal growth factor (EGF) regulates α5β1 integrin activation state in human cancer cell lines through the p90RSK-dependent phosphorylation of filamin A,"Vial D, McKeown-Longo PJ.",J Biol Chem. 2012 Nov 23;287(48):40371-80. doi: 10.1074/jbc.M112.389577. Epub 2012 Sep 24.,Vial D,J Biol Chem,2012,2012-09-26 00:00:00,PMC3504752,,10.1074/jbc.M112.389577
,22948144,HCN1 and HCN2 proteins are expressed in cochlear hair cells: HCN1 can form a ternary complex with protocadherin 15 CD3 and F-actin-binding filamin A or can interact with HCN2,"Ramakrishnan NA, Drescher MJ, Khan KM, Hatfield JS, Drescher DG.",J Biol Chem. 2012 Nov 2;287(45):37628-46. doi: 10.1074/jbc.M112.375832. Epub 2012 Sep 4.,Ramakrishnan NA,J Biol Chem,2012,2012-09-06 00:00:00,PMC3488041,,10.1074/jbc.M112.375832
,22872576,Filamin A is a regulator of blood-testis barrier assembly during postnatal development in the rat testis,"Su W, Mruk DD, Lie PP, Lui WY, Cheng CY.",Endocrinology. 2012 Oct;153(10):5023-35. doi: 10.1210/en.2012-1286. Epub 2012 Aug 7.,Su W,Endocrinology,2012,2012-08-09 00:00:00,PMC3512009,,10.1210/en.2012-1286
,22858023,MicroRNA-155 inhibits proliferation and migration of human extravillous trophoblast derived HTR-8/SVneo cells via down-regulating cyclin D1,"Dai Y, Qiu Z, Diao Z, Shen L, Xue P, Sun H, Hu Y.",Placenta. 2012 Oct;33(10):824-9. doi: 10.1016/j.placenta.2012.07.012. Epub 2012 Aug 1.,Dai Y,Placenta,2012,2012-08-04 00:00:00,,,10.1016/j.placenta.2012.07.012
,22843703,Developmental basis for filamin-A-associated myxomatous mitral valve disease,"Sauls K, de Vlaming A, Harris BS, Williams K, Wessels A, Levine RA, Slaugenhaupt SA, Goodwin RL, Pavone LM, Merot J, Schott JJ, Le Tourneau T, Dix T, Jesinkey S, Feng Y, Walsh C, Zhou B, Baldwin S, Markwald RR, Norris RA.",Cardiovasc Res. 2012 Oct 1;96(1):109-19. doi: 10.1093/cvr/cvs238. Epub 2012 Jul 25.,Sauls K,Cardiovasc Res,2012,2012-07-31 00:00:00,PMC3444235,,10.1093/cvr/cvs238
,22698694,C-Terminal region of teneurin-1 co-localizes with dystroglycan and modulates cytoskeletal organization through an extracellular signal-regulated kinase-dependent stathmin- and filamin A-mediated mechanism in hippocampal cells,"Chand D, Song L, deLannoy L, Barsyte-Lovejoy D, Ackloo S, Boutros PC, Evans K, Belsham DD, Lovejoy DA.",Neuroscience. 2012 Sep 6;219:255-70. doi: 10.1016/j.neuroscience.2012.05.069. Epub 2012 Jun 12.,Chand D,Neuroscience,2012,2012-06-16 00:00:00,,,10.1016/j.neuroscience.2012.05.069
,22956851,Brefeldin A-inhibited guanine exchange factor 2 regulates filamin A phosphorylation and neuronal migration,"Zhang J, Neal J, Lian G, Shi B, Ferland RJ, Sheen V.",J Neurosci. 2012 Sep 5;32(36):12619-29. doi: 10.1523/JNEUROSCI.1063-12.2012.,Zhang J,J Neurosci,2012,2012-09-08 00:00:00,PMC3478955,NIHMS405821,10.1523/JNEUROSCI.1063-12.2012
,22798264,A strategy for developing a hammerhead ribozyme for selective RNA cleavage depending on substitutional RNA editing,"Fukuda M, Kurihara K, Tanaka Y, Deshimaru M.",RNA. 2012 Sep;18(9):1735-44. doi: 10.1261/rna.033399.112. Epub 2012 Jul 13.,Fukuda M,RNA,2012,2012-07-17 00:00:00,PMC3425787,,10.1261/rna.033399.112
,22676060,The C-terminal rod 2 fragment of filamin A forms a compact structure that can be extended,"Ruskamo S, Gilbert R, Hofmann G, Jiang P, Campbell ID, Ylänne J, Pentikäinen U.",Biochem J. 2012 Sep 1;446(2):261-9. doi: 10.1042/BJ20120361.,Ruskamo S,Biochem J,2012,2012-06-09 00:00:00,,,10.1042/BJ20120361
,22434607,Distinct regional and subcellular localization of the actin-binding protein filamin A in the mature rat brain,"Noam Y, Phan L, McClelland S, Manders EM, Ehrengruber MU, Wadman WJ, Baram TZ, Chen Y.",J Comp Neurol. 2012 Sep 1;520(13):3013-34. doi: 10.1002/cne.23106.,Noam Y,J Comp Neurol,2012,2012-03-22 00:00:00,PMC3393847,NIHMS383025,10.1002/cne.23106
,22414427,The evolution of filamin-a protein domain repeat perspective,"Light S, Sagit R, Ithychanda SS, Qin J, Elofsson A.",J Struct Biol. 2012 Sep;179(3):289-98. doi: 10.1016/j.jsb.2012.02.010. Epub 2012 Mar 10.,Light S,J Struct Biol,2012,2012-03-15 00:00:00,PMC3728663,NIHMS470530,10.1016/j.jsb.2012.02.010
,22595522,Filamin A controls matrix metalloproteinase activity and regulates cell invasion in human fibrosarcoma cells,"Baldassarre M, Razinia Z, Brahme NN, Buccione R, Calderwood DA.",J Cell Sci. 2012 Aug 15;125(Pt 16):3858-69. doi: 10.1242/jcs.104018. Epub 2012 May 17.,Baldassarre M,J Cell Sci,2012,2012-05-19 00:00:00,PMC3462082,,10.1242/jcs.104018
,22857000,Targeting filamin A reduces K-RAS-induced lung adenocarcinomas and endothelial response to tumor growth in mice,"Nallapalli RK, Ibrahim MX, Zhou AX, Bandaru S, Sunkara SN, Redfors B, Pazooki D, Zhang Y, Borén J, Cao Y, Bergo MO, Akyürek LM.",Mol Cancer. 2012 Aug 2;11:50. doi: 10.1186/1476-4598-11-50.,Nallapalli RK,Mol Cancer,2012,2012-08-04 00:00:00,PMC3441416,,10.1186/1476-4598-11-50
,22740120,Filamin A mutation associated with normal reading skills and dyslexia in a family with periventricular heterotopia,"Reinstein E, Chang BS, Robertson SP, Rimoin DL, Katzir T.",Am J Med Genet A. 2012 Aug;158A(8):1897-901. doi: 10.1002/ajmg.a.35455. Epub 2012 Jun 27.,Reinstein E,Am J Med Genet A,2012,2012-06-29 00:00:00,,,10.1002/ajmg.a.35455
,22815492,Reducing amyloid-related Alzheimer's disease pathogenesis by a small molecule targeting filamin A,"Wang HY, Bakshi K, Frankfurt M, Stucky A, Goberdhan M, Shah SM, Burns LH.",J Neurosci. 2012 Jul 18;32(29):9773-84. doi: 10.1523/JNEUROSCI.0354-12.2012.,Wang HY,J Neurosci,2012,2012-07-21 00:00:00,PMC6621293,,10.1523/JNEUROSCI.0354-12.2012
,22771033,BRCA2 localization to the midbody by filamin A regulates cep55 signaling and completion of cytokinesis,"Mondal G, Rowley M, Guidugli L, Wu J, Pankratz VS, Couch FJ.",Dev Cell. 2012 Jul 17;23(1):137-52. doi: 10.1016/j.devcel.2012.05.008. Epub 2012 Jul 5.,Mondal G,Dev Cell,2012,2012-07-10 00:00:00,PMC3419138,NIHMS378427,10.1016/j.devcel.2012.05.008
,22527512,Combining ultracentrifugation and peptide termini group-specific immunoprecipitation for multiplex plasma protein analysis,"Volk S, Schreiber TD, Eisen D, Wiese C, Planatscher H, Pynn CJ, Stoll D, Templin MF, Joos TO, Pötz O.",Mol Cell Proteomics. 2012 Jul;11(7):O111.015438. doi: 10.1074/mcp.O111.015438. Epub 2012 Apr 23.,Volk S,Mol Cell Proteomics,2012,2012-04-25 00:00:00,PMC3394961,,10.1074/mcp.O111.015438
,22489840,Force-induced apoptosis mediated by the Rac/Pak/p38 signalling pathway is regulated by filamin A,"Shifrin Y, Pinto VI, Hassanali A, Arora PD, McCulloch CA.",Biochem J. 2012 Jul 1;445(1):57-67. doi: 10.1042/BJ20112119.,Shifrin Y,Biochem J,2012,2012-04-12 00:00:00,,,10.1042/BJ20112119
,22741587,A monoclonal antibody SZ-117 that recognizes filamin A derived from tumor cells,"Bu Z, Liu R, Shang B, Cao Z, Pan Y, Zhou Q, Ruan C.",Hybridoma (Larchmt). 2012 Jun;31(3):214-8. doi: 10.1089/hyb.2011.0109.,Bu Z,Hybridoma (Larchmt),2012,2012-06-30 00:00:00,PMC3386001,,10.1089/hyb.2011.0109
,22522697,Deletion of filamin A in two female patients with periventricular nodular heterotopia,"Chardon JW, Mignot C, Aradhya S, Keren B, Afenjar A, Kaminska A, Beldjord C, Héron D, Boycott KM.",Am J Med Genet A. 2012 Jun;158A(6):1512-6. doi: 10.1002/ajmg.a.35409. Epub 2012 Apr 20.,Chardon JW,Am J Med Genet A,2012,2012-04-24 00:00:00,,,10.1002/ajmg.a.35409
,22649246,Filamin a regulates neural progenitor proliferation and cortical size through Wee1-dependent Cdk1 phosphorylation,"Lian G, Lu J, Hu J, Zhang J, Cross SH, Ferland RJ, Sheen VL.",J Neurosci. 2012 May 30;32(22):7672-84. doi: 10.1523/JNEUROSCI.0894-12.2012.,Lian G,J Neurosci,2012,2012-06-01 00:00:00,PMC3368379,NIHMS381873,10.1523/JNEUROSCI.0894-12.2012
,22491093,A stem cell-based approach to cartilage repair,"Johnson K, Zhu S, Tremblay MS, Payette JN, Wang J, Bouchez LC, Meeusen S, Althage A, Cho CY, Wu X, Schultz PG.",Science. 2012 May 11;336(6082):717-21. doi: 10.1126/science.1215157. Epub 2012 Apr 5.,Johnson K,Science,2012,2012-04-12 00:00:00,,,10.1126/science.1215157
,21963844,Four proteins governing overangiogenic endothelial cell phenotype in patients with multiple myeloma are plausible therapeutic targets,"Berardi S, Caivano A, Ria R, Nico B, Savino R, Terracciano R, De Tullio G, Ferrucci A, De Luisi A, Moschetta M, Mangialardi G, Catacchio I, Basile A, Guarini A, Zito A, Ditonno P, Musto P, Dammacco F, Ribatti D, Vacca A.",Oncogene. 2012 May 3;31(18):2258-69. doi: 10.1038/onc.2011.412. Epub 2011 Oct 3.,Berardi S,Oncogene,2012,2011-10-04 00:00:00,,,10.1038/onc.2011.412
,22366253,Atypical male and female presentations of FLNA-related periventricular nodular heterotopia,"Fergelot P, Coupry I, Rooryck C, Deforges J, Maurat E, Solé G, Boute O, Dieux-Coeslier A, David A, Marchal C, Thambo JB, Lacombe D, Arveiler B, Goizet C.",Eur J Med Genet. 2012 May;55(5):313-8. doi: 10.1016/j.ejmg.2012.01.018. Epub 2012 Feb 8.,Fergelot P,Eur J Med Genet,2012,2012-02-28 00:00:00,,,10.1016/j.ejmg.2012.01.018
,22315094,Microparticles from ovarian carcinomas are shed into ascites and promote cell migration,"Press JZ, Reyes M, Pitteri SJ, Pennil C, Garcia R, Goff BA, Hanash SM, Swisher EM.",Int J Gynecol Cancer. 2012 May;22(4):546-52. doi: 10.1097/IGC.0b013e318241d9b9.,Press JZ,Int J Gynecol Cancer,2012,2012-02-09 00:00:00,,,10.1097/IGC.0b013e318241d9b9
,22198550,Comparative proteomics analysis of serum proteins in ulcerative colitis patients,"Li N, Wang X, Zhang Y, Zhai J, Zhang T, Wei K.",Mol Biol Rep. 2012 May;39(5):5659-67. doi: 10.1007/s11033-011-1373-2. Epub 2011 Dec 24.,Li N,Mol Biol Rep,2012,2011-12-27 00:00:00,,,10.1007/s11033-011-1373-2
,22452512,Model of a six immunoglobulin-like domain fragment of filamin A (16-21) built using residual dipolar couplings,"Tossavainen H, Koskela O, Jiang P, Ylänne J, Campbell ID, Kilpeläinen I, Permi P.",J Am Chem Soc. 2012 Apr 18;134(15):6660-72. doi: 10.1021/ja2114882. Epub 2012 Apr 10.,Tossavainen H,J Am Chem Soc,2012,2012-03-29 00:00:00,,,10.1021/ja2114882
,22334688,Macrophage mesenchymal migration requires podosome stabilization by filamin A,"Guiet R, Vérollet C, Lamsoul I, Cougoule C, Poincloux R, Labrousse A, Calderwood DA, Glogauer M, Lutz PG, Maridonneau-Parini I.",J Biol Chem. 2012 Apr 13;287(16):13051-62. doi: 10.1074/jbc.M111.307124. Epub 2012 Feb 9.,Guiet R,J Biol Chem,2012,2012-02-16 00:00:00,PMC3339984,,10.1074/jbc.M111.307124
,22670216,Filamin A: A regulator of blood-testis barrier assembly during post-natal development,"Su W, Mruk DD, Cheng CY.",Spermatogenesis. 2012 Apr 1;2(2):73-78. doi: 10.4161/spmg.20223.,Su W,Spermatogenesis,2012,2012-06-07 00:00:00,PMC3364794,,10.4161/spmg.20223
,22668512,A chemical cross-linking method for the analysis of binding partners of heat shock protein-90 in intact cells,"Song S, Kole S, Bernier M.",Biotechniques. 2012 Apr;0(0):1-7. doi: 10.2144/000113856.,Song S,Biotechniques,2012,2012-06-07 00:00:00,PMC3504936,NIHMS420825,10.2144/000113856
,22298782,P2Y2 receptor-mediated lymphotoxin-α secretion regulates intercellular cell adhesion molecule-1 expression in vascular smooth muscle cells,"Seye CI, Agca Y, Agca C, Derbigny W.",J Biol Chem. 2012 Mar 23;287(13):10535-10543. doi: 10.1074/jbc.M111.313189. Epub 2012 Feb 1.,Seye CI,J Biol Chem,2012,2012-02-03 00:00:00,PMC3323005,,10.1074/jbc.M111.313189
,22121117,A meckelin-filamin A interaction mediates ciliogenesis,"Adams M, Simms RJ, Abdelhamed Z, Dawe HR, Szymanska K, Logan CV, Wheway G, Pitt E, Gull K, Knowles MA, Blair E, Cross SH, Sayer JA, Johnson CA.",Hum Mol Genet. 2012 Mar 15;21(6):1272-86. doi: 10.1093/hmg/ddr557. Epub 2011 Nov 25.,Adams M,Hum Mol Genet,2012,2011-11-29 00:00:00,PMC3284117,,10.1093/hmg/ddr557
,22259062,Filamin-A is essential for dopamine d2 receptor expression and signaling in tumorous lactotrophs,"Peverelli E, Mantovani G, Vitali E, Elli FM, Olgiati L, Ferrero S, Laws ER, Della Mina P, Villa A, Beck-Peccoz P, Spada A, Lania AG.",J Clin Endocrinol Metab. 2012 Mar;97(3):967-77. doi: 10.1210/jc.2011-2902. Epub 2012 Jan 18.,Peverelli E,J Clin Endocrinol Metab,2012,2012-01-20 00:00:00,,,10.1210/jc.2011-2902
,22203038,A switch of G protein-coupled receptor binding preference from phosphoinositide 3-kinase (PI3K)-p85 to filamin A negatively controls the PI3K pathway,"Najib S, Saint-Laurent N, Estève JP, Schulz S, Boutet-Robinet E, Fourmy D, Lättig J, Mollereau C, Pyronnet S, Susini C, Bousquet C.",Mol Cell Biol. 2012 Mar;32(5):1004-16. doi: 10.1128/MCB.06252-11. Epub 2011 Dec 27.,Najib S,Mol Cell Biol,2012,2011-12-29 00:00:00,PMC3295190,,10.1128/MCB.06252-11
,22076441,A glial origin for periventricular nodular heterotopia caused by impaired expression of Filamin-A,"Carabalona A, Beguin S, Pallesi-Pocachard E, Buhler E, Pellegrino C, Arnaud K, Hubert P, Oualha M, Siffroi JP, Khantane S, Coupry I, Goizet C, Gelot AB, Represa A, Cardoso C.",Hum Mol Genet. 2012 Mar 1;21(5):1004-17. doi: 10.1093/hmg/ddr531. Epub 2011 Nov 10.,Carabalona A,Hum Mol Genet,2012,2011-11-15 00:00:00,,,10.1093/hmg/ddr531
,22015969,Proteomic analysis of formalin-fixed paraffin-embedded pancreatic tissue using liquid chromatography tandem mass spectrometry,"Paulo JA, Lee LS, Banks PA, Steen H, Conwell DL.",Pancreas. 2012 Mar;41(2):175-85. doi: 10.1097/MPA.0b013e318227a6b7.,Paulo JA,Pancreas,2012,2011-10-22 00:00:00,PMC3368275,NIHMS378679,10.1097/MPA.0b013e318227a6b7
,22369496,Normal X-inactivation mosaicism in corneas of heterozygous FlnaDilp2/+ female mice--a model of human filamin A (FLNA) diseases,"Douvaras P, Liu W, Mort RL, McKie L, West KM, Cross SH, Morley SD, West JD.",BMC Res Notes. 2012 Feb 27;5:122. doi: 10.1186/1756-0500-5-122.,Douvaras P,BMC Res Notes,2012,2012-02-29 00:00:00,PMC3305671,,10.1186/1756-0500-5-122
,22051193,Filamin-A as a marker and target for DNA damage based cancer therapy,"Yue J, Lu H, Liu J, Berwick M, Shen Z.",DNA Repair (Amst). 2012 Feb 1;11(2):192-200. doi: 10.1016/j.dnarep.2011.10.019. Epub 2011 Nov 2.,Yue J,DNA Repair (Amst),2012,2011-11-05 00:00:00,PMC3267325,NIHMS333374,10.1016/j.dnarep.2011.10.019
,21503879,Hypoxia enhances cancer cell invasion through relocalization of the proprotein convertase furin from the trans-Golgi network to the cell surface,"Arsenault D, Lucien F, Dubois CM.",J Cell Physiol. 2012 Feb;227(2):789-800. doi: 10.1002/jcp.22792.,Arsenault D,J Cell Physiol,2012,2011-04-20 00:00:00,,,10.1002/jcp.22792
,22307607,Cytoskeletal protein filamin A is a nucleolar protein that suppresses ribosomal RNA gene transcription,"Deng W, Lopez-Camacho C, Tang JY, Mendoza-Villanueva D, Maya-Mendoza A, Jackson DA, Shore P.",Proc Natl Acad Sci U S A. 2012 Jan 31;109(5):1524-9. doi: 10.1073/pnas.1107879109. Epub 2012 Jan 17.,Deng W,Proc Natl Acad Sci U S A,2012,2012-02-07 00:00:00,PMC3277164,,10.1073/pnas.1107879109
,22900064,Sensitivity to TOP2 targeting chemotherapeutics is regulated by Oct1 and FILIP1L,"Lu H, Hallstrom TC.",PLoS One. 2012;7(8):e42921. doi: 10.1371/journal.pone.0042921. Epub 2012 Aug 10.,Lu H,PLoS One,2012,2012-08-18 00:00:00,PMC3416772,,10.1371/journal.pone.0042921
,22870205,Filamin A-hinge region 1-EGFP: a novel tool for tracking the cellular functions of filamin A in real-time,"Planagumà J, Minsaas L, Pons M, Myhren L, Garrido G, Aragay AM.",PLoS One. 2012;7(8):e40864. doi: 10.1371/journal.pone.0040864. Epub 2012 Aug 1.,Planagumà J,PLoS One,2012,2012-08-08 00:00:00,PMC3411599,,10.1371/journal.pone.0040864
,22808269,Respiratory syncytial virus assembles into structured filamentous virion particles independently of host cytoskeleton and related proteins,"Shaikh FY, Utley TJ, Craven RE, Rogers MC, Lapierre LA, Goldenring JR, Crowe JE Jr.",PLoS One. 2012;7(7):e40826. doi: 10.1371/journal.pone.0040826. Epub 2012 Jul 13.,Shaikh FY,PLoS One,2012,2012-07-19 00:00:00,PMC3396619,,10.1371/journal.pone.0040826
,22802962,Structural interaction and functional regulation of polycystin-2 by filamin,"Wang Q, Dai XQ, Li Q, Wang Z, Cantero Mdel R, Li S, Shen J, Tu JC, Cantiello H, Chen XZ.",PLoS One. 2012;7(7):e40448. doi: 10.1371/journal.pone.0040448. Epub 2012 Jul 10.,Wang Q,PLoS One,2012,2012-07-18 00:00:00,PMC3393660,,10.1371/journal.pone.0040448
,22453940,Signaling through the extracellular calcium-sensing receptor (CaSR),"Chakravarti B, Chattopadhyay N, Brown EM.",Adv Exp Med Biol. 2012;740:103-42. doi: 10.1007/978-94-007-2888-2_5.,Chakravarti B,Adv Exp Med Biol,2012,2012-03-29 00:00:00,,,10.1007/978-94-007-2888-2_5
,22419889,Prognostic values of filamin-A status for topoisomerase II poison chemotherapy,"Yue J, Lan S, Yuan C, Shen Z.",Int J Biol Sci. 2012;8(4):442-50. doi: 10.7150/ijbs.4155. Epub 2012 Feb 29.,Yue J,Int J Biol Sci,2012,2012-03-16 00:00:00,PMC3303170,,10.7150/ijbs.4155
,21945537,Differential regulation of HCN channel isoform expression in thalamic neurons of epileptic and non-epileptic rat strains,"Kanyshkova T, Meuth P, Bista P, Liu Z, Ehling P, Caputi L, Doengi M, Chetkovich DM, Pape HC, Budde T.",Neurobiol Dis. 2012 Jan;45(1):450-61. doi: 10.1016/j.nbd.2011.08.032. Epub 2011 Sep 16.,Kanyshkova T,Neurobiol Dis,2012,2011-09-28 00:00:00,PMC3225716,NIHMS326423,10.1016/j.nbd.2011.08.032
,21982828,A differential proteomic approach identifies structural and functional components that contribute to the differentiation of brain capillary endothelial cells,"Pottiez G, Duban-Deweer S, Deracinois B, Gosselet F, Camoin L, Hachani J, Couraud PO, Cecchelli R, Dehouck MP, Fenart L, Karamanos Y, Flahaut C.",J Proteomics. 2011 Dec 21;75(2):628-41. doi: 10.1016/j.jprot.2011.09.002. Epub 2011 Sep 23.,Pottiez G,J Proteomics,2011,2011-10-11 00:00:00,,,10.1016/j.jprot.2011.09.002
,21773876,"Filamin-a-related myxomatous mitral valve dystrophy: genetic, echocardiographic and functional aspects","Lardeux A, Kyndt F, Lecointe S, Marec HL, Merot J, Schott JJ, Le Tourneau T, Probst V.",J Cardiovasc Transl Res. 2011 Dec;4(6):748-56. doi: 10.1007/s12265-011-9308-9. Epub 2011 Jul 20.,Lardeux A,J Cardiovasc Transl Res,2011,2011-07-21 00:00:00,,,10.1007/s12265-011-9308-9
,21960593,Thrombocytopenia resulting from mutations in filamin A can be expressed as an isolated syndrome,"Nurden P, Debili N, Coupry I, Bryckaert M, Youlyouz-Marfak I, Solé G, Pons AC, Berrou E, Adam F, Kauskot A, Lamazière JM, Rameau P, Fergelot P, Rooryck C, Cailley D, Arveiler B, Lacombe D, Vainchenker W, Nurden A, Goizet C.",Blood. 2011 Nov 24;118(22):5928-37. doi: 10.1182/blood-2011-07-365601. Epub 2011 Sep 29.,Nurden P,Blood,2011,2011-10-01 00:00:00,,,10.1182/blood-2011-07-365601
,22115457,Cellular mechanotransduction: filamin A strains to regulate motility,"Lynch CD, Sheetz MP.",Curr Biol. 2011 Nov 22;21(22):R916-8. doi: 10.1016/j.cub.2011.10.020.,Lynch CD,Curr Biol,2011,2011-11-26 00:00:00,PMC3396208,NIHMS384617,10.1016/j.cub.2011.10.020
,22446558,Refilin holds the cap,"Gay O, Nakamura F, Baudier J.",Commun Integr Biol. 2011 Nov 1;4(6):791-5. doi: 10.4161/cib.17911.,Gay O,Commun Integr Biol,2011,2012-03-27 00:00:00,PMC3306362,,10.4161/cib.17911
,21513424,Efficient inhibition of ovarian cancer by truncation mutant of FILIP1L gene delivered by novel biodegradable cationic heparin-polyethyleneimine nanogels,"Xie C, Gou ML, Yi T, Deng H, Li ZY, Liu P, Qi XR, He X, Wei Y, Zhao X.",Hum Gene Ther. 2011 Nov;22(11):1413-22. doi: 10.1089/hum.2011.047. Epub 2011 Jun 8.,Xie C,Hum Gene Ther,2011,2011-04-26 00:00:00,,,10.1089/hum.2011.047
,21914078,Association of filamin A and vimentin with hepatitis C virus proteins in infected human hepatocytes,"Ghosh S, Ahrens WA, Phatak SU, Hwang S, Schrum LW, Bonkovsky HL.",J Viral Hepat. 2011 Oct;18(10):e568-77. doi: 10.1111/j.1365-2893.2011.01487.x. Epub 2011 Jul 1.,Ghosh S,J Viral Hepat,2011,2011-09-15 00:00:00,,,10.1111/j.1365-2893.2011.01487.x
,21926999,Mechanical strain in actin networks regulates FilGAP and integrin binding to filamin A,"Ehrlicher AJ, Nakamura F, Hartwig JH, Weitz DA, Stossel TP.",Nature. 2011 Sep 18;478(7368):260-3. doi: 10.1038/nature10430.,Ehrlicher AJ,Nature,2011,2011-09-20 00:00:00,PMC3204864,NIHMS316758,10.1038/nature10430
,21784850,Promotion of heat shock factor Hsf1 degradation via adaptor protein filamin A-interacting protein 1-like (FILIP-1L),"Hu Y, Mivechi NF.",J Biol Chem. 2011 Sep 9;286(36):31397-408. doi: 10.1074/jbc.M111.255851. Epub 2011 Jul 22.,Hu Y,J Biol Chem,2011,2011-07-26 00:00:00,PMC3173115,,10.1074/jbc.M111.255851
,21889461,Differential mechanical stability of filamin A rod segments,"Chen H, Zhu X, Cong P, Sheetz MP, Nakamura F, Yan J.",Biophys J. 2011 Sep 7;101(5):1231-7. doi: 10.1016/j.bpj.2011.07.028.,Chen H,Biophys J,2011,2011-09-06 00:00:00,PMC3164173,,10.1016/j.bpj.2011.07.028
,21737450,"Functional and structural insights into ASB2alpha, a novel regulator of integrin-dependent adhesion of hematopoietic cells","Lamsoul I, Burande CF, Razinia Z, Houles TC, Menoret D, Baldassarre M, Erard M, Moog-Lutz C, Calderwood DA, Lutz PG.",J Biol Chem. 2011 Sep 2;286(35):30571-30581. doi: 10.1074/jbc.M111.220921. Epub 2011 Jul 7.,Lamsoul I,J Biol Chem,2011,2011-07-09 00:00:00,PMC3162417,,10.1074/jbc.M111.220921
,22190899,PHF6 Deletions May Cause Borjeson-Forssman-Lehmann Syndrome in Females,"Berland S, Alme K, Brendehaug A, Houge G, Hovland R.",Mol Syndromol. 2011 Sep;1(6):294-300. doi: 10.1159/000330111. Epub 2011 Jul 19.,Berland S,Mol Syndromol,2011,2011-12-23 00:00:00,PMC3214959,,10.1159/000330111
,21815255,Familial cardiac valvulopathy due to filamin A mutation,"Bernstein JA, Bernstein D, Hehr U, Hudgins L.",Am J Med Genet A. 2011 Sep;155A(9):2236-41. doi: 10.1002/ajmg.a.34132. Epub 2011 Aug 3.,Bernstein JA,Am J Med Genet A,2011,2011-08-05 00:00:00,,,10.1002/ajmg.a.34132
,21660952,R-Ras interacts with filamin a to maintain endothelial barrier function,"Griffiths GS, Grundl M, Allen JS 3rd, Matter ML.",J Cell Physiol. 2011 Sep;226(9):2287-96. doi: 10.1002/jcp.22565.,Griffiths GS,J Cell Physiol,2011,2011-06-11 00:00:00,PMC3080452,NIHMS260326,10.1002/jcp.22565
,21868582,New aspects of Filamin A versatility,Balduini A.,Blood. 2011 Aug 25;118(8):2029-30. doi: 10.1182/blood-2011-06-361303.,Balduini A,Blood,2011,2011-08-27 00:00:00,,,10.1182/blood-2011-06-361303
,21652675,FlnA-null megakaryocytes prematurely release large and fragile platelets that circulate poorly,"Jurak Begonja A, Hoffmeister KM, Hartwig JH, Falet H.",Blood. 2011 Aug 25;118(8):2285-95. doi: 10.1182/blood-2011-04-348482. Epub 2011 Jun 7.,Jurak Begonja A,Blood,2011,2011-06-10 00:00:00,PMC3162356,,10.1182/blood-2011-04-348482
,21807941,Phosphorylated filamin A regulates actin-linked caveolae dynamics,"Muriel O, Echarri A, Hellriegel C, Pavón DM, Beccari L, Del Pozo MA.",J Cell Sci. 2011 Aug 15;124(Pt 16):2763-76. doi: 10.1242/jcs.080804.,Muriel O,J Cell Sci,2011,2011-08-03 00:00:00,,,10.1242/jcs.080804
,21705339,Filamin A protein interacts with human immunodeficiency virus type 1 Gag protein and contributes to productive particle assembly,"Cooper J, Liu L, Woodruff EA, Taylor HE, Goodwin JS, D'Aquila RT, Spearman P, Hildreth JE, Dong X.",J Biol Chem. 2011 Aug 12;286(32):28498-510. doi: 10.1074/jbc.M111.239053. Epub 2011 Jun 24.,Cooper J,J Biol Chem,2011,2011-06-28 00:00:00,PMC3151092,,10.1074/jbc.M111.239053
,21821884,Structure of filamin A immunoglobulin-like repeat 10 from Homo sapiens,"Page RC, Clark JG, Misra S.",Acta Crystallogr Sect F Struct Biol Cryst Commun. 2011 Aug 1;67(Pt 8):871-6. doi: 10.1107/S1744309111024249. Epub 2011 Jul 26.,Page RC,Acta Crystallogr Sect F Struct Biol Cryst Commun,2011,2011-08-09 00:00:00,PMC3151117,,10.1107/S1744309111024249
,21693594,Downregulation of Filamin A interacting protein 1-like is associated with promoter methylation and induces an invasive phenotype in ovarian cancer,"Burton ER, Gaffar A, Lee SJ, Adeshuko F, Whitney KD, Chung JY, Hewitt SM, Huang GS, Goldberg GL, Libutti SK, Kwon M.",Mol Cancer Res. 2011 Aug;9(8):1126-38. doi: 10.1158/1541-7786.MCR-11-0162. Epub 2011 Jun 21.,Burton ER,Mol Cancer Res,2011,2011-06-23 00:00:00,PMC3157597,NIHMS306679,10.1158/1541-7786.MCR-11-0162
,21533873,Proteomic profiling of lipid rafts in a human breast cancer model of tumorigenic progression,"Caruso JA, Stemmer PM.",Clin Exp Metastasis. 2011 Aug;28(6):529-40. doi: 10.1007/s10585-011-9389-5. Epub 2011 May 1.,Caruso JA,Clin Exp Metastasis,2011,2011-05-03 00:00:00,PMC3827680,NIHMS509884,10.1007/s10585-011-9389-5
,21636571,Assembly of a filamin four-domain fragment and the influence of splicing variant-1 on the structure,"Pentikäinen U, Jiang P, Takala H, Ruskamo S, Campbell ID, Ylänne J.",J Biol Chem. 2011 Jul 29;286(30):26921-30. doi: 10.1074/jbc.M110.195958. Epub 2011 Jun 2.,Pentikäinen U,J Biol Chem,2011,2011-06-04 00:00:00,PMC3143651,,10.1074/jbc.M110.195958
,21709252,RefilinB (FAM101B) targets filamin A to organize perinuclear actin networks and regulates nuclear shape,"Gay O, Gilquin B, Nakamura F, Jenkins ZA, McCartney R, Krakow D, Deshiere A, Assard N, Hartwig JH, Robertson SP, Baudier J.",Proc Natl Acad Sci U S A. 2011 Jul 12;108(28):11464-9. doi: 10.1073/pnas.1104211108. Epub 2011 Jun 27.,Gay O,Proc Natl Acad Sci U S A,2011,2011-06-29 00:00:00,PMC3136255,,10.1073/pnas.1104211108
,21781244,Advances in our understanding of the molecular basis of disorders of platelet function,"Nurden A, Nurden P.",J Thromb Haemost. 2011 Jul;9 Suppl 1:76-91. doi: 10.1111/j.1538-7836.2011.04274.x.,Nurden A,J Thromb Haemost,2011,2011-07-26 00:00:00,,,10.1111/j.1538-7836.2011.04274.x
,21566085,Adapter protein SH2B1beta binds filamin A to regulate prolactin-dependent cytoskeletal reorganization and cell motility,"Rider L, Diakonova M.",Mol Endocrinol. 2011 Jul;25(7):1231-43. doi: 10.1210/me.2011-0056. Epub 2011 May 12.,Rider L,Mol Endocrinol,2011,2011-05-14 00:00:00,PMC3125092,,10.1210/me.2011-0056
,21478251,Filamin A is a phosphorylation target of membrane but not cytosolic adenylyl cyclase activity,"Sayner SL, Balczon R, Frank DW, Cooper DM, Stevens T.",Am J Physiol Lung Cell Mol Physiol. 2011 Jul;301(1):L117-24. doi: 10.1152/ajplung.00417.2009. Epub 2011 Apr 8.,Sayner SL,Am J Physiol Lung Cell Mol Physiol,2011,2011-04-12 00:00:00,PMC3129906,,10.1152/ajplung.00417.2009
,21416500,The activity of aminoacyl-tRNA synthetase-interacting multi-functional protein 1 (AIMP1) on endothelial cells is mediated by the assembly of a cytoskeletal protein complex,"Jackson VC, Dewilde S, Albo AG, Lis K, Corpillo D, Canepa B.",J Cell Biochem. 2011 Jul;112(7):1857-68. doi: 10.1002/jcb.23104.,Jackson VC,J Cell Biochem,2011,2011-03-19 00:00:00,,,10.1002/jcb.23104
,21620354,Mutations in the N-terminal actin-binding domain of filamin C cause a distal myopathy,"Duff RM, Tay V, Hackman P, Ravenscroft G, McLean C, Kennedy P, Steinbach A, Schöffler W, van der Ven PFM, Fürst DO, Song J, Djinović-Carugo K, Penttilä S, Raheem O, Reardon K, Malandrini A, Gambelli S, Villanova M, Nowak KJ, Williams DR, Landers JE, Brown RH Jr, Udd B, Laing NG.",Am J Hum Genet. 2011 Jun 10;88(6):729-740. doi: 10.1016/j.ajhg.2011.04.021. Epub 2011 May 27.,Duff RM,Am J Hum Genet,2011,2011-05-31 00:00:00,PMC3113346,,10.1016/j.ajhg.2011.04.021
,21421289,Does TGF-β induced formation of actin stress fibres reinforce Smad dependent TGF-β signalling in the prostate?,"Assinder S, Cole N.",Med Hypotheses. 2011 Jun;76(6):802-4. doi: 10.1016/j.mehy.2011.02.021. Epub 2011 Mar 21.,Assinder S,Med Hypotheses,2011,2011-03-23 00:00:00,,,10.1016/j.mehy.2011.02.021
,21524097,Evidence for multisite ligand binding and stretching of filamin by integrin and migfilin,"Ithychanda SS, Qin J.",Biochemistry. 2011 May 24;50(20):4229-31. doi: 10.1021/bi2003229. Epub 2011 Apr 27.,Ithychanda SS,Biochemistry,2011,2011-04-29 00:00:00,PMC3097901,NIHMS292438,10.1021/bi2003229
,21277899,A novel association between filamin A and NF-κB inducing kinase couples CD28 to inhibitor of NF-κB kinase α and NF-κB activation,"Muscolini M, Sajeva A, Caristi S, Tuosto L.",Immunol Lett. 2011 May;136(2):203-12. doi: 10.1016/j.imlet.2011.01.011. Epub 2011 Jan 26.,Muscolini M,Immunol Lett,2011,2011-02-01 00:00:00,,,10.1016/j.imlet.2011.01.011
,21209619,The calcium-sensing receptor-dependent regulation of cell-cell adhesion and keratinocyte differentiation requires Rho and filamin A,"Tu CL, Chang W, Bikle DD.",J Invest Dermatol. 2011 May;131(5):1119-28. doi: 10.1038/jid.2010.414. Epub 2011 Jan 6.,Tu CL,J Invest Dermatol,2011,2011-01-07 00:00:00,PMC3078217,NIHMS273045,10.1038/jid.2010.414
,21507248,Ureaplasma parvum infection alters filamin A dynamics in host cells,"Allam AB, Alvarez S, Brown MB, Reyes L.",BMC Infect Dis. 2011 Apr 20;11:101. doi: 10.1186/1471-2334-11-101.,Allam AB,BMC Infect Dis,2011,2011-04-22 00:00:00,PMC3107797,,10.1186/1471-2334-11-101
,21372161,Breakup feared after filamin leaves GPIb,"Berny-Lang MA, McCarty OJ.",Blood. 2011 Mar 3;117(9):2564-5. doi: 10.1182/blood-2011-01-327296.,Berny-Lang MA,Blood,2011,2011-03-05 00:00:00,,,10.1182/blood-2011-01-327296
,21156842,High shear-dependent loss of membrane integrity and defective platelet adhesion following disruption of the GPIbα-filamin interaction,"Cranmer SL, Ashworth KJ, Yao Y, Berndt MC, Ruggeri ZM, Andrews RK, Jackson SP.",Blood. 2011 Mar 3;117(9):2718-27. doi: 10.1182/blood-2010-07-296194. Epub 2010 Dec 14.,Cranmer SL,Blood,2011,2010-12-16 00:00:00,PMC3317769,,10.1182/blood-2010-07-296194
,21325883,Filamin A stimulates cdc25C function and promotes entry into mitosis,"Telles E, Gurjar M, Ganti K, Gupta D, Dalal SN.",Cell Cycle. 2011 Mar 1;10(5):776-82. doi: 10.4161/cc.10.5.14954. Epub 2011 Mar 1.,Telles E,Cell Cycle,2011,2011-02-18 00:00:00,,,10.4161/cc.10.5.14954
,21267586,"Medulloblastoma: clinicopathological correlates of SHH, WNT, and non-SHH/WNT molecular subgroups","Ellison DW, Dalton J, Kocak M, Nicholson SL, Fraga C, Neale G, Kenney AM, Brat DJ, Perry A, Yong WH, Taylor RE, Bailey S, Clifford SC, Gilbertson RJ.",Acta Neuropathol. 2011 Mar;121(3):381-96. doi: 10.1007/s00401-011-0800-8. Epub 2011 Jan 26.,Ellison DW,Acta Neuropathol,2011,2011-01-27 00:00:00,PMC3519926,NIHMS278458,10.1007/s00401-011-0800-8
,21169733,The filamins: organizers of cell structure and function,"Nakamura F, Stossel TP, Hartwig JH.",Cell Adh Migr. 2011 Mar-Apr;5(2):160-9. doi: 10.4161/cam.5.2.14401. Epub 2011 Mar 1.,Nakamura F,Cell Adh Migr,2011,2010-12-21 00:00:00,PMC3084982,,10.4161/cam.5.2.14401
,21359179,Androgen-induced cell migration: role of androgen receptor/filamin A association,"Castoria G, D'Amato L, Ciociola A, Giovannelli P, Giraldi T, Sepe L, Paolella G, Barone MV, Migliaccio A, Auricchio F.",PLoS One. 2011 Feb 16;6(2):e17218. doi: 10.1371/journal.pone.0017218.,Castoria G,PLoS One,2011,2011-03-02 00:00:00,PMC3040221,,10.1371/journal.pone.0017218
,20473907,Filamin a mediates HGF/c-MET signaling in tumor cell migration,"Zhou AX, Toylu A, Nallapalli RK, Nilsson G, Atabey N, Heldin CH, Borén J, Bergo MO, Akyürek LM.",Int J Cancer. 2011 Feb 15;128(4):839-46. doi: 10.1002/ijc.25417.,Zhou AX,Int J Cancer,2011,2010-05-18 00:00:00,,,10.1002/ijc.25417
,20973479,ATP enhances neuronal differentiation of PC12 cells by activating PKCα interactions with cytoskeletal proteins,"Marín-Vicente C, Guerrero-Valero M, Nielsen ML, Savitski MM, Gómez-Fernández JC, Zubarev RA, Corbalán-García S.",J Proteome Res. 2011 Feb 4;10(2):529-40. doi: 10.1021/pr100742r. Epub 2010 Nov 18.,Marín-Vicente C,J Proteome Res,2011,2010-10-27 00:00:00,,,10.1021/pr100742r
,21244848,Improved high-force magnetic tweezers for stretching and refolding of proteins and short DNA,"Chen H, Fu H, Zhu X, Cong P, Nakamura F, Yan J.",Biophys J. 2011 Jan 19;100(2):517-23. doi: 10.1016/j.bpj.2010.12.3700.,Chen H,Biophys J,2011,2011-01-20 00:00:00,PMC3325116,,10.1016/j.bpj.2010.12.3700
,21095189,Filamin A mediates interactions between cytoskeletal proteins that control cell adhesion,"Kim H, McCulloch CA.",FEBS Lett. 2011 Jan 3;585(1):18-22. doi: 10.1016/j.febslet.2010.11.033. Epub 2010 Nov 21.,Kim H,FEBS Lett,2011,2010-11-25 00:00:00,,,10.1016/j.febslet.2010.11.033
,21471709,FLNA and PGK1 are two potential markers for progression in hepatocellular carcinoma,"Ai J, Huang H, Lv X, Tang Z, Chen M, Chen T, Duan W, Sun H, Li Q, Tan R, Liu Y, Duan J, Yang Y, Wei Y, Li Y, Zhou Q.",Cell Physiol Biochem. 2011;27(3-4):207-16. doi: 10.1159/000327946. Epub 2011 Apr 1.,Ai J,Cell Physiol Biochem,2011,2011-04-08 00:00:00,,,10.1159/000327946
,21228480,Identification of novel nuclear protein interactions with the N-terminal part of filamin A,"Qiu H, Nomiyama R, Moriguchi K, Fukada T, Sugimoto K.",Biosci Biotechnol Biochem. 2011;75(1):145-7. doi: 10.1271/bbb.100567. Epub 2011 Jan 7.,Qiu H,Biosci Biotechnol Biochem,2011,2011-01-14 00:00:00,,,10.1271/bbb.100567
,20888935,Lung disease associated with periventricular nodular heterotopia and an FLNA mutation,"Masurel-Paulet A, Haan E, Thompson EM, Goizet C, Thauvin-Robinet C, Tai A, Kennedy D, Smith G, Khong TY, Solé G, Guerineau E, Coupry I, Huet F, Robertson S, Faivre L.",Eur J Med Genet. 2011 Jan-Feb;54(1):25-8. doi: 10.1016/j.ejmg.2010.09.010. Epub 2010 Oct 1.,Masurel-Paulet A,Eur J Med Genet,2011,2010-10-05 00:00:00,,,10.1016/j.ejmg.2010.09.010
,20730588,Combined cardiological and neurological abnormalities due to filamin A gene mutation,"de Wit MC, de Coo IF, Lequin MH, Halley DJ, Roos-Hesselink JW, Mancini GM.",Clin Res Cardiol. 2011 Jan;100(1):45-50. doi: 10.1007/s00392-010-0206-y. Epub 2010 Aug 22.,de Wit MC,Clin Res Cardiol,2011,2010-08-24 00:00:00,PMC3022162,,10.1007/s00392-010-0206-y
,20857334,The interaction between the mu opioid receptor and filamin A,"Simon EJ, Onoprishvili I.",Neurochem Res. 2010 Dec;35(12):1859-66. doi: 10.1007/s11064-010-0261-9. Epub 2010 Sep 21.,Simon EJ,Neurochem Res,2010,2010-09-22 00:00:00,,,10.1007/s11064-010-0261-9
,20844545,FLNA p.V528M substitution is neither associated with bilateral periventricular nodular heterotopia nor with macrothrombocytopenia,"Kunishima S, Ito-Yamamura Y, Hayakawa A, Yamamoto T, Saito H.",J Hum Genet. 2010 Dec;55(12):844-6. doi: 10.1038/jhg.2010.114. Epub 2010 Sep 16.,Kunishima S,J Hum Genet,2010,2010-09-17 00:00:00,,,10.1038/jhg.2010.114
,20631233,Characterization of cytoskeleton-enriched protein fraction of the trabecular meshwork and ciliary muscle cells,"Inoue T, Pecen P, Maddala R, Skiba NP, Pattabiraman PP, Epstein DL, Rao PV.",Invest Ophthalmol Vis Sci. 2010 Dec;51(12):6461-71. doi: 10.1167/iovs.10-5318. Epub 2010 Jul 14.,Inoue T,Invest Ophthalmol Vis Sci,2010,2010-07-16 00:00:00,PMC3055765,,10.1167/iovs.10-5318
,20726836,PTI-609: a novel analgesic that binds filamin A to control opioid signaling,"Burns LH, Wang HY.",Recent Pat CNS Drug Discov. 2010 Nov;5(3):210-20. doi: 10.2174/157488910793362386.,Burns LH,Recent Pat CNS Drug Discov,2010,2010-08-24 00:00:00,,,10.2174/157488910793362386
,20709728,High-molecular-weight hyaluronan is a novel inhibitor of pulmonary vascular leakiness,"Singleton PA, Mirzapoiazova T, Guo Y, Sammani S, Mambetsariev N, Lennon FE, Moreno-Vinasco L, Garcia JG.",Am J Physiol Lung Cell Mol Physiol. 2010 Nov;299(5):L639-51. doi: 10.1152/ajplung.00405.2009. Epub 2010 Aug 13.,Singleton PA,Am J Physiol Lung Cell Mol Physiol,2010,2010-08-17 00:00:00,PMC2980391,,10.1152/ajplung.00405.2009
,20937704,Filamin A regulates focal adhesion disassembly and suppresses breast cancer cell migration and invasion,"Xu Y, Bismar TA, Su J, Xu B, Kristiansen G, Varga Z, Teng L, Ingber DE, Mammoto A, Kumar R, Alaoui-Jamali MA.",J Exp Med. 2010 Oct 25;207(11):2421-37. doi: 10.1084/jem.20100433. Epub 2010 Oct 11.,Xu Y,J Exp Med,2010,2010-10-13 00:00:00,PMC2964581,,10.1084/jem.20100433
,21036706,A positive relationship between filamin and VEGF in patients with lung cancer,"Uramoto H, Akyürek LM, Hanagiri T.",Anticancer Res. 2010 Oct;30(10):3939-44.,Uramoto H,Anticancer Res,2010,2010-11-02 00:00:00,,,
,20871226,Diffuse abnormal layering of small intestinal smooth muscle is present in patients with FLNA mutations and x-linked intestinal pseudo-obstruction,"Kapur RP, Robertson SP, Hannibal MC, Finn LS, Morgan T, van Kogelenberg M, Loren DJ.",Am J Surg Pathol. 2010 Oct;34(10):1528-43. doi: 10.1097/PAS.0b013e3181f0ae47.,Kapur RP,Am J Surg Pathol,2010,2010-09-28 00:00:00,,,10.1097/PAS.0b013e3181f0ae47
,20648625,Extracellular calcium sensing receptor stimulation in human colonic epithelial cells induces intracellular calcium oscillations and proliferation inhibition,"Rey O, Young SH, Jacamo R, Moyer MP, Rozengurt E.",J Cell Physiol. 2010 Oct;225(1):73-83. doi: 10.1002/jcp.22198.,Rey O,J Cell Physiol,2010,2010-07-22 00:00:00,PMC3039886,NIHMS206814,10.1002/jcp.22198
,20584581,Proteomic analysis of radiation-induced changes in rat lung: Modulation by the superoxide dismutase mimetic MnTE-2-PyP(5+),"Yakovlev VA, Rabender CS, Sankala H, Gauter-Fleckenstein B, Fleckenstein K, Batinic-Haberle I, Jackson I, Vujaskovic Z, Anscher MS, Mikkelsen RB, Graves PR.",Int J Radiat Oncol Biol Phys. 2010 Oct 1;78(2):547-54. doi: 10.1016/j.ijrobp.2010.03.037. Epub 2010 Jun 30.,Yakovlev VA,Int J Radiat Oncol Biol Phys,2010,2010-06-30 00:00:00,PMC2939237,NIHMS203267,10.1016/j.ijrobp.2010.03.037
,20139371,Differential protein expression profiling by iTRAQ-two-dimensional LC-MS/MS of human bladder cancer EJ138 cells transfected with the metastasis suppressor KiSS-1 gene,"Ruppen I, Grau L, Orenes-Piñero E, Ashman K, Gil M, Algaba F, Bellmunt J, Sánchez-Carbayo M.",Mol Cell Proteomics. 2010 Oct;9(10):2276-91. doi: 10.1074/mcp.M900255-MCP200. Epub 2010 Feb 5.,Ruppen I,Mol Cell Proteomics,2010,2010-02-09 00:00:00,PMC2953920,,10.1074/mcp.M900255-MCP200
,20697352,Binding of pro-prion to filamin A: by design or an unfortunate blunder,"Li C, Xin W, Sy MS.",Oncogene. 2010 Sep 30;29(39):5329-45. doi: 10.1038/onc.2010.307. Epub 2010 Aug 9.,Li C,Oncogene,2010,2010-08-11 00:00:00,PMC3159184,NIHMS316676,10.1038/onc.2010.307
,20650901,"Pro-prion binds filamin A, facilitating its interaction with integrin beta1, and contributes to melanomagenesis","Li C, Yu S, Nakamura F, Pentikäinen OT, Singh N, Yin S, Xin W, Sy MS.",J Biol Chem. 2010 Sep 24;285(39):30328-39. doi: 10.1074/jbc.M110.147413. Epub 2010 Jul 21.,Li C,J Biol Chem,2010,2010-07-24 00:00:00,PMC2943319,,10.1074/jbc.M110.147413
,20684568,Targeted in-gel MRM: a hypothesis driven approach for colorectal cancer biomarker discovery in human feces,"Ang CS, Nice EC.",J Proteome Res. 2010 Sep 3;9(9):4346-55. doi: 10.1021/pr100509e.,Ang CS,J Proteome Res,2010,2010-08-06 00:00:00,,,10.1021/pr100509e
,21031081,Expansion of the Spectrum of FLNA Mutations Associated with Melnick-Needles Syndrome,"Foley C, Roberts K, Tchrakian N, Morgan T, Fryer A, Robertson SP, Tubridy N.",Mol Syndromol. 2010 Sep;1(3):121-126. doi: 10.1159/000320184. Epub 2010 Sep 14.,Foley C,Mol Syndromol,2010,2010-10-30 00:00:00,PMC2957847,,10.1159/000320184
,20713593,A novel interaction between FlnA and Syk regulates platelet ITAM-mediated receptor signaling and function,"Falet H, Pollitt AY, Begonja AJ, Weber SE, Duerschmied D, Wagner DD, Watson SP, Hartwig JH.",J Exp Med. 2010 Aug 30;207(9):1967-79. doi: 10.1084/jem.20100222. Epub 2010 Aug 16.,Falet H,J Exp Med,2010,2010-08-18 00:00:00,PMC2931168,,10.1084/jem.20100222
,20808917,Filamin a binds to CCR2B and regulates its internalization,"Minsaas L, Planagumà J, Madziva M, Krakstad BF, Masià-Balagué M, Katz AA, Aragay AM.",PLoS One. 2010 Aug 17;5(8):e12212. doi: 10.1371/journal.pone.0012212.,Minsaas L,PLoS One,2010,2010-09-03 00:00:00,PMC2923182,,10.1371/journal.pone.0012212
,20460118,Filamin-A and Myosin VI colocalize with fibrillary Tau protein in Alzheimer's disease and FTDP-17 brains,"Feuillette S, Deramecourt V, Laquerriere A, Duyckaerts C, Delisle MB, Maurage CA, Blum D, Buée L, Frébourg T, Campion D, Lecourtois M.",Brain Res. 2010 Jul 23;1345:182-9. doi: 10.1016/j.brainres.2010.05.007. Epub 2010 May 10.,Feuillette S,Brain Res,2010,2010-05-13 00:00:00,,,10.1016/j.brainres.2010.05.007
,20569676,Hyaline astrocytic inclusions in pediatric epilepsy: report of two cases,"Adam J, Polivka M, Kaci R, Godfraind C, Gray F.",Clin Neuropathol. 2010 Jul-Aug;29(4):246-53. doi: 10.5414/npp29246.,Adam J,Clin Neuropathol,2010,2010-06-24 00:00:00,,,10.5414/npp29246
,20549728,"Expression of the familial cardiac valvular dystrophy gene, filamin-A, during heart morphogenesis","Norris RA, Moreno-Rodriguez R, Wessels A, Merot J, Bruneval P, Chester AH, Yacoub MH, Hagège A, Slaugenhaupt SA, Aikawa E, Schott JJ, Lardeux A, Harris BS, Williams LK, Richards A, Levine RA, Markwald RR.",Dev Dyn. 2010 Jul;239(7):2118-27. doi: 10.1002/dvdy.22346.,Norris RA,Dev Dyn,2010,2010-06-16 00:00:00,PMC2909582,NIHMS213991,10.1002/dvdy.22346
,20171211,Regulation of cell adhesion to collagen via beta1 integrins is dependent on interactions of filamin A with vimentin and protein kinase C epsilon,"Kim H, Nakamura F, Lee W, Hong C, Pérez-Sala D, McCulloch CA.",Exp Cell Res. 2010 Jul 1;316(11):1829-44. doi: 10.1016/j.yexcr.2010.02.007. Epub 2010 Feb 17.,Kim H,Exp Cell Res,2010,2010-02-23 00:00:00,,,10.1016/j.yexcr.2010.02.007
,20585650,R-Ras regulates migration through an interaction with filamin A in melanoma cells,"Gawecka JE, Griffiths GS, Ek-Rylander B, Ramos JW, Matter ML.",PLoS One. 2010 Jun 23;5(6):e11269. doi: 10.1371/journal.pone.0011269.,Gawecka JE,PLoS One,2010,2010-06-30 00:00:00,PMC2890414,,10.1371/journal.pone.0011269
,20550479,The fatal attraction between pro-prion and filamin A: prion as a marker in human cancers,"Sy MS, Li C, Yu S, Xin W.",Biomark Med. 2010 Jun;4(3):453-64. doi: 10.2217/bmm.10.14.,Sy MS,Biomark Med,2010,2010-06-17 00:00:00,PMC2925173,NIHMS215517,10.2217/bmm.10.14
,19656240,Podosome-like structures of non-invasive carcinoma cells are replaced in epithelial-mesenchymal transition by actin comet-embedded invadopodia,"Takkunen M, Hukkanen M, Liljeström M, Grenman R, Virtanen I.",J Cell Mol Med. 2010 Jun;14(6B):1569-93. doi: 10.1111/j.1582-4934.2009.00868.x. Epub 2009 Jul 28.,Takkunen M,J Cell Mol Med,2010,2009-08-07 00:00:00,PMC3829022,,10.1111/j.1582-4934.2009.00868.x
,20351101,Biochemical basis of the interaction between cystic fibrosis transmembrane conductance regulator and immunoglobulin-like repeats of filamin,"Smith L, Page RC, Xu Z, Kohli E, Litman P, Nix JC, Ithychanda SS, Liu J, Qin J, Misra S, Liedtke CM.",J Biol Chem. 2010 May 28;285(22):17166-76. doi: 10.1074/jbc.M109.080911. Epub 2010 Mar 29.,Smith L,J Biol Chem,2010,2010-03-31 00:00:00,PMC2878048,,10.1074/jbc.M109.080911
,20351098,Cystic fibrosis transmembrane conductance regulator interacts with multiple immunoglobulin domains of filamin A,"Playford MP, Nurminen E, Pentikäinen OT, Milgram SL, Hartwig JH, Stossel TP, Nakamura F.",J Biol Chem. 2010 May 28;285(22):17156-65. doi: 10.1074/jbc.M109.080523. Epub 2010 Mar 29.,Playford MP,J Biol Chem,2010,2010-03-31 00:00:00,PMC2878090,,10.1074/jbc.M109.080523
,20236936,"LL5beta directs the translocation of filamin A and SHIP2 to sites of phosphatidylinositol 3,4,5-triphosphate (PtdIns(3,4,5)P3) accumulation, and PtdIns(3,4,5)P3 localization is mutually modified by co-recruited SHIP2","Takabayashi T, Xie MJ, Takeuchi S, Kawasaki M, Yagi H, Okamoto M, Tariqur RM, Malik F, Kuroda K, Kubota C, Fujieda S, Nagano T, Sato M.",J Biol Chem. 2010 May 21;285(21):16155-65. doi: 10.1074/jbc.M109.081901. Epub 2010 Mar 17.,Takabayashi T,J Biol Chem,2010,2010-03-19 00:00:00,PMC2871484,,10.1074/jbc.M109.081901
,20133435,Mechanism of platelet functional changes and effects of anti-platelet agents on in vivo hemostasis under different gravity conditions,"Li S, Shi Q, Liu G, Zhang W, Wang Z, Wang Y, Dai K.",J Appl Physiol (1985). 2010 May;108(5):1241-9. doi: 10.1152/japplphysiol.01209.2009. Epub 2010 Feb 4.,Li S,J Appl Physiol (1985),2010,2010-02-06 00:00:00,,,10.1152/japplphysiol.01209.2009
,19929439,Filamin A regulates monocyte migration through Rho small GTPases during osteoclastogenesis,"Leung R, Wang Y, Cuddy K, Sun C, Magalhaes J, Grynpas M, Glogauer M.",J Bone Miner Res. 2010 May;25(5):1077-91. doi: 10.1359/jbmr.091114.,Leung R,J Bone Miner Res,2010,2009-11-26 00:00:00,,,10.1359/jbmr.091114
,19694944,The platelet glycoprotein GPIbbeta intracellular domain participates in von Willebrand factor induced-filopodia formation independently of the Ser 166 phosphorylation site,"David T, Strassel C, Eckly A, Cazenave JP, Gachet C, Lanza F.",J Thromb Haemost. 2010 May;8(5):1077-87. doi: 10.1111/j.1538-7836.2009.03590.x. Epub 2009 Aug 19.,David T,J Thromb Haemost,2010,2009-08-22 00:00:00,,,10.1111/j.1538-7836.2009.03590.x
,20167606,Insulin-like growth factor-binding protein-5-induced laminin gamma1 transcription requires filamin A,"Abrass CK, Hansen KM.",J Biol Chem. 2010 Apr 23;285(17):12925-34. doi: 10.1074/jbc.M109.061754. Epub 2010 Feb 18.,Abrass CK,J Biol Chem,2010,2010-02-20 00:00:00,PMC2857142,,10.1074/jbc.M109.061754
,20332112,The NPIY motif in the integrin beta1 tail dictates the requirement for talin-1 in outside-in signaling,"Nieves B, Jones CW, Ward R, Ohta Y, Reverte CG, LaFlamme SE.",J Cell Sci. 2010 Apr 15;123(Pt 8):1216-26. doi: 10.1242/jcs.056549. Epub 2010 Mar 23.,Nieves B,J Cell Sci,2010,2010-03-25 00:00:00,PMC2848110,,10.1242/jcs.056549
,20110358,Filamin B plays a key role in vascular endothelial growth factor-induced endothelial cell motility through its interaction with Rac-1 and Vav-2,"Del Valle-Pérez B, Martínez VG, Lacasa-Salavert C, Figueras A, Shapiro SS, Takafuta T, Casanovas O, Capellà G, Ventura F, Viñals F.",J Biol Chem. 2010 Apr 2;285(14):10748-60. doi: 10.1074/jbc.M109.062984. Epub 2010 Jan 28.,Del Valle-Pérez B,J Biol Chem,2010,2010-01-30 00:00:00,PMC2856282,,10.1074/jbc.M109.062984
,20305393,Identification of Filamin A as a BRCA1-interacting protein required for efficient DNA repair,"Velkova A, Carvalho MA, Johnson JO, Tavtigian SV, Monteiro AN.",Cell Cycle. 2010 Apr 1;9(7):1421-33. doi: 10.4161/cc.9.7.11256. Epub 2010 Apr 1.,Velkova A,Cell Cycle,2010,2010-03-23 00:00:00,PMC3040726,NIHMS265446,10.4161/cc.9.7.11256
,20156194,Filamin associates with stress signalling kinases MKK7 and MKK4 and regulates JNK activation,"Nakagawa K, Sugahara M, Yamasaki T, Kajiho H, Takahashi S, Hirayama J, Minami Y, Ohta Y, Watanabe T, Hata Y, Katada T, Nishina H.",Biochem J. 2010 Mar 29;427(2):237-45. doi: 10.1042/BJ20091011.,Nakagawa K,Biochem J,2010,2010-02-17 00:00:00,,,10.1042/BJ20091011
,20222986,Proteomic analysis of PBMCs: characterization of potential HIV-associated proteins,"Zhang L, Jia X, Zhang X, Sun J, Peng X, Qi T, Ma F, Yin L, Yao Y, Qiu C, Lu H.",Proteome Sci. 2010 Mar 12;8:12. doi: 10.1186/1477-5956-8-12.,Zhang L,Proteome Sci,2010,2010-03-13 00:00:00,PMC2850332,,10.1186/1477-5956-8-12
,20186808,Mutational analysis of two boys with the severe perinatally lethal Melnick-Needles syndrome,"Santos HH, Garcia PP, Pereira L, Leão LL, Aguiar RA, Lana AM, Carvalho MR, Aguiar MJ.",Am J Med Genet A. 2010 Mar;152A(3):726-31. doi: 10.1002/ajmg.a.33260.,Santos HH,Am J Med Genet A,2010,2010-02-27 00:00:00,,,10.1002/ajmg.a.33260
,20179208,Cyclin D1/cyclin-dependent kinase 4 interacts with filamin A and affects the migration and invasion potential of breast cancer cells,"Zhong Z, Yeow WS, Zou C, Wassell R, Wang C, Pestell RG, Quong JN, Quong AA.",Cancer Res. 2010 Mar 1;70(5):2105-14. doi: 10.1158/0008-5472.CAN-08-1108. Epub 2010 Feb 23.,Zhong Z,Cancer Res,2010,2010-02-25 00:00:00,PMC2917898,NIHMS208494,10.1158/0008-5472.CAN-08-1108
,20300218,"The air liquid-interface, a skin microenvironment, promotes growth of melanoma cells, but not their apoptosis and invasion, through activation of mitogen-activated protein kinase","Yee CH, Aoki S, Uchihashi K, Matsunobu A, Yamasaki F, Misago N, Piao M, Tetsuji U, Yonemitsu N, Sugihara H, Toda S.",Acta Histochem Cytochem. 2010 Feb 27;43(1):1-7. doi: 10.1267/ahc.09036. Epub 2010 Feb 4.,Yee CH,Acta Histochem Cytochem,2010,2010-03-20 00:00:00,PMC2840220,,10.1267/ahc.09036
,20117089,Mechanical behavior of human mesenchymal stem cells during adipogenic and osteogenic differentiation,"Yu H, Tay CY, Leong WS, Tan SC, Liao K, Tan LP.",Biochem Biophys Res Commun. 2010 Feb 26;393(1):150-5. doi: 10.1016/j.bbrc.2010.01.107. Epub 2010 Feb 1.,Yu H,Biochem Biophys Res Commun,2010,2010-02-02 00:00:00,,,10.1016/j.bbrc.2010.01.107
,19805437,Isoform divergence of the filamin family of proteins,"Kesner BA, Milgram SL, Temple BR, Dokholyan NV.",Mol Biol Evol. 2010 Feb;27(2):283-95. doi: 10.1093/molbev/msp236. Epub 2009 Oct 5.,Kesner BA,Mol Biol Evol,2010,2009-10-07 00:00:00,PMC6392560,,10.1093/molbev/msp236
,19776392,Filamin A is required for vimentin-mediated cell adhesion and spreading,"Kim H, Nakamura F, Lee W, Shifrin Y, Arora P, McCulloch CA.",Am J Physiol Cell Physiol. 2010 Feb;298(2):C221-36. doi: 10.1152/ajpcell.00323.2009. Epub 2009 Sep 23.,Kim H,Am J Physiol Cell Physiol,2010,2009-09-25 00:00:00,PMC4380480,,10.1152/ajpcell.00323.2009
,20190856,Fragile x mental retardation 1 and filamin a interact genetically in Drosophila long-term memory,"Bolduc FV, Bell K, Rosenfelt C, Cox H, Tully T.",Front Neural Circuits. 2010 Jan 8;3:22. doi: 10.3389/neuro.04.022.2009. eCollection 2010.,Bolduc FV,Front Neural Circuits,2010,2010-03-02 00:00:00,PMC2813723,,10.3389/neuro.04.022.2009
,20014127,Novel cardiac findings in periventricular nodular heterotopia,"Jefferies JL, Taylor MD, Rossano J, Belmont JW, Craigen WJ.",Am J Med Genet A. 2010 Jan;152A(1):165-8. doi: 10.1002/ajmg.a.33110.,Jefferies JL,Am J Med Genet A,2010,2009-12-17 00:00:00,,,10.1002/ajmg.a.33110
,19514078,N-terminal strands of filamin Ig domains act as a conformational switch under biological forces,"Kesner BA, Ding F, Temple BR, Dokholyan NV.",Proteins. 2010 Jan;78(1):12-24. doi: 10.1002/prot.22479.,Kesner BA,Proteins,2010,2009-06-11 00:00:00,PMC2804786,NIHMS130373,10.1002/prot.22479
,20006946,Phosphorylation facilitates the integrin binding of filamin under force,"Chen HS, Kolahi KS, Mofrad MR.",Biophys J. 2009 Dec 16;97(12):3095-104. doi: 10.1016/j.bpj.2009.08.059.,Chen HS,Biophys J,2009,2009-12-17 00:00:00,PMC2793350,,10.1016/j.bpj.2009.08.059
,19773341,Skeletal dysplasias due to filamin A mutations result from a gain-of-function mechanism distinct from allelic neurological disorders,"Clark AR, Sawyer GM, Robertson SP, Sutherland-Smith AJ.",Hum Mol Genet. 2009 Dec 15;18(24):4791-800. doi: 10.1093/hmg/ddp442. Epub 2009 Sep 22.,Clark AR,Hum Mol Genet,2009,2009-09-24 00:00:00,,,10.1093/hmg/ddp442
,19875727,Identification of a novel 14-3-3zeta binding site within the cytoplasmic domain of platelet glycoprotein Ibalpha that plays a key role in regulating the von Willebrand factor binding function of glycoprotein Ib-IX,"Yuan Y, Zhang W, Yan R, Liao Y, Zhao L, Ruan C, Du X, Dai K.",Circ Res. 2009 Dec 4;105(12):1177-85. doi: 10.1161/CIRCRESAHA.109.204669. Epub 2009 Oct 29.,Yuan Y,Circ Res,2009,2009-10-31 00:00:00,,,10.1161/CIRCRESAHA.109.204669
,19917821,"Bilateral periventricular nodular heterotopia in France: frequency of mutations in FLNA, phenotypic heterogeneity and spectrum of mutations","Solé G, Coupry I, Rooryck C, Guérineau E, Martins F, Devés S, Hubert C, Souakri N, Boute O, Marchal C, Faivre L, Landré E, Debruxelles S, Dieux-Coeslier A, Boulay C, Chassagnon S, Michel V, Routon MC, Toutain A, Philip N, Lacombe D, Villard L, Arveiler B, Goizet C.",J Neurol Neurosurg Psychiatry. 2009 Dec;80(12):1394-8. doi: 10.1136/jnnp.2008.162263.,Solé G,J Neurol Neurosurg Psychiatry,2009,2009-11-18 00:00:00,,,10.1136/jnnp.2008.162263
,19909249,"Functionally defining the endothelial transcriptome, from Robo4 to ECSCR","Verissimo AR, Herbert JM, Heath VL, Legg JA, Sheldon H, Andre M, Swain RK, Bicknell R.",Biochem Soc Trans. 2009 Dec;37(Pt 6):1214-7. doi: 10.1042/BST0371214.,Verissimo AR,Biochem Soc Trans,2009,2009-11-14 00:00:00,,,10.1042/BST0371214
,19755153,Phosphotyrosine protein dynamics in cell membrane rafts of sphingosine-1-phosphate-stimulated human endothelium: role in barrier enhancement,"Zhao J, Singleton PA, Brown ME, Dudek SM, Garcia JG.",Cell Signal. 2009 Dec;21(12):1945-60. doi: 10.1016/j.cellsig.2009.09.002. Epub 2009 Sep 13.,Zhao J,Cell Signal,2009,2009-09-17 00:00:00,PMC3758232,NIHMS500550,10.1016/j.cellsig.2009.09.002
,19923718,Structure of the human filamin A actin-binding domain,"Ruskamo S, Ylänne J.",Acta Crystallogr D Biol Crystallogr. 2009 Nov;65(Pt 11):1217-21. doi: 10.1107/S0907444909037330. Epub 2009 Oct 22.,Ruskamo S,Acta Crystallogr D Biol Crystallogr,2009,2009-11-20 00:00:00,,,10.1107/S0907444909037330
,19759182,Filamin A regulates caveolae internalization and trafficking in endothelial cells,"Sverdlov M, Shinin V, Place AT, Castellon M, Minshall RD.",Mol Biol Cell. 2009 Nov;20(21):4531-40. doi: 10.1091/mbc.e08-10-0997. Epub 2009 Sep 16.,Sverdlov M,Mol Biol Cell,2009,2009-09-18 00:00:00,PMC2770941,,10.1091/mbc.e08-10-0997
,19879844,Polycystin-1 and -2 dosage regulates pressure sensing,"Sharif-Naeini R, Folgering JH, Bichet D, Duprat F, Lauritzen I, Arhatte M, Jodar M, Dedman A, Chatelain FC, Schulte U, Retailleau K, Loufrani L, Patel A, Sachs F, Delmas P, Peters DJ, Honoré E.",Cell. 2009 Oct 30;139(3):587-96. doi: 10.1016/j.cell.2009.08.045.,Sharif-Naeini R,Cell,2009,2009-11-03 00:00:00,,,10.1016/j.cell.2009.08.045
,19699211,The regulation mechanism for the auto-inhibition of binding of human filamin A to integrin,"Pentikäinen U, Ylänne J.",J Mol Biol. 2009 Oct 30;393(3):644-57. doi: 10.1016/j.jmb.2009.08.035. Epub 2009 Aug 20.,Pentikäinen U,J Mol Biol,2009,2009-08-25 00:00:00,,,10.1016/j.jmb.2009.08.035
,19808958,The cytoskeleton protein filamin-A is required for an efficient recombinational DNA double strand break repair,"Yue J, Wang Q, Lu H, Brenneman M, Fan F, Shen Z.",Cancer Res. 2009 Oct 15;69(20):7978-85. doi: 10.1158/0008-5472.CAN-09-2177. Epub 2009 Oct 6.,Yue J,Cancer Res,2009,2009-10-08 00:00:00,PMC2763018,NIHMS142043,10.1158/0008-5472.CAN-09-2177
,19720936,Proteomic analysis in aortic media of patients with Marfan syndrome reveals increased activity of calpain 2 in aortic aneurysms,"Pilop C, Aregger F, Gorman RC, Brunisholz R, Gerrits B, Schaffner T, Gorman JH 3rd, Matyas G, Carrel T, Frey BM.",Circulation. 2009 Sep 15;120(11):983-91. doi: 10.1161/CIRCULATIONAHA.108.843516. Epub 2009 Aug 31.,Pilop C,Circulation,2009,2009-09-02 00:00:00,,,10.1161/CIRCULATIONAHA.108.843516
,19667200,An active biopolymer network controlled by molecular motors,"Koenderink GH, Dogic Z, Nakamura F, Bendix PM, MacKintosh FC, Hartwig JH, Stossel TP, Weitz DA.",Proc Natl Acad Sci U S A. 2009 Sep 8;106(36):15192-7. doi: 10.1073/pnas.0903974106. Epub 2009 Aug 10.,Koenderink GH,Proc Natl Acad Sci U S A,2009,2009-08-12 00:00:00,PMC2741227,,10.1073/pnas.0903974106
,19690385,Binding of pro-prion to filamin A disrupts cytoskeleton and correlates with poor prognosis in pancreatic cancer,"Li C, Yu S, Nakamura F, Yin S, Xu J, Petrolla AA, Singh N, Tartakoff A, Abbott DW, Xin W, Sy MS.",J Clin Invest. 2009 Sep;119(9):2725-36. doi: 10.1172/JCI39542. Epub 2009 Aug 17.,Li C,J Clin Invest,2009,2009-08-20 00:00:00,PMC2735930,,10.1172/JCI39542
,19594548,Novel anti-filamin-A antibody detects a secreted variant of filamin-A in plasma from patients with breast carcinoma and high-grade astrocytoma,"Alper O, Stetler-Stevenson WG, Harris LN, Leitner WW, Ozdemirli M, Hartmann D, Raffeld M, Abu-Asab M, Byers S, Zhuang Z, Oldfield EH, Tong Y, Bergmann-Leitner E, Criss WE, Nagasaki K, Mok SC, Cramer DW, Karaveli FS, Goldbach-Mansky R, Leo P, Stromberg K, Weil RJ.",Cancer Sci. 2009 Sep;100(9):1748-56. doi: 10.1111/j.1349-7006.2009.01244.x. Epub 2009 Jun 17.,Alper O,Cancer Sci,2009,2009-07-15 00:00:00,PMC2788299,NIHMS161408,10.1111/j.1349-7006.2009.01244.x
,19502595,Snail2 cooperates with Snail1 in the repression of vitamin D receptor in colon cancer,"Larriba MJ, Martín-Villar E, García JM, Pereira F, Peña C, de Herreros AG, Bonilla F, Muñoz A.",Carcinogenesis. 2009 Aug;30(8):1459-68. doi: 10.1093/carcin/bgp140. Epub 2009 Jun 5.,Larriba MJ,Carcinogenesis,2009,2009-06-09 00:00:00,,,10.1093/carcin/bgp140
,19604354,Identification of Makorin 1 as a novel SEREX antigen of esophageal squamous cell carcinoma,"Shimada H, Shiratori T, Yasuraoka M, Kagaya A, Kuboshima M, Nomura F, Takiguchi M, Ochiai T, Matsubara H, Hiwasa T.",BMC Cancer. 2009 Jul 15;9:232. doi: 10.1186/1471-2407-9-232.,Shimada H,BMC Cancer,2009,2009-07-17 00:00:00,PMC2722670,,10.1186/1471-2407-9-232
,19458194,Filamin A-beta1 integrin complex tunes epithelial cell response to matrix tension,"Gehler S, Baldassarre M, Lad Y, Leight JL, Wozniak MA, Riching KM, Eliceiri KW, Weaver VM, Calderwood DA, Keely PJ.",Mol Biol Cell. 2009 Jul;20(14):3224-38. doi: 10.1091/mbc.e08-12-1186. Epub 2009 May 20.,Gehler S,Mol Biol Cell,2009,2009-05-22 00:00:00,PMC2710838,,10.1091/mbc.e08-12-1186
,19446907,Comparative protein expression profiles of hilar and peripheral hepatic cholangiocarcinomas,"Guedj N, Zhan Q, Perigny M, Rautou PE, Degos F, Belghiti J, Farges O, Bedossa P, Paradis V.",J Hepatol. 2009 Jul;51(1):93-101. doi: 10.1016/j.jhep.2009.03.017. Epub 2009 Apr 25.,Guedj N,J Hepatol,2009,2009-05-19 00:00:00,,,10.1016/j.jhep.2009.03.017
,19376791,A label-free quantitative proteomics strategy to identify E3 ubiquitin ligase substrates targeted to proteasome degradation,"Burande CF, Heuzé ML, Lamsoul I, Monsarrat B, Uttenweiler-Joseph S, Lutz PG.",Mol Cell Proteomics. 2009 Jul;8(7):1719-27. doi: 10.1074/mcp.M800410-MCP200. Epub 2009 Apr 17.,Burande CF,Mol Cell Proteomics,2009,2009-04-21 00:00:00,PMC2709196,,10.1074/mcp.M800410-MCP200
,19177143,Wnt5A activates the calpain-mediated cleavage of filamin A,"O'Connell MP, Fiori JL, Baugher KM, Indig FE, French AD, Camilli TC, Frank BP, Earley R, Hoek KS, Hasskamp JH, Elias EG, Taub DD, Bernier M, Weeraratna AT.",J Invest Dermatol. 2009 Jul;129(7):1782-9. doi: 10.1038/jid.2008.433. Epub 2009 Jan 29.,O'Connell MP,J Invest Dermatol,2009,2009-01-30 00:00:00,PMC2695838,NIHMS92519,10.1038/jid.2008.433
,19527669,Absence of filamin A prevents cells from responding to stiffness gradients on gels coated with collagen but not fibronectin,"Byfield FJ, Wen Q, Levental I, Nordstrom K, Arratia PE, Miller RT, Janmey PA.",Biophys J. 2009 Jun 17;96(12):5095-102. doi: 10.1016/j.bpj.2009.03.046.,Byfield FJ,Biophys J,2009,2009-06-17 00:00:00,PMC2712047,,10.1016/j.bpj.2009.03.046
,19636946,"1H, 13C and 15N resonance assignments of the human filamin A tandem immunoglobulin-like domains 16-17 and 18-19","Heikkinen O, Permi P, Koskela H, Ylänne J, Kilpeläinen I.",Biomol NMR Assign. 2009 Jun;3(1):53-6. doi: 10.1007/s12104-008-9140-6. Epub 2009 Jan 4.,Heikkinen O,Biomol NMR Assign,2009,2009-07-29 00:00:00,,,10.1007/s12104-008-9140-6
,19213840,Filamin A modulates kinase activation and intracellular trafficking of epidermal growth factor receptors in human melanoma cells,"Fiori JL, Zhu TN, O'Connell MP, Hoek KS, Indig FE, Frank BP, Morris C, Kole S, Hasskamp J, Elias G, Weeraratna AT, Bernier M.",Endocrinology. 2009 Jun;150(6):2551-60. doi: 10.1210/en.2008-1344. Epub 2009 Feb 12.,Fiori JL,Endocrinology,2009,2009-02-14 00:00:00,PMC2689793,,10.1210/en.2008-1344
,19479059,Serotonylation of vascular proteins important to contraction,"Watts SW, Priestley JR, Thompson JM.",PLoS One. 2009 May 25;4(5):e5682. doi: 10.1371/journal.pone.0005682.,Watts SW,PLoS One,2009,2009-05-30 00:00:00,PMC2682564,,10.1371/journal.pone.0005682
,19450503,Filamin A is essential for active cell stiffening but not passive stiffening under external force,"Kasza KE, Nakamura F, Hu S, Kollmannsberger P, Bonakdar N, Fabry B, Stossel TP, Wang N, Weitz DA.",Biophys J. 2009 May 20;96(10):4326-35. doi: 10.1016/j.bpj.2009.02.035.,Kasza KE,Biophys J,2009,2009-05-20 00:00:00,PMC2712146,,10.1016/j.bpj.2009.02.035
,19426212,CD28 and CTLA-4 coreceptor expression and signal transduction,"Rudd CE, Taylor A, Schneider H.",Immunol Rev. 2009 May;229(1):12-26. doi: 10.1111/j.1600-065X.2009.00770.x.,Rudd CE,Immunol Rev,2009,2009-05-12 00:00:00,PMC4186963,EMS5019,10.1111/j.1600-065X.2009.00770.x
,19292868,Novel genes in cell cycle control and lipid metabolism with dynamically regulated binding sites for sterol regulatory element-binding protein 1 and RNA polymerase II in HepG2 cells detected by chromatin immunoprecipitation with microarray detection,"Motallebipour M, Enroth S, Punga T, Ameur A, Koch C, Dunham I, Komorowski J, Ericsson J, Wadelius C.",FEBS J. 2009 Apr;276(7):1878-90. doi: 10.1111/j.1742-4658.2009.06914.x.,Motallebipour M,FEBS J,2009,2009-03-19 00:00:00,,,10.1111/j.1742-4658.2009.06914.x
,19289478,"Filamin A mutation, a common cause for periventricular heterotopia, aneurysms and cardiac defects","de Wit MC, Kros JM, Halley DJ, de Coo IF, Verdijk R, Jacobs BC, Mancini GM.",J Neurol Neurosurg Psychiatry. 2009 Apr;80(4):426-8. doi: 10.1136/jnnp.2008.149419.,de Wit MC,J Neurol Neurosurg Psychiatry,2009,2009-03-18 00:00:00,,,10.1136/jnnp.2008.149419
,19137608,Crystal structure of the dimerization domain of human filamin A,"Seo MD, Seok SH, Im H, Kwon AR, Lee SJ, Kim HR, Cho Y, Park D, Lee BJ.",Proteins. 2009 Apr;75(1):258-63. doi: 10.1002/prot.22336.,Seo MD,Proteins,2009,2009-01-13 00:00:00,,,10.1002/prot.22336
,18854860,Xq28 duplication presenting with intestinal and bladder dysfunction and a distinctive facial appearance,"Clayton-Smith J, Walters S, Hobson E, Burkitt-Wright E, Smith R, Toutain A, Amiel J, Lyonnet S, Mansour S, Fitzpatrick D, Ciccone R, Ricca I, Zuffardi O, Donnai D.",Eur J Hum Genet. 2009 Apr;17(4):434-43. doi: 10.1038/ejhg.2008.192. Epub 2008 Oct 15.,Clayton-Smith J,Eur J Hum Genet,2009,2008-10-16 00:00:00,PMC2986219,,10.1038/ejhg.2008.192
,24206947,"Bilateral posterior periventricular nodular heterotopia with cerebellar hypoplasia, communicating hydrocephalus and bilateral hippocampal sclerosis. A case report","Gurusamy S, Saravanan S, Kuttuva Premnath U, Sivanandan R.",Neuroradiol J. 2009 Mar 23;22(1):11-5. doi: 10.1177/197140090902200102. Epub 2009 Mar 23.,Gurusamy S,Neuroradiol J,2009,2013-11-12 00:00:00,,,10.1177/197140090902200102
,19206108,"Actin, gelsolin and filamin-A are dynamic actors in the cytoskeleton remodelling contributing to the blood brain barrier phenotype","Pottiez G, Sevin E, Cecchelli R, Karamanos Y, Flahaut C.",Proteomics. 2009 Mar;9(5):1207-19. doi: 10.1002/pmic.200800503.,Pottiez G,Proteomics,2009,2009-02-12 00:00:00,,,10.1002/pmic.200800503
,19144823,The role of FilGAP-filamin A interactions in mechanoprotection,"Shifrin Y, Arora PD, Ohta Y, Calderwood DA, McCulloch CA.",Mol Biol Cell. 2009 Mar;20(5):1269-79. doi: 10.1091/mbc.e08-08-0872. Epub 2009 Jan 14.,Shifrin Y,Mol Biol Cell,2009,2009-01-16 00:00:00,PMC2649276,,10.1091/mbc.e08-08-0872
,19120042,"Neuronal migration disorders: clinical, neuroradiologic and genetics aspects","Spalice A, Parisi P, Nicita F, Pizzardi G, Del Balzo F, Iannetti P.",Acta Paediatr. 2009 Mar;98(3):421-33. doi: 10.1111/j.1651-2227.2008.01160.x. Epub 2008 Dec 16.,Spalice A,Acta Paediatr,2009,2009-01-06 00:00:00,,,10.1111/j.1651-2227.2008.01160.x
,19639527,Aicardi syndrome in a male patient,"Anderson S, Menten B, Kogelenberg Mv, Robertson S, Waginger M, Mentzel HJ, Brandl U, Skirl G, Willems P.",Neuropediatrics. 2009 Feb;40(1):39-42. doi: 10.1055/s-0029-1220760. Epub 2009 Jul 28.,Anderson S,Neuropediatrics,2009,2009-07-30 00:00:00,,,10.1055/s-0029-1220760
,19188148,Nuclear versus cytoplasmic localization of filamin A in prostate cancer: immunohistochemical correlation with metastases,"Bedolla RG, Wang Y, Asuncion A, Chamie K, Siddiqui S, Mudryj MM, Prihoda TJ, Siddiqui J, Chinnaiyan AM, Mehra R, de Vere White RW, Ghosh PM.",Clin Cancer Res. 2009 Feb 1;15(3):788-96. doi: 10.1158/1078-0432.CCR-08-1402.,Bedolla RG,Clin Cancer Res,2009,2009-02-04 00:00:00,PMC2666194,NIHMS96817,10.1158/1078-0432.CCR-08-1402
,19151628,Hyaline protoplasmic astrocytopathy of neocortex,"Hedley-Whyte ET, Goldman JE, Nedergaard M, Friedman A, Han X, Schmidt RE, Powers JM.",J Neuropathol Exp Neurol. 2009 Feb;68(2):136-47. doi: 10.1097/NEN.0b013e318195203.,Hedley-Whyte ET,J Neuropathol Exp Neurol,2009,2009-01-20 00:00:00,,,10.1097/NEN.0b013e318195203
,18996916,Disruption of neural progenitors along the ventricular and subventricular zones in periventricular heterotopia,"Ferland RJ, Batiz LF, Neal J, Lian G, Bundock E, Lu J, Hsiao YC, Diamond R, Mei D, Banham AH, Brown PJ, Vanderburg CR, Joseph J, Hecht JL, Folkerth R, Guerrini R, Walsh CA, Rodriguez EM, Sheen VL.",Hum Mol Genet. 2009 Feb 1;18(3):497-516. doi: 10.1093/hmg/ddn377. Epub 2008 Nov 7.,Ferland RJ,Hum Mol Genet,2009,2008-11-11 00:00:00,PMC2722192,,10.1093/hmg/ddn377
,18802008,Megakaryocyte-derived microparticles: direct visualization and distinction from platelet-derived microparticles,"Flaumenhaft R, Dilks JR, Richardson J, Alden E, Patel-Hett SR, Battinelli E, Klement GL, Sola-Visner M, Italiano JE Jr.",Blood. 2009 Jan 29;113(5):1112-21. doi: 10.1182/blood-2008-06-163832. Epub 2008 Sep 18.,Flaumenhaft R,Blood,2009,2008-09-20 00:00:00,PMC2635076,,10.1182/blood-2008-06-163832
,19293932,Molecular basis of filamin A-FilGAP interaction and its impairment in congenital disorders associated with filamin A mutations,"Nakamura F, Heikkinen O, Pentikäinen OT, Osborn TM, Kasza KE, Weitz DA, Kupiainen O, Permi P, Kilpeläinen I, Ylänne J, Hartwig JH, Stossel TP.",PLoS One. 2009;4(3):e4928. doi: 10.1371/journal.pone.0004928. Epub 2009 Mar 18.,Nakamura F,PLoS One,2009,2009-03-19 00:00:00,PMC2654154,,10.1371/journal.pone.0004928
,19172190,Naloxone's pentapeptide binding site on filamin A blocks Mu opioid receptor-Gs coupling and CREB activation of acute morphine,"Wang HY, Burns LH.",PLoS One. 2009;4(1):e4282. doi: 10.1371/journal.pone.0004282. Epub 2009 Jan 27.,Wang HY,PLoS One,2009,2009-01-28 00:00:00,PMC2628740,,10.1371/journal.pone.0004282
,17939058,A review of actin binding proteins: new perspectives,"Uribe R, Jay D.",Mol Biol Rep. 2009 Jan;36(1):121-5. doi: 10.1007/s11033-007-9159-2. Epub 2007 Oct 16.,Uribe R,Mol Biol Rep,2009,2007-10-17 00:00:00,,,10.1007/s11033-007-9159-2
,18799729,ASB2 targets filamins A and B to proteasomal degradation,"Heuzé ML, Lamsoul I, Baldassarre M, Lad Y, Lévêque S, Razinia Z, Moog-Lutz C, Calderwood DA, Lutz PG.",Blood. 2008 Dec 15;112(13):5130-40. doi: 10.1182/blood-2007-12-128744. Epub 2008 Sep 17.,Heuzé ML,Blood,2008,2008-09-19 00:00:00,PMC2597609,,10.1182/blood-2007-12-128744
,19018771,Irradiated fibroblast-induced bystander effects on invasive growth of squamous cell carcinoma under cancer-stromal cell interaction,"Kamochi N, Nakashima M, Aoki S, Uchihashi K, Sugihara H, Toda S, Kudo S.",Cancer Sci. 2008 Dec;99(12):2417-27. doi: 10.1111/j.1349-7006.2008.00978.x. Epub 2008 Nov 17.,Kamochi N,Cancer Sci,2008,2008-11-21 00:00:00,PMC11158697,,10.1111/j.1349-7006.2008.00978.x
,18815275,Filamin B serves as a molecular scaffold for type I interferon-induced c-Jun NH2-terminal kinase signaling pathway,"Jeon YJ, Choi JS, Lee JY, Yu KR, Ka SH, Cho Y, Choi EJ, Baek SH, Seol JH, Park D, Bang OS, Chung CH.",Mol Biol Cell. 2008 Dec;19(12):5116-30. doi: 10.1091/mbc.e08-06-0576. Epub 2008 Sep 24.,Jeon YJ,Mol Biol Cell,2008,2008-09-26 00:00:00,PMC2592671,,10.1091/mbc.e08-06-0576
,18808783,[Epileptogenic brain malformations: radiological and clinical presentation and indications for genetic testing],"Bahi-Buisson N, Boddaert N, Saillour Y, Souville I, Poirier K, Léger PL, Castelnau L, Plouin P, Carion N, Beldjord C, Chelly J.",Rev Neurol (Paris). 2008 Dec;164(12):995-1009. doi: 10.1016/j.neurol.2008.04.006. Epub 2008 Jun 9.,Bahi-Buisson N,Rev Neurol (Paris),2008,2008-09-24 00:00:00,,,10.1016/j.neurol.2008.04.006
,18817417,Integrin binding immunoglobulin type filamin domains have variable stability,"Jiang P, Campbell ID.",Biochemistry. 2008 Oct 21;47(42):11055-61. doi: 10.1021/bi8011466. Epub 2008 Sep 26.,Jiang P,Biochemistry,2008,2008-09-27 00:00:00,,,10.1021/bi8011466
,18667433,Receptor tyrosine kinase Ror2 mediates Wnt5a-induced polarized cell migration by activating c-Jun N-terminal kinase via actin-binding protein filamin A,"Nomachi A, Nishita M, Inaba D, Enomoto M, Hamasaki M, Minami Y.",J Biol Chem. 2008 Oct 10;283(41):27973-27981. doi: 10.1074/jbc.M802325200. Epub 2008 Jul 30.,Nomachi A,J Biol Chem,2008,2008-08-01 00:00:00,,,10.1074/jbc.M802325200
,18404377,Filamin A mutant lacking actin-binding domain restores mu opioid receptor regulation in melanoma cells,"Onoprishvili I, Ali S, Andria ML, Shpigel A, Simon EJ.",Neurochem Res. 2008 Oct;33(10):2054-61. doi: 10.1007/s11064-008-9684-y. Epub 2008 Apr 11.,Onoprishvili I,Neurochem Res,2008,2008-04-12 00:00:00,,,10.1007/s11064-008-9684-y
,18794120,"Functional characterization of filamin a interacting protein 1-like, a novel candidate for antivascular cancer therapy","Kwon M, Hanna E, Lorang D, He M, Quick JS, Adem A, Stevenson C, Chung JY, Hewitt SM, Zudaire E, Esposito D, Cuttitta F, Libutti SK.",Cancer Res. 2008 Sep 15;68(18):7332-41. doi: 10.1158/0008-5472.CAN-08-1087.,Kwon M,Cancer Res,2008,2008-09-17 00:00:00,PMC2614293,NIHMS69776,10.1158/0008-5472.CAN-08-1087
,18598695,Filamin A is a novel caveolin-1-dependent target in IGF-I-stimulated cancer cell migration,"Ravid D, Chuderland D, Landsman L, Lavie Y, Reich R, Liscovitch M.",Exp Cell Res. 2008 Sep 10;314(15):2762-73. doi: 10.1016/j.yexcr.2008.06.004. Epub 2008 Jun 12.,Ravid D,Exp Cell Res,2008,2008-07-05 00:00:00,,,10.1016/j.yexcr.2008.06.004
,18644866,Filamin A links sphingosine kinase 1 and sphingosine-1-phosphate receptor 1 at lamellipodia to orchestrate cell migration,"Maceyka M, Alvarez SE, Milstien S, Spiegel S.",Mol Cell Biol. 2008 Sep;28(18):5687-97. doi: 10.1128/MCB.00465-08. Epub 2008 Jul 21.,Maceyka M,Mol Cell Biol,2008,2008-07-23 00:00:00,PMC2546923,,10.1128/MCB.00465-08
,18556573,"ECSM2, an endothelial specific filamin a binding protein that mediates chemotaxis","Armstrong LJ, Heath VL, Sanderson S, Kaur S, Beesley JF, Herbert JM, Legg JA, Poulsom R, Bicknell R.",Arterioscler Thromb Vasc Biol. 2008 Sep;28(9):1640-6. doi: 10.1161/ATVBAHA.108.162511. Epub 2008 Jun 12.,Armstrong LJ,Arterioscler Thromb Vasc Biol,2008,2008-06-17 00:00:00,,,10.1161/ATVBAHA.108.162511
,18755076,Comparative proteomic analysis of peripheral blood mononuclear cells from atopic dermatitis patients and healthy donors,"Kim WK, Cho HJ, Ryu SI, Hwang HR, Kim DH, Ryu HY, Chung JW, Kim TY, Park BC, Bae KH, Ko Y, Lee SC.",BMB Rep. 2008 Aug 31;41(8):597-603. doi: 10.5483/bmbrep.2008.41.8.597.,Kim WK,BMB Rep,2008,2008-08-30 00:00:00,,,10.5483/bmbrep.2008.41.8.597
,18660478,"Like father, like son: periventricular nodular heterotopia and nonverbal learning disorder","McCann MV, Pongonis SJ, Golomb MR, Edwards-Brown M, Christensen CK, Sokol DK.",J Child Neurol. 2008 Aug;23(8):950-3. doi: 10.1177/0883073808315415.,McCann MV,J Child Neurol,2008,2008-07-29 00:00:00,,,10.1177/0883073808315415
,18596546,Astrocytic inclusions in epilepsy: expanding the spectrum of filaminopathies,"Hazrati LN, Kleinschmidt-DeMasters BK, Handler MH, Smith ML, Ochi A, Otsubo H, Rutka JT, Go C, Weiss S, Hawkins CE.",J Neuropathol Exp Neurol. 2008 Jul;67(7):669-76. doi: 10.1097/NEN.0b013e31817d7a06.,Hazrati LN,J Neuropathol Exp Neurol,2008,2008-07-04 00:00:00,,,10.1097/NEN.0b013e31817d7a06
,18496584,Proteomic analysis permits the identification of new biomarkers of arterial wall remodeling in hypertension,"Delbosc S, Haloui M, Louedec L, Dupuis M, Cubizolles M, Podust VN, Fung ET, Michel JB, Meilhac O.",Mol Med. 2008 Jul-Aug;14(7-8):383-94. doi: 10.2119/2008-00030.Delbosc.,Delbosc S,Mol Med,2008,2008-05-23 00:00:00,PMC2387121,,10.2119/2008-00030.Delbosc
,18487259,Fine expression profiling of full-length transcripts using a size-unbiased cDNA library prepared with the vector-capping method,"Oshikawa M, Sugai Y, Usami R, Ohtoko K, Toyama S, Kato S.",DNA Res. 2008 Jun 30;15(3):123-36. doi: 10.1093/dnares/dsn010. Epub 2008 May 16.,Oshikawa M,DNA Res,2008,2008-05-20 00:00:00,PMC2650634,,10.1093/dnares/dsn010
,18479457,A fluorescence energy transfer-based mechanical stress sensor for specific proteins in situ,"Meng F, Suchyna TM, Sachs F.",FEBS J. 2008 Jun;275(12):3072-87. doi: 10.1111/j.1742-4658.2008.06461.x. Epub 2008 May 10.,Meng F,FEBS J,2008,2008-05-16 00:00:00,PMC2396198,NIHMS46347,10.1111/j.1742-4658.2008.06461.x
,18434192,Substantial migration of SVZ cells to the cortex results in the generation of new neurons in the excitotoxically damaged immature rat brain,"Faiz M, Acarin L, Villapol S, Schulz S, Castellano B, Gonzalez B.",Mol Cell Neurosci. 2008 Jun;38(2):170-82. doi: 10.1016/j.mcn.2008.02.002. Epub 2008 Mar 4.,Faiz M,Mol Cell Neurosci,2008,2008-04-25 00:00:00,,,10.1016/j.mcn.2008.02.002
,18427995,A new missense mutation found in the FLNA gene in a family with bilateral periventricular nodular heterotopia (BPNH) alters the splicing process,"Tsuneda SS, Torres FR, Montenegro MA, Guerreiro MM, Cendes F, Lopes-Cendes I.",J Mol Neurosci. 2008 Jun;35(2):195-200. doi: 10.1007/s12031-008-9050-1. Epub 2008 Apr 22.,Tsuneda SS,J Mol Neurosci,2008,2008-04-23 00:00:00,,,10.1007/s12031-008-9050-1
,18384621,Bilateral periventricular nodular heterotopia and lissencephaly in an infant with unbalanced t(12;17)(q24.31; p13.3) translocation,"Grosso S, Fichera M, Galesi O, Luciano D, Pucci L, Giardini F, Berardi R, Balestri P.",Dev Med Child Neurol. 2008 Jun;50(6):473-6. doi: 10.1111/j.1469-8749.2008.02058.x. Epub 2008 Apr 1.,Grosso S,Dev Med Child Neurol,2008,2008-04-04 00:00:00,,,10.1111/j.1469-8749.2008.02058.x
,18322202,Filamin A stabilizes Fc gamma RI surface expression and prevents its lysosomal routing,"Beekman JM, van der Poel CE, van der Linden JA, van den Berg DL, van den Berghe PV, van de Winkel JG, Leusen JH.",J Immunol. 2008 Mar 15;180(6):3938-45. doi: 10.4049/jimmunol.180.6.3938.,Beekman JM,J Immunol,2008,2008-03-07 00:00:00,,,10.4049/jimmunol.180.6.3938
,18303054,IKAP localizes to membrane ruffles with filamin A and regulates actin cytoskeleton organization and cell migration,"Johansen LD, Naumanen T, Knudsen A, Westerlund N, Gromova I, Junttila M, Nielsen C, Bøttzauw T, Tolkovsky A, Westermarck J, Coffey ET, Jäättelä M, Kallunki T.",J Cell Sci. 2008 Mar 15;121(Pt 6):854-64. doi: 10.1242/jcs.013722. Epub 2008 Feb 26.,Johansen LD,J Cell Sci,2008,2008-02-28 00:00:00,,,10.1242/jcs.013722
,18202316,Binding of the P2Y2 nucleotide receptor to filamin A regulates migration of vascular smooth muscle cells,"Yu N, Erb L, Shivaji R, Weisman GA, Seye CI.",Circ Res. 2008 Mar 14;102(5):581-8. doi: 10.1161/CIRCRESAHA.107.162271. Epub 2008 Jan 17.,Yu N,Circ Res,2008,2008-01-19 00:00:00,PMC3687807,NIHMS120479,10.1161/CIRCRESAHA.107.162271
,18177638,Filamin A regulates cell spreading and survival via beta1 integrins,"Kim H, Sengupta A, Glogauer M, McCulloch CA.",Exp Cell Res. 2008 Feb 15;314(4):834-46. doi: 10.1016/j.yexcr.2007.11.022. Epub 2007 Dec 4.,Kim H,Exp Cell Res,2008,2008-01-08 00:00:00,,,10.1016/j.yexcr.2007.11.022
,18253501,High-affinity naloxone binding to filamin a prevents mu opioid receptor-Gs coupling underlying opioid tolerance and dependence,"Wang HY, Frankfurt M, Burns LH.",PLoS One. 2008 Feb 6;3(2):e1554. doi: 10.1371/journal.pone.0001554.,Wang HY,PLoS One,2008,2008-02-07 00:00:00,PMC2212716,,10.1371/journal.pone.0001554
,18201775,Trouble making the first move: interpreting arrested neuronal migration in the cerebral cortex,"Sarkisian MR, Bartley CM, Rakic P.",Trends Neurosci. 2008 Feb;31(2):54-61. doi: 10.1016/j.tins.2007.11.009. Epub 2008 Jan 16.,Sarkisian MR,Trends Neurosci,2008,2008-01-19 00:00:00,,,10.1016/j.tins.2007.11.009
,18075253,Molecular pathways regulating cytoskeletal organization and morphological changes in migrating neurons,"Kawauchi T, Hoshino M.",Dev Neurosci. 2008;30(1-3):36-46. doi: 10.1159/000109850.,Kawauchi T,Dev Neurosci,2008,2007-12-14 00:00:00,,,10.1159/000109850
,18056414,Structural basis of filamin A functions,"Nakamura F, Osborn TM, Hartemink CA, Hartwig JH, Stossel TP.",J Cell Biol. 2007 Dec 3;179(5):1011-25. doi: 10.1083/jcb.200707073.,Nakamura F,J Cell Biol,2007,2007-12-07 00:00:00,PMC2099194,,10.1083/jcb.200707073
,18223515,[Genetic aspects of valvulopathies],"Kyndt F, Le Scouarnec S, Jaafar P, Gueffet JP, Legendre A, Trochu JN, Jousseaume V, Chaventré A, Schott JJ, Le Marec H, Probst V.",Arch Mal Coeur Vaiss. 2007 Dec;100(12):1013-20.,Kyndt F,Arch Mal Coeur Vaiss,2007,2008-01-29 00:00:00,,,
,17825253,Filamin A negatively regulates the transcriptional activity of p73alpha in the cytoplasm,"Kim EJ, Park JS, Um SJ.",Biochem Biophys Res Commun. 2007 Nov 3;362(4):1101-6. doi: 10.1016/j.bbrc.2007.08.148. Epub 2007 Aug 31.,Kim EJ,Biochem Biophys Res Commun,2007,2007-09-11 00:00:00,,,10.1016/j.bbrc.2007.08.148
,17897634,Chronic morphine treatment up-regulates mu opioid receptor binding in cells lacking filamin A,"Onoprishvili I, Simon EJ.",Brain Res. 2007 Oct 26;1177:9-18. doi: 10.1016/j.brainres.2007.08.020. Epub 2007 Aug 16.,Onoprishvili I,Brain Res,2007,2007-09-28 00:00:00,PMC2175075,NIHMS33357,10.1016/j.brainres.2007.08.020
,17420725,A 90 kDa fragment of filamin A promotes Casodex-induced growth inhibition in Casodex-resistant androgen receptor positive C4-2 prostate cancer cells,"Wang Y, Kreisberg JI, Bedolla RG, Mikhailova M, deVere White RW, Ghosh PM.",Oncogene. 2007 Sep 6;26(41):6061-70. doi: 10.1038/sj.onc.1210435. Epub 2007 Apr 9.,Wang Y,Oncogene,2007,2007-04-11 00:00:00,,,10.1038/sj.onc.1210435
,17690686,Structure of three tandem filamin domains reveals auto-inhibition of ligand binding,"Lad Y, Kiema T, Jiang P, Pentikäinen OT, Coles CH, Campbell ID, Calderwood DA, Ylänne J.",EMBO J. 2007 Sep 5;26(17):3993-4004. doi: 10.1038/sj.emboj.7601827. Epub 2007 Aug 9.,Lad Y,EMBO J,2007,2007-08-11 00:00:00,PMC1948075,,10.1038/sj.emboj.7601827
,17979874,The calcium-sensing receptor and its interacting proteins,"Huang C, Miller RT.",J Cell Mol Med. 2007 Sep-Oct;11(5):923-34. doi: 10.1111/j.1582-4934.2007.00114.x.,Huang C,J Cell Mol Med,2007,2007-11-06 00:00:00,PMC4401264,,10.1111/j.1582-4934.2007.00114.x
,17586600,Interactions with filamin A stimulate surface expression of large-conductance Ca2+-activated K+ channels in the absence of direct actin binding,"Kim EY, Ridgway LD, Dryer SE.",Mol Pharmacol. 2007 Sep;72(3):622-30. doi: 10.1124/mol.107.038026. Epub 2007 Jun 22.,Kim EY,Mol Pharmacol,2007,2007-06-26 00:00:00,,,10.1124/mol.107.038026
,17536008,Roles of protein kinase C and actin-binding protein 280 in the regulation of intracellular trafficking of dopamine D3 receptor,"Cho EY, Cho DI, Park JH, Kurose H, Caron MG, Kim KM.",Mol Endocrinol. 2007 Sep;21(9):2242-54. doi: 10.1210/me.2007-0202. Epub 2007 May 29.,Cho EY,Mol Endocrinol,2007,2007-05-31 00:00:00,,,10.1210/me.2007-0202
,17632775,Filamin A mutation is one cause of FG syndrome,"Unger S, Mainberger A, Spitz C, Bähr A, Zeschnigk C, Zabel B, Superti-Furga A, Morris-Rosendahl DJ.",Am J Med Genet A. 2007 Aug 15;143A(16):1876-9. doi: 10.1002/ajmg.a.31751.,Unger S,Am J Med Genet A,2007,2007-07-17 00:00:00,,,10.1002/ajmg.a.31751
,17606711,"Expression of ral GTPases, their effectors, and activators in human bladder cancer","Smith SC, Oxford G, Baras AS, Owens C, Havaleshko D, Brautigan DL, Safo MK, Theodorescu D.",Clin Cancer Res. 2007 Jul 1;13(13):3803-13. doi: 10.1158/1078-0432.CCR-06-2419.,Smith SC,Clin Cancer Res,2007,2007-07-04 00:00:00,,,10.1158/1078-0432.CCR-06-2419
,17572668,Filamin-A regulates actin-dependent clustering of HIV receptors,"Jiménez-Baranda S, Gómez-Moutón C, Rojas A, Martínez-Prats L, Mira E, Ana Lacalle R, Valencia A, Dimitrov DS, Viola A, Delgado R, Martínez-A C, Mañes S.",Nat Cell Biol. 2007 Jul;9(7):838-46. doi: 10.1038/ncb1610. Epub 2007 Jun 17.,Jiménez-Baranda S,Nat Cell Biol,2007,2007-06-19 00:00:00,,,10.1038/ncb1610
,17564427,A systematic MS-based approach for identifying in vitro substrates of PKA and PKG in rat uteri,"Huang SY, Tsai ML, Chen GY, Wu CJ, Chen SH.",J Proteome Res. 2007 Jul;6(7):2674-84. doi: 10.1021/pr070134c. Epub 2007 Jun 12.,Huang SY,J Proteome Res,2007,2007-06-15 00:00:00,,,10.1021/pr070134c
,17389601,Filamin A-mediated down-regulation of the exchange factor Ras-GRF1 correlates with decreased matrix metalloproteinase-9 expression in human melanoma cells,"Zhu TN, He HJ, Kole S, D'Souza T, Agarwal R, Morin PJ, Bernier M.",J Biol Chem. 2007 May 18;282(20):14816-26. doi: 10.1074/jbc.M611430200. Epub 2007 Mar 27.,Zhu TN,J Biol Chem,2007,2007-03-29 00:00:00,,,10.1074/jbc.M611430200
,17431908,"Otopalatodigital syndrome type 2 in two siblings with a novel filamin A 629G>T mutation: clinical, pathological, and molecular findings","Mariño-Enríquez A, Lapunzina P, Robertson SP, Rodríguez JI.",Am J Med Genet A. 2007 May 15;143A(10):1120-5. doi: 10.1002/ajmg.a.31696.,Mariño-Enríquez A,Am J Med Genet A,2007,2007-04-14 00:00:00,,,10.1002/ajmg.a.31696
,17413272,Molecular genetics of mitral valve prolapse,"Levine RA, Slaugenhaupt SA.",Curr Opin Cardiol. 2007 May;22(3):171-5. doi: 10.1097/HCO.0b013e3280f3bfcd.,Levine RA,Curr Opin Cardiol,2007,2007-04-07 00:00:00,,,10.1097/HCO.0b013e3280f3bfcd
,17408621,Cyclin B1/Cdk1 binds and phosphorylates Filamin A and regulates its ability to cross-link actin,"Cukier IH, Li Y, Lee JM.",FEBS Lett. 2007 Apr 17;581(8):1661-72. doi: 10.1016/j.febslet.2007.03.041. Epub 2007 Mar 28.,Cukier IH,FEBS Lett,2007,2007-04-06 00:00:00,,,10.1016/j.febslet.2007.03.041
,17401197,"Expression, crystallization and preliminary crystallographic data analysis of filamin A repeats 14-16","Aguda AH, Sakwe AM, Rask L, Robinson RC.",Acta Crystallogr Sect F Struct Biol Cryst Commun. 2007 Apr 1;63(Pt 4):291-3. doi: 10.1107/S1744309107006689. Epub 2007 Mar 12.,Aguda AH,Acta Crystallogr Sect F Struct Biol Cryst Commun,2007,2007-04-03 00:00:00,PMC2330200,,10.1107/S1744309107006689
,17357080,Filamin A is mutated in X-linked chronic idiopathic intestinal pseudo-obstruction with central nervous system involvement,"Gargiulo A, Auricchio R, Barone MV, Cotugno G, Reardon W, Milla PJ, Ballabio A, Ciccodicola A, Auricchio A.",Am J Hum Genet. 2007 Apr;80(4):751-8. doi: 10.1086/513321. Epub 2007 Feb 26.,Gargiulo A,Am J Hum Genet,2007,2007-03-16 00:00:00,PMC1852717,,10.1086/513321
,17205980,Carbonylation of adipose proteins in obesity and insulin resistance: identification of adipocyte fatty acid-binding protein as a cellular target of 4-hydroxynonenal,"Grimsrud PA, Picklo MJ Sr, Griffin TJ, Bernlohr DA.",Mol Cell Proteomics. 2007 Apr;6(4):624-37. doi: 10.1074/mcp.M600120-MCP200. Epub 2007 Jan 6.,Grimsrud PA,Mol Cell Proteomics,2007,2007-01-09 00:00:00,,,10.1074/mcp.M600120-MCP200
,17190868,Mutations in the gene encoding filamin A as a cause for familial cardiac valvular dystrophy,"Kyndt F, Gueffet JP, Probst V, Jaafar P, Legendre A, Le Bouffant F, Toquet C, Roy E, McGregor L, Lynch SA, Newbury-Ecob R, Tran V, Young I, Trochu JN, Le Marec H, Schott JJ.",Circulation. 2007 Jan 2;115(1):40-9. doi: 10.1161/CIRCULATIONAHA.106.622621. Epub 2006 Dec 26.,Kyndt F,Circulation,2007,2006-12-28 00:00:00,,,10.1161/CIRCULATIONAHA.106.622621
,17264970,A Japanese case of oto-palato-digital syndrome type II: an apparent lack of phenotype-genotype correlation,"Kondoh T, Okamoto N, Norimatsu N, Uetani M, Nishimura G, Moriuchi H.",J Hum Genet. 2007;52(4):370-373. doi: 10.1007/s10038-007-0108-7. Epub 2007 Jan 31.,Kondoh T,J Hum Genet,2007,2007-02-01 00:00:00,,,10.1007/s10038-007-0108-7
,16926860,"Otopalatodigital syndrome spectrum disorders: otopalatodigital syndrome types 1 and 2, frontometaphyseal dysplasia and Melnick-Needles syndrome",Robertson SP.,Eur J Hum Genet. 2007 Jan;15(1):3-9. doi: 10.1038/sj.ejhg.5201654. Epub 2006 Aug 23.,Robertson SP,Eur J Hum Genet,2007,2006-08-24 00:00:00,,,10.1038/sj.ejhg.5201654
,17172441,Filamin A (FLNA) is required for cell-cell contact in vascular development and cardiac morphogenesis,"Feng Y, Chen MH, Moskowitz IP, Mendonza AM, Vidali L, Nakamura F, Kwiatkowski DJ, Walsh CA.",Proc Natl Acad Sci U S A. 2006 Dec 26;103(52):19836-41. doi: 10.1073/pnas.0609628104. Epub 2006 Dec 15.,Feng Y,Proc Natl Acad Sci U S A,2006,2006-12-19 00:00:00,PMC1702530,,10.1073/pnas.0609628104
,17145501,MEKK4 signaling regulates filamin expression and neuronal migration,"Sarkisian MR, Bartley CM, Chi H, Nakamura F, Hashimoto-Torii K, Torii M, Flavell RA, Rakic P.",Neuron. 2006 Dec 7;52(5):789-801. doi: 10.1016/j.neuron.2006.10.024.,Sarkisian MR,Neuron,2006,2006-12-06 00:00:00,PMC1876745,NIHMS14781,10.1016/j.neuron.2006.10.024
,17009344,"A new osteochondrodysplasia with severe osteopenia, preaxial polydactyly, clefting and dysmorphic features resembling filamin-related disorders","Colombani M, Laurent N, Le Merrer M, Delezoide AL, Thauvin-Robinet C, Huet F, Sagot P, Couvreur S, Rousseau T, Robertson SP, Faivre L.",Prenat Diagn. 2006 Dec;26(12):1151-5. doi: 10.1002/pd.1576.,Colombani M,Prenat Diagn,2006,2006-09-30 00:00:00,,,10.1002/pd.1576
,16999820,Actin-binding protein filamin A is displayed on the surface of human neuroblastoma cells,"Bachmann AS, Howard JP, Vogel CW.",Cancer Sci. 2006 Dec;97(12):1359-65. doi: 10.1111/j.1349-7006.2006.00327.x. Epub 2006 Sep 25.,Bachmann AS,Cancer Sci,2006,2006-09-27 00:00:00,PMC11158455,,10.1111/j.1349-7006.2006.00327.x
,17101698,Filopodia formation mediated by receptor tyrosine kinase Ror2 is required for Wnt5a-induced cell migration,"Nishita M, Yoo SK, Nomachi A, Kani S, Sougawa N, Ohta Y, Takada S, Kikuchi A, Minami Y.",J Cell Biol. 2006 Nov 20;175(4):555-62. doi: 10.1083/jcb.200607127. Epub 2006 Nov 13.,Nishita M,J Cell Biol,2006,2006-11-15 00:00:00,PMC2064592,,10.1083/jcb.200607127
,16973606,Identification of a filamin docking site on PTP-PEST,"Playford MP, Lyons PD, Sastry SK, Schaller MD.",J Biol Chem. 2006 Nov 10;281(45):34104-12. doi: 10.1074/jbc.M606277200. Epub 2006 Sep 14.,Playford MP,J Biol Chem,2006,2006-09-16 00:00:00,,,10.1074/jbc.M606277200
,17060905,CD28 interaction with filamin-A controls lipid raft accumulation at the T-cell immunological synapse,"Tavano R, Contento RL, Baranda SJ, Soligo M, Tuosto L, Manes S, Viola A.",Nat Cell Biol. 2006 Nov;8(11):1270-6. doi: 10.1038/ncb1492. Epub 2006 Oct 22.,Tavano R,Nat Cell Biol,2006,2006-10-25 00:00:00,,,10.1038/ncb1492
,17469336,[Platelet filamin: a cytoskeletal protein involved in cell signal integration and function],"García E, Jay D.",Arch Cardiol Mex. 2006 Oct-Dec;76 Suppl 4:S67-75.,García E,Arch Cardiol Mex,2006,2007-05-02 00:00:00,,,
,16949617,"Expression of distinct classes of titin isoforms in striated and smooth muscles by alternative splicing, and their conserved interaction with filamins","Labeit S, Lahmers S, Burkart C, Fong C, McNabb M, Witt S, Witt C, Labeit D, Granzier H.",J Mol Biol. 2006 Sep 29;362(4):664-81. doi: 10.1016/j.jmb.2006.07.077. Epub 2006 Aug 1.,Labeit S,J Mol Biol,2006,2006-09-05 00:00:00,,,10.1016/j.jmb.2006.07.077
,16797880,Role of p38 in stress activation of Sp1,"D'Addario M, Arora PD, McCulloch CA.",Gene. 2006 Sep 1;379:51-61. doi: 10.1016/j.gene.2006.04.012. Epub 2006 May 4.,D'Addario M,Gene,2006,2006-06-27 00:00:00,,,10.1016/j.gene.2006.04.012
,16835913,Frontometaphyseal dysplasia: mutations in FLNA and phenotypic diversity,"Robertson SP, Jenkins ZA, Morgan T, Adès L, Aftimos S, Boute O, Fiskerstrand T, Garcia-Miñaur S, Grix A, Green A, Der Kaloustian V, Lewkonia R, McInnes B, van Haelst MM, Mancini G, Illés T, Mortier G, Newbury-Ecob R, Nicholson L, Scott CI, Ochman K, Brozek I, Shears DJ, Superti-Furga A, Suri M, Whiteford M, Wilkie AO, Krakow D.",Am J Med Genet A. 2006 Aug 15;140(16):1726-36. doi: 10.1002/ajmg.a.31322.,Robertson SP,Am J Med Genet A,2006,2006-07-13 00:00:00,,,10.1002/ajmg.a.31322
,16825286,Cardiac malformations and midline skeletal defects in mice lacking filamin A,"Hart AW, Morgan JE, Schneider J, West K, McKie L, Bhattacharya S, Jackson IJ, Cross SH.",Hum Mol Genet. 2006 Aug 15;15(16):2457-67. doi: 10.1093/hmg/ddl168. Epub 2006 Jul 6.,Hart AW,Hum Mol Genet,2006,2006-07-11 00:00:00,,,10.1093/hmg/ddl168
,16862148,"FilGAP, a Rho- and ROCK-regulated GAP for Rac binds filamin A to control actin remodelling","Ohta Y, Hartwig JH, Stossel TP.",Nat Cell Biol. 2006 Aug;8(8):803-14. doi: 10.1038/ncb1437. Epub 2006 Jul 23.,Ohta Y,Nat Cell Biol,2006,2006-07-25 00:00:00,,,10.1038/ncb1437
,16849481,Filamin A is required for T cell activation mediated by protein kinase C-theta,"Hayashi K, Altman A.",J Immunol. 2006 Aug 1;177(3):1721-8. doi: 10.4049/jimmunol.177.3.1721.,Hayashi K,J Immunol,2006,2006-07-20 00:00:00,,,10.4049/jimmunol.177.3.1721
,16821884,"The ""Le Chatelier's principle""-governed response of actin filaments to osmotic stress","Ito T, Yamazaki M.",J Phys Chem B. 2006 Jul 13;110(27):13572-81. doi: 10.1021/jp060612r.,Ito T,J Phys Chem B,2006,2006-07-11 00:00:00,,,10.1021/jp060612r
,16809768,Prostate-specific membrane antigen regulates angiogenesis by modulating integrin signal transduction,"Conway RE, Petrovic N, Li Z, Heston W, Wu D, Shapiro LH.",Mol Cell Biol. 2006 Jul;26(14):5310-24. doi: 10.1128/MCB.00084-06.,Conway RE,Mol Cell Biol,2006,2006-07-01 00:00:00,PMC1592718,,10.1128/MCB.00084-06
,16781869,Filamins: promiscuous organizers of the cytoskeleton,"Popowicz GM, Schleicher M, Noegel AA, Holak TA.",Trends Biochem Sci. 2006 Jul;31(7):411-9. doi: 10.1016/j.tibs.2006.05.006. Epub 2006 Jun 16.,Popowicz GM,Trends Biochem Sci,2006,2006-06-20 00:00:00,,,10.1016/j.tibs.2006.05.006
,16713637,The multipolar stage and disruptions in neuronal migration,"LoTurco JJ, Bai J.",Trends Neurosci. 2006 Jul;29(7):407-413. doi: 10.1016/j.tins.2006.05.006. Epub 2006 May 19.,LoTurco JJ,Trends Neurosci,2006,2006-05-23 00:00:00,,,10.1016/j.tins.2006.05.006
,16684786,Periventricular heterotopia: phenotypic heterogeneity and correlation with Filamin A mutations,"Parrini E, Ramazzotti A, Dobyns WB, Mei D, Moro F, Veggiotti P, Marini C, Brilstra EH, Dalla Bernardina B, Goodwin L, Bodell A, Jones MC, Nangeroni M, Palmeri S, Said E, Sander JW, Striano P, Takahashi Y, Van Maldergem L, Leonardi G, Wright M, Walsh CA, Guerrini R.",Brain. 2006 Jul;129(Pt 7):1892-906. doi: 10.1093/brain/awl125. Epub 2006 May 9.,Parrini E,Brain,2006,2006-05-11 00:00:00,,,10.1093/brain/awl125
,16691586,Periventricular nodular heterotopia and Williams syndrome,"Ferland RJ, Gaitanis JN, Apse K, Tantravahi U, Walsh CA, Sheen VL.",Am J Med Genet A. 2006 Jun 15;140(12):1305-11. doi: 10.1002/ajmg.a.31259.,Ferland RJ,Am J Med Genet A,2006,2006-05-13 00:00:00,,,10.1002/ajmg.a.31259
,16822260,"Filamin a, periventricular nodular heterotopia, and West syndrome",Robertson SP.,Epilepsia. 2006 Jun;47(6):1082; author reply 1082-3. doi: 10.1111/j.1528-1167.2006.00579_1.x.,Robertson SP,Epilepsia,2006,2006-07-11 00:00:00,,,10.1111/j.1528-1167.2006.00579_1.x
,16731842,Exercise-induced phosphorylation of the novel Akt substrates AS160 and filamin A in human skeletal muscle,"Deshmukh A, Coffey VG, Zhong Z, Chibalin AV, Hawley JA, Zierath JR.",Diabetes. 2006 Jun;55(6):1776-82. doi: 10.2337/db05-1419.,Deshmukh A,Diabetes,2006,2006-05-30 00:00:00,,,10.2337/db05-1419
,16299064,"A filamin A splice mutation resulting in a syndrome of facial dysmorphism, periventricular nodular heterotopia, and severe constipation reminiscent of cerebro-fronto-facial syndrome","Hehr U, Hehr A, Uyanik G, Phelan E, Winkler J, Reardon W.",J Med Genet. 2006 Jun;43(6):541-4. doi: 10.1136/jmg.2005.038505. Epub 2005 Nov 18.,Hehr U,J Med Genet,2006,2005-11-22 00:00:00,PMC2564542,,10.1136/jmg.2005.038505
,16596676,Genotype-epigenotype-phenotype correlations in females with frontometaphyseal dysplasia,"Zenker M, Nährlich L, Sticht H, Reis A, Horn D.",Am J Med Genet A. 2006 May 15;140(10):1069-73. doi: 10.1002/ajmg.a.31213.,Zenker M,Am J Med Genet A,2006,2006-04-06 00:00:00,,,10.1002/ajmg.a.31213
,16596669,Bilateral periventricular heterotopias in an X-linked dominant transmission in a family with two affected males,"Gérard-Blanluet M, Sheen V, Machinis K, Neal J, Apse K, Danan C, Sinico M, Brugières P, Mage K, Ratsimbazafy L, Elbez A, Janaud JC, Amselem S, Walsh C, Encha-Razavi F.",Am J Med Genet A. 2006 May 15;140(10):1041-6. doi: 10.1002/ajmg.a.31197.,Gérard-Blanluet M,Am J Med Genet A,2006,2006-04-06 00:00:00,,,10.1002/ajmg.a.31197
,16674103,Differential protein expression profiling by iTRAQ-2DLC-MS/MS of lung cancer cells undergoing epithelial-mesenchymal transition reveals a migratory/invasive phenotype,"Keshamouni VG, Michailidis G, Grasso CS, Anthwal S, Strahler JR, Walker A, Arenberg DA, Reddy RC, Akulapalli S, Thannickal VJ, Standiford TJ, Andrews PC, Omenn GS.",J Proteome Res. 2006 May;5(5):1143-54. doi: 10.1021/pr050455t.,Keshamouni VG,J Proteome Res,2006,2006-05-06 00:00:00,,,10.1021/pr050455t
,16611986,Cooperative regulation of extracellular signal-regulated kinase activation and cell shape change by filamin A and beta-arrestins,"Scott MG, Pierotti V, Storez H, Lindberg E, Thuret A, Muntaner O, Labbé-Jullié C, Pitcher JA, Marullo S.",Mol Cell Biol. 2006 May;26(9):3432-45. doi: 10.1128/MCB.26.9.3432-3445.2006.,Scott MG,Mol Cell Biol,2006,2006-04-14 00:00:00,PMC1447405,,10.1128/MCB.26.9.3432-3445.2006
,16461769,Calpain is required for normal osteoclast function and is down-regulated by calcitonin,"Marzia M, Chiusaroli R, Neff L, Kim NY, Chishti AH, Baron R, Horne WC.",J Biol Chem. 2006 Apr 7;281(14):9745-54. doi: 10.1074/jbc.M513516200. Epub 2006 Feb 3.,Marzia M,J Biol Chem,2006,2006-02-08 00:00:00,PMC1570620,NIHMS11561,10.1074/jbc.M513516200
,16513120,Silencing of filamin A gene expression inhibits Ca2+ -sensing receptor signaling,"Huang C, Wu Z, Hujer KM, Miller RT.",FEBS Lett. 2006 Mar 20;580(7):1795-800. doi: 10.1016/j.febslet.2006.02.035. Epub 2006 Feb 24.,Huang C,FEBS Lett,2006,2006-03-04 00:00:00,,,10.1016/j.febslet.2006.02.035
,16387775,Filamin-a and rheological properties of cultured melanoma cells,"Coughlin MF, Puig-de-Morales M, Bursac P, Mellema M, Millet E, Fredberg JJ.",Biophys J. 2006 Mar 15;90(6):2199-205. doi: 10.1529/biophysj.105.061267. Epub 2005 Dec 30.,Coughlin MF,Biophys J,2006,2006-01-03 00:00:00,PMC1386798,,10.1529/biophysj.105.061267
,16606229,Stress-dependent elasticity of composite actin networks as a model for cell behavior,"Gardel ML, Nakamura F, Hartwig J, Crocker JC, Stossel TP, Weitz DA.",Phys Rev Lett. 2006 Mar 3;96(8):088102. doi: 10.1103/PhysRevLett.96.088102. Epub 2006 Mar 3.,Gardel ML,Phys Rev Lett,2006,2006-04-12 00:00:00,,,10.1103/PhysRevLett.96.088102
,16297652,Calpain 1-gamma filamin interaction in muscle cells: a possible in situ regulation by PKC-alpha,"Raynaud F, Jond-Necand C, Marcilhac A, Fürst D, Benyamin Y.",Int J Biochem Cell Biol. 2006 Mar;38(3):404-13. doi: 10.1016/j.biocel.2005.09.020. Epub 2005 Oct 27.,Raynaud F,Int J Biochem Cell Biol,2006,2005-11-22 00:00:00,,,10.1016/j.biocel.2005.09.020
,16293600,The structure of the GPIb-filamin A complex,"Nakamura F, Pudas R, Heikkinen O, Permi P, Kilpeläinen I, Munday AD, Hartwig JH, Stossel TP, Ylänne J.",Blood. 2006 Mar 1;107(5):1925-32. doi: 10.1182/blood-2005-10-3964. Epub 2005 Nov 17.,Nakamura F,Blood,2006,2005-11-19 00:00:00,PMC1895705,,10.1182/blood-2005-10-3964
,15994863,Ehlers-Danlos syndrome and periventricular nodular heterotopia in a Spanish family with a single FLNA mutation,"Gómez-Garre P, Seijo M, Gutiérrez-Delicado E, Castro del Río M, de la Torre C, Gómez-Abad C, Morales-Corraliza J, Puig M, Serratosa JM.",J Med Genet. 2006 Mar;43(3):232-7. doi: 10.1136/jmg.2004.029173. Epub 2005 Jul 1.,Gómez-Garre P,J Med Genet,2006,2005-07-05 00:00:00,PMC2563248,,10.1136/jmg.2004.029173
,16462601,Antipsychotic-induced alterations in D2 dopamine receptor interacting proteins within the cortex,"Kabbani N, Levenson R.",Neuroreport. 2006 Feb 27;17(3):299-301. doi: 10.1097/01.wnr.0000199460.24412.04.,Kabbani N,Neuroreport,2006,2006-02-08 00:00:00,,,10.1097/01.wnr.0000199460.24412.04
,16455489,The molecular basis of filamin binding to integrins and competition with talin,"Kiema T, Lad Y, Jiang P, Oxley CL, Baldassarre M, Wegener KL, Campbell ID, Ylänne J, Calderwood DA.",Mol Cell. 2006 Feb 3;21(3):337-47. doi: 10.1016/j.molcel.2006.01.011.,Kiema T,Mol Cell,2006,2006-02-04 00:00:00,,,10.1016/j.molcel.2006.01.011
,16320251,Overlapping expression of ARFGEF2 and Filamin A in the neuroependymal lining of the lateral ventricles: insights into the cause of periventricular heterotopia,"Lu J, Tiao G, Folkerth R, Hecht J, Walsh C, Sheen V.",J Comp Neurol. 2006 Jan 20;494(3):476-84. doi: 10.1002/cne.20806.,Lu J,J Comp Neurol,2006,2005-12-02 00:00:00,,,10.1002/cne.20806
,16417552,"Mutation in filamin A causes periventricular heterotopia, developmental regression, and West syndrome in males","Masruha MR, Caboclo LO, Carrete H Jr, Cendes IL, Rodrigues MG, Garzon E, Yacubian EM, Sakamoto AC, Sheen V, Harney M, Neal J, Hill RS, Bodell A, Walsh C, Vilanova LC.",Epilepsia. 2006 Jan;47(1):211-4. doi: 10.1111/j.1528-1167.2006.00390.x.,Masruha MR,Epilepsia,2006,2006-01-19 00:00:00,,,10.1111/j.1528-1167.2006.00390.x
,16355270,Four and half lim protein 2 (FHL2) stimulates osteoblast differentiation,"Lai CF, Bai S, Uthgenannt BA, Halstead LR, McLoughlin P, Schafer BW, Chu PH, Chen J, Otey CA, Cao X, Cheng SL.",J Bone Miner Res. 2006 Jan;21(1):17-28. doi: 10.1359/JBMR.050915. Epub 2005 Oct 3.,Lai CF,J Bone Miner Res,2006,2005-12-16 00:00:00,,,10.1359/JBMR.050915
,16291724,CEACAM1 functionally interacts with filamin A and exerts a dual role in the regulation of cell migration,"Klaile E, Müller MM, Kannicht C, Singer BB, Lucka L.",J Cell Sci. 2005 Dec 1;118(Pt 23):5513-24. doi: 10.1242/jcs.02660. Epub 2005 Nov 15.,Klaile E,J Cell Sci,2005,2005-11-18 00:00:00,,,10.1242/jcs.02660
,16303888,Periventricular heterotopia: new insights into Ehlers-Danlos syndrome,"Sheen VL, Walsh CA.",Clin Med Res. 2005 Nov;3(4):229-33. doi: 10.3121/cmr.3.4.229.,Sheen VL,Clin Med Res,2005,2005-11-24 00:00:00,PMC1288408,,10.3121/cmr.3.4.229
,16030015,Ca2+ and calmodulin regulate the binding of filamin A to actin filaments,"Nakamura F, Hartwig JH, Stossel TP, Szymanski PT.",J Biol Chem. 2005 Sep 16;280(37):32426-33. doi: 10.1074/jbc.M502203200. Epub 2005 Jul 18.,Nakamura F,J Biol Chem,2005,2005-07-21 00:00:00,,,10.1074/jbc.M502203200
,16229809,Regulation of glioma cell migration by serine-phosphorylated P311,"McDonough WS, Tran NL, Berens ME.",Neoplasia. 2005 Sep;7(9):862-72. doi: 10.1593/neo.05190.,McDonough WS,Neoplasia,2005,2005-10-19 00:00:00,PMC1501936,,10.1593/neo.05190
,15996530,Periventricular heterotopia,"Lu J, Sheen V.",Epilepsy Behav. 2005 Sep;7(2):143-9. doi: 10.1016/j.yebeh.2005.05.001.,Lu J,Epilepsy Behav,2005,2005-07-06 00:00:00,,,10.1016/j.yebeh.2005.05.001
,16159866,Gene profiling changes in cytoskeletal proteins during clinical recovery after left ventricular-assist device support,"Birks EJ, Hall JL, Barton PJ, Grindle S, Latif N, Hardy JP, Rider JE, Banner NR, Khaghani A, Miller LW, Yacoub MH.",Circulation. 2005 Aug 30;112(9 Suppl):I57-64. doi: 10.1161/CIRCULATIONAHA.104.526137.,Birks EJ,Circulation,2005,2005-09-15 00:00:00,,,10.1161/CIRCULATIONAHA.104.526137
,16086393,"Gracile bones, periostal appositions, hypomineralization of the cranial vault, and mental retardation in brothers: milder variant of osteocraniostenosis or new syndrome?","Verloes A, Garel C, Robertson S, Le Merrer M, Baumann C.",Am J Med Genet A. 2005 Aug 30;137(2):199-203. doi: 10.1002/ajmg.a.30360.,Verloes A,Am J Med Genet A,2005,2005-08-09 00:00:00,,,10.1002/ajmg.a.30360
,16076904,The Z-disc proteins myotilin and FATZ-1 interact with each other and are connected to the sarcolemma via muscle-specific filamins,"Gontier Y, Taivainen A, Fontao L, Sonnenberg A, van der Flier A, Carpen O, Faulkner G, Borradori L.",J Cell Sci. 2005 Aug 15;118(Pt 16):3739-49. doi: 10.1242/jcs.02484. Epub 2005 Aug 2.,Gontier Y,J Cell Sci,2005,2005-08-04 00:00:00,,,10.1242/jcs.02484
,15986405,"Chicken gizzard filamin, retina filamin and cgABP260 are respectively, smooth muscle-, non-muscle- and pan-muscle-type isoforms: distribution and localization in muscles","Ohashi K, Oshima K, Tachikawa M, Morikawa N, Hashimoto Y, Ito M, Mori H, Kuribayashi T, Terasaki AG.",Cell Motil Cytoskeleton. 2005 Aug;61(4):214-25. doi: 10.1002/cm.20073.,Ohashi K,Cell Motil Cytoskeleton,2005,2005-06-30 00:00:00,,,10.1002/cm.20073
,15950621,Induction of lamellipodia by Kalirin does not require its guanine nucleotide exchange factor activity,"Schiller MR, Blangy A, Huang J, Mains RE, Eipper BA.",Exp Cell Res. 2005 Jul 15;307(2):402-17. doi: 10.1016/j.yexcr.2005.03.024. Epub 2005 Apr 21.,Schiller MR,Exp Cell Res,2005,2005-06-14 00:00:00,,,10.1016/j.yexcr.2005.03.024
,15940695,A novel filamin A D203Y mutation in a female patient with otopalatodigital type 1 syndrome and extremely skewed X chromosome inactivation,"Hidalgo-Bravo A, Pompa-Mera EN, Kofman-Alfaro S, Gonzalez-Bonilla CR, Zenteno JC.",Am J Med Genet A. 2005 Jul 15;136(2):190-3. doi: 10.1002/ajmg.a.30792.,Hidalgo-Bravo A,Am J Med Genet A,2005,2005-06-09 00:00:00,,,10.1002/ajmg.a.30792
,15922300,Presence of presenilin 1/2 affects the invasion and replication of Salmonella typhimurium,"Park JH, Kim HJ, Choy HE, Kim K.",Biochem Biophys Res Commun. 2005 Jul 15;332(4):1081-5. doi: 10.1016/j.bbrc.2005.05.060.,Park JH,Biochem Biophys Res Commun,2005,2005-06-01 00:00:00,,,10.1016/j.bbrc.2005.05.060
,15837785,"Amino acid-stimulated Ca2+ oscillations produced by the Ca2+-sensing receptor are mediated by a phospholipase C/inositol 1,4,5-trisphosphate-independent pathway that requires G12, Rho, filamin-A, and the actin cytoskeleton","Rey O, Young SH, Yuan J, Slice L, Rozengurt E.",J Biol Chem. 2005 Jun 17;280(24):22875-82. doi: 10.1074/jbc.M503455200. Epub 2005 Apr 18.,Rey O,J Biol Chem,2005,2005-04-20 00:00:00,,,10.1074/jbc.M503455200
,15917206,Filamin A: phenotypic diversity,Robertson SP.,Curr Opin Genet Dev. 2005 Jun;15(3):301-7. doi: 10.1016/j.gde.2005.04.001.,Robertson SP,Curr Opin Genet Dev,2005,2005-05-27 00:00:00,,,10.1016/j.gde.2005.04.001
,15574123,Identification of a unique filamin A binding region within the cytoplasmic domain of glycoprotein Ibalpha,"Cranmer SL, Pikovski I, Mangin P, Thompson PE, Domagala T, Frazzetto M, Salem HH, Jackson SP.",Biochem J. 2005 May 1;387(Pt 3):849-58. doi: 10.1042/BJ20041836.,Cranmer SL,Biochem J,2005,2004-12-03 00:00:00,PMC1135017,,10.1042/BJ20041836
,15687500,G protein-coupled receptor kinase regulates dopamine D3 receptor signaling by modulating the stability of a receptor-filamin-beta-arrestin complex. A case of autoreceptor regulation,"Kim KM, Gainetdinov RR, Laporte SA, Caron MG, Barak LS.",J Biol Chem. 2005 Apr 1;280(13):12774-80. doi: 10.1074/jbc.M408901200. Epub 2005 Feb 1.,Kim KM,J Biol Chem,2005,2005-02-03 00:00:00,,,10.1074/jbc.M408901200
,15657061,High affinity interaction with filamin A protects against calcium-sensing receptor degradation,"Zhang M, Breitwieser GE.",J Biol Chem. 2005 Mar 25;280(12):11140-6. doi: 10.1074/jbc.M412242200. Epub 2005 Jan 18.,Zhang M,J Biol Chem,2005,2005-01-20 00:00:00,,,10.1074/jbc.M412242200
,15794127,Involvement of filamin A and filamin A-interacting protein (FILIP) in controlling the start and cell shape of radially migrating cortical neurons,"Sato M, Nagano T.",Anat Sci Int. 2005 Mar;80(1):19-29. doi: 10.1111/j.1447-073x.2005.00101.x.,Sato M,Anat Sci Int,2005,2005-03-30 00:00:00,,,10.1111/j.1447-073x.2005.00101.x
,15623510,Filamin A binding stabilizes nascent glycoprotein Ibalpha trafficking and thereby enhances its surface expression,"Feng S, Lu X, Kroll MH.",J Biol Chem. 2005 Feb 25;280(8):6709-15. doi: 10.1074/jbc.M413590200. Epub 2004 Dec 28.,Feng S,J Biol Chem,2005,2004-12-30 00:00:00,,,10.1074/jbc.M413590200
,15684392,FOXC1 transcriptional regulatory activity is impaired by PBX1 in a filamin A-mediated manner,"Berry FB, O'Neill MA, Coca-Prados M, Walter MA.",Mol Cell Biol. 2005 Feb;25(4):1415-24. doi: 10.1128/MCB.25.4.1415-1424.2005.,Berry FB,Mol Cell Biol,2005,2005-02-03 00:00:00,PMC548007,,10.1128/MCB.25.4.1415-1424.2005
,15657428,Filamin A-bound PEBP2beta/CBFbeta is retained in the cytoplasm and prevented from functioning as a partner of the Runx1 transcription factor,"Yoshida N, Ogata T, Tanabe K, Li S, Nakazato M, Kohu K, Takafuta T, Shapiro S, Ohta Y, Satake M, Watanabe T.",Mol Cell Biol. 2005 Feb;25(3):1003-12. doi: 10.1128/MCB.25.3.1003-1012.2005.,Yoshida N,Mol Cell Biol,2005,2005-01-20 00:00:00,PMC543995,,10.1128/MCB.25.3.1003-1012.2005
,15654694,"A novel 9 bp deletion in the filamin a gene causes an otopalatodigital-spectrum disorder with a variable, intermediate phenotype","Stefanova M, Meinecke P, Gal A, Bolz H.",Am J Med Genet A. 2005 Feb 1;132A(4):386-90. doi: 10.1002/ajmg.a.30484.,Stefanova M,Am J Med Genet A,2005,2005-01-18 00:00:00,,,10.1002/ajmg.a.30484
,15607749,Air-liquid interface promotes invasive growth of laryngeal squamous cell carcinoma with or without hypoxia,"Toda S, Yamada S, Aoki S, Inokuchi A, Sugihara H.",Biochem Biophys Res Commun. 2005 Jan 28;326(4):866-72. doi: 10.1016/j.bbrc.2004.11.122.,Toda S,Biochem Biophys Res Commun,2005,2004-12-21 00:00:00,,,10.1016/j.bbrc.2004.11.122
,15668422,Filamin A mutations cause periventricular heterotopia with Ehlers-Danlos syndrome,"Sheen VL, Jansen A, Chen MH, Parrini E, Morgan T, Ravenscroft R, Ganesh V, Underwood T, Wiley J, Leventer R, Vaid RR, Ruiz DE, Hutchins GM, Menasha J, Willner J, Geng Y, Gripp KW, Nicholson L, Berry-Kravis E, Bodell A, Apse K, Hill RS, Dubeau F, Andermann F, Barkovich J, Andermann E, Shugart YY, Thomas P, Viri M, Veggiotti P, Robertson S, Guerrini R, Walsh CA.",Neurology. 2005 Jan 25;64(2):254-62. doi: 10.1212/01.WNL.0000149512.79621.DF.,Sheen VL,Neurology,2005,2005-01-26 00:00:00,,,10.1212/01.WNL.0000149512.79621.DF
,16390316,Biological implications of filamin A-bound PEBP2beta/CBFbeta retention in the cytoplasm,"Watanabe T, Yoshida N, Satake M.",Crit Rev Eukaryot Gene Expr. 2005;15(3):197-206. doi: 10.1615/critreveukargeneexpr.v15.i3.20.,Watanabe T,Crit Rev Eukaryot Gene Expr,2005,2006-01-05 00:00:00,,,10.1615/critreveukargeneexpr.v15.i3.20
,15816977,Genetic malformations of the cerebral cortex and epilepsy,Guerrini R.,Epilepsia. 2005;46 Suppl 1:32-7. doi: 10.1111/j.0013-9580.2005.461010.x.,Guerrini R,Epilepsia,2005,2005-04-09 00:00:00,,,10.1111/j.0013-9580.2005.461010.x
,15516996,The many faces of filamin: a versatile molecular scaffold for cell motility and signalling,"Feng Y, Walsh CA.",Nat Cell Biol. 2004 Nov;6(11):1034-8. doi: 10.1038/ncb1104-1034.,Feng Y,Nat Cell Biol,2004,2004-11-02 00:00:00,,,10.1038/ncb1104-1034
,15505042,"Pdlim2, a novel PDZ-LIM domain protein, interacts with alpha-actinins and filamin A","Torrado M, Senatorov VV, Trivedi R, Fariss RN, Tomarev SI.",Invest Ophthalmol Vis Sci. 2004 Nov;45(11):3955-63. doi: 10.1167/iovs.04-0721.,Torrado M,Invest Ophthalmol Vis Sci,2004,2004-10-27 00:00:00,,,10.1167/iovs.04-0721
,15509752,Filamin A and FILIP (Filamin A-Interacting Protein) regulate cell polarity and motility in neocortical subventricular and intermediate zones during radial migration,"Nagano T, Morikubo S, Sato M.",J Neurosci. 2004 Oct 27;24(43):9648-57. doi: 10.1523/JNEUROSCI.2363-04.2004.,Nagano T,J Neurosci,2004,2004-10-29 00:00:00,PMC6730158,,10.1523/JNEUROSCI.2363-04.2004
,15292205,Interaction of the pacemaker channel HCN1 with filamin A,"Gravante B, Barbuti A, Milanesi R, Zappi I, Viscomi C, DiFrancesco D.",J Biol Chem. 2004 Oct 15;279(42):43847-53. doi: 10.1074/jbc.M401598200. Epub 2004 Jul 30.,Gravante B,J Biol Chem,2004,2004-08-05 00:00:00,,,10.1074/jbc.M401598200
,15338277,Functional disomy resulting from duplications of distal Xq in four unrelated patients,"Lachlan KL, Collinson MN, Sandford RO, van Zyl B, Jacobs PA, Thomas NS.",Hum Genet. 2004 Oct;115(5):399-408. doi: 10.1007/s00439-004-1175-x. Epub 2004 Aug 24.,Lachlan KL,Hum Genet,2004,2004-09-01 00:00:00,,,10.1007/s00439-004-1175-x
,15274135,Identification of proteins in activated human neutrophils susceptible to tyrosyl radical attack. A proteomic study using a tyrosylating fluorophore,"Avram D, Romijn EP, Pap EH, Heck AJ, Wirtz KW.",Proteomics. 2004 Aug;4(8):2397-407. doi: 10.1002/pmic.200300755.,Avram D,Proteomics,2004,2004-07-27 00:00:00,,,10.1002/pmic.200300755
,15247186,Altered glucose metabolism and proteolysis in pancreatic cancer cell conditioned myoblasts: searching for a gene expression pattern with a microarray analysis of 5000 skeletal muscle genes,"Basso D, Millino C, Greco E, Romualdi C, Fogar P, Valerio A, Bellin M, Zambon CF, Navaglia F, Dussini N, Avogaro A, Pedrazzoli S, Lanfranchi G, Plebani M.",Gut. 2004 Aug;53(8):1159-66. doi: 10.1136/gut.2003.024471.,Basso D,Gut,2004,2004-07-13 00:00:00,PMC1774152,,10.1136/gut.2003.024471
,15165674,Etiological heterogeneity of familial periventricular heterotopia and hydrocephalus,"Sheen VL, Basel-Vanagaite L, Goodman JR, Scheffer IE, Bodell A, Ganesh VS, Ravenscroft R, Hill RS, Cherry TJ, Shugart YY, Barkovich J, Straussberg R, Walsh CA.",Brain Dev. 2004 Aug;26(5):326-34. doi: 10.1016/j.braindev.2003.09.004.,Sheen VL,Brain Dev,2004,2004-05-29 00:00:00,,,10.1016/j.braindev.2003.09.004
,15225631,Interaction of filamin A with the integrin beta 7 cytoplasmic domain: role of alternative splicing and phosphorylation,"Travis MA, van der Flier A, Kammerer RA, Mould AP, Sonnenberg A, Humphries MJ.",FEBS Lett. 2004 Jul 2;569(1-3):185-90. doi: 10.1016/j.febslet.2004.04.099.,Travis MA,FEBS Lett,2004,2004-07-01 00:00:00,,,10.1016/j.febslet.2004.04.099
,15194946,"Molecular pathology of filamin A: diverse phenotypes, many functions",Robertson SP.,Clin Dysmorphol. 2004 Jul;13(3):123-131. doi: 10.1097/01.mcd.0000130235.95356.40.,Robertson SP,Clin Dysmorphol,2004,2004-06-15 00:00:00,,,10.1097/01.mcd.0000130235.95356.40
,15112321,Global gene expression analysis comparing bovine blastocysts flushed on day 7 or produced in vitro,"Mohan M, Hurst AG, Malayer JR.",Mol Reprod Dev. 2004 Jul;68(3):288-98. doi: 10.1002/mrd.20086.,Mohan M,Mol Reprod Dev,2004,2004-04-28 00:00:00,,,10.1002/mrd.20086
,15095404,Induction of G1 cell cycle arrest and P15INK4b expression by ECRG1 through interaction with Miz-1,"Zhao N, Wang J, Cui Y, Guo L, Lu SH.",J Cell Biochem. 2004 May 1;92(1):65-76. doi: 10.1002/jcb.20025.,Zhao N,J Cell Biochem,2004,2004-04-20 00:00:00,,,10.1002/jcb.20025
,15024089,Ribosomal S6 kinase (RSK) regulates phosphorylation of filamin A on an important regulatory site,"Woo MS, Ohta Y, Rabinovitz I, Stossel TP, Blenis J.",Mol Cell Biol. 2004 Apr;24(7):3025-35. doi: 10.1128/MCB.24.7.3025-3035.2004.,Woo MS,Mol Cell Biol,2004,2004-03-17 00:00:00,PMC371131,,10.1128/MCB.24.7.3025-3035.2004
,14988809,A dual phenotype of periventricular nodular heterotopia and frontometaphyseal dysplasia in one patient caused by a single FLNA mutation leading to two functionally different aberrant transcripts,"Zenker M, Rauch A, Winterpacht A, Tagariello A, Kraus C, Rupprecht T, Sticht H, Reis A.",Am J Hum Genet. 2004 Apr;74(4):731-7. doi: 10.1086/383094. Epub 2004 Feb 25.,Zenker M,Am J Hum Genet,2004,2004-02-28 00:00:00,PMC1181949,,10.1086/383094
,15128042,"The Filamin-A is a partner of Tc-mip, a new adapter protein involved in c-maf-dependent Th2 signaling pathway","Grimbert P, Valanciute A, Audard V, Lang P, Guellaën G, Sahali D.",Mol Immunol. 2004 Mar;40(17):1257-61. doi: 10.1016/j.molimm.2003.11.035.,Grimbert P,Mol Immunol,2004,2004-05-07 00:00:00,,,10.1016/j.molimm.2003.11.035
,14660646,Recovery from DNA damage-induced G2 arrest requires actin-binding protein filamin-A/actin-binding protein 280,"Meng X, Yuan Y, Maestas A, Shen Z.",J Biol Chem. 2004 Feb 13;279(7):6098-105. doi: 10.1074/jbc.M306794200. Epub 2003 Dec 1.,Meng X,J Biol Chem,2004,2003-12-09 00:00:00,,,10.1074/jbc.M306794200
,15196884,The roles of phospholipase C-gamma 1 and actin-binding protein filamin A in signal transduction of the insulin receptor,"Bernier M, He HJ, Kwon YK, Jang HJ.",Vitam Horm. 2004;69:221-47. doi: 10.1016/S0083-6729(04)69008-X.,Bernier M,Vitam Horm,2004,2004-06-16 00:00:00,,,10.1016/S0083-6729(04)69008-X
,14738943,Presence of filamin in the astrocytic inclusions of Aicardi syndrome,"Van den Veyver IB, Panichkul PP, Antalffy BA, Sun Y, Hunter JV, Armstrong DD.",Pediatr Neurol. 2004 Jan;30(1):7-15. doi: 10.1016/s0887-8994(03)00311-4.,Van den Veyver IB,Pediatr Neurol,2004,2004-01-24 00:00:00,,,10.1016/s0887-8994(03)00311-4
,14561736,Regulation of tension-induced mechanotranscriptional signals by the microtubule network in fibroblasts,"D'Addario M, Arora PD, Ellen RP, McCulloch CA.",J Biol Chem. 2003 Dec 26;278(52):53090-7. doi: 10.1074/jbc.M309027200. Epub 2003 Oct 15.,D'Addario M,J Biol Chem,2003,2003-10-17 00:00:00,,,10.1074/jbc.M309027200
,14573758,Interaction between the mu opioid receptor and filamin A is involved in receptor regulation and trafficking,"Onoprishvili I, Andria ML, Kramer HK, Ancevska-Taneva N, Hiller JM, Simon EJ.",Mol Pharmacol. 2003 Nov;64(5):1092-100. doi: 10.1124/mol.64.5.1092.,Onoprishvili I,Mol Pharmacol,2003,2003-10-24 00:00:00,,,10.1124/mol.64.5.1092
,12923176,"Direct interaction between the actin-binding protein filamin-A and the inwardly rectifying potassium channel, Kir2.1","Sampson LJ, Leyland ML, Dart C.",J Biol Chem. 2003 Oct 24;278(43):41988-97. doi: 10.1074/jbc.M307479200. Epub 2003 Aug 14.,Sampson LJ,J Biol Chem,2003,2003-08-19 00:00:00,,,10.1074/jbc.M307479200
,12791664,Filamin A binding to the cytoplasmic tail of glycoprotein Ibalpha regulates von Willebrand factor-induced platelet activation,"Feng S, Reséndiz JC, Lu X, Kroll MH.",Blood. 2003 Sep 15;102(6):2122-9. doi: 10.1182/blood-2002-12-3805. Epub 2003 Jun 5.,Feng S,Blood,2003,2003-06-07 00:00:00,,,10.1182/blood-2002-12-3805
,14617417,Epilepsy and malformations of the cerebral cortex,"Guerrini R, Sicca F, Parmeggiani L.",Epileptic Disord. 2003 Sep;5 Suppl 2:S9-26.,Guerrini R,Epileptic Disord,2003,2003-11-18 00:00:00,,,
,12734206,Interaction of filamin A with the insulin receptor alters insulin-dependent activation of the mitogen-activated protein kinase pathway,"He HJ, Kole S, Kwon YK, Crow MT, Bernier M.",J Biol Chem. 2003 Jul 18;278(29):27096-104. doi: 10.1074/jbc.M301003200. Epub 2003 May 6.,He HJ,J Biol Chem,2003,2003-05-08 00:00:00,,,10.1074/jbc.M301003200
,12704190,The F-actin cross-linking and focal adhesion protein filamin A is a ligand and in vivo substrate for protein kinase C alpha,"Tigges U, Koch B, Wissing J, Jockusch BM, Ziegler WH.",J Biol Chem. 2003 Jun 27;278(26):23561-9. doi: 10.1074/jbc.M302302200. Epub 2003 Apr 17.,Tigges U,J Biol Chem,2003,2003-04-22 00:00:00,,,10.1074/jbc.M302302200
,12750292,Prostate-specific membrane antigen association with filamin A modulates its internalization and NAALADase activity,"Anilkumar G, Rajasekaran SA, Wang S, Hankinson O, Bander NH, Rajasekaran AK.",Cancer Res. 2003 May 15;63(10):2645-8.,Anilkumar G,Cancer Res,2003,2003-05-17 00:00:00,,,
,12570872,"Different binding motifs in metabotropic glutamate receptor type 7b for filamin A, protein phosphatase 1C, protein interacting with protein kinase C (PICK) 1 and syntenin allow the formation of multimeric protein complexes","Enz R, Croci C.",Biochem J. 2003 May 15;372(Pt 1):183-91. doi: 10.1042/BJ20021750.,Enz R,Biochem J,2003,2003-02-07 00:00:00,PMC1223362,,10.1042/BJ20021750
,12682292,Filamin-A fragment localizes to the nucleus to regulate androgen receptor and coactivator functions,"Loy CJ, Sim KS, Yong EL.",Proc Natl Acad Sci U S A. 2003 Apr 15;100(8):4562-7. doi: 10.1073/pnas.0736237100. Epub 2003 Apr 7.,Loy CJ,Proc Natl Acad Sci U S A,2003,2003-04-17 00:00:00,PMC153595,,10.1073/pnas.0736237100
,12682315,Autosomal recessive form of periventricular heterotopia,"Sheen VL, Topçu M, Berkovic S, Yalnizoglu D, Blatt I, Bodell A, Hill RS, Ganesh VS, Cherry TJ, Shugart YY, Walsh CA.",Neurology. 2003 Apr 8;60(7):1108-12. doi: 10.1212/01.wnl.0000055898.00349.02.,Sheen VL,Neurology,2003,2003-04-12 00:00:00,,,10.1212/01.wnl.0000055898.00349.02
,12689583,Filling gaps in signaling to actin cytoskeletal remodeling,"Stossel TP, Hartwig JH.",Dev Cell. 2003 Apr;4(4):444-5. doi: 10.1016/s1534-5807(03)00098-4.,Stossel TP,Dev Cell,2003,2003-04-12 00:00:00,,,10.1016/s1534-5807(03)00098-4
,12612583,Localized mutations in the gene encoding the cytoskeletal protein filamin A cause diverse malformations in humans,"Robertson SP, Twigg SR, Sutherland-Smith AJ, Biancalana V, Gorlin RJ, Horn D, Kenwrick SJ, Kim CA, Morava E, Newbury-Ecob R, Orstavik KH, Quarrell OW, Schwartz CE, Shears DJ, Suri M, Kendrick-Jones J, Wilkie AO; OPD-spectrum Disorders Clinical Collaborative Group.",Nat Genet. 2003 Apr;33(4):487-91. doi: 10.1038/ng1119. Epub 2003 Mar 3.,Robertson SP,Nat Genet,2003,2003-03-04 00:00:00,,,10.1038/ng1119
,12622665,"Up-regulation of the D1 dopamine receptor-interacting protein, calcyon, in patients with schizophrenia","Koh PO, Bergson C, Undie AS, Goldman-Rakic PS, Lidow MS.",Arch Gen Psychiatry. 2003 Mar;60(3):311-9. doi: 10.1001/archpsyc.60.3.311.,Koh PO,Arch Gen Psychiatry,2003,2003-03-08 00:00:00,,,10.1001/archpsyc.60.3.311
,12589795,The carboxy-terminal pleckstrin homology domain of ROCK interacts with filamin-A,"Ueda K, Ohta Y, Hosoya H.",Biochem Biophys Res Commun. 2003 Feb 21;301(4):886-90. doi: 10.1016/s0006-291x(03)00048-2.,Ueda K,Biochem Biophys Res Commun,2003,2003-02-19 00:00:00,,,10.1016/s0006-291x(03)00048-2
,12525170,The limits of promiscuity: isoform-specific dimerization of filamins,"Himmel M, Van Der Ven PF, Stöcklein W, Fürst DO.",Biochemistry. 2003 Jan 21;42(2):430-9. doi: 10.1021/bi026501+.,Himmel M,Biochemistry,2003,2003-01-15 00:00:00,,,10.1021/bi026501+
,12324467,"Interaction of p38 and Sp1 in a mechanical force-induced, beta 1 integrin-mediated transcriptional circuit that regulates the actin-binding protein filamin-A","D'Addario M, Arora PD, Ellen RP, McCulloch CA.",J Biol Chem. 2002 Dec 6;277(49):47541-50. doi: 10.1074/jbc.M207681200. Epub 2002 Sep 24.,D'Addario M,J Biol Chem,2002,2002-09-27 00:00:00,,,10.1074/jbc.M207681200
,12393939,Dominant negative mutants of filamin A block cell surface expression of the D2 dopamine receptor,"Lin R, Canfield V, Levenson R.",Pharmacology. 2002 Dec;66(4):173-81. doi: 10.1159/000065531.,Lin R,Pharmacology,2002,2002-10-24 00:00:00,,,10.1159/000065531
,12393796,Filamin A and Filamin B are co-expressed within neurons during periods of neuronal migration and can physically interact,"Sheen VL, Feng Y, Graham D, Takafuta T, Shapiro SS, Walsh CA.",Hum Mol Genet. 2002 Nov 1;11(23):2845-54. doi: 10.1093/hmg/11.23.2845.,Sheen VL,Hum Mol Genet,2002,2002-10-24 00:00:00,,,10.1093/hmg/11.23.2845
,12055638,Filamin A-interacting protein (FILIP) regulates cortical cell migration out of the ventricular zone,"Nagano T, Yoneda T, Hatanaka Y, Kubota C, Murakami F, Sato M.",Nat Cell Biol. 2002 Jul;4(7):495-501. doi: 10.1038/ncb808.,Nagano T,Nat Cell Biol,2002,2002-06-11 00:00:00,,,10.1038/ncb808
,11909861,Cell death and mechanoprotection by filamin a in connective tissues after challenge by applied tensile forces,"Kainulainen T, Pender A, D'Addario M, Feng Y, Lekic P, McCulloch CA.",J Biol Chem. 2002 Jun 14;277(24):21998-2009. doi: 10.1074/jbc.M200715200. Epub 2002 Mar 21.,Kainulainen T,J Biol Chem,2002,2002-03-23 00:00:00,,,10.1074/jbc.M200715200
,12185771,"Epileptogenic brain malformations: clinical presentation, malformative patterns and indications for genetic testing","Guerrini R, Carrozzo R.",Seizure. 2002 Apr;11 Suppl A:532-43; quiz 544-7.,Guerrini R,Seizure,2002,2002-08-21 00:00:00,,,
,12106908,Leucine-rich repeat region of decorin binds to filamin-A,"Yoshida K, Suzuki Y, Honda E, Amemiya K, Nakatani T, Ebina M, Narumi K, Satoh K, Munakata H.",Biochimie. 2002 Apr;84(4):303-8. doi: 10.1016/s0300-9084(02)01391-3.,Yoshida K,Biochimie,2002,2002-07-11 00:00:00,,,10.1016/s0300-9084(02)01391-3
,11786548,Comparison of filamin A-induced cross-linking and Arp2/3 complex-mediated branching on the mechanics of actin filaments,"Nakamura F, Osborn E, Janmey PA, Stossel TP.",J Biol Chem. 2002 Mar 15;277(11):9148-54. doi: 10.1074/jbc.M111297200. Epub 2002 Jan 10.,Nakamura F,J Biol Chem,2002,2002-01-12 00:00:00,,,10.1074/jbc.M111297200
,11943148,The actin-binding protein Filamin-A interacts with the metabotropic glutamate receptor type 7,Enz R.,FEBS Lett. 2002 Mar 13;514(2-3):184-8. doi: 10.1016/s0014-5793(02)02361-x.,Enz R,FEBS Lett,2002,2002-04-12 00:00:00,,,10.1016/s0014-5793(02)02361-x
,11807098,"Different splice variants of filamin-B affect myogenesis, subcellular distribution, and determine binding to integrin [beta] subunits","van der Flier A, Kuikman I, Kramer D, Geerts D, Kreft M, Takafuta T, Shapiro SS, Sonnenberg A.",J Cell Biol. 2002 Jan 21;156(2):361-76. doi: 10.1083/jcb.200103037. Epub 2002 Jan 21.,van der Flier A,J Cell Biol,2002,2002-01-25 00:00:00,PMC2199218,,10.1083/jcb.200103037
,12785102,Mechanical response of single filamin A (ABP-280) molecules and its role in the actin cytoskeleton,"Yamazaki M, Furuike S, Ito T.",J Muscle Res Cell Motil. 2002;23(5-6):525-34. doi: 10.1023/a:1023418725001.,Yamazaki M,J Muscle Res Cell Motil,2002,2003-06-06 00:00:00,,,10.1023/a:1023418725001
,11739414,"The SH2-containing inositol polyphosphate 5-phosphatase, SHIP-2, binds filamin and regulates submembraneous actin","Dyson JM, O'Malley CJ, Becanovic J, Munday AD, Berndt MC, Coghill ID, Nandurkar HH, Ooms LM, Mitchell CA.",J Cell Biol. 2001 Dec 10;155(6):1065-79. doi: 10.1083/jcb.200104005. Epub 2001 Dec 10.,Dyson JM,J Cell Biol,2001,2001-12-12 00:00:00,PMC2150887,,10.1083/jcb.200104005
,11706047,"Filamin A, the Arp2/3 complex, and the morphology and function of cortical actin filaments in human melanoma cells","Flanagan LA, Chou J, Falet H, Neujahr R, Hartwig JH, Stossel TP.",J Cell Biol. 2001 Nov 12;155(4):511-7. doi: 10.1083/jcb.200105148. Epub 2001 Nov 12.,Flanagan LA,J Cell Biol,2001,2001-11-14 00:00:00,PMC2198874,,10.1083/jcb.200105148
,11749114,"Epileptogenic brain malformations: clinical presentation, malformative patterns and indications for genetic testing","Guerrini R, Carrozzo R.",Seizure. 2001 Oct;10(7):532-43; quiz 544-7. doi: 10.1053/seiz.2001.0650.,Guerrini R,Seizure,2001,2001-12-26 00:00:00,,,10.1053/seiz.2001.0650
,11390380,"Filamin-A binds to the carboxyl-terminal tail of the calcium-sensing receptor, an interaction that participates in CaR-mediated activation of mitogen-activated protein kinase","Hjälm G, MacLeod RJ, Kifor O, Chattopadhyay N, Brown EM.",J Biol Chem. 2001 Sep 14;276(37):34880-7. doi: 10.1074/jbc.M100784200. Epub 2001 Jun 4.,Hjälm G,J Biol Chem,2001,2001-06-08 00:00:00,,,10.1074/jbc.M100784200
,11390379,"Interaction of the calcium-sensing receptor and filamin, a potential scaffolding protein","Awata H, Huang C, Handlogten ME, Miller RT.",J Biol Chem. 2001 Sep 14;276(37):34871-9. doi: 10.1074/jbc.M100775200. Epub 2001 Jun 4.,Awata H,J Biol Chem,2001,2001-06-08 00:00:00,,,10.1074/jbc.M100775200
,11423540,Cytoprotection against mechanical forces delivered through beta 1 integrins requires induction of filamin A,"D'Addario M, Arora PD, Fan J, Ganss B, Ellen RP, McCulloch CA.",J Biol Chem. 2001 Aug 24;276(34):31969-77. doi: 10.1074/jbc.M102715200. Epub 2001 Jun 21.,D'Addario M,J Biol Chem,2001,2001-06-26 00:00:00,,,10.1074/jbc.M102715200
,11579436,Epilepsy and genetic malformations of the cerebral cortex,"Guerrini R, Carrozzo R.",Am J Med Genet. 2001 Summer;106(2):160-73. doi: 10.1002/ajmg.1569.,Guerrini R,Am J Med Genet,2001,2001-10-02 00:00:00,,,10.1002/ajmg.1569
,11389901,Mechanical unfolding of single filamin A (ABP-280) molecules detected by atomic force microscopy,"Furuike S, Ito T, Yamazaki M.",FEBS Lett. 2001 Jun 1;498(1):72-5. doi: 10.1016/s0014-5793(01)02497-8.,Furuike S,FEBS Lett,2001,2001-06-08 00:00:00,,,10.1016/s0014-5793(01)02497-8
,11278410,Filamin associates with Smads and regulates transforming growth factor-beta signaling,"Sasaki A, Masuda Y, Ohta Y, Ikeda K, Watanabe K.",J Biol Chem. 2001 May 25;276(21):17871-7. doi: 10.1074/jbc.M008422200. Epub 2001 Feb 26.,Sasaki A,J Biol Chem,2001,2001-03-30 00:00:00,,,10.1074/jbc.M008422200
,11320256,Dopamine D2 and D3 receptors are linked to the actin cytoskeleton via interaction with filamin A,"Lin R, Karpa K, Kabbani N, Goldman-Rakic P, Levenson R.",Proc Natl Acad Sci U S A. 2001 Apr 24;98(9):5258-63. doi: 10.1073/pnas.011538198.,Lin R,Proc Natl Acad Sci U S A,2001,2001-04-26 00:00:00,PMC33197,,10.1073/pnas.011538198
,11336782,Structural and functional aspects of filamins,"van der Flier A, Sonnenberg A.",Biochim Biophys Acta. 2001 Apr 23;1538(2-3):99-117. doi: 10.1016/s0167-4889(01)00072-6.,van der Flier A,Biochim Biophys Acta,2001,2001-05-05 00:00:00,,,10.1016/s0167-4889(01)00072-6
,11845308,Role of actin filament organization in CFTR activation,Cantiello HF.,Pflugers Arch. 2001;443 Suppl 1:S75-80. doi: 10.1007/s004240100649. Epub 2001 Aug 11.,Cantiello HF,Pflugers Arch,2001,2002-02-15 00:00:00,,,10.1007/s004240100649
,11043577,Androgen receptor nuclear translocation is facilitated by the f-actin cross-linking protein filamin,"Ozanne DM, Brady ME, Cook S, Gaughan L, Neal DE, Robson CN.",Mol Endocrinol. 2000 Oct;14(10):1618-26. doi: 10.1210/mend.14.10.0541.,Ozanne DM,Mol Endocrinol,2000,2000-10-24 00:00:00,,,10.1210/mend.14.10.0541
,12903776,The bi-directional regulation of filamin on the ATPase activity of smooth muscle myosin,"Lin Y, Sun H, Dai S, Tang Z, He X, Chen H.",Chin Med Sci J. 2000 Sep;15(3):162-4.,Lin Y,Chin Med Sci J,2000,2003-08-09 00:00:00,,,
,9699416,Myosin isoforms in uterine smooth muscle during pregnancy in rat,"Kumar R, Malhotra RK, Katoch SS.",Indian J Biochem Biophys. 1998 Feb;35(1):28-33.,Kumar R,Indian J Biochem Biophys,1998,1998-08-12 00:00:00,,,
,8088819,The exon-intron organization of the human X-linked gene (FLN1) encoding actin-binding protein 280,"Patrosso MC, Repetto M, Villa A, Milanesi L, Frattini A, Faranda S, Mancini M, Maestrini E, Toniolo D, Vezzoni P.",Genomics. 1994 May 1;21(1):71-6. doi: 10.1006/geno.1994.1226.,Patrosso MC,Genomics,1994,1994-05-01 00:00:00,,,10.1006/geno.1994.1226
,1317169,Inositol phospholipid-induced suppression of F-actin-gelating activity of smooth muscle filamin,"Furuhashi K, Inagaki M, Hatano S, Fukami K, Takenawa T.",Biochem Biophys Res Commun. 1992 May 15;184(3):1261-5. doi: 10.1016/s0006-291x(05)80018-x.,Furuhashi K,Biochem Biophys Res Commun,1992,1992-05-15 00:00:00,,,10.1016/s0006-291x(05)80018-x
,2009551,Ultrastructural and immunocytochemical analysis of the circumferential microfilament bundle in avian retinal pigmented epithelial cells in vitro,"Kodama R, Eguchi G, Kelley RO.",Cell Tissue Res. 1991 Jan;263(1):29-40. doi: 10.1007/BF00318397.,Kodama R,Cell Tissue Res,1991,1991-01-01 00:00:00,,,10.1007/BF00318397
,2391361,"Human endothelial actin-binding protein (ABP-280, nonmuscle filamin): a molecular leaf spring","Gorlin JB, Yamin R, Egan S, Stewart M, Stossel TP, Kwiatkowski DJ, Hartwig JH.",J Cell Biol. 1990 Sep;111(3):1089-105. doi: 10.1083/jcb.111.3.1089.,Gorlin JB,J Cell Biol,1990,1990-09-01 00:00:00,PMC2116286,,10.1083/jcb.111.3.1089
,2548187,Actin polymerization induces a shape change in actin-containing vesicles,"Cortese JD, Schwab B 3rd, Frieden C, Elson EL.",Proc Natl Acad Sci U S A. 1989 Aug;86(15):5773-7. doi: 10.1073/pnas.86.15.5773.,Cortese JD,Proc Natl Acad Sci U S A,1989,1989-08-01 00:00:00,PMC297712,,10.1073/pnas.86.15.5773
,3511188,Localization of a filamin-like protein in glia of the chick central nervous system,Lemmon V.,J Neurosci. 1986 Jan;6(1):43-51. doi: 10.1523/JNEUROSCI.06-01-00043.1986.,Lemmon V,J Neurosci,1986,1986-01-01 00:00:00,PMC6568616,,10.1523/JNEUROSCI.06-01-00043.1986
,7056258,"A structural study of filamin, a high-molecular-weight actin-binding protein from chicken gizzard","Koteliansky VE, Glukhova MA, Shirinsky VP, Smirnov VN, Bushueva TL, Filimonov VV, Venyaminov SY.",Eur J Biochem. 1982 Jan;121(3):553-9. doi: 10.1111/j.1432-1033.1982.tb05822.x.,Koteliansky VE,Eur J Biochem,1982,1982-01-01 00:00:00,,,10.1111/j.1432-1033.1982.tb05822.x
,7319065,"Filamin, a high relative molecular mass actin-binding protein from smooth muscles, promotes actin polymerization","Koteliansky VE, Shirinsky VP, Gneushev GN, Smirnov VN.",FEBS Lett. 1981 Dec 21;136(1):98-100. doi: 10.1016/0014-5793(81)81222-7.,Koteliansky VE,FEBS Lett,1981,1981-12-21 00:00:00,,,10.1016/0014-5793(81)81222-7
,341163,Phalloidin-induced actin polymerization in the cytoplasm of cultured cells interferes with cell locomotion and growth,"Wehland J, Osborn M, Weber K.",Proc Natl Acad Sci U S A. 1977 Dec;74(12):5613-7. doi: 10.1073/pnas.74.12.5613.,Wehland J,Proc Natl Acad Sci U S A,1977,1977-12-01 00:00:00,PMC431831,,10.1073/pnas.74.12.5613
,139917,"Filamin, a new high-molecular-weight protein found in smooth muscle and nonmuscle cells. Purification and properties of chicken gizzard filamin",Wang K.,Biochemistry. 1977 May 3;16(9):1857-65. doi: 10.1021/bi00628a015.,Wang K,Biochemistry,1977,1977-05-03 00:00:00,,,10.1021/bi00628a015
,977588,"Purification and properties of filamin, and actin binding protein from chicken gizzard","Shizuta Y, Shizuta H, Gallo M, Davies P, Pastan I.",J Biol Chem. 1976 Nov 10;251(21):6562-7.,Shizuta Y,J Biol Chem,1976,1976-11-10 00:00:00,,,
,53835,"Filamin, a new high-molecular-weight protein found in smooth muscle and non-muscle cells","Wang K, Ash JF, Singer SJ.",Proc Natl Acad Sci U S A. 1975 Nov;72(11):4483-6. doi: 10.1073/pnas.72.11.4483.,Wang K,Proc Natl Acad Sci U S A,1975,1975-11-01 00:00:00,PMC388746,,10.1073/pnas.72.11.4483
,,,,,,,,,,,
,,,,,,,,,,,
,,,,,,,,,,,
,,,,,,,,,,,
,,,,,,,,,,,
,,,,,,,,,,,
,,,,,,,,,,,
,,,,,,,,,,,
,,,,,,,,,,,
,,,,,,,,,,,
,,,,,,,,,,,
,,,,,,,,,,,
,,,,,,,,,,,
,,,,,,,,,,,
,,,,,,,,,,,
,38971342,Exploring the immune landscape of disulfidptosis in ulcerative colitis and the role of modified gegen qinlian decoction in mediating disulfidptosis to alleviate colitis in mice,"Huang J, Zhang J, Wang F, Tang X.",J Ethnopharmacol. 2024 Nov 15;334:118527. doi: 10.1016/j.jep.2024.118527. Epub 2024 Jul 5.,Huang J,J Ethnopharmacol,2024,2024-07-06 00:00:00,,,10.1016/j.jep.2024.118527
,39046849,New insights of glycoprotein Ib-IX-V complex organization and glycoprotein Ibα in platelet biogenesis,"Huang L, Shao B.",Curr Opin Hematol. 2024 Nov 1;31(6):294-301. doi: 10.1097/MOH.0000000000000832. Epub 2024 Jul 16.,Huang L,Curr Opin Hematol,2024,2024-07-24 00:00:00,,,10.1097/MOH.0000000000000832
,38461970,N-terminal processing by dipeptidyl peptidase 9: Cut and Go!,"Zolg S, Donzelli L, Geiss-Friedlander R.",Biochimie. 2024 Nov;226:180-192. doi: 10.1016/j.biochi.2024.03.002. Epub 2024 Mar 9.,Zolg S,Biochimie,2024,2024-03-10 00:00:00,,,10.1016/j.biochi.2024.03.002
,39484266,"Isolated prolapse of the posterior mitral valve leaflet: phenotypic refinement, heritability and genetic etiology","Rimbert A, Duval D, Trujillano D, Kyndt F, Jobbe-Duval A, Lindenbaum P, Tucker N, Lecointe S, Labbé P, Toquet C, Karakachoff M, Roussel JC, Baufreton C, Bruneval P, Cueff C, Donal E, Redon R, Olaso R, Boland A, Deleuze JF; FranceGenRef Consortium; Estivill X, Slaugenhaupt S, Markwald RR, Norris RA, Verhoye JP, Probst V, Hagège A, Levine R, Jeunemaitre X, Marec HL, Capoulade R, Bouatia-Naji N, Dina C, Milan D, Ossowski S, Schott JJ, Mérot J, Scouarnec SL, Tourneau TL.",medRxiv [Preprint]. 2024 Oct 17:2024.10.16.24315096. doi: 10.1101/2024.10.16.24315096.,Rimbert A,medRxiv,2024,2024-11-01 00:00:00,PMC11527059,,10.1101/2024.10.16.24315096
,39173431,Congenital short bowel syndrome: Cases series in the same family and review of literature,"Nhan VT, Hoang TV, Nhan PNH, Huynh QTV, Ban HT.",Int J Surg Case Rep. 2024 Oct;123:110135. doi: 10.1016/j.ijscr.2024.110135. Epub 2024 Aug 22.,Nhan VT,Int J Surg Case Rep,2024,2024-08-22 00:00:00,PMC11388007,,10.1016/j.ijscr.2024.110135
,39135964,Hippocampal adenosine-to-inosine RNA editing in sepsis: dynamic changes and influencing factors,"Jin YY, Liang YP, Wei ZY, Sui WJ, Chen JH.",Brain Commun. 2024 Aug 8;6(4):fcae260. doi: 10.1093/braincomms/fcae260. eCollection 2024.,Jin YY,Brain Commun,2024,2024-08-13 00:00:00,PMC11317967,,10.1093/braincomms/fcae260
,38912837,Identification of Regulatory RNA-Binding Proteins Associated with Immune Infiltration in Laryngeal Squamous Cell Carcinoma,"Xu X, Yang X, Tang J, Wu X, He X.",J Immunol. 2024 Aug 1;213(3):394-402. doi: 10.4049/jimmunol.2300498.,Xu X,J Immunol,2024,2024-06-24 00:00:00,,,10.4049/jimmunol.2300498
,38958128,Contributions of Germline and Somatic Mosaic Genetics to Thoracic Aortic Aneurysms in Nonsyndromic Individuals,"Chen MH, Deng ES, Yamada JM, Choudhury S, Scotellaro J, Kelley L, Isselbacher E, Lindsay ME, Walsh CA, Doan RN.",J Am Heart Assoc. 2024 Jul 16;13(14):e033232. doi: 10.1161/JAHA.123.033232. Epub 2024 Jul 3.,Chen MH,J Am Heart Assoc,2024,2024-07-03 00:00:00,PMC11292778,,10.1161/JAHA.123.033232
,39009944,Short-term S100A8/A9 Blockade Promotes Cardiac Neovascularization after Myocardial Infarction,"Mares RG, Suica VI, Uyy E, Boteanu RM, Ivan L, Cocuz IG, Sabau AH, Yadav V, Szabo IA, Cotoi OS, Tomut ME, Jakobsson G, Simionescu M, Antohe F, Schiopu A.",J Cardiovasc Transl Res. 2024 Jul 15. doi: 10.1007/s12265-024-10542-6. Online ahead of print.,Mares RG,J Cardiovasc Transl Res,2024,2024-07-15 00:00:00,,,10.1007/s12265-024-10542-6
,39055653,Role of actin-binding proteins in prostate cancer,"Fu F, Yu Y, Zou B, Long Y, Wu L, Yin J, Zhou Q.",Front Cell Dev Biol. 2024 Jul 11;12:1430386. doi: 10.3389/fcell.2024.1430386. eCollection 2024.,Fu F,Front Cell Dev Biol,2024,2024-07-26 00:00:00,PMC11269120,,10.3389/fcell.2024.1430386
,38966751,Endothelial-derived microvesicles promote pro-migratory cross-talk with smooth muscle cells by a mechanism requiring tissue factor and PAR2 activation,"Featherby SJ, Ettelaie C.",Front Cardiovasc Med. 2024 Jun 20;11:1365008. doi: 10.3389/fcvm.2024.1365008. eCollection 2024.,Featherby SJ,Front Cardiovasc Med,2024,2024-07-05 00:00:00,PMC11222581,,10.3389/fcvm.2024.1365008
,38733546,Label free quantitative proteomic profiling of serum samples of intellectually disabled young patients revealed dysregulation of complement coagulation and cholesterol cascade systems,"Vankwani S, Mirza MR, Awan FR, Zafar M, Nawrocki A, Wasim M, Khan HN, Ayesha H, Larsen MR, Choudhary MI.",Metab Brain Dis. 2024 Jun;39(5):855-869. doi: 10.1007/s11011-024-01351-6. Epub 2024 May 11.,Vankwani S,Metab Brain Dis,2024,2024-05-11 00:00:00,,,10.1007/s11011-024-01351-6
,38325399,Inflammasome-Independent Mechanism of NLRP3 Is Critical for Platelet GPIb-IX Function and Thrombosis,"Chen X, Li J, Liu P, Zhou Y, Zhang T, Li L, Shi J, Deng X, Sheng Y, Chen W, Wang D, Hu H.",Thromb Haemost. 2024 Apr 23. doi: 10.1055/a-2263-8372. Online ahead of print.,Chen X,Thromb Haemost,2024,2024-02-07 00:00:00,,,10.1055/a-2263-8372
,38476605,Exploring protein profiles and hub genes in ameloblastoma,"Sanguansin S, Kengkarn S, Klongnoi B, Chujan S, Roytrakul S, Kitkumthorn N.",Biomed Rep. 2024 Feb 20;20(4):64. doi: 10.3892/br.2024.1752. eCollection 2024 Apr.,Sanguansin S,Biomed Rep,2024,2024-03-13 00:00:00,PMC10928474,,10.3892/br.2024.1752
,38311336,D-pinitol alleviates diabetic cardiomyopathy by inhibiting the optineurin-mediated endoplasmic reticulum stress and glycophagy signaling pathway,"Li X, Yu X, Yu F, Fu C, Zhao W, Liu X, Dai C, Gao H, Cheng M, Li B.",Phytother Res. 2024 Mar;38(3):1681-1694. doi: 10.1002/ptr.8134. Epub 2024 Feb 4.,Li X,Phytother Res,2024,2024-02-04 00:00:00,,,10.1002/ptr.8134
,38224333,Somatostatin receptors and the associated intracellular machinery: the two sides of the coin,"Campana C, Iyer AM, Ferone D, Gatto F, Hofland LJ.",J Endocrinol. 2024 Feb 7;260(3):e230298. doi: 10.1530/JOE-23-0298. Print 2024 Mar 1.,Campana C,J Endocrinol,2024,2024-01-15 00:00:00,,,10.1530/JOE-23-0298
,38360940,Cell softness renders cytotoxic T lymphocytes and T leukemic cells resistant to perforin-mediated killing,"Zhou Y, Wang D, Zhou L, Zhou N, Wang Z, Chen J, Pang R, Fu H, Huang Q, Dong F, Cheng H, Zhang H, Tang K, Ma J, Lv J, Cheng T, Fiskesund R, Zhang X, Huang B.",Nat Commun. 2024 Feb 15;15(1):1405. doi: 10.1038/s41467-024-45750-w.,Zhou Y,Nat Commun,2024,2024-02-15 00:00:00,PMC10869718,,10.1038/s41467-024-45750-w
,38396812,The Role of Mechanotransduction in Contact Inhibition of Locomotion and Proliferation,Nakamura F.,Int J Mol Sci. 2024 Feb 10;25(4):2135. doi: 10.3390/ijms25042135.,Nakamura F,Int J Mol Sci,2024,2024-02-24 00:00:00,PMC10889191,,10.3390/ijms25042135
,38246726,Supersulfide prevents cigarette smoke extract-induced mitochondria hyperfission and cardiomyocyte early senescence by inhibiting Drp1-filamin complex formation,"Nishimura A, Zhou L, Kato Y, Mi X, Ito T, Ibuki Y, Kanda Y, Nishida M.",J Pharmacol Sci. 2024 Feb;154(2):127-135. doi: 10.1016/j.jphs.2023.12.008. Epub 2023 Dec 27.,Nishimura A,J Pharmacol Sci,2024,2024-01-21 00:00:00,,,10.1016/j.jphs.2023.12.008
,38287421,Identification of a hub gene VCL for atherosclerotic plaques and discovery of potential therapeutic targets by molecular docking,"Wu C, Li W, Li P, Niu X.",BMC Med Genomics. 2024 Jan 29;17(1):42. doi: 10.1186/s12920-024-01815-9.,Wu C,BMC Med Genomics,2024,2024-01-30 00:00:00,PMC10826019,,10.1186/s12920-024-01815-9
,39215655,Short-term feed restriction induces inflammation and an antioxidant response via cystathionine-β-synthase and glutathione peroxidases in ruminal epithelium from Angus steers,"Jiang Q, Galvão MC, Thanh LP, Aboragah AA, Mauck J, Gionbelli MP, Alhidary IA, McCann JC, Loor JJ.",J Anim Sci. 2024 Jan 3;102:skae257. doi: 10.1093/jas/skae257.,Jiang Q,J Anim Sci,2024,2024-08-31 00:00:00,PMC11465371,,10.1093/jas/skae257
,38874255,Molecular Subgrouping Based on Immunohistochemistry in Medulloblastoma: A Single-Center Experience,"Babaoglu B, Hanalioglu S, Varan A, Oguz KK, Bilginer B, Dolgun A, Soylemezoglu F.",Turk Neurosurg. 2024;34(6):999-1008. doi: 10.5137/1019-5149.JTN.45863-23.2.,Babaoglu B,Turk Neurosurg,2024,2024-06-14 00:00:00,,,10.5137/1019-5149.JTN.45863-23.2
,38028293,Unveiling the intriguing puzzle: Nodular heterotopia and Mega Cisterna Magna in an adult female,"Shrivastava P, Hatgaonkar A, Jobanputra M, Kashikar S, Parihar P.",Radiol Case Rep. 2023 Nov 3;19(1):281-284. doi: 10.1016/j.radcr.2023.09.099. eCollection 2024 Jan.,Shrivastava P,Radiol Case Rep,2023,2023-11-29 00:00:00,PMC10652119,,10.1016/j.radcr.2023.09.099
,37886851,Upregulated Cytoskeletal Proteins Promote Pathological Angiogenesis in Moyamoya Disease,"He S, Zhang J, Liu Z, Wang Y, Hao X, Wang X, Zhou Z, Ye X, Zhao Y, Zhao Y, Wang R.",Stroke. 2023 Dec;54(12):3153-3164. doi: 10.1161/STROKEAHA.123.044476. Epub 2023 Oct 27.,He S,Stroke,2023,2023-10-27 00:00:00,,,10.1161/STROKEAHA.123.044476
,37678551,PACSIN2 regulates platelet integrin β1 hemostatic function,"Biswas R, Boyd EK, Eaton N, Steenackers A, Schulte ML, Reusswig F, Yu H, Drew C, Kahr WHA, Shi Q, Plomann M, Hoffmeister KM, Falet H.",J Thromb Haemost. 2023 Dec;21(12):3619-3632. doi: 10.1016/j.jtha.2023.08.026. Epub 2023 Sep 9.,Biswas R,J Thromb Haemost,2023,2023-09-07 00:00:00,PMC10841284,NIHMS1930837,10.1016/j.jtha.2023.08.026
,37198977,Hyaline protoplasmic astrocytopathy in epilepsy,"Magaki S, Haeri M, Szymanski LJ, Chen Z, Diaz R, Williams CK, Chang JW, Ao Y, Newell KL, Khanlou N, Yong WH, Fallah A, Salamon N, Daniel T, Cotter J, Hawes D, Sofroniew M, Vinters HV.",Neuropathology. 2023 Dec;43(6):441-456. doi: 10.1111/neup.12909. Epub 2023 May 17.,Magaki S,Neuropathology,2023,2023-05-18 00:00:00,,,10.1111/neup.12909
,38068501,The Potential of Intertwining Gene Diagnostics and Surgery for Mitral Valve Prolapse,"Iske J, Roesel MJ, Cesarovic N, Pitts L, Steiner A, Knoedler L, Nazari-Shafti TZ, Akansel S, Jacobs S, Falk V, Kempfert J, Kofler M.",J Clin Med. 2023 Nov 30;12(23):7441. doi: 10.3390/jcm12237441.,Iske J,J Clin Med,2023,2023-12-09 00:00:00,PMC10707074,,10.3390/jcm12237441
,37946221,iTRAQ-based proteomics reveals potential markers and treatment pathways for acute Achilles tendon rupture,"Qianman B, Wupuer A, Jiasharete T, Luo B, Nihemaiti M, Jielile J.",J Orthop Surg Res. 2023 Nov 9;18(1):852. doi: 10.1186/s13018-023-04346-8.,Qianman B,J Orthop Surg Res,2023,2023-11-10 00:00:00,PMC10636927,,10.1186/s13018-023-04346-8
,37802982,Distinct and targetable role of calcium-sensing receptor in leukaemia,"Pereira RS, Kumar R, Cais A, Paulini L, Kahler A, Bravo J, Minciacchi VR, Krack T, Kowarz E, Zanetti C, Godavarthy PS, Hoeller F, Llavona P, Stark T, Tascher G, Nowak D, Meduri E, Huntly BJP, Münch C, Pampaloni F, Marschalek R, Krause DS.",Nat Commun. 2023 Oct 6;14(1):6242. doi: 10.1038/s41467-023-41770-0.,Pereira RS,Nat Commun,2023,2023-10-06 00:00:00,PMC10558580,,10.1038/s41467-023-41770-0
,37163662,"Bi-allelic variants of FILIP1 cause congenital myopathy, dysmorphism and neurological defects","Roos A, van der Ven PFM, Alrohaif H, Kölbel H, Heil L, Della Marina A, Weis J, Aßent M, Beck-Wödl S, Barresi R, Töpf A, O'Connor K, Sickmann A, Kohlschmidt N, El Gizouli M, Meyer N, Daya N, Grande V, Bois K, Kaiser FJ, Vorgerd M, Schröder C, Schara-Schmidt U, Gangfuss A, Evangelista T, Röbisch L, Hentschel A, Grüneboom A, Fuerst DO, Kuechler A, Tzschach A, Depienne C, Lochmüller H.",Brain. 2023 Oct 3;146(10):4200-4216. doi: 10.1093/brain/awad152.,Roos A,Brain,2023,2023-05-10 00:00:00,PMC10545528,,10.1093/brain/awad152
,37740172,Analysis of differential membrane proteins related to matrix stiffness-mediated metformin resistance in hepatocellular carcinoma cells,"Gao X, Qian J, Zhang Y, Wang H, Cui J, Yang Y.",Proteome Sci. 2023 Sep 22;21(1):14. doi: 10.1186/s12953-023-00216-7.,Gao X,Proteome Sci,2023,2023-09-22 00:00:00,PMC10517517,,10.1186/s12953-023-00216-7
,36873395,Genetics and pathophysiology of mitral valve prolapse,"Delwarde C, Capoulade R, Mérot J, Le Scouarnec S, Bouatia-Naji N, Yu M, Huttin O, Selton-Suty C, Sellal JM, Piriou N, Schott JJ, Dina C, Le Tourneau T.",Front Cardiovasc Med. 2023 Feb 16;10:1077788. doi: 10.3389/fcvm.2023.1077788. eCollection 2023.,Delwarde C,Front Cardiovasc Med,2023,2023-03-06 00:00:00,PMC9978496,,10.3389/fcvm.2023.1077788
,36831080,In Vitro Exposure to Glucose Alters the Expression of Phosphorylated Proteins in Platelets,"Suzuki M, Takeshita K, Kitamura Y, Kuribayashi M, Huang Z, Ichihara G, Oikawa S, Ichihara S.",Biomedicines. 2023 Feb 13;11(2):543. doi: 10.3390/biomedicines11020543.,Suzuki M,Biomedicines,2023,2023-02-25 00:00:00,PMC9953272,,10.3390/biomedicines11020543
,36445258,Roles of the cumulus-oocyte transzonal network and the Fragile X protein family in oocyte competence,"Karen Nenonene E, Trottier-Lavoie M, Marchais M, Bastien A, Gilbert I, Macaulay AD, Khandjian EW, Maria Luciano A, Lodde V, Viger RS, Robert C.",Reproduction. 2023 Jan 4;165(2):209-219. doi: 10.1530/REP-22-0165. Print 2023 Feb 1.,Karen Nenonene E,Reproduction,2023,2022-11-29 00:00:00,,,10.1530/REP-22-0165
,37591191,A new case of Melnick-Needles syndrome with skeletal manifestations: A case report,"Zargarbashi R, Pirasteh MN, Nami Damirchi A, Shahbazi P.",Int J Surg Case Rep. 2023 Sep;110:108658. doi: 10.1016/j.ijscr.2023.108658. Epub 2023 Aug 11.,Zargarbashi R,Int J Surg Case Rep,2023,2023-08-17 00:00:00,PMC10436170,,10.1016/j.ijscr.2023.108658
,37304132,Identification of potential biomarkers to predict organ morbidity in COVID-19: A repository based proteomics perspective,"Bandyopadhyay S, Rajan MV, Kaur P, Hariprasad G.",Biochem Biophys Rep. 2023 Sep;35:101493. doi: 10.1016/j.bbrep.2023.101493. Epub 2023 Jun 2.,Bandyopadhyay S,Biochem Biophys Rep,2023,2023-06-12 00:00:00,PMC10235674,,10.1016/j.bbrep.2023.101493
,37415307,Over-expression of Dyrk1A affects bleeding by modulating plasma fibronectin and fibrinogen level in mice,"Postic G, Solarz J, Loubière C, Kandiah J, Sawmynaden J, Adam F, Vilaire M, Léger T, Camadro JM, Victorino DB, Potier MC, Bun E, Moroy G, Kauskot A, Christophe O, Janel N.",J Cell Mol Med. 2023 Aug;27(15):2228-2238. doi: 10.1111/jcmm.17817. Epub 2023 Jul 6.,Postic G,J Cell Mol Med,2023,2023-07-07 00:00:00,PMC10399536,,10.1111/jcmm.17817
,37140101,A proteomic signature and potential pharmacological opportunities in the adaptive resistance to MEK and PI3K kinase inhibition in pancreatic cancer cells,"Aguilar-Valdés A, González-Vela F, Sánchez-Vidal H, Martínez-Aguilar J.",Proteomics. 2023 Aug;23(16):e2300041. doi: 10.1002/pmic.202300041. Epub 2023 May 4.,Aguilar-Valdés A,Proteomics,2023,2023-05-04 00:00:00,,,10.1002/pmic.202300041
,37446373,Proteome Profiling of the Dura Mater in Patients with Moyamoya Angiopathy,"Carrozzini T, Pollaci G, Gorla G, Potenza A, Rifino N, Acerbi F, Vetrano IG, Ferroli P, Bersano A, Gianazza E, Banfi C, Gatti L.",Int J Mol Sci. 2023 Jul 7;24(13):11194. doi: 10.3390/ijms241311194.,Carrozzini T,Int J Mol Sci,2023,2023-07-14 00:00:00,PMC10342562,,10.3390/ijms241311194
,37251548,Neighborhood socioeconomic deprivation and individual-level socioeconomic status are associated with dopamine-mediated changes to monocyte subset CCR2 expression via a cAMP-dependent pathway,"Baumer Y, Pita MA, Turner BS, Baez AS, Ortiz-Whittingham LR, Gutierrez-Huerta CA, Neally SJ, Farmer N, Mitchell VM, Collins BS, Powell-Wiley TM.",Brain Behav Immun Health. 2023 May 14;30:100640. doi: 10.1016/j.bbih.2023.100640. eCollection 2023 Jul.,Baumer Y,Brain Behav Immun Health,2023,2023-05-30 00:00:00,PMC10220312,,10.1016/j.bbih.2023.100640
,35686504,TCN1 Deficiency Inhibits the Malignancy of Colorectal Cancer Cells by Regulating the ITGB4 Pathway,"Zhu X, Jiang X, Zhang Q, Huang H, Shi X, Hou D, Xing C.",Gut Liver. 2023 May 15;17(3):412-429. doi: 10.5009/gnl210494. Epub 2022 Jun 10.,Zhu X,Gut Liver,2023,2022-06-10 00:00:00,PMC10191790,,10.5009/gnl210494
,20301299,Heritable Thoracic Aortic Disease Overview,"Milewicz DM, Cecchi AC.","2003 Feb 13 [updated 2023 May 4]. In: Adam MP, Feldman J, Mirzaa GM, Pagon RA, Wallace SE, Amemiya A, editors. GeneReviews(®) [Internet]. Seattle (WA): University of Washington, Seattle; 1993–2024.",Milewicz DM,GeneReviews(®),1993,2023-05-04 00:00:00,,,
,36982793,The IgSF Cell Adhesion Protein CLMP and Congenital Short Bowel Syndrome (CSBS),"Rathjen FG, Jüttner R.",Int J Mol Sci. 2023 Mar 16;24(6):5719. doi: 10.3390/ijms24065719.,Rathjen FG,Int J Mol Sci,2023,2023-03-29 00:00:00,PMC10056934,,10.3390/ijms24065719
,36707053,Transcription factor AP-2α activates RNA polymerase III-directed transcription and tumor cell proliferation by controlling expression of c-MYC and p53,"Wang J, Chen Q, Peng F, Zhao S, Zhang C, Song X, Yu D, Wu Z, Du J, Ni H, Deng H, Deng W.",J Biol Chem. 2023 Mar;299(3):102945. doi: 10.1016/j.jbc.2023.102945. Epub 2023 Jan 25.,Wang J,J Biol Chem,2023,2023-01-27 00:00:00,PMC9999235,,10.1016/j.jbc.2023.102945
,37443780,Tight Regulation of Mechanotransducer Proteins Distinguishes the Response of Adult Multipotent Mesenchymal Cells on PBCE-Derivative Polymer Films with Different Hydrophilicity and Stiffness,"Argentati C, Morena F, Guidotti G, Soccio M, Lotti N, Martino S.",Cells. 2023 Jun 29;12(13):1746. doi: 10.3390/cells12131746.,Argentati C,Cells,2023,2023-07-14 00:00:00,PMC10341130,,10.3390/cells12131746
,37264422,Quantification of host proteomic responses to genotype 4 hepatitis E virus replication facilitated by pregnancy serum,"Qian Z, Cong C, Li Y, Bi Y, He Q, Li T, Xia Y, Xu L, Mickael HK, Yu W, Liu J, Wei D, Huang F.",Virol J. 2023 Jun 1;20(1):111. doi: 10.1186/s12985-023-02080-5.,Qian Z,Virol J,2023,2023-06-01 00:00:00,PMC10233519,,10.1186/s12985-023-02080-5
,36395340,Novel variants in GALE cause syndromic macrothrombocytopenia by disrupting glycosylation and thrombopoiesis,"Marín-Quílez A, Di Buduo CA, Díaz-Ajenjo L, Abbonante V, Vuelta E, Soprano PM, Miguel-García C, Santos-Mínguez S, Serramito-Gómez I, Ruiz-Sala P, Peñarrubia MJ, Pardal E, Hernández-Rivas JM, González-Porras JR, García-Tuñón I, Benito R, Rivera J, Balduini A, Bastida JM.",Blood. 2023 Jan 26;141(4):406-421. doi: 10.1182/blood.2022016995.,Marín-Quílez A,Blood,2023,2022-11-17 00:00:00,PMC10644051,,10.1182/blood.2022016995
,36685450,"Comparative transcriptome, digital gene expression and proteome profiling analyses provide insights into the brachyurization from the megalopa to the first juvenile in Eriocheir sinensis","Yang Y, Jin F, Liu W, Huo G, Zhou F, Yan J, Zhou K, Li P.",Heliyon. 2023 Jan 7;9(1):e12736. doi: 10.1016/j.heliyon.2022.e12736. eCollection 2023 Jan.,Yang Y,Heliyon,2023,2023-01-23 00:00:00,PMC9853305,,10.1016/j.heliyon.2022.e12736
,37128788,Immunohistochemical evaluation of biomarkers with predictive role in acromegaly: a literature review,"Gliga MC, Tătăranu LG, Popescu M, Chinezu L, Paşcanu MI.",Rom J Morphol Embryol. 2023 Jan-Mar;64(1):25-33. doi: 10.47162/RJME.64.1.03.,Gliga MC,Rom J Morphol Embryol,2023,2023-05-02 00:00:00,PMC10257778,,10.47162/RJME.64.1.03
,37092838,"Identification of biomarkers, pathways, and potential therapeutic targets for heart failure using next-generation sequencing data and bioinformatics analysis","Ganekal P, Vastrad B, Vastrad C, Kotrashetti S.",Ther Adv Cardiovasc Dis. 2023 Jan-Dec;17:17539447231168471. doi: 10.1177/17539447231168471.,Ganekal P,Ther Adv Cardiovasc Dis,2023,2023-04-24 00:00:00,PMC10134165,,10.1177/17539447231168471
,36270577,Multiple Cervical Root Resorption Involving 22 Teeth: A Case with Potential Genetic Predisposition,"Qin W, Gao J, Ma S, Wang Y, Li DM, Jiang WK, Chen F, Tay F, Niu LN.",J Endod. 2022 Dec;48(12):1526-1532. doi: 10.1016/j.joen.2022.10.006. Epub 2022 Oct 19.,Qin W,J Endod,2022,2022-10-21 00:00:00,,,10.1016/j.joen.2022.10.006
,35618217,Peptide location fingerprinting identifies species- and tissue-conserved structural remodelling of proteins as a consequence of ageing and disease,"Eckersley A, Ozols M, Chen P, Tam V, Ward LJ, Hoyland JA, Trafford A, Yuan XM, Schiller HB, Chan D, Sherratt MJ.",Matrix Biol. 2022 Dec;114:108-137. doi: 10.1016/j.matbio.2022.05.007. Epub 2022 May 23.,Eckersley A,Matrix Biol,2022,2022-05-26 00:00:00,,,10.1016/j.matbio.2022.05.007
,36372407,Sinus of Valsalva Aneurysm in Females,"Wang Y, Wu B, Li J, Shu X.",Int Heart J. 2022 Nov 30;63(6):1201-1204. doi: 10.1536/ihj.22-156. Epub 2022 Nov 12.,Wang Y,Int Heart J,2022,2022-11-13 00:00:00,,,10.1536/ihj.22-156
,36860703,"Smoking-associated Downregulation of FILIP1L Enhances Lung Adenocarcinoma Progression Through Mucin Production, Inflammation, and Fibrosis","Kwon M, Rubio G, Wang H, Riedlinger G, Adem A, Zhong H, Slegowski D, Post-Zwicker L, Chidananda A, Schrump DS, Pine SR, Libutti SK.",Cancer Res Commun. 2022 Oct 18;2(10):1197-1213. doi: 10.1158/2767-9764.CRC-22-0233. eCollection 2022 Oct.,Kwon M,Cancer Res Commun,2022,2023-03-02 00:00:00,PMC9973389,,10.1158/2767-9764.CRC-22-0233
,34915807,Developmental differences of in vitro cultured murine bone marrow- and fetal liver-derived megakaryocytes,"Bertović I, Bura A, Jurak Begonja A.",Platelets. 2022 Aug 18;33(6):887-899. doi: 10.1080/09537104.2021.2007869. Epub 2021 Dec 16.,Bertović I,Platelets,2022,2021-12-17 00:00:00,,,10.1080/09537104.2021.2007869
,35688384,In-depth Profiling and Quantification of the Lysine Acetylome in Hepatocellular Carcinoma with a Trapped Ion Mobility Mass Spectrometer,"Xu J, Guan X, Jia X, Li H, Chen R, Lu Y.",Mol Cell Proteomics. 2022 Aug;21(8):100255. doi: 10.1016/j.mcpro.2022.100255. Epub 2022 Jun 8.,Xu J,Mol Cell Proteomics,2022,2022-06-10 00:00:00,PMC9294201,,10.1016/j.mcpro.2022.100255
,35475568,Silencing of YAP attenuates pericyte-myofibroblast transition and subretinal fibrosis in experimental model of choroidal neovascularization,"Xu YH, Feng YF, Zou R, Yuan F, Yuan YZ.",Cell Biol Int. 2022 Aug;46(8):1249-1263. doi: 10.1002/cbin.11809. Epub 2022 Apr 27.,Xu YH,Cell Biol Int,2022,2022-04-27 00:00:00,,,10.1002/cbin.11809
,35795651,Regulation of HCN Channels by Protein Interactions,"Peters CH, Singh RK, Bankston JR, Proenza C.",Front Physiol. 2022 Jun 20;13:928507. doi: 10.3389/fphys.2022.928507. eCollection 2022.,Peters CH,Front Physiol,2022,2022-07-07 00:00:00,PMC9251338,,10.3389/fphys.2022.928507
,35742966,The Unfolded Protein Response Sensor PERK Mediates Stiffness-Dependent Adaptation in Glioblastoma Cells,"Khoonkari M, Liang D, Lima MT, van der Land T, Liang Y, Sun J, Dolga A, Kamperman M, van Rijn P, Kruyt FAE.",Int J Mol Sci. 2022 Jun 10;23(12):6520. doi: 10.3390/ijms23126520.,Khoonkari M,Int J Mol Sci,2022,2022-06-24 00:00:00,PMC9223606,,10.3390/ijms23126520
,35697204,A finger in every pie - The versatility of chemokines,Kattner AA.,Biomed J. 2022 Jun;45(3):427-431. doi: 10.1016/j.bj.2022.06.001. Epub 2022 Jun 10.,Kattner AA,Biomed J,2022,2022-06-13 00:00:00,PMC9422062,,10.1016/j.bj.2022.06.001
,35623695,Physiological and comparative proteomic analyzes reveal immune defense response of the king scallop Pecten maximus in presence of paralytic shellfish toxin (PST) from Alexandrium minutum,"Even Y, Pousse E, Chapperon C, Artigaud S, Hégaret H, Bernay B, Pichereau V, Flye-Sainte-Marie J, Jean F.",Harmful Algae. 2022 Jun;115:102231. doi: 10.1016/j.hal.2022.102231. Epub 2022 Mar 30.,Even Y,Harmful Algae,2022,2022-05-27 00:00:00,,,10.1016/j.hal.2022.102231
