Unnamed: 0,Unnamed: 1,Unnamed: 2,Unnamed: 3
,,,
Ticker,Name,YTD,MC
WGS,GeneDX,1369.09,1088210238.8
SMMT,Summit Therapeutics,834.48,17671475746.89
PSIX,Power Solutions,771.22,410620974.56
TIL,Instil Bio,769.42,430884236.25
LBPH,Longboard Pharmaceuticals,462.02,1496930653.64
CADL,Candel Therapeutics,412.93,241919218.58
RZLT,Rezolute,411.84,281278401.12
RNA,Avidity Biosciences,391.49,5234585432
QTTB,Q32 Bio,368.48,590688318.28
JANX,Janux Therapeutics,367.85,2618657799.6
AEYE,AudioEye,366.79,300541634.8
ADMA,ADMA Biologics,342.04,4656994883.46
ASTS,AST SpaceMobile,339.47,7138952421.5
HROW,Harrow Inc,301.96,1597442138.88
VKTX,Viking Therapeutics,278.67,7807808214
LUMN,Lumen Technologies,263.93,6771954959.64
REAX,The Real Brokerage,258.13,1041714000
LUNR,Intuitive Machines,258.12,1224571821.9
RCAT,Red Cat Holdings,255.68,235325866.79
CRVS,Corvus Pharmaceuticals,235.8,369678070.71
CATX,Perspective Therapeutics,229.1,892068034.41
CVNA,Carvana,228.39,34774418604.63
ZETA,Zeta Global,228.12,6638481629.7
SG,Sweetgreen,227.52,4242920923.54
SMR,Nuscale Power,225.23,2666230804.3
CRBP,Corbus Pharmaceuticals,223.01,234977269.4
APP,AppLovin,216.41,44396110834.83
ARQT,Arcutis Biotherapeutics,214.24,1186443883.45
ELYM,Eliem Therapeutics,212.22,565317174.09
AKA,AKA Brands,210.06,263198757.12
CLOV,Clover Health,205.64,1447634059.59
JSPR,Jasper Therapeutics,202.66,360243005.64
CAVA,Cava Group,199.65,14723347626.99
,,,
,,,
,,,
TAYD,Taylor Devices,183.51,195662657.98
SNDA,Sonida Senior Living,180.85,503010438.98
VERA,Vera Therapeutics,178.15,2345527508.7
PRAX,Praxis Precision Medicines,176.08,1092237314.19
DYN,Dyne Therapeutics,175.11,3673665198.82
BZFD,Buzzfeed,174,100308443.54
PSNL,Personalis,173.33,378469098.42
EBS,Emergent Biosolutions,172.92,346538387.2
SPRY,ARS Pharmaceuticals,169.53,1431827564.93
DNTH,Dianthus Therapeutics,169.23,821920960
NVAX,Novavax,168.96,2066808879.49
ELTP,Elite Pharmaceuticals,166.41,398444503.82
BYRN,Byrna Technologies,166.04,387207215
STOK,Stoke Therapeutics,161.41,723907236.25
NANX,Nanophase Technologies,158.67,108424247.17
EWTX,Edgewise Therapeutics,158.5,2651880304.64
TRVI,Trevi Therapeutics,156.72,249716194.48
PNTG,Pennant Group,156.32,1077776518.88
CDXC,Chromadex,153.85,275637287.31
AQST,Aquestive Therapeutics,151.98,463494178.4
OSCR,Oscar Health,150.6,5546979056.64
NRIX,Nurix Therapeutics,148.26,1650232109.4
CDNA,CareDx,146.92,1562686437.04
SWIM,Latham Group,144.11,742005001.26
360 AU,Life360,143.39,2745487742.59
INSM,Insmed,139.46,12752921933.63
SOUN,Soundhound,134.43,1782901444.45
NVDA,Nvidia,134.29,2845480000000
RMTI,Rockwell Medical,132.8,136532959.2
RDW,Redwire,132.63,441130610.31
IESC,IES Holdings,132.14,3673992635.1
RSI,Rush Street Interactive,130.74,2367180973.92
NKTR,Nektar Therapeutics,130.09,239303322.7
APLT,Applied Therapeutics,129.85,884316286.7
MSTR,Microstrategy,129.22,29336518035
PCT,PureCycle Technologies,128.64,1527541712.08
GCI,Gannett,126.96,770470428.78
BVS,Bioventus,124.86,959537610.3
PI,Impinj,124.36,5679156293.73
GERN,Geron,123.22,2839167101.73
CRS US Equity,CARPENTER TECH,122.81,7824275561.7
DSGN US Equity,DESIGN THERAPEUT,121.89,332928687
TRUL CN Equity,TRULIEVE CANNABI,120.73,2089318619.49
CRVO US Equity,CERVOMED INC,120.71,138992998.44
COMM US Equity,COMMSCOPE HOLDIN,120.21,1340429642.64
SFM US Equity,SPROUTS FARMERS,119.7,10583793744.3
IDR US Equity,IDAHO STRATEGIC,119.39,179994592.86
ORGN US Equity,ORIGIN MATERIALS,118.85,266724492.87
BOOT US Equity,BOOT BARN HOLDIN,118.62,5118823715.47
THC,Tenet Healthcare,118.55,15825961520
SNCR US Equity,SYNCHRONOSS TECH,116.91,145720736.43
PLTR,Palantir,116.66,83286425503.2
DCTH,Delcath Systems,116.35,251995698
MOD US Equity,MODINE MFG CO,114.94,6725710585.6
VITL,Vital Farms,113.07,1440797764.78
NGNE,Neurogene,110.27,695071812.75
SMTC US Equity,SEMTECH CORP,109.95,3460457732
APGE US Equity,APOGEE THERAPEUT,109.13,3417319743.15
TMDX US Equity,TRANSMEDICS GROU,109.05,5504294895
AGIO US Equity,Agios Pharmaceuticals,109.03,2648375201.5
UFPT US Equity,UFP Technologies,108.34,2750645186.46
CNTA US Equity,CENTESSA PHARMAC,108.29,2129402576.58
AGX US Equity,ARGAN INC,108.09,1294481438.5
SN US Equity,SHARKNINJA INC,106.7,14801056739.42
PTGX US Equity,Protagonist Therapeutics,106.41,2787954008.05
AXGN US Equity,Axogen,106.15,617123598.08
USLM US Equity,US LIME & MINERA,106.08,2708449254.4
AVAH US Equity,AVEANNA HEALTHCA,105.97,1066602977.04
PYXS,Pyxis Oncology,105,219270667.05
NTRA,Natera,103.99,15804013380.96
VERI US Equity,VERITONE INC,103.31,140130502.88
PRCT US Equity,PROCEPT BIOROBOT,102.79,4413722947.38
EME US Equity,EMCOR GROUP INC,102.65,20323948194
BARK US Equity,BARK INC,102.36,282885212.3
BLBD US Equity,BLUE BIRD CORP,102.19,1763706208.95
PHAT US Equity,PHATHOM PHARMACE,101.86,1240277757.11
ORKA US Equity,ORUKA THERAPEUTI,101.62,877261075
OCUL,OCULAR THERAPEUT,101.35,1400176731.3
YMAB,Y-MABS THERAPEUT,101.32,611943820.82
CNK US Equity,CINEMARK HOLDING,100.99,3464873610.24
CNTX US Equity,CONTEXT THERAPEU,100,169496185.12
COHR US Equity,COHERENT CORP,99.91,13340199502.7
,,,
,,,
,,,
RDNT US Equity,RADNET INC,99.42,5128196408.4
RYAM US Equity,RAYONIER ADV,99.26,531754072.86
AMSC US Equity,AMER SUPERCONDTR,97.76,843656319.79
ASMB US Equity,ASSEMBLY BIOSCIE,97.43,123294250.23
VRT US Equity,VERTIV HOLDING-A,97.01,35466468757.7
PAHC US Equity,PHIBRO ANIMAL-A,96.69,902420386.24
TRAK US Equity,REPOSITRAK INC,96.52,357735019.59
CRMD US Equity,CORMEDIX INC,96.28,412246534.32
KYMR US Equity,KYMERA THERAPEUT,95.56,3206621187.64
IGMS US Equity,IGM BIOSCIENCES,94.46,958589691.04
GAIA US Equity,GAIA INC,93.7,122732106.66
QEPC US Equity,QEP COMPANY INC,93.42,116916177
USAP US Equity,UNIVERSAL STAINL,93.18,358340196.87
VHI US Equity,VALHI INC,93.17,819983101.14
OCGN US Equity,OCUGEN INC,93.04,319522123.59
INGN US Equity,INOGEN INC,90.71,248338055.64
CVLT US Equity,COMMVAULT SYSTEM,90.53,6650547851.88
CYH US Equity,COMMUNITY HEALTH,88.5,819766803.4
QTWO US Equity,Q2 HOLDINGS INC,87.86,4916092676.6
FIX US Equity,COMFORT SYSTEMS,87.76,13741196945.04
WLDN US Equity,WILLDAN GROUP IN,87.26,563415389.46
COGT US Equity,COGENT BIOSCIENC,86.73,1201766083.74
BV US Equity,BRIGHTVIEW HOLDI,86.7,1487112000
ELMD US Equity,Electromed,85.98,175283625.93
NUVB US Equity,Nuvation Bio,85.43,697886361.2
ELUT US Equity,ELUTIA INC,85.19,136241364
GE US Equity,General Electric,84.79,203232413728.88
EBFI US Equity,ECO BRIGHT FUTUR,84.21,246690500
PCVX US Equity,Vaxcyte,83.41,14128367071.78
HIMS US Equity,Hims & Hers,83.15,3538401929.9
HUMA US Equity,Humacyte,83.1,620625834.4
CLPT US Equity,Clearpoint Neuro,82.62,342186667.6
LFVN US Equity,LIFEVANTAGE CORP,82.39,134525614.3
EVER US Equity,EVERQUOTE INC-A,82.27,827349394.4
CLMB US Equity,CLIMB GLOBAL SOL,82.19,456717160.6
MNKD US Equity,MannKind,81.32,1814967244.2
CRDF US Equity,Cardiff Oncology,81.08,124753019.12
SLVM US Equity,SYLVAMO CORP,80.71,3574496385.3
HWM US Equity,HOWMET AEROSPACE,80.48,39773886852.15
REVG US Equity,REV GROUP INC,80.26,1435679993.11
ANAB US Equity,AnaptysBio,79.65,1161500752.88
CART US Equity,MAPLEBEAR INC,79.55,10990308414.54
NGVC US Equity,NATURAL GROCERS,79.51,645286617.83
PRIM US Equity,PRIMORIS SERVICE,78.49,3173132388.8
CDMO US Equity,AVID BIOSERVICES,78.46,740023252.8
CGEM US Equity,CULLINAN THERAPE,78.12,1052276034.15
EAT US Equity,BRINKER INTL,77.51,3446041124.4
LNTH US Equity,LANTHEUS HOLDING,77.5,7640842152.1
ICUI US Equity,ICU MEDICAL,77.2,4316923810.46
SGMO US Equity,SANGAMO THERAPEU,76.73,199933487.33
LMB US Equity,LIMBACH HOLDINGS,75.98,902073542.02
TYRA US Equity,Tyra Biosciences,75.88,1286357497.32
WWW US Equity,WOLVERINE WORLD,75.53,1228162986.3
FTLF US Equity,FITLIFE BRANDS I,74.82,153535266.99
HBB US Equity,HAMILTON -A,74.15,416583809.19
BSEM US Equity,BIOSTEM TECHNOLO,74.06,165386778
ASPN US Equity,ASPEN AEROGELS I,74.02,2116673779.5
HWKN US Equity,HAWKINS INC,73.37,2537746935.4
GOAI US Equity,EVA LIVE INC,73.33,319936107.4
CSWI US Equity,CSW INDUSTRI INC,73.31,6020764901.28
NN US Equity,NEXTNAV INC,72.81,941508770.3
LE US Equity,LANDS' END INC,72.59,514677520.5
GNSS US Equity,GENASYS INC,71.43,155221968.72
INOD US Equity,INNODATA INC,71.38,404394331.95
ARQ US Equity,ARQ INC,71.14,186220660.5
TARS US Equity,Tarsus Pharmaceuticals,70.42,1312820343.87
CRAI US Equity,CRA INTERNATIONA,70.33,1132414961.3
DY US Equity,DYCOM INDS,70.05,5695971826.53
ESOA US Equity,ENERGY SERVICES,69.9,168358159.6
XBIT US Equity,XBIOTECH INC,69.75,206844829.24
BDTX US Equity,BLACK DIAMOND TH,69.4,268963300.2
TVTX US Equity,TRAVERE THERAPEU,69.19,1163435486.85
MTTR US Equity,MATTERPORT INC,69.14,1452046586.9
STRL US Equity,STERLING INFRAST,68.5,4553396390.72
GBIO US Equity,GENERATION BIO C,68.48,185540466.5
IRM US Equity,Iron Mountain,68.46,33839220887.36
PHIN US Equity,PHINIA INC,68.16,2185200384.03
ALDX US Equity,ALDEYRA THERAPEU,67.81,349992935.39
ELVN US Equity,ENLIVEN THERAPEU,67.56,1095430830.33
GALT US Equity,Galectin Therapeutics,66.87,172510406.25
ROAD US Equity,CONSTRUCTION P-A,66.66,3827447048.61
MTZ US Equity,MASTEC INC,66.59,9992932651.24
ATOS US Equity,Atossa Therapeutics,65.91,183605827.36
BFLY US Equity,BUTTERFLY NETWOR,65.74,380507979.1
LTH US Equity,LIFE TIME GROUP,65.58,5120147690.9
NCMI US Equity,NATIONAL CINEMED,65.46,652953227.15
SLG US Equity,SL GREEN REALTY,65.35,4688060790
ATXS US Equity,ASTRIA THERAPEUT,64.71,713779817.3
COMP US Equity,COMPASS INC - A,64.63,3246886456.48
ACIW US Equity,ACI WORLDWIDE IN,64.48,5267399744.81
DEVO LN Equity,DEVOLVER DIGITAL,64.1,199889826.02
PBI US Equity,Pitney Bowes,64.08,1258364062.52
WING US Equity,Wingstop,63.96,12304917979.9
HTL CN Equity,HAMILTON THORNE,63.91,244193838.33
FRPT US Equity,FRESHPET INC,63.89,6894159074.79
NLOP US Equity,NET LEASE OFFICE,63.85,447690223.92
PPIH US Equity,PERMA-PIPE INTER,63.79,103712089
YOU US Equity,CLEAR SECURE I-A,63.7,4732273599.75
ANET US Equity,ARISTA NETWORKS,63.25,120779214322.5
MNMD US Equity,MIND MEDICINE MI,63.11,480281909.07
950160 KS Equity,KOLON TISSUE-KDR,62.64,885286640.37
PRG US Equity,PROG HOLDINGS IN,61.68,2094515532.55
SIGA US Equity,SIGA TECH INC,61.35,601642979.82
REAL US Equity,REALREAL INC/THE,61.19,351534184.2
SPXC US Equity,SPX TECHNOLOGIES,60.94,7526215866.24
ORCL US Equity,Oracle,60.93,465522624000
SMCI US Equity,SUPER MICRO COMP,60.86,26776143101.29
ABUS US Equity,ARBUTUS BIOPHARM,60.8,758903756.58
GKOS US Equity,GLAUKOS CORP,60.75,7005410720
ANF US Equity,ABERCROMBIE & FI,60.73,7242953420.8
BHE US Equity,BENCHMARK ELECTR,60.66,1587932336.34
UTHR US Equity,UNITED THERAPEUT,60.53,15705385128
TPB US Equity,TURNING POINT BR,60.34,742750955.1
HALO US Equity,HALOZYME THERAPE,60.28,7504421307.2
GWRE US Equity,GUIDEWIRE SOFTWA,60.07,14491338491.52
GHM US Equity,GRAHAM CORP,59.94,330442315.06
LMAT US Equity,LEMAITRE VASCULA,59.5,2021297116.28
ULH US Equity,UNIVERSAL LOGIST,59.41,1166120715.06
PSN US Equity,PARSONS CORP,59.29,10606832835.48
DSP US Equity,VIANT TECHNOLO-A,59.07,693211670.4
META,Meta,59.07,1420283421104.6
LLY,Eli Lilly,58.84,875807850169.22
KEX US Equity,KIRBY CORP,58.64,7208550000
BLFS US Equity,BIOLIFE SOLUTION,58.58,1188981439.77
GVA US Equity,GRANITE CONSTR,58.53,3507183529.2
ATMU US Equity,ATMUS FILTRATION,58.42,3096802675.9
LWAY US Equity,LIFEWAY FOODS,58.39,314155466.28
RVMD US Equity,REVOLUTION MEDIC,58.37,7586908791.06
BELFA US Equity,BEL FUSE INC-A,58.2,1048212058.92
ALSN US Equity,ALLISON TRANSMIS,58.09,7934775443.86
MAMA US Equity,MAMA'S CREATIONS,57.84,291225570.75
MAX US Equity,MEDIAALPHA INC-A,57.67,1212900139.56
UI US Equity,UBIQUITI INC,57.55,13138830994.24
APEI US Equity,AMERICAN PUBLIC,57.2,268534349.07
EOLS US Equity,EVOLUS INC,57.17,1044213677.1
SATS US Equity,ECHOSTAR CORP-A,57.15,7074568552.8
SKYW US Equity,SKYWEST INC,56.88,3284091010.32
UHS US Equity,UNIVERSAL HLTH-B,56.63,15879065391.12
DVA US Equity,DAVITA INC,56.55,13759600000
DXPE US Equity,DXP ENTERPRISES,56.53,832854663.5
HBI US Equity,HANESBRANDS INC,56.5,2454759387.48
ACLX US Equity,ARCELLX INC,56.05,4655779358.19
QNST US Equity,QUINSTREET INC,55.69,1117282836.24
LOCO US Equity,EL POLLO LOCO HO,55.67,410915806.14
PETQ US Equity,PETIQ INC,55.65,919166914.94
MLI US Equity,MUELLER INDS,55.52,8222800178.88
DELL US Equity,DELL TECHN-C,55.44,83193559780
LRMR US Equity,LARIMAR THERAPEU,55.38,451112859.96
BLND US Equity,BLEND LABS INC-A,55.29,999415315.8
AVGO US Equity,BROADCOM INC,54.91,799135567801.3
FHTX US Equity,FOGHORN THERAPEU,54.88,552733263.45
ANNX US Equity,ANNEXON INC,54.85,742747352.86
TERN US Equity,TERNS PHARMACEUT,54.39,845684833.68
AHCO US Equity,ADAPTHEALTH CORP,54.32,1512785778.75
GRBK US Equity,GREEN BRICK PART,54.24,3599394852.16
MG US Equity,MISTRAS GROUP IN,54.1,349425297.6
RVLV US Equity,REVOLVE GROUP IN,53.68,1799581157.92
NHI US Equity,NATL HEALTH INV,53.15,3845099481.6
HIW US Equity,HIGHWOODS PROP,53.1,3523890527.5
DBD US Equity,DIEBOLD NIXDORF,52.71,1660822392.28
XOMA US Equity,XOMA ROYALTY COR,52.38,329948924.73
MHK US Equity,MOHAWK INDS,52.27,9947251177.6
AXON US Equity,AXON ENTERPRISE,52.24,29722633751.76
TTD US Equity,TRADE DESK INC-A,52.18,53832692543.7
SCVL US Equity,SHOE CARNIVAL,52.13,1233957489.95
WMT US Equity,WALMART INC,51.9,635504137816.44
ACRV US Equity,ACRIVON THERAPEU,51.83,231362057.61
CPNG US Equity,COUPANG INC,51.82,44089253930.78
MMM US Equity,3M CO,51.72,74036387502.17
CACI US Equity,CACI INTL-A,51.66,10955124489.48
STRT US Equity,STRATTEC SEC,51.54,157549516.8
OSPN US Equity,ONESPAN INC,51.4,614647336.26
GDDY US Equity,GODADDY INC-A,51.23,22633165379.5
PPC US Equity,PILGRIM'S PRIDE,51.01,9904630884.52
TNDM US Equity,TANDEM DIABETES,50.88,2921698487
TGLS US Equity,TECNOGLASS INC,50.83,3226317139.2
SEM US Equity,SELECT MEDICAL,50.74,4550733880
PESI US Equity,PERMA-FIX ENVIR,50.64,187079151.36
FNKO US Equity,FUNKO INC-CL A,50.58,627857933.4
TILE US Equity,INTERFACE INC,50.58,1106028795.97
LPX US Equity,LOUISIANA-PACIFI,50.41,7417625783.65
HCA US Equity,HCA HEALTHCARE I,50.34,104432022510
CRDO US Equity,CREDO TECHNOLOGY,49.87,4845759921.5
GLW US Equity,CORNING INC,49.52,38078686534.5
TKO US Equity,TKO GROUP HOLDIN,49.47,20807886351.98
CRNX US Equity,CRINETICS PHARMA,49.38,4253892671.5
WSM US Equity,WILLIAMS-SONOMA,49.31,18800557483.02
WLY US Equity,WILEY JOHN&SON-A,49.24,2529483950.19
CROX US Equity,CROCS INC,48.86,8257502604.6
ASTH US Equity,ASTRANA HEALTH I,48.83,3204170583
HEI US Equity,HEICO CORP,48.76,31901946256.17
STRW US Equity,STRAWBERRY FIELD,48.76,577390025.55
FLEX US Equity,FLEX LTD,48.62,13075557217.47
PATK US Equity,PATRICK INDS INC,48.5,3292133404.56
PLSE US Equity,PULSE BIOSCIENCE,48.47,1095257553.78
KRYS US Equity,KRYSTAL BIOTECH,48.45,5291194891.5
K US Equity,KELLANOVA,48.42,27794353433.55
TZOO US Equity,TRAVELZOO,48.37,173783300.74
CRUS US Equity,CIRRUS LOGIC INC,47.99,6575453447.55
IOT US Equity,SAMSARA INC-CL A,47.96,27478679865.56
MWA US Equity,MUELLER WATER-A,47.89,3281065360.56
ATLN US Equity,ATLANTIC INTERNA,47.7,297245759.3
CW US Equity,CURTISS-WRIGHT,47.68,12581332533
BFAM US Equity,BRIGHT HORIZONS,47.56,8071481134.3
TOL US Equity,TOLL BROTHERS,47.24,15190227680
ELDN US Equity,ELEDON PHARMACEU,47.22,105087610.3
DJCO US Equity,DAILY JOURNAL,47.09,690517428.06
MLR US Equity,MILLER INDS/TENN,46.96,704408208
DKS US Equity,DICK'S SPORTING,46.83,17301831891.96
EML US Equity,EASTERN CO,46.79,198686980.8
NUVL US Equity,NUVALENT INC-A,46.76,7610758056
RDVT US Equity,RED VIOLET INC,46.42,401509527.84
PDM US Equity,PIEDMONT OFFIC-A,46.32,1226359485.72
LDOS US Equity,LEIDOS HOLDINGS,46.28,21158133093.76
KNSA US Equity,KINIKSA PHARMACE,46.18,1826688775.68
VZIO US Equity,VIZIO HOLDING-A,46.1,2260379891.25
EBAY US Equity,EBAY INC,45.94,30670080000
CSTL US Equity,CASTLE BIOSCIENC,45.83,872875837.2
DOCS US Equity,DOXIMITY INC-A,45.79,7589862560
BDC US Equity,BELDEN INC,45.77,4587761915.28
KURA US Equity,KURA ONCOLOGY IN,45.69,1605492691.2
VXRT US Equity,VAXART INC,45.67,189775346.08
AVPT US Equity,AVEPOINT INC,45.43,2229492523.98
DMAC US Equity,DIAMEDICA THERAP,45.42,176548546.16
BSX US Equity,BOSTON SCIENTIFC,45.17,123582785249.2
AIOT US Equity,POWERFLEET INC,45.03,534479729.6
AVAV US Equity,AEROVIRONMENT IN,45,5154934408.32
WOOF US Equity,PETCO HEALTH AND,44.94,1256557908.76
AMRK US Equity,A-MARK PRECIOUS,44.83,988143482.55
HAS US Equity,HASBRO INC,44.58,9927181300.04
BBW US Equity,BUILD-A-BEAR WOR,44.41,442298195.12
MYGN US Equity,MYRIAD GENETICS,44.41,2510274584.56
TGTX US Equity,TG THERAPEUTICS,44.32,3816390327.05
SHAK US Equity,SHAKE SHACK IN-A,44.28,4575303207.96
,,,
DNLI US Equity,DENALI THERAPEUT,44.04,4425238310.24
NWPX US Equity,NORTHWEST PIPE,44.02,432257425.38
,,,
LGND US Equity,LIGAND PHARM,43.94,1878048060
RMD US Equity,RESMED INC,43.41,35989553227.86
HCP US Equity,HASHICORP I-CL A,43.36,6965475548.76
AMRX US Equity,AMNEAL PHARM INC,43.33,2693020689.6
MLP US Equity,MAUI LAND & PINE,43.23,448126419.6
LRN US Equity,STRIDE INC,43.22,3679960991.52
ALNY US Equity,ALNYLAM PHARMACE,43.09,35160854900.44
DAKT US Equity,DAKTRONICS INC,43.04,565850708.19
RTX US Equity,RTX CORP,42.96,157167781092.9
KLG US Equity,WK KELLOGG CO,42.54,1563406189.8
MSI US Equity,MOTOROLA SOLUTIO,42.45,73838820927.43
EXP US Equity,EAGLE MATERIALS,42.24,9671168524.56
PSTG US Equity,PURE STORAGE-A,42.23,16620532863.68
RGLS US Equity,REGULUS THERAPEU,42.19,119147894.32
ITRI US Equity,ITRON INC,41.99,4820911308.78
AZZ US Equity,AZZ INC,41.97,2441355205.04
WAB US Equity,WABTEC CORP,41.78,31396338839.04
MPWR US Equity,MONOLITHIC POWER,41.78,43453632640
DRS US Equity,LEONARDO DRS INC,41.77,7491796746.87
WELL US Equity,WELLTOWER INC,41.5,76307911208.37
CLH US Equity,CLEAN HARBORS,41.47,13324753759.84
GLSI US Equity,GREENWICH LIFESC,41.44,195592436.64
HL US Equity,HECLA MINING CO,41.42,4263176419.59
DASH US Equity,DOORDASH INC-A,41.29,57133522902.12
BMI US Equity,BADGER METER INC,41.29,6384402060.4
AAON US Equity,AAON INC,41.28,8429418049.4
KBH US Equity,KB HOME,41.07,6560024769.88
INFN US Equity,INFINERA CORP,41.05,1579681029.6
OGN US Equity,ORGANON & CO,41,5018158066.73
AORT US Equity,ARTIVION INC,41,1056134252.65
MOG/A US Equity,MOOG INC-CLASS A,40.92,6490639985.98
CSL US Equity,CARLISLE COS INC,40.84,20207227248.78
WHD US Equity,CACTUS INC- A,40.78,5097649402.24
FYBR US Equity,FRONTIER COMMUNI,40.69,8876780660.75
NTAP US Equity,NETAPP INC,40.67,25028540249.58
SQSP US Equity,SQUARESPACE IN-A,40.56,6425258745.6
ADUS US Equity,ADDUS HOMECARE,40.48,2361001175.4
TXRH US Equity,TEXAS ROADHOUS,40.41,11315694271.5
ATI US Equity,ATI INC,40.4,7945769885.76
OHI US Equity,OMEGA HEALTHCARE,40.37,10419269949
KROS US Equity,KEROS THERAPEUTI,40.34,2093733012.6
SYRE US Equity,SPYRE THERAPEUTI,40.2,1532405923.58
IMNM US Equity,IMMUNOME INC,40.09,900215036.28
CARR US Equity,CARRIER GLOB,39.97,72147934165.68
NMRK US Equity,NEWMARK GROUP-A,39.96,3787645318.9
MDU US Equity,MDU RES GROUP,39.95,5562071105.36
CECO US Equity,CECO ENVIRONMNTL,39.89,991830009.14
WKC US Equity,WORLD KINECT COR,39.66,1855548334.4
PEGA US Equity,PEGASYSTEMS INC,39.62,5820667306.75
BURL US Equity,BURLINGTON STORE,39.55,17277327337.62
EHC US Equity,ENCOMPASS HEALTH,39.36,9322934600.9
IP US Equity,INTL PAPER CO,39.33,16920848917.86
IRT US Equity,INDEPENDENCE REA,39.28,4709523328.56
TDG US Equity,TRANSDIGM GROUP,39.19,79006524685.79
VGR US Equity,VECTOR GROUP LTD,39.15,2349617663.21
NTGR US Equity,NETGEAR INC,39.03,581317674.67
COKE US Equity,COCA-COLA CONSOL,38.99,11075688425.75
JLL US Equity,JONES LANG LASAL,38.93,12454615264
OUT US Equity,OUTFRONT MEDIA I,38.92,3029166244
SBRA US Equity,SABRA HEALTH CAR,38.87,4366676598.24
VERX US Equity,VERTEX INC - A,38.86,5818059988.38
NHC US Equity,NATL HEALTHCARE,38.8,1955200239.76
MGNI US Equity,MAGNITE INC,38.76,1829264808.96
CTRE US Equity,CARETRUST REI,38.69,4675625036.08
TTEK US Equity,TETRA TECH INC,38.67,12341897817.15
ETN US Equity,EATON CORP PLC,38.6,131611860000
IIPR US Equity,INNOVATIVE INDUS,38.52,3822247590.03
MEC US Equity,MAYVILLE ENGINEE,38.28,411153428.2
PROK US Equity,PROKIDNEY CORP,38.2,712601033.82
TYL US Equity,TYLER TECHNOLOG,38.19,24656265259.2
PHM US Equity,PULTEGROUP INC,38.13,29439359321.38
CHEF US Equity,CHEFS WAREHOUSE,38.12,1618946127.45
HOV US Equity,HOVNANIAN ENT-A,38.11,1280762424.35
,,,
DORM US Equity,DORMAN PRODUCTS,38.01,3519175956.57
NL US Equity,NL INDUSTRIES,37.93,341445660.66
FTDR US Equity,FRONTDOOR INC,37.85,3715266174.25
URI US Equity,UNITED RENTALS,37.65,51824068515.6
FOXA US Equity,FOX CORP - A,37.64,17815492476.63
LII US Equity,LENNOX INTL INC,37.48,21827308551.3
VNO US Equity,VORNADO RLTY TST,37.35,7391608394.8
THRD US Equity,THIRD HARMONIC B,37.28,618928530.72
GM US Equity,GENERAL MOTORS C,37.19,54937313176.72
KNF US Equity,KNIFE RIVER,37.14,5138169105.8
LNW US Equity,LIGHT & WONDER I,37.1,9987679929.47
COOK US Equity,TRAEGER INC,37,484203872.24
ACVA US Equity,ACV AUCTIONS-A,36.96,3456669750.5
ITI US Equity,ITERIS INC,36.92,305509659.2
HEAR US Equity,TURTLE BEACH COR,36.89,311106567.26
,,,
CLFD US Equity,CLEARFIELD INC,36.83,566527751.97
TKNO US Equity,ALPHA TEKNOVA IN,36.73,271845264.3
PH US Equity,PARKER HANNIFIN,36.56,80214157878.33
AKR US Equity,ACADIA REALTY,36.46,2392068395.31
AXR US Equity,AMREP CORP,36.37,158411972.04
CTAS US Equity,CINTAS CORP,36.35,82329246376.96
EPRT US Equity,ESSENTIAL PROPER,36.26,5997649890.1
GRND US Equity,GRINDR INC,36.22,2104866879.44
MLYS US Equity,MINERALYS THERAP,36.16,582299364.25
GLDD US Equity,GREAT LAKES DRED,36.07,702124224.45
CRH US Equity,CRH PLC,35.98,63262158674.89
RWC AU Equity,RELIANCE WORLDWI,35.97,3222762557.69
BHR US Equity,BRAEMAR HOTELS &,35.85,216197169.5
HRB US Equity,H&R BLOCK INC,35.75,8998229820.14
VSEC US Equity,VSE CORP,35.74,1608803498.72
ERAS US Equity,ERASCA INC,35.68,816437479.02
GRZ CN Equity,GOLD RESERVE INC,35.64,360371277.39
USFD US Equity,US FOODS HOLDING,35.61,15059911321.56
ARMK US Equity,ARAMARK,35.51,9945181932
BCRX US Equity,BIOCRYST PHARM,35.39,1677844940.96
NVR US Equity,NVR INC,35.32,29154069264.93
NXRT US Equity,NEXPOINT RESI,35.31,1139602669.82
DECK US Equity,DECKERS OUTDOOR,35.3,22980813105.36
PEPG US Equity,PEPGEN INC,35.29,299825258.4
RKLB US Equity,ROCKET LAB USA I,35.08,3709901883.15
BWXT US Equity,BWX TECHNOLOGIES,35.03,9401636913.6
APPF US Equity,APPFOLIO INC - A,34.95,8480162971.35
LMNR US Equity,LIMONEIRA CO,34.91,498593505.62
PWR US Equity,QUANTA SERVICES,34.89,42856759413.31
EPAC US Equity,ENERPAC TOOL GRO,34.83,2276262120.32
RCL US Equity,ROYAL CARIBBEAN,34.72,44804010351.05
SKYH US Equity,SKY HARBOUR GROU,34.68,871995978.56
T US Equity,AT&T INC,34.57,154447053110.58
ENSG US Equity,ENSIGN GROUP INC,34.57,8616173234.58
CASY US Equity,CASEY'S GENERAL,34.51,13658681376
INZY US Equity,INOZYME PHARMA I,34.51,359468083.35
AWI US Equity,ARMSTRONG WORLD,34.49,5737818140.6
SANM US Equity,SANMINA CORP,34.38,3772257973.38
CALM US Equity,CAL-MAINE FOODS,34.32,3664503772.86
JNPR US Equity,JUNIPER NETWORKS,34.32,12804459294.2
ZBRA US Equity,ZEBRA TECH CORP,34.18,18917614667.4
AGS US Equity,PLAYAGS INC,34.05,454690089.3
NEM US Equity,NEWMONT CORP,34.04,62776000661.4
SITM US Equity,SITIME CORP,33.99,3783748675.3
RCM US Equity,R1 RCM INC,33.96,5977135287.84
UMH US Equity,UMH PROPERTIES I,33.94,1550124322.32
ORN US Equity,ORION GROUP HOLD,33.81,249669033.32
CBT US Equity,CABOT CORP,33.8,6045422741.67
APH US Equity,AMPHENOL CORP-A,33.8,79374674873.91
LQDT US Equity,LIQUIDITY SERVIC,33.59,701939853.01
AOSL US Equity,ALPHA & OMEGA SE,33.58,1008560155.28
CTLT US Equity,CATALENT INC,33.54,10887822120
VSTO US Equity,VISTA OUTDOOR,33.41,2304181910.85
CSV US Equity,CARRIAGE SERVICE,33.35,500818769.91
VLTO US Equity,VERALTO CORP,33.34,27050737608
PKG US Equity,PACKAGING CORP,33.25,19120934349
MO US Equity,ALTRIA GROUP INC,33.16,85976643887.92
AYI US Equity,ACUITY BRANDS,33.15,8375270014.37
MAPS US Equity,WM TECHNOLOGY IN,33.03,146062844.26
PTCT US Equity,PTC THERAPEUTICS,32.95,2818501588.8
ALHC US Equity,ALIGNMENT HEALTH,32.75,2186558382.78
USM US Equity,US CELLULAR CORP,32.72,4741180000
NOW US Equity,SERVICENOW INC,32.68,193096160000
TRN US Equity,TRINITY INDUSTRI,32.64,2819681107.2
OLP US Equity,ONE LIBERTY PROP,32.58,595822404.48
GMED US Equity,GLOBUS MEDICAL I,32.56,9561719353.92
MSGE US Equity,MADISON SQUARE G,32.53,2024642168.34
IBP US Equity,INSTALLED BUILDI,32.32,6753400965.78
SAVA US Equity,CASSAVA SCIENCES,32.3,1428730223.48
GTES US Equity,GATES INDUSTRIAL,32.04,4635777061.72
MIRM US Equity,MIRUM PHARMACEUT,31.98,1858672667.84
SRPT US Equity,SAREPTA THERAPEU,31.92,12131551348.14
PM US Equity,PHILIP MORRIS IN,31.87,187804477291.86
AVO US Equity,MISSION PRODUCE,31.81,943111113
CPPTL US Equity,COPPER PROPERTY,31.69,870000000
SHCR US Equity,SHARECARE INC,31.48,528064823.12
CL US Equity,COLGATE-PALMOLIV,31.48,84209001163.7
UTI US Equity,UNIVERSAL TECHNI,31.47,885742507.82
SPIR US Equity,SPIRE GLOBAL INC,31.46,265479817.8
RXST US Equity,RXSIGHT INC,31.4,2102394955.92
KLAC US Equity,KLA CORP,31.32,102008427944.7
FTNT US Equity,FORTINET INC,31.18,58729635088.3
MMSI US Equity,MERIT MEDICAL,31.07,5795241844.16
CMI US Equity,CUMMINS INC,31.02,42243566403.04
TMHC US Equity,TAYLOR MORRISON,30.97,7283367020.04
LILA US Equity,LIBERTY LATI-A,30.92,1857639000
VCEL US Equity,VERICEL CORP,30.78,2283335249.75
ONTO US Equity,ONTO INNOVATION,30.75,9872278874.47
HUBB US Equity,HUBBELL INC,30.75,22868612989.3
CSPI US Equity,CSP INC,30.71,123703215.58
HSII US Equity,HEIDRICK & STRUG,30.71,774092025.6
CBRE US Equity,CBRE GROUP INC-A,30.63,37262062374.4
RBA CN Equity,RB GLOBAL INC,30.54,15443529179.87
ITGR US Equity,INTEGER HOLDINGS,30.53,4336587380.07
TG US Equity,TREDEGAR CORP,30.5,243644525.36
CIEN US Equity,CIENA CORP,30.48,8482209456
ALKT US Equity,ALKAMI TECHNOLOG,30.47,3131897106.8
OLLI US Equity,OLLIE'S BARGAIN,30.44,6072875245.29
REGN US Equity,REGENERON PHARM,30.37,126221842740.87
WS US Equity,WORTHINGTON STEE,30.22,1815593278.62
VMEO US Equity,VIMEO INC,30.1,845566464.6
CORT US Equity,CORCEPT THERA,30.08,4414806815.25
POST US Equity,POST HOLDINGS IN,30.01,6689367451.74
JCI US Equity,JOHNSON CONTROLS,30,49499803980.9
LAMR US Equity,LAMAR ADVERTIS-A,29.87,13661360070.82
SGHT US Equity,SIGHT SCIENCES I,29.84,337058903.3
LENZ US Equity,LENZ THERAPEUTIC,29.84,615650329.35
RDFN US Equity,REDFIN CORP,29.65,1629339598.8
RL US Equity,RALPH LAUREN COR,29.63,11477986137.18
CR US Equity,CRANE CO,29.58,8720528073.93
TSCO US Equity,TRACTOR SUPPLY,29.44,29652074773.86
REPL US Equity,REPLIMUNE GROUP,29.42,745386430.36
BCO US Equity,BRINK'S CO/THE,29.36,4984527603.58
BBSI US Equity,BARRETT BUS SVCS,29.29,971278306.92
R US Equity,RYDER SYSTEM INC,29.2,6319344718
KIND US Equity,NEXTDOOR HOLDING,29.1,949446292.52
IDCC US Equity,INTERDIGITAL INC,29.08,3481728802.2
ATYR US Equity,ATYR PHARMA INC,29.08,137949080.36
KTB US Equity,KONTOOR BRAND,28.92,4383544375.68
BRC US Equity,BRADY CORP - A,28.89,3558352234.06
INTA US Equity,INTAPP INC,28.88,3660276872
MRVI US Equity,MARAVAI LIFESC-A,28.85,2199863760.6
BOX US Equity,BOX INC- CLASS A,28.82,4725097097.37
CSR US Equity,CENTERSPACE,28.81,1119511243.8
PRDO US Equity,PERDOCEO EDUCATI,28.74,1459920348.9
PAR US Equity,PAR TECHNOLOGY,28.71,2033351717.4
LMT US Equity,LOCKHEED MARTIN,28.68,136321709075.76
CPT US Equity,CAMDEN PROP TR,28.65,13351754952.53
XPO US Equity,XPO INC,28.44,13094206200
,,,
CRVL US Equity,CORVEL CORP,28.35,5435727538.9
BBY US Equity,BEST BUY CO INC,28.28,20892766435.8
JWN US Equity,NORDSTROM INC,28.26,3780136966.78
SLNO US Equity,SOLENO THERAPEUT,28.22,2006162966.34
MANH US Equity,MANHATTAN ASSOC,28.15,16900206339.24
KFY US Equity,KORN FERRY,28.01,3890916277.64
SLDB US Equity,SOLID BIOSCIENCE,28.01,303358562.82
APOG US Equity,APOGEE ENTERPR,27.98,1480488502.5
IFF US Equity,INTL FLVR & FRAG,27.89,26136037460.25
EQR US Equity,EQUITY RESIDENTI,27.83,29034225920.14
ATGE US Equity,ADTALEM GLOBAL E,27.74,2838044349.6
GENC US Equity,GENCOR INDS INC,27.7,302095238.22
HNI US Equity,HNI CORP,27.68,2465361436.6
ECL US Equity,ECOLAB INC,27.67,71544138167.04
NTNX US Equity,NUTANIX INC - A,27.53,16130354587.26
WDC US Equity,WESTERN DIGITAL,27.46,22925393165.25
KODK US Equity,EASTMAN KODAK CO,27.44,399091000
AIT US Equity,APPLIED INDU TEC,27.41,8409443980.66
AMNF US Equity,ARMANINO FOODS,27.35,189187305.5
ATR US Equity,APTARGROUP INC,27.29,10350617626.74
GOOD US Equity,GLADSTONE COMMER,27.19,671601138.59
TDS US Equity,TELEPHONE & DATA,27.17,2595610000
WOW US Equity,WIDEOPENWEST INC,27.16,436149045.25
VTR US Equity,VENTAS INC,27.14,25685770937.79
MBC US Equity,MASTERBRAND,27.07,2397796841.85
TJX US Equity,TJX COS INC,27.05,133010044610.85
DHI US Equity,DR HORTON INC,27,62563834021.44
EXPO US Equity,EXPONENT INC,26.98,5619436869.75
COLL US Equity,COLLEGIUM PHARMA,26.93,1258591251.57
MPW US Equity,MEDICAL PROPERTI,26.91,3457152000
GWOX US Equity,GOODHEART-WILLCO,26.8,251546130
MHH US Equity,MASTECH DIGITAL,26.72,124768886.4
ENV US Equity,ENVESTNET INC,26.7,3466049780.18
VCYT US Equity,VERACYTE INC,26.61,2675366278.92
AIP US Equity,ARTERIS INC,26.49,292465886.7
UAL US Equity,UNITED AIRLINES,26.44,17153656996.62
TPH US Equity,TRI POINTE HOMES,26.36,4186255695.93
VLGEA US Equity,VILLAGE SUPER -A,26.34,476637287.06
VRDR US Equity,VERDE RESOURCES,26.32,287775162
CAT US Equity,CATERPILLAR INC,26.28,178840123143.12
ARLP US Equity,ALLIANCE RESOURC,26.27,3111906138.3
ELME US Equity,ELME COMMUNITIES,26.27,1565708040.3
CWAN US Equity,CLEARWATER AN-A,26.26,6575015920.77
GPI US Equity,GROUP 1 AUTOMOTI,26.24,5133668808.45
,,,
PFMT US Equity,PERFORMANT FINAN,26.08,304127228.88
INGR US Equity,INGREDION INC,26.06,8781991821.4
TWST US Equity,TWIST BIOSCIENCE,25.99,2720731982.4
ZYME US Equity,ZYMEWORKS INC,25.99,930010335.1
CHWY US Equity,CHEWY INC- CL A,25.9,13167410095
ESS US Equity,ESSEX PROPERTY,25.88,19664162546.58
TMUS US Equity,T-MOBILE US INC,25.76,232703407541.52
CVCO US Equity,CAVCO INDUSTRIES,25.72,3596528339.44
CARG US Equity,CARGURUS INC,25.62,3137245508
CUZ US Equity,COUSINS PROP,25.61,4465314517.8
SOY CN Equity,SUNOPTA INC,25.45,799193891.16
STX US Equity,SEAGATE TECHNOLO,25.35,22046682589.32
GWW US Equity,WW GRAINGER INC,25.34,50398867150.66
ICFI US Equity,ICF INTERNATIONA,25.27,3141988755.22
IR US Equity,INGERSOLL-RAND I,25.2,39045163614.75
DCO US Equity,DUCOMMUN INC,25.18,961139802.98
CMG US Equity,CHIPOTLE MEXICAN,25.12,78375111480
AAT US Equity,AMERICAN ASSETS,25.08,1640688646.02
AVB US Equity,AVALONBAY COMMUN,25.04,32718395167.52
SKY US Equity,CHAMPION HOMES I,24.98,5343974648.49
SSNC US Equity,SS&C TECHNOLOGIE,24.97,18536567161.84
MAA US Equity,MID-AMERICA APAR,24.85,18987707289.54
IOVA US Equity,IOVANCE BIOTHERA,24.85,3080665800.8
IMMR US Equity,IMMERSION CORP,24.8,278699540.7
BAH US Equity,BOOZ ALLEN HAMIL,24.72,20397932569.98
XERS US Equity,XERIS BIOPHARMA,24.68,436566557.25
GME US Equity,GAMESTOP CORP-A,24.64,9319234585.2
SRCL US Equity,STERICYCLE INC,24.46,5726152236
LEVI US Equity,LEVI STRAUSS-A,24.36,8013662274.24
CWK US Equity,CUSHMAN & WAKEFI,24.35,3078824894.58
KO US Equity,COCA-COLA CO/THE,24.33,308758954266
SENEB US Equity,SENECA FOODS-B,24.27,427007854.25
SCCO US Equity,SOUTHERN COPPER,24.26,81381296810.8
LINC US Equity,LINCOLN EDUCATIO,24.2,392492289.81
MCCK US Equity,MESTEK INC,24.17,260217325
MAS US Equity,MASCO CORP,24.07,17920412170.29
WWD US Equity,WOODWARD INC,24.03,10025136169
CIX US Equity,COMPX INTL INC,24.02,348615163.1
DOV US Equity,DOVER CORP,24.02,25995984905.28
SOWG US Equity,SOW GOOD INC,23.98,127657534.48
MATX US Equity,MATSON INC,23.94,4523801544.64
PLUS US Equity,EPLUS INC,23.9,2657577696.68
SERA US Equity,SERA PROGNOSTI-A,23.75,246927573.4
ETON US Equity,ETON PHARMACEUTI,23.74,140032225.68
MCEM US Equity,MONARCH CEMENT,23.7,695165428.25
CPRX US Equity,CATALYST PHARMAC,23.68,2467521378.63
HLT US Equity,HILTON WORLDWIDE,23.63,55357383070.08
AGYS US Equity,AGILYSYS INC,23.54,2921737804.02
BALY US Equity,BALLY'S CORP,23.53,699933453.24
BRX US Equity,BRIXMOR PROPERTY,23.51,8359321007.64
VZ US Equity,VERIZON COMMUNIC,23.5,186608021422.68
LEN US Equity,LENNAR CORP-A,23.48,49528048621.01
GPK US Equity,GRAPHIC PACKAGIN,23.45,9036440850.36
4991 TT Equity,GCS HOLDINGS,23.44,136436497.63
VRNS US Equity,VARONIS SYSTEMS,23.41,6268596997.96
KR US Equity,KROGER CO,23.33,40073904938.42
MLAB US Equity,MESA LABS,23.25,695456086.91
CHRW US Equity,CH ROBINSON,23.22,12220913087
MHO US Equity,M/I HOMES INC,23.12,4648485921.64
ARLO US Equity,ARLO TECHNOLOGIE,23.11,1171255135.4
UDR US Equity,UDR INC,23.08,15046550852.82
ZVRA US Equity,ZEVRA THERAPEUTI,23.05,424099379.34
TECX US Equity,TECTONIC THERAPE,23.04,295868338.32
RARE US Equity,ULTRAGENYX PHARM,22.86,5414704912.5
LAUR US Equity,LAUREATE EDUCATI,22.83,2568870733.12
MRVL US Equity,MARVELL TECHNOLO,22.81,63986194000
RSG US Equity,REPUBLIC SVCS,22.8,63250212318.93
REYN US Equity,REYNOLDS CONSUME,22.72,6760149786.57
MKC US Equity,MCCORMICK-N/V,22.71,22287799937.58
KVYO US Equity,KLAVIYO INC-A,22.53,9081972383.96
FFIV US Equity,F5 INC,22.49,12778282598.76
B US Equity,BARNES GROUP INC,22.46,2002726747.8
SYK US Equity,STRYKER CORP,22.38,139020103540.84
PSMT US Equity,PRICESMART INC,22.33,2766394677.97
MDV US Equity,MODIV INDUSTRIAL,22.31,150698016
ORIC US Equity,ORIC PHARMACEUTI,22.28,793602855
DEI US Equity,DOUGLAS EMMETT,22.2,2884463824.16
PPHC LN Equity,PUBLIC POLICY-DI,22.18,209260065.09
ADC US Equity,AGREE REALTY,22.16,7491497673.05
SHW US Equity,SHERWIN-WILLIAMS,22.15,95484558107.6
PSA US Equity,PUBLIC STORAGE,22.14,63601034441.52
ESAB US Equity,ESAB CORP,22.08,6382543516.8
BTMD US Equity,BIOTE CORP-A,22.06,387712586.34
KEQU US Equity,KEWAUNEE SCI,22.05,101891747.84
ITT US Equity,ITT INC,22.01,11806467000
IMUX US Equity,IMMUNIC INC,22,164844599.28
QRHC US Equity,QUEST RESOURCE H,21.96,182228069.82
NSA US Equity,NATIONAL STORAGE,21.95,5657546330.97
TXN US Equity,TEXAS INSTRUMENT,21.85,185622244277.9
BOKU LN Equity,BOKU INC-REG S,21.72,654647127.11
EMN US Equity,EASTMAN CHEMICAL,21.67,12460824665.26
SCSC US Equity,SCANSOURCE INC,21.66,1158045312.18
HRMY US Equity,HARMONY BIOSCIE,21.64,2233037131.05
AZEK US Equity,AZEK CO INC/THE,21.59,6729793797.81
BJ US Equity,BJ'S WHOLESALE C,21.5,10738104342.42
ASRT US Equity,ASSERTIO HOLDING,21.5,123936317.7
NEN US Equity,NEW ENG RLTY-LP,21.48,290790859
TSHA US Equity,TAYSHA GENE THER,21.47,440628107.9
CPB US Equity,CAMPBELL SOUP CO,21.46,15266003958.36
ALX US Equity,ALEXANDER'S INC,21.41,1246229832.9
VMI US Equity,VALMONT INDS,21.39,5688383814.24
SPG US Equity,SIMON PROPERTY,21.36,54302525438.65
CTVA US Equity,CORTEVA INC,21.25,39603354196.58
STER US Equity,STERLING CHECK C,21.19,1653082240.81
PLXS US Equity,PLEXUS CORP,21.18,3567446889.52
HRTX US Equity,HERON THERAPEUTI,21.18,330045792.24
PG US Equity,PROCTER & GAMBLE,21.13,409366082811.24
FCPT US Equity,FOUR CORNERS PRO,21.09,2760477480.72
SPHR US Equity,SPHERE ENTERTAIN,20.94,1452240251.61
OMC US Equity,OMNICOM GROUP,20.9,20014876638.9
PDER US Equity,PARDEE RESOURCES,20.84,217065520
DLR US Equity,DIGITAL REALTY,20.82,53005648600.2
VRRM US Equity,VERRA MOBILITY C,20.71,4577506494.6
INVA US Equity,INNOVIVA INC,20.7,1211209903.2
NSIT US Equity,INSIGHT ENTERPRI,20.68,6968238995.52
ADP US Equity,AUTOMATIC DATA,20.62,112718672061.23
STXS US Equity,STEREOTAXIS INC,20.57,177514010.93
FLR US Equity,FLUOR CORP,20.47,8083083362.64
AXSM US Equity,AXSOME THERAPEUT,20.42,4600339647.2
CI US Equity,THE CIGNA GROUP,20.39,99558508563.58
INSW US Equity,INTERNATIONAL SE,20.33,2496650876.16
AVIR US Equity,ATEA PHARMACEUTI,20.33,309828740
AKRO US Equity,AKERO THERAPEUTI,20.26,1949615572.32
OFIX US Equity,ORTHOFIX MEDICAL,20.25,618813264.85
ABEO US Equity,ABEONA THERAPEUT,20.16,260752669.94
CL CN Equity,CRESCO LABS INC,20.11,727037709.96
UBER US Equity,UBER TECHNOLOGIE,20.09,155343298712.26
GD US Equity,GENERAL DYNAMICS,19.99,84320995667.73
HQY US Equity,HEALTHEQUITY INC,19.95,6944914701.45
CDP US Equity,COPT DEFENSE PRO,19.88,3379503450
RGLD US Equity,ROYAL GOLD INC,19.88,9441044330.16
OMER US Equity,OMEROS CORP,19.88,227151687.28
ENTA US Equity,ENANTA PHARMACEU,19.87,239007080.88
FSS US Equity,FED SIGNAL CORP,19.83,5599145813.04
AMGN US Equity,AMGEN INC,19.73,181284132243.6
SXT US Equity,SENSIENT TECHNOL,19.59,3284894185.92
LZB US Equity,LA-Z-BOY INC,19.56,1817393664.9
MATV US Equity,MATIV INC,19.55,978428999.85
SMG US Equity,SCOTTS MIRACLE,19.48,4197942868
ZWS US Equity,ZURN ELKAY WATER,19.37,5955148765.8
MEDP US Equity,MEDPACE HOLDINGS,19.3,11337343997.7
PBH US Equity,PRESTIGE CONSUME,19.29,3619174804.13
KRG US Equity,KITE REALTY GROU,19.25,5783796274.87
FA US Equity,FIRST ADVANTAGE,19.25,2873250500.64
AMAT US Equity,APPLIED MATERIAL,19.22,158417489550.08
TER US Equity,TERADYNE INC,19.18,21041556934.45
KAI US Equity,KADANT INC,19.17,3910704920.72
EDR US Equity,ENDEAVOR GROUP-A,19.14,13249687332.96
H US Equity,HYATT HOTELS-A,19.13,15633433530.99
BXP US Equity,BXP INC,19.12,12795793235.2
FEIM US Equity,FREQUENCY ELECT,19.08,115281361.9
BAND US Equity,BANDWIDTH INC-A,19.07,470353017.16
CUBE US Equity,CUBESMART,19.06,12147219442.26
SBGI US Equity,SINCLAIR INC,19.03,973534985.01
DSGR US Equity,DISTRIBUTION SOL,19.01,1756206441.6
KMB US Equity,KIMBERLY-CLARK,19,47405223100.25
AAPL US Equity,APPLE INC,18.98,3469584063400
UE US Equity,URBAN EDGE P,18.92,2568643235.72
SPB US Equity,SPECTRUM BRANDS,18.91,2621701737.41
OC US Equity,OWENS CORNING,18.87,15146404312
XYL US Equity,XYLEM INC,18.84,32744389692.04
JYNT US Equity,JOINT CORP/THE,18.73,171113202.75
LOW US Equity,LOWE'S COS INC,18.63,147575905123.66
KRO US Equity,KRONOS WORLDWIDE,18.62,1303361460.28
OMCL US Equity,OMNICELL INC,18.58,2052243222.14
RXT US Equity,RACKSPACE TECHNO,18.5,535698084.39
QCOM US Equity,QUALCOMM INC,18.49,188176880000
TPR US Equity,TAPESTRY INC,18.47,9800496092.97
BLDR US Equity,BUILDERS FIRSTSO,18.45,23027696219.84
SKT US Equity,TANGER INC,18.44,3489471333.76
HPQ US Equity,HP INC,18.42,33498830693.24
EXLS US Equity,EXLSERVICE HOLDI,18.38,5894502711.68
ELA US Equity,ENVELA CORP,18.31,149927742.5
DUOL US Equity,DUOLINGO,18.29,11691506446.66
MTH US Equity,MERITAGE HOMES C,18.27,7386412422.62
TSVT US Equity,2SEVENTY BIO,18.27,260064536.4
AVTR US Equity,AVANTOR INC,18.22,18348893556.57
IVT US Equity,INVENTRUST PROPE,18.21,1998513280.02
RH US Equity,RH,18.11,6363222923.16
DHR US Equity,DANAHER CORP,18.1,196896952273.03
MAC US Equity,MACERICH CO,18.1,3812247186.3
GBX US Equity,GREENBRIER COS,18.09,1594526900.46
ATEX US Equity,ANTERIX INC,18.07,731519510.68
AIV US Equity,APARTMENT INVEST,18.01,1381134391.56
NATL US Equity,NCR ATLEOS CORP,17.99,2072745568.02
CTO US Equity,CTO REALTY GROWT,17.93,443213524.71
ABM US Equity,ABM INDUSTRIES,17.9,3270168768.72
GEN US Equity,GEN DIGITAL INC,17.88,16299102556.08
LTC US Equity,LTC PROPERTIES,17.87,1565686224
DOCN US Equity,DIGITALOCEAN HOL,17.83,3979855217.58
AVNT US Equity,AVIENT CORP,17.77,4392142072.5
TNL US Equity,TRAVEL + LEISURE,17.74,3104399477
SILA US Equity,SILA REALTY TRUS,17.67,1386457833.6
DAL US Equity,DELTA AIR LI,17.59,30295983256.32
VVX US Equity,V2X INC,17.57,1703062888.8
CENX US Equity,CENTURY ALUMINUM,17.55,1324051254.04
SCI US Equity,SERVICE CORP INT,17.54,11490753510
GIS US Equity,GENERAL MILLS IN,17.52,41364889489.98
BCPC US Equity,BALCHEM CORP,17.47,5668893117.63
CRWD US Equity,CROWDSTRIKE HO-A,17.44,73521572324.25
CLX US Equity,CLOROX CO,17.44,20230306144.85
GOOGL US Equity,ALPHABET INC-A,17.4,2020111800000
EVGO US Equity,EVGO INC,17.32,1271027049.6
ATRO US Equity,ASTRONICS CORP,17.28,708221537.61
FLS US Equity,FLOWSERVE CORP,17.25,6292836394.5
SAFE US Equity,SAFEHOLD INC,17.25,1925198879.45
TRNS US Equity,TRANSCAT INC,17.1,1170761334.88
SNBR US Equity,SLEEP NUMBER COR,17.06,388082800
LITE US Equity,LUMENTUM HOL,17.04,4171800000
ESBA US Equity,EMPIRE STATE -ES,16.91,292791998.13
GEHC US Equity,GE HEALTHCARE TE,16.89,41227468200.84
ACTG US Equity,ACACIA RESEARCH,16.84,459719602.22
AZO US Equity,AUTOZONE INC,16.83,51601360854.6
FRMO US Equity,FRMO CORP,16.82,324839790
CWST US Equity,CASELLA WASTE,16.81,6320038338.81
COO US Equity,COOPER COS INC,16.78,22004702575.47
ORLY US Equity,O'REILLY AUTOMOT,16.73,64331181659.2
CAG US Equity,CONAGRA BRANDS I,16.68,15473304987
NVRI US Equity,ENVIRI CORP,16.67,841172860.5
DOC US Equity,HEALTHPEAK PROPE,16.6,15391404022.14
EVRI US Equity,EVERI HOLDINGS I,16.59,1127270508.48
CDRE US Equity,CADRE HOLDINGS I,16.45,1543509623.88
NSSC US Equity,NAPCO SECURITY,16.44,1459491562.18
MSFT US Equity,MICROSOFT CORP,16.38,3235378616097.87
BALL US Equity,BALL CORP,16.34,20129514441.69
WSO US Equity,WATSCO INC,16.31,19781676984.74
RWWI US Equity,RAND WORLDWIDE I,16.25,587893431
ACEL US Equity,ACCEL ENTERTAINM,16.16,985832710.66
AN US Equity,AUTONATION INC,16.12,6919652723.37
VIRC US Equity,VIRCO MFG,16.07,226259849.34
RUM US Equity,RUMBLE INC,16.04,1475633114.04
EXR US Equity,EXTRA SPACE STOR,16.03,38234055864.95
ROL US Equity,ROLLINS INC,15.99,24288339076
BKD US Equity,BROOKDALE SR,15.98,1331106851.25
GBTG US Equity,GLOBAL BUSINESS,15.97,3540066601.28
LIN US Equity,LINDE PLC,15.95,225338316617.67
MTD US Equity,METTLER-TOLEDO,15.92,30030811530.7
ROIC US Equity,RETAIL OPPORTUNI,15.87,2003582444.88
HCKT US Equity,HACKETT GROUP,15.86,719384151.08
TMO US Equity,THERMO FISHER,15.85,234426858898.54
ADI US Equity,ANALOG DEVICES,15.69,112594785724.9
ANGI US Equity,ANGI INC,15.66,1436167454.4
UFI US Equity,UNIFI INC,15.62,140563646.3
KBR US Equity,KBR INC,15.58,8459330444.4
ELV US Equity,ELEVANCE HEALTH,15.55,125185907937.64
PLNT US Equity,PLANET FITNESS-A,15.53,7188245065.8
NNN US Equity,NNN REIT INC,15.46,8777122869.6
BKNG US Equity,BOOKING HOLDINGS,15.39,136243448075.88
PANW US Equity,PALO ALTO NETWOR,15.34,110743072000
CHH US Equity,CHOICE HOTELS,15.31,6139280370.14
HLMN US Equity,HILLMAN SOLUTION,15.31,2083852088.28
UAN US Equity,CVR PARTNERS LP,15.22,739346108.15
J US Equity,JACOBS SOLUTIONS,15.21,18468271325.28
WM US Equity,WASTE MANAGEMENT,15.21,81908356190.7
RRX US Equity,REGAL REXNORD CO,15.15,11290030982.05
LYTS US Equity,LSI INDUSTRIES,15.08,477374636.44
GHC US Equity,GRAHAM HOLDING-B,15.07,3501590380.2
GOSS US Equity,GOSSAMER BIO INC,15.07,237538621.95
KD US Equity,KYNDRYL HOLDINGS,14.92,5521234717.92
SLGN US Equity,SILGAN HOLDINGS,14.9,5485255517.72
TTMI US Equity,TTM TECHNOLOGIES,14.86,1851436988.16
RYTM US Equity,RHYTHM PHARMACEU,14.86,3227862792
ESRT US Equity,EMPIRE STATE REA,14.84,1816862900.37
GNK US Equity,GENCO SHIPPING &,14.79,768359373.15
FBIN US Equity,FORTUNE BRANDS I,14.77,10744001857.6
IDT US Equity,IDT CORP-CLASS B,14.74,988473414.75
TSN US Equity,TYSON FOODS-A,14.73,21399598037.72
PRFT US Equity,PERFICIENT INC,14.71,2654327377
ARHS US Equity,ARHAUS INC,14.7,1847171478.24
KDP US Equity,KEURIG DR PEPPER,14.7,50798995682.42
GLUE US Equity,MONTE ROSA THERA,14.69,397695899.52
ZG US Equity,ZILLOW GROUP I-A,14.69,15410541787.93
SHOO US Equity,STEVEN MADDEN,14.65,3447113135.02
HD US Equity,HOME DEPOT INC,14.64,387245355957.22
SGC US Equity,SUPERIOR GROUP O,14.53,252281621.76
FDP US Equity,FRESH DEL MONTE,14.5,1398794773.52
PAYX US Equity,PAYCHEX INC,14.5,47939179608.3
CVLG US Equity,COVENANT LOGISTI,14.45,689363231.12
AUR US Equity,AURORA INNOVATIO,14.42,8509227920
CCS US Equity,CENTURY COMMUNIT,14.32,3236103831.8
VRTX US Equity,VERTEX PHARM,14.26,119996876218.76
GEO US Equity,GEO GROUP INC/TH,14.22,1727223396.88
FCN US Equity,FTI CONSULTING,14.03,8153396887.2
HOLX US Equity,HOLOGIC INC,13.91,18904610429.34
MSGS US Equity,MADISON SQUARE G,13.85,4958561671.8
IT US Equity,GARTNER INC,13.85,39576995795.26
VRE US Equity,VERIS RESIDENTIA,13.77,1637990751.84
CCRD US Equity,CORECARD CORP,13.74,126225668.14
NOC US Equity,NORTHROP GRUMMAN,13.57,76797775484.32
MD US Equity,PEDIATRIX MEDICA,13.55,906743280.96
CNXN US Equity,PC CONNECTION,13.43,1995654031.8
EBF US Equity,ENNIS INC,13.38,622576975.44
GTY US Equity,GETTY REALTY,13.18,1732848612.3
XHR US Equity,XENIA HOTELS & R,13.13,1545769343.32
CAKE US Equity,CHEESECAKE FACTO,13.12,1970273024.76
MRC US Equity,MRC GLOBAL INC,13.08,1061194835.85
SXI US Equity,STANDEX INTL CO,13.07,2120390531.72
HPE US Equity,HEWLETT PACKA,13.04,24427957099.59
SDST US Equity,STARDUST POWER I,13.01,596722096.08
KIM US Equity,KIMCO REALTY,12.97,15666466298
KTOS US Equity,KRATOS DEFENSE &,12.91,3459393963
G US Equity,GENPACT LTD,12.89,6891908833.08
ACA US Equity,ARCOSA INC,12.81,4539838946.94
BNL US Equity,BROADSTONE NET,12.8,3530932494.05
DGX US Equity,QUEST DIAGNOSTIC,12.79,17030419651.92
OSIS US Equity,OSI SYSTEMS INC,12.76,2411228855.84
RVTY US Equity,REVVITY INC,12.65,15156848046.12
YEXT US Equity,YEXT INC,12.56,848114678.58
ANIK US Equity,ANIKA THERAPEUTI,12.53,377316513
AMH US Equity,AMERICAN HOMES-A,12.49,14520697709.7
WVE US Equity,WAVE LIFE SCIENC,12.48,708511056.16
LHX US Equity,L3HARRIS TECHNOL,12.47,44241147359.9
CCCC US Equity,C4 THERAPEUTICS,12.39,440294731.55
ROST US Equity,ROSS STORES INC,12.34,51194271992.24
KAR US Equity,OPENLANE INC,12.29,1806339723.98
ALTR US Equity,ALTAIR ENGINEE-A,12.22,8074916196.13
GFF US Equity,GRIFFON CORP,12.12,3343988731.2
HNST US Equity,HONEST CO INC/TH,12.12,370302082.8
NYT US Equity,NEW YORK TIMES-A,12.1,8948894607.15
FRT US Equity,FED REALTY INVS,12.07,9457270511.38
SWI US Equity,SOLARWINDS CORP,12.06,2178574187.18
TBRG US Equity,TRUBRIDGE INC,12.05,187751903.05
CAH US Equity,CARDINAL HEALTH,12.03,27060982436.16
PINE US Equity,ALPINE INCOME,12.01,245371626
BGNE US Equity,BEIGENE LTD-ADR,11.99,22120354971.71
SWK US Equity,STANLEY BLACK &,11.95,16462887624.12
IFOS CN Equity,ITAFOS INC,11.94,206747985.64
DCI US Equity,DONALDSON CO INC,11.88,8705296972.2
COR US Equity,CENCORA INC,11.81,44711289986.24
ESI US Equity,ELEMENT SOLUTION,11.75,6201267068.88
IMR AU Equity,IMRICOR MEDI-CDI,11.71,102219244.92
MCRI US Equity,MONARCH CASINO,11.69,1407158442.42
ACHV US Equity,ACHIEVE LIFE SCI,11.65,157969993.8
VMC US Equity,VULCAN MATERIALS,11.63,33285727032.8
VEEV US Equity,VEEVA SYSTEMS-A,11.61,34796337092.8
MTSI US Equity,MACOM TECHNOLOGY,11.57,7486228269.6
RXO US Equity,RXO INC,11.56,4170319869.6
RPM US Equity,RPM INTL INC,11.48,15826466303.7
O US Equity,REALTY INCOME,11.47,53671570681.04
DKNG US Equity,DRAFTKINGS INC,11.43,19071634308.4
PFGC US Equity,PERFORMANCE FOOD,11.37,12000872140.44
SEMR US Equity,SEMRUSH HOLDIN-A,11.35,2233562475.69
EACO US Equity,EACO CORP,11.27,183379174.8
OLED US Equity,UNIVERSAL DISPLA,11.27,10033282384.56
AOUT US Equity,AMERICAN OUTDOOR,11.19,119980790.06
AXNX US Equity,AXONICS INC,11.12,3534813987.3
FAST US Equity,FASTENAL CO,11.1,40514711858
MSB US Equity,MESABI TRUST,11.09,282998615.7
COCO US Equity,VITA COCO CO INC,11.07,1617727470.59
CDZI US Equity,CADIZ INC,11.07,211157060.71
BCC US Equity,BOISE CASCADE CO,11.07,5351369650
LEGH US Equity,LEGACY HOUSING C,11.06,681104828.88
AIR US Equity,AAR CORP,11.03,2483687030.08
WSR US Equity,WHITESTONE REI,10.99,663360494.75
TGT US Equity,TARGET CORP,10.99,71289404563.5
SNX US Equity,TD SYNNEX CORP,10.88,10086804023.89
LANC US Equity,LANCASTER COLONY,10.84,5004408600
AMT US Equity,AMERICAN TOWER C,10.78,109792214294.42
SNDR US Equity,SCHNEIDER NATL-B,10.76,4881494831.22
LYV US Equity,LIVE NATION ENTE,10.73,24056268117.24
TRNO US Equity,TERRENO REALTY C,10.7,6626010101.88
NVGS US Equity,NAVIGATOR HOLDIN,10.64,1110044317.25
EQIX US Equity,EQUINIX INC,10.61,83285748736.8
HR US Equity,HEALTHCARE REALT,10.6,6512762667.06
NOBH US Equity,NOBILITY HOMES,10.58,114409015
KRT US Equity,KARAT PACKAGING,10.54,526986129.45
UNH US Equity,UNITEDHEALTH GRP,10.51,530965436250
UHT US Equity,UNIVERSAL HEALTH,10.5,626388098.96
KRUS US Equity,KURA SUSHI USA-A,10.49,944237863.71
AKBA US Equity,AKEBIA THERAPEUT,10.48,288094847.7
SFIX US Equity,STITCH FIX INC-A,10.36,482022397.4
ACM US Equity,AECOM,10.28,13566214027.74
CHD US Equity,CHURCH & DWIGHT,10.27,25313866967.4
BROS US Equity,DUTCH BROS INC-A,10.26,5384248486.92
REG US Equity,REGENCY CENTERS,10.21,13396953056.21
WMK US Equity,WEIS MARKETS INC,10.19,1867020928.63
KVUE US Equity,KENVUE INC,10.16,44087152535.12
NRP US Equity,NATURAL RESOURCE,10.16,1260936755.49
EXEL US Equity,EXELIXIS INC,10.13,7536350574.5
MCK US Equity,MCKESSON CORP,10.11,65875795096
CTGO US Equity,CONTANGO ORE INC,10.1,242179435.52
TRMB US Equity,TRIMBLE INC,10.09,14303239776.27
SITC US Equity,SITE CENTERS COR,10.02,3085801333.5
SAIC US Equity,SCIENCE APPLICAT,9.96,6708983554.44
SUPN US Equity,SUPERNUS PHARMAC,9.95,1753453414.34
MLM US Equity,MARTIN MAR MTLS,9.94,33387634883.37
DD US Equity,DUPONT DE NEMOUR,9.92,34794042717.42
UTZ US Equity,UTZ BRANDS INC,9.91,2502747712.08
CTS US Equity,CTS CORP,9.9,1457223020.61
ADSK US Equity,AUTODESK INC,9.78,57467350000
FPH US Equity,FIVE POINT HOL-A,9.77,467556422.07
GNRC US Equity,GENERAC HOLDINGS,9.69,8527251713.6
JBGS US Equity,JBG SMITH PROPER,9.67,1561498442.45
GRC US Equity,GORMAN-RUPP CO,9.66,1006612985.2
VVV US Equity,VALVOLINE INC,9.66,5310582159.87
EMR US Equity,EMERSON ELEC CO,9.64,60225132000
LAKE US Equity,LAKELAND INDS,9.63,149633298.92
SCWX US Equity,SECUREWORKS CO-A,9.62,718619256.19
WLKP US Equity,WESTLAKE CHEMICA,9.59,785994150.56
KRMD US Equity,KORU MEDICAL SYS,9.57,123350832.32
CAL US Equity,CALERES INC,9.57,1178192397.62
CWGL US Equity,CRIMSON WINE GRO,9.57,134101499.16
MRK US Equity,MERCK & CO,9.53,297003607087.04
HCSG US Equity,HEALTHCARE SERVS,9.45,832899138.4
PACK US Equity,RANPAK HOLDINGS,9.45,530132822.31
NXST US Equity,NEXSTAR MEDIA,9.45,5367758156.8
GMS US Equity,GMS INC,9.43,3543529640.2
TXT US Equity,TEXTRON INC,9.39,16471041770.5
ZUMZ US Equity,ZUMIEZ INC,9.34,425704936.16
FCFS US Equity,FIRSTCASH HOLDIN,9.28,5252583084.76
VNDA US Equity,VANDA PHARMACEUT,9.24,268716014.88
MAR US Equity,MARRIOTT INTL-A,9.21,68801348782.74
BRBR US Equity,BELLRING BRANDS,9.09,7815291374.79
PODD US Equity,INSULET CORP,9.03,16587920731.56
WEAV US Equity,WEAVE COMMUNICAT,8.98,897663387.5
STGW US Equity,STAGWELL INC,8.9,1901602473.68
ADT US Equity,ADT INC,8.84,6610752949.25
AOMR US Equity,ANGEL OAK MORTGA,8.73,246988621.44
WMS US Equity,ADVANCED DRAINAG,8.7,11818447360.85
STE US Equity,STERIS PLC,8.54,23370195756.14
BLD US Equity,TOPBUILD COR,8.51,12250498693.2
VTRS US Equity,VIATRIS INC,8.51,13594198073.57
LXRX US Equity,LEXICON PHARMACE,8.5,600077209.7
HAYW US Equity,HAYWARD HOLDINGS,8.46,3173139371.75
ARC US Equity,ARC DOCUMENT SOL,8.45,146184151.62
SCWO US Equity,374WATER INC,8.45,204397504.08
MMS US Equity,MAXIMUS INC,8.43,5414726729.94
ITCI US Equity,INTRA-CELLULAR T,8.36,8200810049.25
VERU US Equity,VERU INC,8.31,114150180.82
GLPI US Equity,GAMING AND LEISU,8.27,13966525568.5
ANIP US Equity,ANI PHARMACEUTIC,8.2,1255302062.78
WDFC US Equity,WD-40 CO,8.19,3467183839.5
VICI US Equity,VICI PROPERTIES,8.18,34496541615.17
LOPE US Equity,GRAND CANYON EDU,8.13,4205930427.6
NWSA US Equity,NEWS CORP-CL A,8.11,15258344409.3
MSA US Equity,MSA SAFETY INC,8.1,7123285262.93
GENK US Equity,GEN RESTAURANT G,8.05,277057741.32
OTIS US Equity,OTIS WORLDWI,8.04,38260991343.84
CBZ US Equity,CBIZ INC,8.02,3391428007.13
AURA US Equity,AURA BIOSCIENCES,8.01,474730520.55
SRDX US Equity,SURMODICS INC,8.01,560122420
CRCT US Equity,CRICUT INC- A,7.92,1424660541.15
DEA US Equity,EASTERLY GOVERNM,7.91,1401270587.2
PECO US Equity,PHILLIPS EDISON,7.91,5258243793.15
ATEN US Equity,A10 NETWORKS INC,7.85,1035602848.18
INN US Equity,SUMMIT HOTEL PRO,7.84,758351391
HLIT US Equity,HARMONIC INC,7.75,1634393717.75
ARW US Equity,ARROW ELECTRONIC,7.68,6969570407.16
AVNS US Equity,AVANOS MEDICAL I,7.62,1109208715.16
SMAR US Equity,SMARTSHEET INC-A,7.57,7147639337.12
HURN US Equity,HURON CONSULTING,7.54,1966807099.95
CMC US Equity,COMMERCIAL METAL,7.48,6125646213.4
CNM US Equity,CORE & MAIN IN-A,7.42,8733561920.49
DFIN US Equity,DONNELLEY FINANC,7.42,1945243093
MKSI US Equity,MKS INSTRUMENTS,7.39,7393560828.72
FLO US Equity,FLOWERS FOODS,7.38,4936396914.72
INVH US Equity,INVITATION HOMES,7.35,22077889345.76
FND US Equity,FLOOR & DECOR-A,7.22,12818892965.58
,,,
PRGS US Equity,PROGRESS SOFTWAR,7.1,2463495870.68
ESE US Equity,ESCO TECH INC,7.06,3219346527.12
HSY US Equity,HERSHEY CO/THE,7.02,39533102408.84
AZPN US Equity,ASPEN TECHNOLOGY,7,14900241326.88
FR US Equity,FIRST IND REALTY,6.97,7346231091.29
BFS US Equity,SAUL CENTERS INC,6.93,967618975.12
GILD US Equity,GILEAD SCIENCES,6.92,104504635279.14
SGU US Equity,STAR GROUP LP,6.91,408311810.32
SUI US Equity,SUN COMMUNITIES,6.87,17538559562.48
TEL US Equity,TE CONNECTIVITY,6.76,45013393028.82
AVT US Equity,AVNET INC,6.75,4652338204.8
PFE US Equity,PFIZER INC,6.73,166714168782.88
MU US Equity,MICRON TECH,6.71,100793676533.4
APD US Equity,AIR PRODS & CHEM,6.71,64022130285.96
REZI US Equity,RESIDEO TECHN,6.7,2939960309.28
FELE US Equity,FRANKLIN ELEC CO,6.65,4671807599.07
ADV US Equity,ADVANTAGE SOLUTI,6.63,1237278243.3
NSC US Equity,NORFOLK SOUTHERN,6.61,56040261883.38
ROIV US Equity,ROIVANT SCIENCES,6.59,8852076233.28
WEYS US Equity,WEYCO GROUP,6.57,309396200.6
PKOH US Equity,PARK OHIO HLDGS,6.48,372994792.4
CBL US Equity,CBL & ASSOC PROP,6.46,776915440.14
CMPX US Equity,COMPASS THERAPEU,6.41,228398023.86
ALEX US Equity,ALEXANDER & BALD,6.4,1413945998.19
HSTM US Equity,HEALTHSTREAM INC,6.4,871800513.7
DRI US Equity,DARDEN RESTAURAN,6.34,20158992333.48
TPX US Equity,TEMPUR SEALY INT,6.29,9337124366.56
HOG US Equity,HARLEY-DAVIDSON,6.21,5077937871.36
AXTA US Equity,AXALTA COATING S,6.18,7910328608.68
WEBC US Equity,WEBCO INDS INC,6.06,133175000
BH US Equity,BIGLARI HOLDIN-B,5.95,531537048
EPR US Equity,EPR PROPERTIES,5.94,3688389978.52
INO US Equity,INOVIO PHARMACEU,5.88,168248456.64
AVY US Equity,AVERY DENNISON,5.88,17036221233.74
BLTE US Equity,BELITE BIO I-ADR,5.88,1411999067.36
TRC US Equity,TEJON RANCH CO,5.81,488027176
,,,
HRI US Equity,HERC HOLDINGS IN,5.78,4411662321.09
CNSL US Equity,CONSOLIDATED COM,5.75,544994618.6
ILPT US Equity,INDUSTRIAL LOGIS,5.66,325293794.02
FUN US Equity,SIX FLAGS ENTERT,5.64,4157460124.44
RUSHA US Equity,RUSH ENTER-CL A,5.64,4068698797.08
FCX US Equity,FREEPORT-MCMORAN,5.62,63983211751.48
BDN US Equity,BRANDYWINE RLTY,5.56,894452133.26
,,,
FORM US Equity,FORMFACTOR INC,5.35,3400489884.48
PSTL US Equity,POSTAL REALTY-A,5.26,399915407.62
CKPT US Equity,CHECKPOINT THERA,5.24,108492996.81
RSVR US Equity,RESERVOIR MEDIA,5.19,488092035
RBBN US Equity,RIBBON COMMUNICA,5.17,532306117.8
PK US Equity,PARK H&R INC,5.13,3259109193.6
UFPI US Equity,UFP INDUSTRIES I,5.06,7968145162.8
ETD US Equity,ETHAN ALLEN,5.01,809480228.16
IBEX US Equity,IBEX LTD,5,335391832.08
CPRT US Equity,COPART INC,4.98,49500588698.32
SYY US Equity,SYSCO CORP,4.94,36957432710.96
ASH US Equity,ASHLAND INC,4.89,4263998713.76
LXP US Equity,LXP INDUSTRIAL T,4.88,2975780534.1
,,,
SHYF US Equity,SHYFT GROUP INC/,4.85,436298908.74
SPSY LN Equity,SPECTRA SYSTEMS,4.75,151220688.45
950140 KS Equity,ENGLEWOOD LAB-KD,4.65,199858413.88
INCY US Equity,INCYTE CORP,4.7,12661394294.98
CF US Equity,CF INDUSTRIES HO,4.66,14723446660.46
IQV US Equity,IQVIA HOLDINGS I,4.64,44138476000
INSP US Equity,INSPIRE MEDICAL,4.63,6347550334.95
CXT US Equity,CRANE NXT CO,4.58,3371083295
OB US Equity,OUTBRAIN INC,4.57,225388225.74
CCI US Equity,CROWN CASTLE INC,4.56,50118646478.34
CLPR US Equity,CLIPPER REALTY I,4.54,223843942.08
COLM US Equity,COLUMBIA SPORTSW,4.53,4814731782.3
HII US Equity,HUNTINGTON INGAL,4.51,10490466712.32
NOTE US Equity,FISCALNOTE HOLDI,4.39,165975559.4
HAYN US Equity,HAYNES INTL INC,4.36,752782036.48
,,,
TKR US Equity,TIMKEN CO,4.28,5792426194.44
AME US Equity,AMETEK INC,4.27,39615803611.5
NCLH US Equity,NORWEGIAN CRUISE,4.24,9185151862.81
SPR US Equity,SPIRIT AEROSYS-A,4.22,3862468442.88
SAH US Equity,SONIC AUTOMOTI-A,4.21,1966008632.14
ODC US Equity,OIL DRI CORP,4.21,502902013.46
MIR US Equity,MIRION TECHNOLOG,4.2,2480187969.84
SANA US Equity,SANA BIOTECHNOLO,4.17,945480219.5
WLK US Equity,WESTLAKE CORP,4.17,18552336427.76
SPOK US Equity,SPOK HOLDINGS IN,4.16,307810995.45
UHU SP Equity,UNITED HAMPSHIRE,4.08,288805889.3
SGH US Equity,SMART GLOBAL HOL,4.07,1042421303.9
DRVN US Equity,DRIVEN BRANDS HO,4.07,2434975069.52
FTV US Equity,FORTIVE CORP,4,26745084232.9
CLDX US Equity,CELLDEX THERAPEU,3.98,2733700459.04
NTIC US Equity,NORTHERN TECH,3.97,114048814.16
UHAL US Equity,U-HAUL HOLDING C,3.93,14038391896.48
,,,
STZ US Equity,CONSTELLATION-A,3.84,45206456673.48
OOMA US Equity,OOMA INC,3.82,298552000
IAC US Equity,IAC INC,3.78,4681666121.4
RBC US Equity,RBC BEARINGS INC,3.71,8635963023.35
KRC US Equity,KILROY REALTY,3.64,4694235387.69
,,,
NOVT US Equity,NOVANTA INC,3.63,6266343620.18
MASI US Equity,MASIMO CORP,3.59,6492432306.88
DGII US Equity,DIGI INTL INC,3.58,980660905.12
MCS US Equity,MARCUS CORP,3.53,477778034.25
UNF US Equity,UNIFIRST CORP/MA,3.5,3502993889
FATE US Equity,FATE THERAPEUTIC,3.48,440707411.08
RRR US Equity,RED ROCK RESOR-A,3.33,5640343181.48
ELS US Equity,EQUITY LIFESTYLE,3.31,13393893197.76
EGP US Equity,EASTGROUP PROP,3.28,9104268497.24
CAPR US Equity,CAPRICOR THERAPE,3.27,164321596.5
BYD US Equity,BOYD GAMING CORP,3.16,5875561967.26
DFH US Equity,DREAM FINDERS-A,3.15,3435136440.95
PEP US Equity,PEPSICO INC,3.15,235128123432
GDRX US Equity,GOODRX HOLDIN-A,3.13,2622020478.76
JBLU US Equity,JETBLUE AIRWAYS,3.06,1983885486.44
URBN US Equity,URBAN OUTFITTER,3.03,3392410605.91
CRGX US Equity,CARGO THERAPEUTI,3.02,1094825520.9
NAUT US Equity,NAUTILUS BIOTECH,3.01,386266643.84
EQC US Equity,EQUITY COMMONWEA,2.97,2121868451.07
LYB US Equity,LYONDELLBASELL-A,2.95,30571389684.56
ABSI US Equity,ABSCI CORP,2.86,490563362.88
GPCR US Equity,STRUCTURE THERAP,2.85,2397678118.4
MTX US Equity,MINERALS TECH,2.84,2349925361.25
ITOS US Equity,ITEOS THERAPEUTI,2.83,411235974.7
ROP US Equity,ROPER TECHNOLOGI,2.79,59821143016.6
CNDT US Equity,CONDUENT INC,2.74,608993445
STRA US Equity,STRATEGIC EDUCAT,2.7,2295601730.62
AYR/A CN Equity,AYR WELLNESS INC,2.7,120384351.1
CCK US Equity,CROWN HOLDINGS I,2.69,11304021877.5
RCKY US Equity,ROCKY BRANDS INC,2.66,227344090.4
FERG US Equity,FERGUSON ENTERPR,2.58,39567976079.56
SPLP US Equity,STEEL PARTNERS H,2.52,839716002.84
GMGI US Equity,GOLDEN MATRIX GR,2.49,300546183.99
CCL US Equity,CARNIVAL CORP,2.48,23785059909.74
ALK US Equity,ALASKA AIR GROUP,2.43,5048890103.46
,,,
BRT US Equity,BRT APARTMENTS C,2.39,346629666.84
VRDN US Equity,VIRIDIAN THERAPE,2.39,1662381932.5
JAMF US Equity,JAMF HOLDING COR,2.38,2360089264.12
AMED US Equity,AMEDISYS INC,2.36,3185658823.2
ADEA US Equity,ADEIA INC,2.36,1363460689.72
LUV US Equity,SOUTHWEST AIR,2.34,17399519831.76
SUM US Equity,SUMMIT MATERIA-A,2.34,6962645256
,,,
NPO US Equity,ENPRO INC,2.27,3342080813.5
LOVE US Equity,LOVESAC CO/THE,2.23,406392564.88
STAG US Equity,STAG INDUSTRIAL,2.23,7268423252.97
WAT US Equity,WATERS CORP,2.23,19978850151.12
FDX US Equity,FEDEX CORP,2.21,62214526872.96
BIO US Equity,BIO-RAD LABS-A,2.21,9182006244.11
NVEC US Equity,NVE CORP,2.2,373014776.92
PCAR US Equity,PACCAR INC,2.15,51850780809.66
STLD US Equity,STEEL DYNAMICS,2.14,18490071930.24
KMT US Equity,KENNAMETAL INC,2.14,2004353015.68
INSE US Equity,INSPIRED ENTERTA,2.13,268139772.36
CHDN US Equity,CHURCHILL DOWNS,2.04,10107994872.08
JJSF US Equity,J & J SNACK FOOD,2.01,3264933262.89
,,,
CELC US Equity,CELCUITY INC,1.92,549897801.75
,,,
PHR US Equity,PHREESIA INC,1.9,1362871557.25
BAX US Equity,BAXTER INTL INC,1.89,19636736054.94
CNC US Equity,CENTENE CORP,1.89,39773128300
MAT US Equity,MATTEL INC,1.85,6536277000
,,,
VECO US Equity,VEECO INSTRUMENT,1.84,1794400849.2
SGRY US Equity,SURGERY PARTNERS,1.81,4140426725.8
SBH US Equity,SALLY BEAUTY HOL,1.81,1387727911.44
TECH US Equity,BIO-TECHNE CORP,1.81,12423477173.4
APG US Equity,API GROUP CORP,1.79,9674778398.04
RHP US Equity,RYMAN HOSPITALIT,1.79,6575226402.87
CSX US Equity,CSX CORP,1.79,67720176358.73
IRMD US Equity,IRADIMED CORP,1.78,607896380.26
CEVA US Equity,CEVA INC,1.76,547382096.51
BATRA US Equity,ATLANTA BRAVES H,1.73,2589782004.34
AOS US Equity,SMITH (A.O.)CORP,1.71,12089120564.16
SHO US Equity,SUNSTONE HOTEL,1.68,2185942130.5
TGNA US Equity,TEGNA INC,1.67,2507951742.68
FREVS US Equity,FIRST REAL ESTAT,1.65,129230518.73
CDXS US Equity,CODEXIS INC,1.64,219874868.7
IPI US Equity,INTREPID POTASH,1.63,322473727.4
RS US Equity,RELIANCE INC,1.6,15463764610.24
KALU US Equity,KAISER ALUMINUM,1.59,1128832649.04
HRL US Equity,HORMEL FOODS CRP,1.58,17421512175.63
DPZ US Equity,DOMINO'S PIZZA,1.55,14493579453.72
NATH US Equity,NATHANS FAMOUS,1.53,316761893.25
UNP US Equity,UNION PAC CORP,1.51,149491005934.92
CTSH US Equity,COGNIZANT TECH-A,1.38,37491569304.64
ETWO US Equity,E2OPEN PARENT HO,1.37,1370466780.35
GOLF US Equity,ACUSHNET HOLDING,1.32,3917129669.73
WRBY US Equity,WARBY PARKER-A,1.28,1719191191.2
DAWN US Equity,DAY ONE BIOPHARM,1.23,1453053931.72
SWBI US Equity,SMITH & WESSON B,1.21,600123559.92
THS US Equity,TREEHOUSE FOODS,1.18,2176686000
A US Equity,AGILENT TECH INC,1.12,40251733430.39
PHIG US Equity,PHI GROUP INC/DE,1.1,582422376
SKX US Equity,SKECHERS USA-A,1.07,9619371178.99
UCTT US Equity,ULTRA CLEAN HOLD,1.05,1553556942
AAWH/U CN Equity,ASCEND WELLNES-A,1.03,210042162.26
GPC US Equity,GENUINE PARTS CO,1.03,19089316049.7
TRS US Equity,TRIMAS CORP,0.97,1034472868.8
PRPL US Equity,PURPLE INNOVATIO,0.97,112016249.28
HY US Equity,HYSTER-YALE INC,0.96,1082171395.2
VFC US Equity,VF CORP,0.95,7258269365.6
MDGL US Equity,MADRIGAL PHARMAC,0.91,5069692952.73
UIS US Equity,UNISYS CORP,0.89,393132285
JOE US Equity,ST JOE CO,0.87,3521369611.8
AMWD US Equity,AMER WOODMARK CO,0.82,1450706184.62
FUL US Equity,HB FULLER CO,0.81,4438057181.8
DHC US Equity,DIVERSIFIED HEAL,0.81,897343299.03
SPSC US Equity,SPS COMMERCE INC,0.77,7324957624.59
YUM US Equity,YUM! BRANDS INC,0.75,36469912409.42
CLMT US Equity,CALUMET INC,0.73,1546086366
SLDP US Equity,SOLID POWER INC,0.69,261285772.68
BKE US Equity,THE BUCKLE INC,0.68,2226430954.6
RBLX US Equity,ROBLOX CORP - A,0.68,29790616000
NEO US Equity,NEOGENOMICS INC,0.62,2086414698.28
PAG US Equity,PENSKE AUTOMOTIV,0.57,10582526439.09
TLS US Equity,TELOS CORP,0.55,265182305.53
PTC US Equity,PTC INC,0.54,21131787132.9
FOR US Equity,FORESTAR GROUP,0.51,1683726893.88
CDNS US Equity,CADENCE DESIGN,0.51,74960963200
MPTI US Equity,M-TRON INDUS,0.48,100743728.73
SON US Equity,SONOCO PRODUCTS,0.43,5358977630.46
TSQ US Equity,TOWNSQUARE MED-A,0.42,178063726.14
FMC US Equity,FMC CORP,0.31,7744103542.56
UNFI US Equity,UNITED NATURAL,0.31,968172967.52
PSTX US Equity,POSEIDA THERAPEU,0.3,327341087.98
NEU US Equity,NEWMARKET CORP,0.27,5181970693.2
WH US Equity,WYNDHAM HOTELS &,0.23,6271004060
EPC US Equity,EDGEWELL PERSONA,0.2,1788943798.48
HUBG US Equity,HUB GROUP-A,0.19,2838783656.52
TNC US Equity,TENNANT CO,0.14,1740725162.96
BERY US Equity,BERRY GLOBAL GRO,0.12,7631214000
SNA US Equity,SNAP-ON INC,0.04,14919201635.83
GCT US Equity,GIGACLOUD TECH-A,0.03,609133800
AHH US Equity,ARMADA HOFFLER P,0.01,1064530505.5
LCUT US Equity,LIFETIME BRANDS,-0.01,146463798.32
ABG US Equity,ASBURY AUTO GRP,-0.01,4494523495
FIZZ US Equity,NATL BEVERAGE,-0.03,4336100706.72
BG US Equity,BUNGE GLOBAL SA,-0.06,13995164643.2
AMSWA US Equity,AMER SOFTWARE-A,-0.09,388157687.42
CDW US Equity,CDW CORP/DE,-0.1,30094572766.8
REEMF US Equity,RARE ELEMENT RES,-0.19,132889004.82
CHE US Equity,CHEMED CORP,-0.23,8760082160.16
GDYN US Equity,GRID DYNAMICS HO,-0.3,1018904523.03
LSEA US Equity,LANDSEA HOMES CO,-0.3,475207635.2
SAIA US Equity,SAIA INC,-0.33,11613942200.14
MHC/U CN Equity,FLAGSHIP COMM RE,-0.39,387012228.5
ADVM US Equity,ADVERUM BIOTECHN,-0.5,155798763.47
MTCH US Equity,MATCH GROUP INC,-0.55,9361588935.6
CCOI US Equity,COGENT COMMUNICA,-0.59,3542510726.4
LRCX US Equity,LAM RESEARCH,-0.6,100418824440
BPMC US Equity,BLUEPRINT MEDICI,-0.61,5807512231.2
INNV US Equity,INNOVAGE HOLDING,-0.67,808298424.36
ACU US Equity,ACME UNITED CORP,-0.68,155558068.6
LAND US Equity,GLADSTONE LAND C,-0.72,498512728.22
LVO US Equity,LIVEONE INC,-0.72,136561096.08
BTU US Equity,PEABODY ENERGY,-0.72,3010269000
XNCR US Equity,XENCOR INC,-0.75,1471945269.62
DOX US Equity,AMDOCS LTD,-0.79,9993204570
KMX US Equity,CARMAX INC,-0.83,11877608247.2
GAP US Equity,GAP INC/THE,-0.84,7646759651.84
TCMD US Equity,TACTILE SYSTEMS,-0.91,339608819.16
WPC US Equity,WP CAREY INC,-0.94,13621038213.6
NET US Equity,CLOUDFLARE INC-A,-0.97,28229114333.25
WTS US Equity,WATTS WATER TE-A,-0.98,6839327567.6
KELYA US Equity,KELLY SERVICES-A,-1.04,749937702.05
SHC US Equity,SOTERA HEALTH CO,-1.13,4718350937.72
ARDX US Equity,ARDELYX INC,-1.13,1443174761.79
LCII US Equity,LCI INDUSTRIES,-1.19,3077360887.7
PRKS US Equity,UNITED PARKS & R,-1.23,3023913444.4
XPOF US Equity,XPONENTIAL FIT-A,-1.24,613267750
LH US Equity,LABCORP HOLDINGS,-1.24,18658319414.94
BECN US Equity,BEACON ROOFING S,-1.36,5311038744.16
PCTY US Equity,PAYLOCITY HOLDIN,-1.38,9034115213.42
BZH US Equity,BEAZER HOMES USA,-1.42,1035339687.88
PGRE US Equity,PARAMOUNT GROUP,-1.42,1091624356.02
HON US Equity,HONEYWELL INTL,-1.46,132110638520
ARL US Equity,AMER REALTY INV,-1.49,277007537.45
RLGT US Equity,RADIANT LOGISTIC,-1.51,305414625.36
TH US Equity,TARGET HOSPITALI,-1.54,962132333
SNPS US Equity,SYNOPSYS INC,-1.6,77828403397.6
GEF US Equity,GREIF INC-CL A,-1.61,3142027365.06
GGG US Equity,GRACO INC,-1.63,14289903234.86
IDYA US Equity,IDEAYA BIOSCIENC,-1.63,2956852290
ALCO US Equity,ALICO INC,-1.64,217419061.5
IPG US Equity,INTERPUBLIC GRP,-1.66,11684622508.26
ZTS US Equity,ZOETIS INC,-1.66,87275742713.6
ACHC US Equity,ACADIA HEALTHCAR,-1.75,7095054844
HLIO US Equity,HELIOS TECHNOLOG,-1.76,1470973009.68
HST US Equity,HOST HOTELS & RE,-1.79,13156708111.37
ITW US Equity,ILLINOIS TOOL WO,-1.83,75507608000
MRCY US Equity,MERCURY SYSTEMS,-1.83,2136050502.6
CVGW US Equity,CALAVO GROWERS I,-1.85,507878906.22
LFUS US Equity,LITTELFUSE INC,-1.88,6457349545
OPK US Equity,OPKO HEALTH,-1.99,1032116561.4
AAWH US Equity,ASCEND WELLNES-A,-2,210042162.26
RYN US Equity,RAYONIER INC,-2.02,4748046874.61
JILL US Equity,J. JILL INC,-2.05,379069866.28
DOW US Equity,DOW INC,-2.09,36365994226.65
AEO US Equity,AMER EAGLE OUTF,-2.1,3910414610.96
NPK US Equity,NATL PRESTO INDS,-2.13,527201284.5
WY US Equity,WEYERHAEUSER CO,-2.16,24175950600
KHC US Equity,KRAFT HEINZ CO/T,-2.17,42269398239.12
BDSX US Equity,BIODESIX INC,-2.17,261318825
KN US Equity,KNOWLES CORP,-2.18,1549245998.16
SCS US Equity,STEELCASE INC-A,-2.22,1475584233.52
FRD US Equity,FRIEDMAN INDTRY,-2.23,104754515.85
CHUY US Equity,CHUY'S HOLDINGS,-2.25,643979945.06
BLKB US Equity,BLACKBAUD INC,-2.26,4374816051.6
SEE US Equity,SEALED AIR CORP,-2.27,5111651428.73
TFX US Equity,TELEFLEX INC,-2.3,11425991082.5
UNIT US Equity,UNITI GROUP INC,-2.33,1296391938.12
ARE US Equity,ALEXANDRIA REAL,-2.33,21209786351.25
EVCM US Equity,EVERCOMMERCE INC,-2.36,1984403377.59
PLOW US Equity,DOUGLAS DYNAMICS,-2.44,645016732.71
NDSN US Equity,NORDSON CORP,-2.46,14614456204.14
DOCU US Equity,DOCUSIGN INC,-2.49,11766328172.61
NABL US Equity,N-ABLE INC,-2.49,2393881889.92
SPTN US Equity,SPARTANNASH CO,-2.5,730919234.22
GNL US Equity,GLOBAL NET LEASE,-2.54,1998171614.07
EXPD US Equity,EXPEDITORS INTL,-2.58,17384130287.52
STAA US Equity,STAAR SURGICAL,-2.63,1494829732.29
WCC US Equity,WESCO INTL,-2.67,8256172594.25
TRDA US Equity,ENTRADA THERAPEU,-2.72,546089394
MOH US Equity,MOLINA HEALTHCAR,-2.74,20593212000
BW US Equity,BABCOCK & WILCOX,-2.74,130918226.28
OLMA US Equity,OLEMA PHARMACEUT,-2.78,781113123.12
CMT US Equity,CORE MOLDING TEC,-2.86,163233936
CENT US Equity,CENTRAL GARDEN,-2.88,2275324614.24
IEX US Equity,IDEX CORP,-2.94,15801569638.35
CEIX US Equity,CONSOL ENERGY IN,-2.95,2860842686.58
CCL LN Equity,CARNIVAL PLC,-2.97,23785059909.74
DRH US Equity,DIAMONDROCK HOSP,-2.98,1875681370.5
ASGN US Equity,ASGN INC,-3.04,4177600000
ILMN US Equity,ILLUMINA INC,-3.04,20900160000
BDX US Equity,BECTON DICKINSON,-3.09,67491404603
CXDO US Equity,CREXENDO INC,-3.09,125560062.9
TDY US Equity,TELEDYNE TECH,-3.17,20216861963.69
ASUR US Equity,ASURE SOFTWARE I,-3.26,243677765.55
PWSC US Equity,POWERSCHOOL HLDG,-3.27,4656538877.83
VVI US Equity,VIAD CORP,-3.31,740756555
TASK US Equity,TASKUS INC-A,-3.37,1120476752.37
MLNK US Equity,MERIDIANLINK INC,-3.47,1812153078.63
SJM US Equity,JM SMUCKER CO,-3.51,12634674800.28
AAN US Equity,AARON'S CO INC,-3.53,316138685.34
VIGL US Equity,VIGIL NEUROSCIEN,-3.55,129250957.58
VSCO US Equity,VICTORIA'S SECRE,-3.58,2009467084.38
CCCS US Equity,CCC INTELLIGENT,-3.6,6844936095.54
VNT US Equity,VONTIER CORP,-3.6,5108988000
LNN US Equity,LINDSAY CORP,-3.62,1343451009.39
APLE US Equity,APPLE HOSPITALIT,-3.63,3695405556.55
ABNB US Equity,AIRBNB INC-A,-3.64,84168166138.7
PLD US Equity,PROLOGIS INC,-3.65,116174053170
BSY US Equity,BENTLEY SYSTEM-B,-3.66,16641604516.21
ASIX US Equity,ADVANSIX INC,-3.69,757044606.24
NTCT US Equity,NETSCOUT SYSTEMS,-3.78,1506232442.88
ANGO US Equity,ANGIODYNAMICS IN,-3.83,303685428.28
DIBS US Equity,1STDIBS.COM INC,-3.85,178619121
ODFL US Equity,OLD DOMINION FRT,-3.91,41567102191.44
SSD US Equity,SIMPSON MFG,-3.97,7979719793.88
MIDD US Equity,MIDDLEBY CORP,-3.98,7598174686.57
HQI US Equity,HIREQUEST INC,-4.07,203420000
TSLA US Equity,TESLA INC,-4.12,761123078873.75
SMID US Equity,SMITH-MIDLAND CP,-4.13,202443893.33
KEYS US Equity,KEYSIGHT TEC,-4.19,26451478169.1
PCH US Equity,POTLATCHDELTIC C,-4.25,3599221930
CGNX US Equity,COGNEX CORP,-4.27,6815443182.9
SBAC US Equity,SBA COMM CORP,-4.28,25736430714.61
PLYM US Equity,PLYMOUTH INDUSTR,-4.28,1023232286.44
JBSS US Equity,JOHN B SANFILIPP,-4.41,1108362881.28
SVRA US Equity,SAVARA INC,-4.47,739056707.47
COLD US Equity,AMERICOLD REALTY,-4.56,8067176376.79
SKYT US Equity,SKYWATER TECHNOL,-4.68,435386263.06
FC US Equity,FRANKLIN COVEY,-4.82,542501986.32
BXC US Equity,BLUELINX HOLDING,-4.86,919057847.4
ZURA US Equity,ZURA BIO LTD,-4.93,292152719.28
MPX US Equity,MARINE PRODUCTS,-4.94,338497896.75
ST US Equity,SENSATA TECHNOLO,-4.97,5336349145.05
ADPT US Equity,ADAPTIVE BIOTECH,-5.1,685745734.65
RIGL US Equity,RIGEL PHARMACEUT,-5.1,242106883.52
EXPE US Equity,EXPEDIA GROUP IN,-5.11,18751047978
BOC US Equity,BOSTON OMAHA -A,-5.15,469370204.68
EXAS US Equity,EXACT SCIENCES,-5.26,12950519627.58
CARS US Equity,CARS.COM INC,-5.27,1186380442.26
EVLV US Equity,EVOLV TECHNOLOGI,-5.3,704248660.92
MAN US Equity,MANPOWERGROUP IN,-5.31,3497383677.06
OPCH US Equity,OPTION CARE HEAL,-5.31,5455655073
TCRX US Equity,TSCAN THERAPEUTI,-5.32,292415762.4
DDOG US Equity,DATADOG INC-A,-5.45,38691708920.92
HHH US Equity,HOWARD HUGHES HO,-5.46,3871218679.32
FTCO US Equity,FORTITUDE GOLD C,-5.48,126667615.16
ENR US Equity,ENERGIZER HOLDIN,-5.48,2087112888.63
NTST US Equity,NETSTREIT CORP,-5.53,1258161060.54
ELAN US Equity,ELANCO ANIMAL HE,-5.57,6955153664.55
BWEL US Equity,BOSWELL (J.G.),-5.63,549743535
BHVN US Equity,BIOHAVEN LTD,-5.63,3818561598.67
DLX US Equity,DELUXE CORP,-5.66,857253965.82
BLDE US Equity,BLADE AIR MOBILI,-5.67,259520503.05
CWH US Equity,CAMPING WORLD-A,-5.72,2059913257.45
LSTR US Equity,LANDSTAR SYSTEM,-5.77,6366929021.79
BEAM US Equity,BEAM THERAPEUTIC,-5.77,2113960627.35
TRUE US Equity,TRUECAR INC,-5.78,296299564.62
SWTX US Equity,SPRINGWORKS THER,-5.81,2553506668.26
F US Equity,FORD MOTOR CO,-5.84,43250716572.8
BWA US Equity,BORGWARNER INC,-5.91,7607483765
KFRC US Equity,KFORCE INC,-5.91,1210024760
BSET US Equity,BASSETT FURN,-5.96,131885715
NNBR US Equity,NN INC,-6,188180716.88
HSIC US Equity,HENRY SCHEIN INC,-6.02,9015259898.85
EVH US Equity,EVOLENT HEALTH-A,-6.02,3609653364.16
ZM US Equity,ZOOM VIDEO COM-A,-6.09,20784994614.03
OSK US Equity,OSHKOSH CORP,-6.09,6544374776.8
DT US Equity,DYNATRACE INC,-6.11,15297443522.4
HCAT US Equity,HEALTH CATALYST,-6.16,525486455.12
MNRO US Equity,MONRO INC,-6.16,799186330.86
GMRE US Equity,GLOBAL MEDICAL R,-6.19,637511938.56
AMKR US Equity,AMKOR TECH INC,-6.24,7628208734.16
ASCU CN Equity,ARIZONA SONORAN,-6.25,133253373.76
FRPH US Equity,FRP HOLDINGS INC,-6.36,560257154.56
AEIS US Equity,ADV ENERGY INDS,-6.47,3827152932.24
STRS US Equity,STRATUS PROP,-6.48,218007271.65
CMCSA US Equity,COMCAST CORP-A,-6.48,155326040098.53
WEN US Equity,WENDY'S CO/THE,-6.53,3544552827.52
HEES US Equity,H&E EQUIPMENT SE,-6.53,1756376787.27
VALU US Equity,VALUE LINE INC,-6.55,420234461.88
VMD US Equity,VIEMED HEALTHCAR,-6.62,284593106.67
RMR US Equity,RMR GROUP-A,-6.65,792802826.97
GIII US Equity,G III APPAREL,-6.68,1391578890.24
DXC US Equity,DXC TECHNOLOGY C,-6.69,3858554328.2
UEIC US Equity,UNIVERSAL ELEC,-6.71,113703713.76
ZIMV US Equity,ZIMVIE INC,-6.76,456313356.2
VTYX US Equity,VENTYX BIOSCIENC,-6.88,162539001.3
MRSN US Equity,MERSANA THERAPEU,-6.9,264978110.16
RGR US Equity,STURM RUGER & CO,-7,703028264.79
STHO US Equity,STAR HOLDINGS,-7.01,185541359.36
NX US Equity,QUANEX BUILDING,-7.02,1332508374
MDRX US Equity,VERADIGM INC,-7.05,1049489785.5
PLTH CN Equity,PLANET 13 HOLDIN,-7.06,189525622.8
BRCC US Equity,BRC INC-A,-7.16,729047396.43
VRNT US Equity,VERINT SYSTEMS,-7.18,1555718923.33
GTII CN Equity,GREEN THUMB INDU,-7.2,2168258107.18
REXR US Equity,REXFORD INDUSTRI,-7.24,11222612359.42
THRM US Equity,GENTHERM INC,-7.24,1521874166.25
GH US Equity,GUARDANT HEALTH,-7.25,3086623886.84
PDFS US Equity,PDF SOLUTIONS,-7.28,1154606870.6
SEB US Equity,SEABOARD CORP,-7.37,3204481500
ENFN US Equity,ENFUSION INC - A,-7.42,1153117301.02
CRI US Equity,CARTER'S INC,-7.42,2423436755.29
ENTG US Equity,ENTEGRIS INC,-7.44,16704248516.4
HUN US Equity,HUNTSMAN CORP,-7.49,3895839585.56
HGV US Equity,HILTON GRAND VAC,-7.52,3771685895.04
TTWO US Equity,TAKE-TWO INTERAC,-7.56,26078571115.72
MMI US Equity,MARCUS & MILLICH,-7.6,1542201641.86
AERT US Equity,AERIES TECHNOLOG,-7.6,101875714.71
WINA US Equity,WINMARK CORP,-7.62,1348426054.08
ZUO US Equity,ZUORA INC -CL A,-7.66,1315020000
ARAUS SP Equity,ARA US HOSPITALI,-7.68,150826882.44
ALGN US Equity,ALIGN TECHNOLOGY,-7.72,18887152885.25
RMAX US Equity,RE/MAX HOLDINGS,-7.73,386423798.7
POOL US Equity,POOL CORP,-7.76,13940041225.36
PLYA US Equity,PLAYA HOTELS & R,-7.86,1032329169.84
BRKR US Equity,BRUKER CORP,-7.89,10225180545.14
THR US Equity,THERMON GROUP HO,-7.92,1013733496.16
GNTX US Equity,GENTEX CORP,-7.93,6848962443.75
JBT US Equity,JOHN BEAN TECH,-8.01,2903862264
ASO US Equity,ACADEMY SPORTS &,-8.07,4242421648.08
SITE US Equity,SITEONE LANDSCAP,-8.2,6731185091.4
PINC US Equity,PREMIER INC-CL A,-8.22,1992737868.03
KW US Equity,KENNEDY-WILSON H,-8.3,1497789960.7
HZO US Equity,MARINEMAX INC,-8.3,796092334.2
TROX US Equity,TRONOX HOLDING,-8.33,2002419488.24
RELL US Equity,RICHARDSON ELEC,-8.33,172913000.49
ARCB US Equity,ARCBEST CORP,-8.34,2597473773.7
FLL US Equity,FULL HOUSE RESRT,-8.38,171215488.32
LAD US Equity,LITHIA MOTORS,-8.47,8013940537.5
HCC US Equity,WARRIOR MET COAL,-8.49,2881797785.16
OZ US Equity,BELPOINTE PREP,-8.5,263756838.72
EXPI US Equity,EXP WORLD HOLDIN,-8.51,2156879223.19
TWKS US Equity,THOUGHTWORKS HOL,-8.52,1422366787.6
KNX US Equity,KNIGHT-SWIFT TRA,-8.6,8450919440
IOSP US Equity,INNOSPEC INC,-8.64,2791942666.74
UPBD US Equity,UPBOUND GROUP IN,-8.67,1658587618.26
DDS US Equity,DILLARDS INC-A,-8.69,5956424928.48
IDXX US Equity,IDEXX LABS,-8.7,41707690752.52
CSGS US Equity,CSG SYSTEMS INTL,-8.77,1404345608.4
BJRI US Equity,BJ'S RESTAURANTS,-8.83,760162924.43
TAP US Equity,MOLSON COORS-B,-8.85,11319597192.11
TEX US Equity,TEREX CORP,-8.93,3469434000
PII US Equity,POLARIS INC,-8.94,4701231538.56
LIND US Equity,LINDBLAD EXPEDIT,-8.96,557311011.12
FL US Equity,FOOT LOCKER INC,-8.99,2689052272.2
BGS US Equity,B&G FOODS INC,-9.03,726724473.48
CTLP US Equity,CANTALOUPE INC,-9.04,491926799.28
LAB US Equity,STANDARD BIOTOOL,-9.05,746020486.71
FSTR US Equity,FOSTER (LB) CO-A,-9.1,218898735.88
UAA US Equity,UNDER ARMOUR-A,-9.1,3397892026.86
QRVO US Equity,QORVO INC,-9.19,9700521241.96
HUBS US Equity,HUBSPOT INC,-9.24,27054675765.44
NUTX US Equity,NUTEX HEALTH INC,-9.26,124109870.5
EXFY US Equity,EXPENSIFY INC-A,-9.31,205117958.08
CCO US Equity,CLEAR CHANNEL OU,-9.34,806762495.55
USPH US Equity,US PHYSICAL THER,-9.36,1255581663.12
PKE US Equity,PARK AEROSPACE C,-9.42,262888625.78
NCNO US Equity,NCINO INC,-9.49,3517631697.48
ACCO US Equity,ACCO BRANDS CORP,-9.5,504854606.26
ERII US Equity,ENERGY RECOVERY,-9.5,984210704.4
OLO US Equity,OLO INC - CL A,-9.62,853074330.02
ROCK US Equity,GIBRALTAR INDUST,-9.64,2175288870.69
PLPC US Equity,PREFORMED LINE,-9.68,591210007.04
URGN US Equity,UROGEN PHARMA LT,-9.73,570224507.8
VAC US Equity,MARRIOTT VACATIO,-9.91,2611378201.38
DC US Equity,DAKOTA GOLD CORP,-9.92,221043422.12
JAZZ US Equity,JAZZ PHARMACEUTI,-9.95,6839818767.6
TTSH US Equity,TILE SHOP HLDGS,-10.05,295584092.3
WDAY US Equity,WORKDAY INC-A,-10.06,65796850000
THRY US Equity,THRYV HOLDINGS I,-10.12,663982565.02
NBIX US Equity,NEUROCRINE BIOSC,-10.18,11950539069.15
GTLS US Equity,CHART INDUSTRIES,-10.2,5240735029.53
MLKN US Equity,MILLERKNOLL INC,-10.23,1631858969.58
INFA US Equity,INFORMATICA IN-A,-10.25,7718863705.28
FONR US Equity,FONAR CORP,-10.28,117777225.15
MEG US Equity,MONTROSE ENVIRON,-10.3,986506841.98
ANIX US Equity,ANIXA BIOSCIENCE,-10.31,111984632.16
PEB US Equity,PEBBLEBROOK HOTE,-10.33,1724405099.31
MXCT LN Equity,MAXCYTE INC,-10.35,442874237.13
JBL US Equity,JABIL INC,-10.37,12928214080.32
PTVE US Equity,PACTIV EVERGREEN,-10.48,2147470551.26
CALX US Equity,CALIX INC,-10.51,2572800449.3
WSC US Equity,WILLSCOT HOLDING,-10.56,7501935830
AIN US Equity,ALBANY INTL CORP,-10.63,2714712000
SIG US Equity,SIGNET JEWELERS,-10.68,4183849339.14
APLD US Equity,APPLIED DIGITAL,-10.68,1291358904.92
RNG US Equity,RINGCENTRAL IN-A,-10.69,2783981702.64
LGIH US Equity,LGI HOMES INC,-10.84,2789953241.6
TTC US Equity,TORO CO,-10.88,8711991680.7
PUBM US Equity,PUBMATIC INC-A,-10.97,719961291.72
S US Equity,SENTINELONE IN-A,-11.08,7740278166
MNST US Equity,MONSTER BEVERAGE,-11.16,50133060231.06
AMBA US Equity,AMBARELLA INC,-11.24,2245332528
ATSG US Equity,AIR TRANSPORT SE,-11.24,1027836474.33
SWKS US Equity,SKYWORKS SOLUTIO,-11.26,15613872428.96
APPN US Equity,APPIAN CORP-A,-11.29,2417207385.97
SEER US Equity,SEER INC,-11.34,105658125.96
MTN US Equity,VAIL RESORTS,-11.36,6960442960
WHR US Equity,WHIRLPOOL CORP,-11.38,5621735708.82
OLPX US Equity,OLAPLEX HOLDINGS,-11.42,1489465541.25
CSGP US Equity,COSTAR GROUP INC,-11.47,31707529529.76
CZR US Equity,CAESARS ENTERTAI,-11.58,8967209063.75
KIDS US Equity,ORTHOPEDIATRICS,-11.6,695922603.24
WERN US Equity,WERNER ENT,-11.64,2296159881.45
THO US Equity,THOR INDUSTRIES,-11.64,5506503346.41
OXM US Equity,OXFORD INDS INC,-11.71,1358270223.52
ANSS US Equity,ANSYS INC,-11.75,27985572741
WYNN US Equity,WYNN RESORTS LTD,-11.79,8847142588.17
NWL US Equity,NEWELL BRANDS IN,-11.82,3095040000
INRE US Equity,INLAND REAL ESTA,-11.92,368925080.85
VRSN US Equity,VERISIGN INC,-12.01,17687072000
TRML US Equity,TOURMALINE BIO I,-12.07,590264176.26
STRO US Equity,SUTRO BIOPHARMA,-12.12,309002994.43
SMP US Equity,STANDARD MOTOR,-12.13,740194056.42
PTSI US Equity,PAM TRANSPORT,-12.18,397329948
ZBH US Equity,ZIMMER BIOMET HO,-12.2,21672685747.5
HURC US Equity,HURCO COMPANIES,-12.21,120928012.5
DAY US Equity,DAYFORCE INC,-12.23,9313671000
DERM US Equity,JOURNEY MEDICAL,-12.33,104672546.85
WST US Equity,WEST PHARMACEUT,-12.34,22353691882.95
TENB US Equity,TENABLE HOLDINGS,-12.35,4808488099.47
EW US Equity,EDWARDS LIFE,-12.35,40258392000
ADBE US Equity,ADOBE INC,-12.45,231587820000
HAE US Equity,HAEMONETICS CORP,-12.49,3829629835.22
ANDE US Equity,ANDERSONS INC,-12.63,1700358635.36
GIC US Equity,GLOBAL INDUSTRIA,-12.66,1269399192.31
ALLO US Equity,ALLOGENE THERAPE,-12.77,585512244.8
ADM US Equity,ARCHER-DANIELS,-12.79,29338794838.08
ACMR US Equity,ACM RESEARCH-A,-12.79,1064502840.96
INST US Equity,INSTRUCTURE HOLD,-12.92,3445004411.52
CRL US Equity,CHARLES RIVER LA,-12.95,10625087103.54
BC US Equity,BRUNSWICK CORP,-12.96,5492564483.12
CFLT US Equity,CONFLUENT INC-A,-12.99,6581284060.44
LFST US Equity,LIFESTANCE HEALT,-13.03,2605660614.24
EXTR US Equity,EXTREME NETWORKS,-13.15,1996767405.36
KOD US Equity,KODIAK SCIENCES,-13.16,138902884.56
NEOG US Equity,NEOGEN CORP,-13.18,3783549489.48
MCHP US Equity,MICROCHIP TECH,-13.25,41316255979.77
ALOT US Equity,ASTRONOVA INC,-13.28,106040065.2
ASTE US Equity,ASTEC INDUSTRIES,-13.3,727338533.9
CCSI US Equity,CONSENSUS CLOUD,-13.39,438046598.9
ALRM US Equity,ALARM.COM HOLDIN,-13.42,2755467562.5
UEC US Equity,URANIUM ENERGY,-13.44,2264632064.54
ALG US Equity,ALAMO GROUP,-13.48,2184666101.6
WMG US Equity,WARNER MUSIC-A,-13.54,15765450311.48
LVS US Equity,LAS VEGAS SANDS,-13.55,30915403941.44
RCUS US Equity,ARCUS BIOSCIENCE,-13.72,1506725282.4
LCTX US Equity,LINEAGE CELL THE,-13.76,177507132.5
TALK US Equity,TALKSPACE INC,-13.78,368384805.6
DLB US Equity,DOLBY LABORATO-A,-14,7015569760.98
RLJ US Equity,RLJ LODGING TRUS,-14.01,1533188873.17
PCOR US Equity,PROCORE TECHNOLO,-14.06,8785783565.01
PPG US Equity,PPG INDS INC,-14.13,29512450000
LECO US Equity,LINCOLN ELECTRIC,-14.16,10510426039.75
ALIT US Equity,ALIGHT INC-CL A,-14.19,3922719030.96
W US Equity,WAYFAIR INC- A,-14.34,6525104268.55
KALV US Equity,KALVISTA PHARMAC,-14.37,453330301.28
SMPL US Equity,SIMPLY GOOD FOOD,-14.42,3393604092.06
MGPI US Equity,MGP INGREDIENTS,-14.53,1843515336.96
ROK US Equity,ROCKWELL AUTOMAT,-14.56,29683067392.8
CLDT US Equity,CHATHAM LODGING,-14.58,441167739.98
LKQ US Equity,LKQ CORP,-14.59,10532875600.76
LPG US Equity,DORIAN LPG LTD,-14.71,1474206706.32
JBHT US Equity,HUNT (JB) TRANS,-14.78,17236743604.31
MSM US Equity,MSC INDL DIRECT,-14.81,4706471006.3
EMBC US Equity,EMBECTA CORP,-14.86,900725566.3
CXW US Equity,CORECIVIC INC,-14.87,1364046233.44
IMKTA US Equity,INGLES MARKETS-A,-14.89,1387949977.04
CHTR US Equity,CHARTER COMMUN-A,-14.99,52743193204.8
ARKO US Equity,ARKO CORP,-15.01,799979807.38
FPI US Equity,FARMLAND PARTNER,-15.04,505270361.4
CLW US Equity,CLEARWATER,-15.09,510104697.47
QUAD US Equity,QUAD GRAPHICS IN,-15.16,232638327.6
NGVT US Equity,INGEVITY CORP,-15.21,1455258204.4
RLMD US Equity,RELMADA THERAPEU,-15.22,105911449.02
6697 JP Equity,TECHPOINT INC,-15.28,153015688.64
SCHL US Equity,SCHOLASTIC CORP,-15.29,887544173.2
UPS US Equity,UNITED PARCEL-B,-15.34,110155908166.4
CHTH US Equity,CNL HEALTHCARE P,-15.41,532833096.8
NUE US Equity,NUCOR CORP,-15.42,34724923950.48
PTLO US Equity,PORTILLO'S-CL A,-15.44,989171834.19
IPAR US Equity,INTER PARFUMS,-15.46,3826581217.2
SNDX US Equity,SYNDAX PHARMACEU,-15.46,1554710460.66
IONS US Equity,IONIS PHARMACEUT,-15.48,6735779518.96
GRPN US Equity,GROUPON INC,-15.5,431199897.1
SLAB US Equity,SILICON LABS,-15.51,3608633727.6
HTLD US Equity,HEARTLAND EXPRES,-15.56,941943120
XFOR US Equity,X4 PHARMACEUTICA,-15.68,119129156.4
GXO US Equity,GXO LOGISTIC,-15.78,6153717097.05
AEVA US Equity,AEVA TECHNOLOGIE,-15.8,171138498.08
AKAM US Equity,AKAMAI TECHNOLOG,-15.91,15079087001.55
MGRC US Equity,MCGRATH RENTCORP,-15.93,2437820759.4
JELD US Equity,JELD-WEN HOLDING,-16,1340846206.96
QS US Equity,QUANTUMSCAPE COR,-16.12,2950642130.59
TNGX US Equity,TANGO THERAPEUTI,-16.16,889299059.5
DBX US Equity,DROPBOX INC-A,-16.21,8155747512.9
OKTA US Equity,OKTA INC,-16.33,12854021742
TREX US Equity,TREX CO INC,-16.48,7517068097.55
MGM US Equity,MGM RESORTS INTE,-16.5,11333648327.82
HXL US Equity,HEXCEL CORP,-16.59,4994804999.6
PL US Equity,PLANET LABS PBC,-16.6,604561390.18
CERS US Equity,CERUS CORP,-16.67,333534974.4
TWLO US Equity,TWILIO INC - A,-16.67,10153122327.34
MTRN US Equity,MATERION CORP,-16.68,2242132504.73
IRON US Equity,DISC MEDICINE IN,-16.71,1430106457.93
ON US Equity,ON SEMICONDUCTOR,-16.71,29800735059.69
CMCO US Equity,COLUMBUS MCKI/NY,-16.74,933124076.19
BL US Equity,BLACKLINE INC,-16.75,3231860866.32
VIAV US Equity,VIAVI SOLUTIONS,-16.78,1859627261.18
LYFT US Equity,LYFT INC-A,-16.81,5114662815.41
SOM LN Equity,SOMERO ENTERPRIS,-16.82,214164329.8
MRTN US Equity,MARTEN TRANSPORT,-16.84,1406036341.93
FBYD US Equity,FALCON'S BEYOND,-16.91,117572198.38
ROKU US Equity,ROKU INC,-17.06,11001388012.44
LCID US Equity,LUCID GROUP INC,-17.1,8092987265.74
PAYC US Equity,PAYCOM SOFTWARE,-17.11,9777298926.08
CE US Equity,CELANESE CORP,-17.16,13865624568.9
DBRG US Equity,DIGITALBRIDGE GR,-17.17,2522784385.73
WGO US Equity,WINNEBAGO INDS,-17.22,1711529990.89
OLN US Equity,OLIN CORP,-17.27,5183565508.8
LEU US Equity,CENTRUS ENERGY-A,-17.28,732760279.44
LQDA US Equity,LIQUIDIA CORP,-17.29,835788229.15
GTLB US Equity,GITLAB INC-CL A,-17.33,8354025000
SCPH US Equity,SCPHARMACEUTICAL,-17.38,259149116.66
BLZE US Equity,BACKBLAZE INC-A,-17.39,268983000
LXU US Equity,LSB INDUS INC,-17.4,550766497.39
ACI US Equity,ALBERTSONS COS-A,-17.41,10812426085.65
NXDT US Equity,NEXPOINT DIVERSI,-17.42,247965719.8
BEEP US Equity,MOBILE INFRASTRU,-17.53,107214000
VICR US Equity,VICOR CORP,-17.58,1669445137.52
OMI US Equity,OWENS & MINOR,-17.59,1224286830.24
BF/B US Equity,BROWN-FORMAN -B,-17.67,21714325029.77
BOWL US Equity,BOWLERO CORP - A,-17.75,1694217689.04
ULTA US Equity,ULTA BEAUTY INC,-17.96,18940591401.27
PINS US Equity,PINTEREST INC -A,-17.98,20881340045.16
CYDY US Equity,CYTODYN INC,-18,195052724.93
TNET US Equity,TRINET GROUP INC,-18.26,4807827795.46
ICHR US Equity,ICHOR HOLDINGS L,-18.26,926078914.03
MCFT US Equity,MASTERCRAFT BOAT,-18.33,307070160.36
NVEE US Equity,NV5 GLOBAL INC,-18.37,1476813316.71
PRVA US Equity,PRIVIA HEALTH GR,-18.58,2241843225
XPER US Equity,XPERI INC,-18.6,410888538.84
PANL US Equity,PANGAEA LOGISTIC,-18.64,302518486.95
IGT US Equity,INTERNATIONAL GA,-18.64,4377340000.45
UVV US Equity,UNIVERSAL CORP,-18.66,1290689885.69
ATRC US Equity,ATRICURE INC,-18.69,1413201595.1
SCL US Equity,STEPAN CO,-18.69,1706371399.26
FIGS US Equity,FIGS INC-CLASS A,-18.71,965360220.4
GRWG US Equity,GROWGENERATION C,-18.73,120709955.88
TGI US Equity,TRIUMPH GROUP,-18.76,1041595673.31
VYX US Equity,NCR VOYIX CORP,-18.81,1995960470.76
DVAX US Equity,DYNAVAX TECHNOLO,-18.81,1487353747.05
IIIN US Equity,INSTEEL INDS,-19,601430664.21
AI US Equity,C3.AI INC-A,-19.02,2953511158.5
ACET US Equity,ADICET BIO INC,-19.05,126073468.8
LFCR US Equity,LIFECORE BIOMEDI,-19.22,154491275
MCRB US Equity,SERES THERAPEUTI,-19.29,172191365.07
URE CN Equity,UR-ENERGY INC,-19.31,435675817.91
NKE US Equity,NIKE INC -CL B,-19.34,129724535834.88
LEGN US Equity,LEGEND BIOT-ADR,-19.35,8828142480.02
RGTI US Equity,RIGETTI COMPUTIN,-19.39,151828208.3
EVI US Equity,EVI INDUSTRIES I,-19.43,242518787.44
WOR US Equity,WORTHINGTON ENTE,-19.52,2299871447.12
AGCO US Equity,AGCO CORP,-19.53,7071611786.22
PTON US Equity,PELOTON INTERA-A,-19.54,1843839982.6
GDEN US Equity,GOLDEN ENTERTAIN,-19.58,888226806.1
X US Equity,US STEEL CORP,-19.63,8764515390.24
DNUT US Equity,KRISPY KREME INC,-19.66,2038592000
LXEO US Equity,LEXEO THERAPEUTI,-19.67,356397623.12
HVT US Equity,HAVERTY FURNITUR,-19.85,450064474.45
AAL US Equity,AMERICAN AIRLINE,-19.87,7195481455.5
FARO US Equity,FARO TECH,-19.88,351913142.65
TCI US Equity,TRANSCONTL REALT,-20.08,238617907.92
ULCC US Equity,FRONTIER GROUP H,-20.15,978746952.56
NSP US Equity,INSPERITY INC,-20.17,3448283303.04
UTMD US Equity,UTAH MEDICAL PRO,-20.21,230567628.27
950220 KS Equity,NEOIMMUNETEC-KDR,-20.25,123575976.95
PVH US Equity,PVH CORP,-20.39,5421223338.74
FOLD US Equity,AMICUS THERAPEUT,-20.44,3348511610.99
RGEN US Equity,REPLIGEN CORP,-20.48,8007249019.06
AMPH US Equity,AMPHASTAR PHARMA,-20.49,2393876925.96
XPEL US Equity,XPEL INC,-20.56,1182477616.44
ONTF US Equity,ON24 INC,-20.69,259557943.75
OI US Equity,O-I GLASS INC,-20.7,2018182153.08
RCEL US Equity,AVITA MEDICAL IN,-20.77,282508028.13
OUST US Equity,OUSTER INC,-20.99,292881569.52
NVST US Equity,ENVISTA HOLDINGS,-21.03,3266964443
ATNI US Equity,ATN INTERNATIONA,-21.04,456751607.52
LASR US Equity,NLIGHT INC,-21.04,513019546.26
NKTX US Equity,NKARTA INC,-21.06,367611108.34
PBPB US Equity,POTBELLY CORP,-21.11,246151081.14
ARCH US Equity,ARCH RESOURCES I,-21.27,2319728830.18
SKIL US Equity,SKILLSOFT CORP,-21.33,113824481.97
SXC US Equity,SUNCOKE ENERGY I,-21.53,686193388.32
NATR US Equity,NATURE'S SUNSHNE,-21.57,250965266.28
M US Equity,MACY'S INC,-21.72,4243813264.8
NXT US Equity,NEXTRACKER-CL A,-21.75,5328436893.78
ELF US Equity,ELF BEAUTY INC,-21.77,6366794823.48
ADTN US Equity,ADTRAN HOLDINGS,-21.8,454792288.44
KWR US Equity,QUAKER CHEMICAL,-21.82,2967864961.95
VSH US Equity,VISHAY INTERTECH,-21.83,2526058655.71
ROG US Equity,ROGERS CORP,-21.84,1920011313.42
SMTI US Equity,SANARA MEDTECH I,-21.87,280865399.36
PDCO US Equity,PATTERSON COS,-21.88,1903050550
ACLS US Equity,AXCELIS TECH INC,-21.9,3303835387.23
PD US Equity,PAGERDUTY INC,-21.99,1680629863.92
SAM US Equity,BOSTON BEER-A,-21.99,3158540588
WK US Equity,WORKIVA INC,-22.03,4372801408.08
ENOV US Equity,ENOVIS CORP,-22.05,2438991335
ZS US Equity,ZSCALER INC,-22.05,26336548763.55
NVCT US Equity,NUVECTIS PHARMA,-22.06,121242472
LEA US Equity,LEAR CORP,-22.08,6076847113.7
DMRC US Equity,DIGIMARC CORP,-22.12,602562181.25
LYEL US Equity,LYELL IMMUNOPHAR,-22.16,386564700.63
HNRG US Equity,HALLADOR ENERGY,-22.17,293074639.04
2148 HK Equity,VESYNC CO LTD,-22.19,628447884.55
EHAB US Equity,ENHABIT INC,-22.22,404780629.4
AMC US Equity,AMC ENTERTAINMEN,-22.22,1720049585.8
RHI US Equity,ROBERT HALF INC,-22.27,6950974734.4
MYO US Equity,MYOMO INC,-22.36,117578175.28
TWIN US Equity,TWIN DISC INC,-22.36,175456944.64
JOBY US Equity,JOBY AVIATION IN,-22.41,3695296213.32
IAS US Equity,INTEGRAL AD SCIE,-22.45,1800832607.64
PEN US Equity,PENUMBRA INC,-22.48,7574567520
RNAC US Equity,CARTESIAN THERAP,-22.49,342842410.47
DJT US Equity,TRUMP MEDIA & TE,-22.57,2712143555.8
HCIL US Equity,HONGCHANG INTERN,-22.59,140084469.09
JBI US Equity,JANUS INTERNATIO,-22.61,1467754502.8
LAW US Equity,CS DISCO INC,-22.66,349150171.06
PENN US Equity,PENN ENTERTAINME,-22.83,3064121736.32
VIR US Equity,VIR BIOTECHNOLOG,-22.86,1060323070.96
GCO US Equity,GENESCO INC,-22.86,304785826.24
BIIB US Equity,BIOGEN INC,-22.96,29039104949.12
LICT US Equity,LICT CORP,-23.18,326656260
FWRG US Equity,FIRST WATCH REST,-23.18,932803323.12
YETI US Equity,YETI HOLDINGS IN,-23.19,3366609920.69
LSCC US Equity,LATTICE SEMICOND,-23.44,7277129399.88
WNC US Equity,WABASH NATIONAL,-23.61,852705077.4
VC US Equity,VISTEON CORP,-23.7,2630933567.4
OTLK US Equity,OUTLOOK THERAPEU,-23.86,141933816
FLGT US Equity,FULGENT GENETICS,-23.97,665921070.36
EFR CN Equity,ENERGY FUELS INC,-24.11,870552484.86
ZD US Equity,ZIFF DAVIS INC,-24.11,2281330638.54
1910 HK Equity,SAMSONITE INTL,-24.12,3431037393.72
KRRO US Equity,KORRO BIO INC,-24.2,337825948.95
NMRA US Equity,NEUMORA THERAPEU,-24.22,2067558478.32
MCW US Equity,MISTER CAR WASH,-24.31,2104760953.68
AZTA US Equity,AZENTA INC,-24.36,2410072646.67
PRLB US Equity,PROTO LABS INC,-24.64,738334005.76
CTXR US Equity,CITIUS PHARMACEU,-24.67,102995409.45
ONL US Equity,ORION OFFICE REI,-24.73,227707554.14
ISSC US Equity,INNOVATIVE SOL,-24.74,112349711.1
CVS US Equity,CVS HEALTH CORP,-24.96,72346387817.7
ALGM US Equity,ALLEGRO MICROSYS,-25.04,4400055691.2
VSTS US Equity,VESTIS CORP,-25.15,2065581701.57
SSTK US Equity,SHUTTERSTOCK INC,-25.19,1251328821.64
DBI US Equity,DESIGNER BRAND-A,-25.2,363521600.55
XRAY US Equity,DENTSPLY SIRONA,-25.3,5329349824.37
DIOD US Equity,DIODES INC,-25.34,2785454649.72
MODG US Equity,TOPGOLF CALLAWAY,-25.38,1966713425.1
MYE US Equity,MYERS INDS INC,-25.43,528927717.78
ZYXI US Equity,ZYNEX INC,-25.44,257749278.64
NC US Equity,NACCO INDS-CL A,-25.46,195742343.72
DLTH US Equity,DULUTH HLDGS - B,-25.46,140491958.01
PLAB US Equity,PHOTRONICS INC,-25.5,1480577417.94
PGY US Equity,PAGAYA TECHNOL-A,-25.54,885482414.73
PGEN US Equity,PRECIGEN INC,-25.75,284115211.37
VYGR US Equity,VOYAGER THERAPEU,-25.95,340832837.5
COTY US Equity,COTY INC-CL A,-26.01,7975497498.28
FLWS US Equity,1-800-FLOWERS-A,-26.07,511836277.17
BBAI US Equity,BIGBEAR.AI HOLDI,-26.17,395116112.62
EEX US Equity,EMERALD HOLDING,-26.2,897278804.4
SONO US Equity,SONOS INC,-26.25,1529565009.6
DAR US Equity,DARLING INGREDIE,-26.26,5844130015.5
BE US Equity,BLOOM ENERGY C-A,-26.28,2489113183.36
LGF/A US Equity,LIONS GATE-A,-26.42,1749597883.41
PRTC LN Equity,PURETECH HEALTH,-26.67,454136298.14
ETNB US Equity,89BIO INC,-26.68,867402826.29
SIBN US Equity,SI-BONE INC,-26.68,641672737.65
BMRN US Equity,BIOMARIN PHARMAC,-26.69,13458161687.18
POWI US Equity,POWER INTEGRATIO,-26.74,3389879436.4
SABR US Equity,SABRE CORP,-26.82,1241942221.24
LBRDA US Equity,LIBERTY BR-A,-26.82,8595142024.18
MOS US Equity,MOSAIC CO/THE,-26.89,8144376595.92
JAKK US Equity,JAKKS PACIFIC,-27.2,284267472.8
OFLX US Equity,OMEGA FLEX INC,-27.24,511984011.84
RGP US Equity,RESOURCES CONNEC,-27.25,332705000.32
BBCP US Equity,CONCRETE PUMPING,-27.56,317987570.34
YELP US Equity,YELP INC,-27.59,2293631470.08
WBD US Equity,WARNER BROS DISC,-27.59,20203724762.8
NPCE US Equity,NEUROPACE INC,-27.64,217809508.1
SNCY US Equity,SUN COUNTRY HOLD,-27.65,600944604.54
SLRN US Equity,ACELYRIN INC,-27.75,537966532.18
MBUU US Equity,MALIBU BOATS-A,-27.82,791902657.71
TTGT US Equity,TECHTARGET,-27.88,718313580.18
SHEN US Equity,SHENANDOAH TELEC,-27.89,850785243.82
IRDM US Equity,IRIDIUM COMMUNIC,-27.92,3459141325.2
ALEC US Equity,ALECTOR INC,-27.94,559596106.5
UPWK US Equity,UPWORK INC,-27.98,1413791499.96
USNA US Equity,USANA HEALTH SCI,-27.99,735417853.6
HOUS US Equity,ANYWHERE REAL ES,-27.99,648737357.76
HOFT US Equity,HOOKER FURNISHIN,-28.05,193168515.84
WPFH US Equity,WPF HOLDINGS INC,-28.21,2621562104
NTLA US Equity,INTELLIA THERAPE,-28.24,2222552633.44
OABI US Equity,OMNIAB INC,-28.36,522279094.22
IE US Equity,IVANHOE ELECTRIC,-28.37,869271018.56
KOP US Equity,KOPPERS HOLDINGS,-28.38,749159496.96
VRNO CN Equity,VERANO HOLDINGS,-28.4,1069018235.31
AAOI US Equity,APPLIED OPTOELEC,-28.42,565587738.45
JOUT US Equity,JOHNSON OUTDOO-A,-28.53,384250777.68
BYND US Equity,BEYOND MEAT INC,-28.54,413644141.32
POWW US Equity,AMMO INC,-28.57,178135099.5
CURA CN Equity,CURALEAF HOLDING,-28.73,2147792481.4
VPG US Equity,VISHAY PRECI,-28.82,321431397.75
AMPL US Equity,AMPLITUDE-CL A,-28.85,1120181768.55
PARA US Equity,PARAMOUNT GLOB-B,-28.88,7396969865.56
FSP US Equity,FRANKLIN STREET,-28.98,185384419.85
ESCA US Equity,ESCALADE INC,-28.99,191923086.66
AIRS US Equity,AIRSCULPT TECHNO,-29.11,305813934.18
HAIN US Equity,HAIN CELESTIAL,-29.32,695396925.36
950130 KS Equity,ACCESS BIO-KDR,-29.43,179563277.28
RANI US Equity,RANI THERAPEUTIC,-29.52,124513147.98
ONEW US Equity,ONEWATER MARINE,-29.65,347680842.52
MYRG US Equity,MYR GROUP INC/DE,-29.71,1678180203.18
IBRX US Equity,IMMUNITYBIO INC,-29.88,2451797631.36
SLP US Equity,SIMULATIONS PLUS,-29.91,624841657.74
COHU US Equity,COHU INC,-29.95,1163135644.5
III US Equity,INFORMATION SERV,-29.96,154989025.29
MP US Equity,MP MATERIALS COR,-30.03,2297174439.81
MDXG US Equity,MIMEDX GROUP INC,-30.1,899939212.91
VRA US Equity,VERA BRADLEY INC,-30.13,151854642.6
KLTR US Equity,KALTURA INC,-30.26,202630401.12
KSS US Equity,KOHLS CORP,-30.34,2077934339.4
IMVT,Immunovant,-30.62,4278318342.02
DAN US Equity,DANA INC,-30.74,1430926168.14
CNMD US Equity,CONMED CORP,-30.74,2319595403.4
ALT US Equity,ALTIMMUNE INC,-30.76,553642708.29
AXL US Equity,AMER AXLE & MFG,-30.76,717244270.8
TRIP US Equity,TRIPADVISOR INC,-30.79,2065703115.7
ORGO US Equity,ORGANOGENESIS HO,-30.81,375187255.66
SLND US Equity,SOUTHLAND HOLDIN,-30.81,171736677.84
RICK US Equity,RCI HOSPITALITY,-30.84,410602359.44
CURV US Equity,TORRID HOLDINGS,-30.85,417674117.7
ZIP US Equity,ZIPRECRUITER INC,-30.86,954642744.75
AVNW US Equity,AVIAT NETWORKS I,-30.86,283724112.72
RCMT US Equity,RCM TECH INC,-30.92,153037098.08
HUG PW Equity,HUUUGE INC,-30.97,290414286.26
SPWH US Equity,SPORTSMAN'S WARE,-30.99,111274204.86
CPS US Equity,COOPER-STANDARD,-31.01,233458866.36
RXRX US Equity,RECURSION PHAR-A,-31.03,1919219596.8
GETY US Equity,GETTY IMAGES HOL,-31.05,1485703346.18
MOV US Equity,MOVADO GROUP,-31.15,441812193.24
BBWI US Equity,BATH & BODY WORK,-31.19,6415597778.88
UP US Equity,WHEELS UP EXPERI,-31.2,1646486695.44
NPWR US Equity,NET POWER INC,-31.29,1490675391.5
RAMP US Equity,LIVERAMP HOLDING,-31.39,1731236679.54
CLAR US Equity,CLARUS CORP,-31.4,179151296.54
SGA US Equity,SAGA COMM-CL A,-31.41,104858401.3
BRZE US Equity,BRAZE INC-A,-31.51,3879417376.32
FTRE US Equity,FORTREA HOLDINGS,-31.52,2141440000
DOMO US Equity,DOMO INC- CL B,-31.78,271188679.32
HUM,Humana,-31.86,37373879591.01
RLAY US Equity,RELAY THERAPEUTI,-31.88,1214222872.5
MDB,MongoDB,-31.89,20568949466.3
ZOM US Equity,ZOMEDICA CORP,-31.97,133469144.78
GOGO US Equity,GOGO INC,-31.98,874701677.72
BWMN US Equity,BOWMAN CONSULTIN,-32.01,439651836.75
ARWR US Equity,ARROWHEAD PHARMA,-32.03,2585757699.2
AAP US Equity,ADVANCE AUTO PAR,-32.07,2446048901.16
ESTC,Elastic,-32.22,7848728668.61
ENVX US Equity,ENOVIX CORP,-32.51,1489605698.1
PZZA US Equity,PAPA JOHN'S INTL,-32.6,1634556888.6
ATUS US Equity,ALTICE USA INC-A,-32.62,1008677606.58
FORR US Equity,FORRESTER RESEAR,-32.67,344033000
RCKT US Equity,ROCKET PHARMACEU,-32.7,1834983076.03
ALNT US Equity,ALLIENT INC,-32.71,341262134.58
LUNG US Equity,PULMONX CORP,-32.71,335928904.74
NARI US Equity,INARI MEDICAL IN,-32.72,2545091334.24
MITK US Equity,MITEK SYSTEMS,-32.9,404283433.75
PLRX US Equity,PLIANT THERAPEUT,-32.97,738129299.5
LPTX US Equity,LEAP THERAPEUTIC,-33.17,105992565.28
TDC US Equity,TERADATA CORP,-33.19,2793627000
KE US Equity,KIMBALL ELECTRON,-33.25,444953110.42
UHG US Equity,UNITED HOMES GRO,-33.33,271896757.72
ECVT US Equity,ECOVYST INC,-33.47,757030508
ETSY US Equity,ETSY INC,-33.49,6186294336.6
BILL US Equity,BILL HOLDINGS IN,-33.5,5788743021.5
MRAM US Equity,EVERSPIN TECHNOL,-33.63,130458996
IONQ US Equity,IONQ INC,-33.66,1759705961.22
EPAM US Equity,EPAM SYSTEMS INC,-33.75,11216267890
BBIO US Equity,BRIDGEBIO PHARMA,-33.76,5027995414.12
RVNC US Equity,REVANCE THERAPEU,-33.9,609023553.11
QRTEA US Equity,QURATE RETAIL-A,-33.92,258558707.72
MRNA,Moderna,-33.95,25250975210.7
TNYA US Equity,TENAYA THERAPEUT,-34.26,168033797.91
WEST US Equity,WESTROCK COFFEE,-34.28,592934249.6
CTRN US Equity,CITI TRENDS INC,-34.41,159814612.65
CHCT US Equity,COMMUNITY HEALTH,-34.5,460699503.14
CNXC US Equity,CONCENTRIX CORP,-34.6,4117216961.74
IRTC US Equity,IRHYTHM TECHNOLO,-34.6,2186525250
MATW US Equity,MATTHEWS INTL-A,-34.61,714760496.64
ARCT US Equity,ARCTURUS THERAPE,-34.63,557340690.06
LTRX US Equity,LANTRONIX INC,-34.64,145146567.08
PLCE US Equity,CHILDREN'S PLACE,-34.67,192936307.6
AVDX US Equity,AVIDXCHANGE HLDG,-34.79,1679392682.32
RGNX US Equity,REGENXBIO INC,-34.87,577757067.72
ABOS US Equity,ACUMEN PHARMACEU,-34.9,150199445
GFS US Equity,GLOBALFOUNDRIES,-34.97,21892461271.94
PYCR US Equity,PAYCOR HCM INC,-35.06,2507086052.3
IPGP US Equity,IPG PHOTONICS,-35.28,3106884578.75
SYNA US Equity,SYNAPTICS INC,-35.33,2945357804.48
CYTK US Equity,CYTOKINETICS INC,-35.6,6326555509.06
MTUS US Equity,METALLUS INC,-35.61,656237966.8
PDSB US Equity,PDS BIOTECHNOLOG,-35.61,117823392
MPAA US Equity,MOTORCAR PARTS,-35.65,118719045.85
MNTX US Equity,MANITEX INTERNAT,-35.7,114633151.96
CXM US Equity,SPRINKLR INC-A,-35.71,1962436999.68
CCRN US Equity,CROSS COUNTRY HE,-35.82,491239103.3
DG US Equity,DOLLAR GENERAL C,-35.92,18914904975.84
TLYS US Equity,TILLY'S INC-CL A,-36.07,145332191.74
DXLG US Equity,DESTINATION XL G,-36.14,163704204.44
NLST US Equity,NETLIST INC,-36.17,309446671.2
FOXF US Equity,FOX FACTORY HOLD,-36.26,1792794905.11
HLLY US Equity,HOLLEY INC,-36.34,371309388.2
GSAT US Equity,GLOBALSTAR INC,-36.6,2337000000
QLYS US Equity,QUALYS INC,-36.62,4579658749.38
SENS US Equity,SENSEONICS HLDGS,-36.84,192860229.09
SVC US Equity,SERVICE PROPERTI,-37.11,812857844.4
CABO US Equity,CABLE ONE INC,-37.18,1920884207.25
FLYX US Equity,FLYEXCLUSIVE INC,-37.27,268512071.7
ASAN US Equity,ASANA INC- CL A,-37.3,2719719004.32
EGAN US Equity,EGAIN CORP,-37.33,148830306.66
AMR US Equity,ALPHA METALLURGI,-37.55,2755098836.7
CMTG US Equity,CLAROS MORTGAGE,-37.56,1117193641.32
ADNT US Equity,ADIENT PLC,-37.65,1976595781.11
ARVN US Equity,ARVINAS INC,-37.73,1759449803.43
DCGO US Equity,DOCGO INC,-37.75,356063943
BIGC US Equity,BIGCOMMERCE-1,-37.82,470405964.6
4966 TT Equity,PARADE TECH,-37.84,1857271662.81
DIN US Equity,DINE BRANDS GLOB,-37.86,453003834.15
DLHC US Equity,DLH HOLDINGS COR,-37.9,138708673.98
DOUG US Equity,DOUGLAS ELLIMAN,-37.97,168053687.28
CERT US Equity,CERTARA INC,-38.03,1753687418.6
SRI US Equity,STONERIDGE INC,-38.12,335177528.28
DM US Equity,DESKTOP METAL-A,-38.22,154329119.04
RPD US Equity,RAPID7 INC,-38.35,2208242326.4
QDEL US Equity,QUIDELORTHO CORP,-38.4,3052486887.6
LW US Equity,LAMB WESTON,-38.61,9401849937.44
INFU US Equity,INFUSYSTEM HOLD,-38.71,137697664.88
HFFG US Equity,HF FOODS GROUP I,-38.76,172427698.41
BLMN US Equity,BLOOMIN' BRANDS,-38.78,1418143525.26
ARAY US Equity,ACCURAY INC,-38.87,173463467
CC US Equity,CHEMOURS CO,-38.89,2791346793.4
IHRT US Equity,IHEARTMEDIA-CL A,-38.95,247626744.24
ISPR US Equity,ISPIRE TECHNOLOG,-38.99,419143703.4
AMN US Equity,AMN HEALTHCARE,-39.02,1735166297.4
NEGG US Equity,NEWEGG COMMERCE,-39.05,292157184
CELH US Equity,CELSIUS HOLDINGS,-39.16,7730853751.48
METC US Equity,RAMACO RESOURC-A,-39.26,535198942.98
HDSN US Equity,HUDSON TECH,-39.29,372823042.41
BASE US Equity,COUCHBASE INC,-39.3,701603550.09
AVXL US Equity,ANAVEX LIFE SCIE,-39.42,478246715.88
ALB US Equity,ALBEMARLE CORP,-39.75,10111384207.05
OEC US Equity,ORION SA,-39.79,971637739.65
DENN US Equity,DENNY'S CORP,-39.8,336499496.95
PBYI US Equity,PUMA BIOTECHNOLO,-39.95,127521479.8
CTOS US Equity,CUSTOM TRUCK ONE,-39.97,876342442.71
PLAY US Equity,DAVE & BUSTER'S,-40.02,1269431570.1
SVV US Equity,SAVERS VALUE VIL,-40.1,1672935187.89
PRLD US Equity,PRELUDE THERAPEU,-40.28,140312398.5
BRLT US Equity,BRILLIANT EARTH,-40.32,218212904.22
MGTX US Equity,MEIRAGTX HOLDING,-40.46,322629901.66
BMEA US Equity,BIOMEA FUSION IN,-40.5,312855842.88
SNAP,Snap,-40.64,16677871816.65
GO US Equity,GROCERY OUTLET,-40.76,1564905506.22
LFMD US Equity,LIFEMD INC,-40.77,211468136.97
EL,Estee Lauder,-40.88,30494717831.84
OPTN,Optinose,-40.96,114831619.26
AKYA US Equity,AKOYA BIOSCIENCE,-40.98,142558522.56
XRX US Equity,XEROX HOLDINGS C,-41,1283138640
BA,Boeing,-41.19,94452264722.85
GTN US Equity,GRAY TELEVISION,-41.24,522106556.67
FDMT,4D Molecular,-41.26,661081485.4
MXL US Equity,MAXLINEAR,-41.4,1168702148.88
LZ US Equity,LEGALZOOMCOM INC,-41.42,1162551095.76
CHPT US Equity,CHARGEPOINT HOLD,-41.45,591265389.12
SEAT US Equity,VIVID SEATS IN-A,-41.61,767826963.72
EUBG US Equity,ENTREPRENEUR UNI,-41.62,395192950.47
RYI US Equity,RYERSON HOLDING,-41.63,655732607.25
RDUS US Equity,RADIUS RECYCLING,-41.64,479755057.94
STKS US Equity,ONE GROUP HOSPIT,-41.67,111189599.22
SGMT US Equity,SAGIMET BIOSCI-A,-42.07,101093383.3
HI US Equity,HILLENBRAND INC,-42.1,1910155713.6
NAPA US Equity,DUCKHORN PORTFOL,-42.13,838198634.4
CLF US Equity,CLEVELAND-CLIFFS,-42.36,5508835872.87
GT US Equity,GOODYEAR TIRE,-42.39,2348667807.75
SSRM CN Equity,SSR MINING INC,-42.48,1219691088.51
MTW US Equity,MANITOWOC CO,-42.6,336419490.06
ZEUS US Equity,OLYMPIC STEEL,-42.76,421255389.28
FWRD US Equity,FORWARD AIR CORP,-42.83,1430599642.74
DXCM,Dexcom,-43.24,28223190214.32
RMBL US Equity,RUMBLEON INC-B,-43.37,162893985.81
RMBS US Equity,RAMBUS INC,-43.47,4154301112.92
ALGT US Equity,ALLEGIANT TRAVEL,-43.56,838176408
CBRL US Equity,CRACKER BARREL,-43.57,922949444.72
VOXX US Equity,VOXX INTERNATION,-43.63,135317289.1
UDMY US Equity,UDEMY INC,-43.79,1245000349.08
ESPR US Equity,ESPERION THERAPE,-43.81,329657487.6
CRMT US Equity,AMERICA'S CAR-MA,-43.92,344031204.93
HPP US Equity,HUDSON PACIFIC P,-44.11,721697364.71
CTKB US Equity,CYTEK BIOSCIENCE,-44.19,669363463.28
HLTC US Equity,HEALTHCARE TRUST,-44.27,173367653.58
QIPT CN Equity,QUIPT HOME MEDIC,-44.3,119537239.32
RMNI US Equity,RIMINI STREET IN,-44.34,165074000
ZI US Equity,ZOOMINFO TECH,-44.35,3758731045.65
LWLG US Equity,LIGHTWAVE LOGIC,-44.38,334384331.05
SDGR,Schrodinger,-44.55,1445011180.05
SNOW,Snowflake,-44.59,36962504000
JACK US Equity,JACK IN THE BOX,-44.68,844603320.96
FNA US Equity,PARAGON 28 INC,-44.73,573935539.17
NRC US Equity,NATL RESEARCH CO,-44.84,516574001.48
OPRX US Equity,OPTIMIZERX CORP,-44.93,144376461.68
MYPS US Equity,PLAYSTUDIOS INC,-45.02,185745408.52
ALTG US Equity,ALTA EQUIPMENT G,-45.03,220396309.74
CYRX US Equity,CRYOPORT,-45.06,420498621.94
SMRT US Equity,SMARTRENT INC,-45.14,354188637.25
LVWR US Equity,LIVEWIRE GROUP I,-45.18,1260151537.6
ATKR US Equity,ATKORE INC,-45.21,3120948717.58
AIRJ US Equity,MONTANA TECHNOLO,-45.34,327403182.9
GYRE US Equity,GYRE THERAPEUTIC,-45.39,1310741301.52
TWI US Equity,TITAN INTL INC,-45.43,585931307.36
PRCH US Equity,PORCH GROUP INC,-45.45,199537638.72
APLS US Equity,APELLIS PHARMACE,-45.69,3958623323.28
TSE US Equity,TRINSEO PLC,-45.89,158748529.8
OBIO US Equity,ORCHESTRA BIOMED,-46,186475135.03
1316 HK Equity,NEXTEER,-46.54,827889386.38
TBI US Equity,TRUEBLUE INC,-46.68,243985817.06
QTRX US Equity,QUANTERIX CORP,-46.82,558031139.82
SSYS US Equity,STRATASYS LTD,-46.92,527992480
TLSI US Equity,TRISALUS LIFE SC,-46.98,131315515.52
MOND US Equity,MONDEE HOLDINGS,-47.1,127627554.18
OSUR US Equity,ORASURE TECH,-47.2,322880769.31
MEI US Equity,METHODE ELEC,-47.2,411309850.2
ACAD,Acadia Pharmaceuticals,-47.21,2741931139.56
QUIK US Equity,QUICKLOGIC CORP,-47.26,105743601.79
SMLR US Equity,SEMLER SCIENTIFI,-47.32,163130032.38
VREX US Equity,VAREX IMAGIN,-47.37,441311000
XMTR US Equity,XOMETRY INC-A,-47.37,931703944.5
STTK US Equity,SHATTUCK LABS IN,-47.55,178499986.06
SST US Equity,SYSTEM1 INC,-47.75,105262497.12
LEG US Equity,LEGGETT & PLATT,-47.95,1768311992.16
EWCZ US Equity,EUROPEAN WAX-A,-48.2,422291246.08
SSTI US Equity,SOUNDTHINKING IN,-48.28,168862478.88
HBIO US Equity,HARVARD BIOSCIEN,-48.6,119929928.25
BLNK US Equity,BLINK CHARGING C,-48.67,176003521.26
IPSC US Equity,CENTURY THERAPEU,-48.8,144017133.7
AVD US Equity,AMER VANGUARD,-49.02,160327726.32
EVC US Equity,ENTRAVISION CO-A,-49.08,175474864.5
BKSY US Equity,BLACKSKY TECHNOL,-49.11,106098625.8
U,Unity Software,-49.11,8258610818
ODP US Equity,ODP CORP/THE,-49.13,961759209.92
EYE US Equity,NATIONAL VISION,-49.45,831963928.56
DLTR US Equity,DOLLAR TREE INC,-49.5,15421384695.87
PATH US Equity,UIPATH INC -CL A,-49.72,6868969474.76
EGHT US Equity,8X8 INC,-50,242544142.26
SRRK US Equity,SCHOLAR ROCK HOL,-50.05,751506329.97
RIVN,Rivian,-50.09,11806884324.4
ACHR,Archer Aviation,-50.16,1088006124.42
FULC US Equity,FULCRUM THERAPEU,-50.22,209666587.2
HELE US Equity,HELEN OF TROY,-50.61,1361270565.72
SRG US Equity,SERITAGE GROWT-A,-50.91,258271575.03
SYM US Equity,SYMBOTIC INC,-50.96,14755346653.23
SCLX US Equity,SCILEX HOLDING C,-50.98,191790520
TITN US Equity,TITAN MACHINERY,-51.14,326332905.25
QSI US Equity,QUANTUM-SI INC,-51.4,139058519.79
CAR US Equity,AVIS BUDGET GROU,-51.54,3063547478.5
FRSH US Equity,FRESHWORKS-CL A,-51.77,3420747719.73
PRO US Equity,PROS HOLDINGS IN,-52.02,878509429.1
FRX CN Equity,FENNEC PHARMACEU,-52.19,143320709.58
CVGI US Equity,COMMERCIAL VEHIC,-52.21,115580932.85
HLF US Equity,HERBALIFE LTD,-52.69,727182061.14
CRSR US Equity,CORSAIR GAMING I,-52.77,693614890.8
SSII US Equity,SS INNOVATIONS I,-53.1,580513895.4
DV US Equity,DOUBLEVERIFY HOL,-53.26,2923070301.09
SIRI US Equity,SIRIUS XM HOLDIN,-53.35,8461391728.15
FUBO US Equity,FUBOTV INC,-53.46,487418199.08
OPEN US Equity,OPENDOOR TECHNOL,-53.57,1462249513.92
AEHR US Equity,AEHR TEST SYSTEM,-53.6,364175740.92
INMB US Equity,INMUNE BIO INC,-53.64,115740194.22
SKIN US Equity,BEAUTY HEALTH CO,-53.7,178589158.56
SPT US Equity,SPROUT SOCIAL-A,-53.81,1621642480.26
VSAT US Equity,VIASAT INC,-54.31,1607244012.25
NWBO US Equity,NORTHWEST BIO,-54.51,398062893.47
ANVS US Equity,ANNOVIS BIO,-54.71,110567532.46
DH US Equity,DEFINITIVE HEALT,-54.73,703628748
CMP US Equity,COMPASS MINERALS,-54.89,468725586.84
CMTL US Equity,COMTECH TELECOMM,-55.04,107991718.03
FIVE US Equity,FIVE BELOW,-55.24,5248020466.71
INDI US Equity,INDIE SEMICOND-A,-55.24,718617407.64
PGNY US Equity,PROGYNY INC,-55.3,1500390876.12
INTC,Intel,-55.95,93387840000
AMCX,AMC Networks,-56.68,358958704.94
PRME US Equity,PRIME MEDICINE I,-56.77,459718013.79
PCRX,Pacira,-56.94,670224525.38
TMCI US Equity,TREACE MEDICAL C,-57.33,338315536.64
MVIS US Equity,MICROVISION INC,-57.52,240408232.24
OPAD US Equity,OFFERPAD SOLUTIO,-57.56,118989865.2
LESL US Equity,LESLIE'S INC,-58.03,536247131.6
COUR US Equity,COURSERA,-58.08,1274158537.12
ASLE US Equity,AERSALE CORP,-58.09,283063091.36
SES US Equity,SES AI CORP,-58.43,272014597.71
BMBL,Bumble,-58.68,1128352307.25
AERG US Equity,APPLIED ENERGETI,-58.92,194522029.52
EVEX US Equity,EVE HOLDING INC,-59.15,867531451.02
APPS US Equity,DIGITAL TURBINE,-59.33,286744970.25
DDD US Equity,3D SYSTEMS CORP,-59.37,344620342.08
FSLY US Equity,FASTLY INC -CL A,-59.38,1002078000
TDOC US Equity,TELADOC HEALTH I,-59.4,1498157701.25
TXG US Equity,10X GENOMICS I-A,-59.47,2732745337.56
EAF US Equity,GRAFTECH INTERNA,-59.69,227027139.72
AUGX US Equity,AUGMEDIX INC,-60,115661665.08
IART US Equity,INTEGRA LIFESCIE,-60.05,1349927269.8
ATEC US Equity,ALPHATEC HOLDING,-60.09,846972431.19
CDLX US Equity,CARDLYTICS INC,-60.15,182913181.68
HNOI US Equity,HNO INTERNATIONA,-60.27,192219113.46
TDUP US Equity,THREDUP- CLASS A,-60.58,101123483.03
EYPT US Equity,EYEPOINT PHARMAC,-61.45,476847251.1
IRWD US Equity,Ironwood Pharmaceuticals,-62.41,686877704.3
GPRO US Equity,GOPRO INC-CL A,-62.54,198548452.7
BYON US Equity,BEYOND INC,-62.62,473519496.6
VERV US Equity,Verve Therapeutics,-62.77,439201305.51
ME,23andMe,-62.78,172043418.02
EDIT,Editas Medicine,-62.78,310936163.72
NUS US Equity,NU SKIN ENTERP-A,-63.06,350893578.4
BAER US Equity,BRIDGER AEROSPAC,-63.39,134508024.31
REKR US Equity,REKOR SYSTEMS IN,-63.66,107089241.05
CRBU US Equity,CARIBOU BIOSCIEN,-63.87,187050935.97
WALD US Equity,WALDENCAST PLC-A,-63.99,481425219.48
VSTM,Verastem,-64.62,115901985.6
FIVN US Equity,FIVE9 INC,-64.71,2075421441.46
AGEN US Equity,AGENUS INC,-64.73,125980135.44
WBA US Equity,WALGREENS BOOTS,-64.97,7519125572.27
EB US Equity,EVENTBRITE INC-A,-65.31,278731017.6
SAGE US Equity,Sage Therapeutics,-65.39,457878135
MGNX US Equity,Macrogenics,-65.9,205728960.32
AMWL US Equity,AMERICAN WELL -A,-66.44,149909820
ACCD US Equity,ACCOLADE INC,-66.94,317633252.72
MASS US Equity,908 DEVICES INC,-67.2,127536943.04
HTZ US Equity,HERTZ GLOBAL HLD,-68.14,1010530607.36
BRGC US Equity,BRIGHTROCK GOLD,-69.29,119694660.8
CHRS US Equity,COHERUS BIOSCIEN,-69.37,117512754.66
PIII US Equity,P3 HEALTH PARTNE,-69.5,154050285.54
IVVD US Equity,INVIVYD INC,-69.54,143331162
BNED US Equity,BARNES & NOBLE E,-69.85,256576672.44
LNZA US Equity,LANZATECH GLOBAL,-70.78,290739620.85
OPI US Equity,OFFICE PROPERTIE,-70.84,112557141.87
NRDY US Equity,NERDY INC,-70.85,179303838
CVRX US Equity,CVRx Inc,-71.02,198467854.54
AGL US Equity,AGILON HEALTH IN,-71.95,1448419586.24
ZNTL,Zentalis Pharmaceuticals,-72.15,300075620.74
MED US Equity,MEDIFAST INC,-72.21,204310968.24
NVTS US Equity,NAVITAS SEMICOND,-72.37,409110639.78
NVRO US Equity,NEVRO CORP,-72.82,218106509.4
MODV US Equity,MODIVCARE INC,-72.93,169600508.07
1521 HK Equity,FRONTAGE HOLDING,-73.28,161996881.16
PLL US Equity,PIEDMONT LITHIUM,-73.65,144551760
GCTS US Equity,GCT SEMICONDUCTO,-73.86,130540225.08
LAZR US Equity,LUMINAR TECHNOLO,-75.16,423790526.98
DTC US Equity,SOLO BRANDS IN-A,-76.14,134679659.52
ATLX US Equity,ATLAS LITHIUM IN,-76.21,113458452.48
SSP US Equity,EW SCRIPPS-A,-76.85,159318018.8
AMLX,Amylyx,-78.94,211055650.8
CABA US Equity,CABALETTA BIO IN,-79.3,236376949.6
CBUS US Equity,CIBUS INC,-79.63,116511732
NKLA,Nikola,-80.83,254503775.16
TTEC US Equity,TTEC HOLDINGS IN,-81.05,194713601.76
IRBT US Equity,IROBOT CORP,-81.34,218269292.88
WOLF US Equity,WOLFSPEED INC,-81.38,1027641872.7
PACB US Equity,PACIFIC BIOSCIEN,-81.4,497365333.75
GOEV US Equity,CANOO INC,-82.93,200841822.9
AILE US Equity,ILEARNINGENGINES,-83.19,248464964
SAVE US Equity,SPIRIT AIRLINES,-84.29,273795740
CHGG,Chegg,-84.68,180385589.46
ALXO,ALX Oncology,-86.1,109030605.3
QXO,QXO Inc,-86.77,6174207340.6
MPLN US Equity,MULTIPLAN CORP,-86.94,121460645.09
SPCE,Virgin Galactic,-87.18,178876863.56
CRNC,Cerence,-87.59,102002033.28
DNA,Ginkgo Bioworks,-88.15,445092479.01
,,,
,,,
,,,
,,,
,,,
,,,
,,,
,,,
,,,
,,,
,,,
,,,
,,,
,,,
,,,
CMRF US Equity,CIM REAL ESTATE,,1444815000
SDHC US Equity,SMITH DOUG HOMES,,1921538450.97
BTSG US Equity,BRIGHTSPRING HEA,,2525568960.27
AVBP US Equity,ARRIVENT BIOPHAR,,833266005.33
IBTA US Equity,IBOTTA INC-CL A,,1934594825.24
RBRK US Equity,RUBRIK INC-A,,6445295309.37
BTOC US Equity,ARMLOGI HOLDING,,194688000
RDDT US Equity,REDDIT INC-A,,10976018493.18
GRAL US Equity,GRAIL INC,,433135614.6
PAL US Equity,PROFICIENT AUTO,,426789551.4
AOTI LN Equity,AOTI INC,,191341197.83
KYTX US Equity,KYVERNA THERAPEU,,275708384.28
ALTB US Equity,ALPINE AUTO BROK,,899910000
AMJT US Equity,AMJ GLOBAL TECHN,,176860389.1
CGON US Equity,CG ONCOLOGY INC,,2616003780
OS US Equity,ONESTREAM INC,,918981970.72
RAPP US Equity,RAPPORT THERAPEU,,776518182.11
CTRI US Equity,CENTURI HOLDINGS,,1471161199.02
ZBIO US Equity,ZENAS BIOPHARMA,,756055239
SOLV US Equity,SOLVENTUM,,12081105980.35
KNIT US Equity,KINETIC GROUP IN,,105680800
KMFG US Equity,KEEMO FASHION GR,,110000000
ARHN US Equity,ARCHON CORPORATI,,105721228
GEV US Equity,GE VERNOVA INC,,67452907265.64
ARDT US Equity,ARDENT HEALTH PA,,2609713635.84
DBMG US Equity,DBM GLOBAL INC,,196544412
AHR US Equity,AMERICAN HEALTHC,,3917458063.2
CUSI US Equity,CUISINE SOLUTION,,298506298
ATCN US Equity,ATEC INC,,358407000
CTNM US Equity,CONTINEUM THER-A,,510349795.84
GEDC US Equity,CALETHOS INC,,126152700
ACRG US Equity,AMERICAN CLEAN R,,126164150
BCAX US Equity,BICARA THERAPEUT,,1325597289.25
ALAB US Equity,ASTERA LABS INC,,7912730725.16
MAMO US Equity,MASSIMO GROUP,,151240295.1
ALMS US Equity,ALUMIS INC,,541594979.18
CON US Equity,CONCENTRA GROUP,,2893927478.58
SERV US Equity,SERVE ROBOTICS I,,316702279.96
BKUH US Equity,BAKHU HOLDINGS,,150651491.5
LOAR US Equity,LOAR HOLDINGS IN,,6679327896.66
KBSR US Equity,KBS REAL ESTATE,,145545921.08
TEM US Equity,TEMPUS AI INC,,8399567494.16
GUTS US Equity,FRACTYL HEALTH I,,133716927.06
NIKA US Equity,NIKA PHARMA,,317869750.76
TELO US Equity,TELOMIR PHARMACE,,232140941.76
WAY US Equity,WAYSTAR HOLDING,,4554807797.22
INBX US Equity,INHIBRX BI,,235667717.12
PCOK US Equity,PACIFIC OAK STRA,,334593844
ACTU US Equity,ACTUATE THERAPEU,,139706059.16
WBTN US Equity,WEBTOON ENTERTAI,,1396888515.99
PACS US Equity,PACS GROUP INC,,6326587123.47
SCGY US Equity,SCIENTIFIC ENERG,,263337500
ALTM US Equity,ARCADIUM LITHIUM,,2699249577.38
LINE US Equity,LINEAGE INC,,18431403907.75
FBLG US Equity,FIBROBIOLOGICS I,,116025112.5
ULS US Equity,UL SOLUTIONS I-A,,9700337026.5
2507 HK Equity,CIRRUS AIRCRAFT,,974724294.4
VKSC US Equity,VISKASE COS I,,139307397.75
SVCO US Equity,SILVACO GROUP IN,,393361486.32
MCRAA US Equity,MCRAE INDS -CL A,,119095676
STSFF US Equity,SMARTSTOP SELF-A,,876846543.3
MBX US Equity,MBX BIOSCIENCES,,718300889.9
NNE US Equity,NANO NUCLEAR ENE,,392262172.26
BTC US Equity,GRAYSCALE BC MT,,2110021758
SEG US Equity,SEAPORT ENTERTAI,,162950796.84
ANRO US Equity,ALTO NEUROSCIENC,,369068340.37
ARTV US Equity,ARTIVA BIOTHERAP,,302617814.24
ESGH US Equity,ESG INC,,158763738.84
NHHS US Equity,NORTHSTAR HEALTH,,157855287.55
TPRP US Equity,TOWER PROPERTIES,,156000000
